{
  "experiment": "vrp-unfold-eval-big04",
  "benchmark": "freetype2_ftfuzzer",
  "fuzzer": "aflplusplus_lto",
  "instance": "47720",
  "archives_processed": 97,
  "total_inputs": 17744,
  "elapsed_seconds": 16.2,
  "analyzer_results": {
    "vrp_hit_entanglement": {
      "per_archive": [
        {
          "archive": 0,
          "new_inputs": 2,
          "cumulative_inputs": 2,
          "new_vrp_edges": 0,
          "new_base_edges": 0,
          "cumulative_vrp_edges": 0,
          "cumulative_base_edges": 0,
          "classifications": {
            "vrp_only": 0,
            "both": 0,
            "base_only": 0,
            "neither": 2
          }
        },
        {
          "archive": 1,
          "new_inputs": 6341,
          "cumulative_inputs": 6343,
          "new_vrp_edges": 0,
          "new_base_edges": 0,
          "cumulative_vrp_edges": 0,
          "cumulative_base_edges": 0,
          "classifications": {
            "vrp_only": 0,
            "both": 0,
            "base_only": 0,
            "neither": 6341
          }
        },
        {
          "archive": 2,
          "new_inputs": 1950,
          "cumulative_inputs": 8293,
          "new_vrp_edges": 0,
          "new_base_edges": 0,
          "cumulative_vrp_edges": 0,
          "cumulative_base_edges": 0,
          "classifications": {
            "vrp_only": 0,
            "both": 0,
            "base_only": 0,
            "neither": 1950
          }
        },
        {
          "archive": 3,
          "new_inputs": 1218,
          "cumulative_inputs": 9511,
          "new_vrp_edges": 0,
          "new_base_edges": 0,
          "cumulative_vrp_edges": 0,
          "cumulative_base_edges": 0,
          "classifications": {
            "vrp_only": 0,
            "both": 0,
            "base_only": 0,
            "neither": 1218
          }
        },
        {
          "archive": 4,
          "new_inputs": 893,
          "cumulative_inputs": 10404,
          "new_vrp_edges": 0,
          "new_base_edges": 0,
          "cumulative_vrp_edges": 0,
          "cumulative_base_edges": 0,
          "classifications": {
            "vrp_only": 0,
            "both": 0,
            "base_only": 0,
            "neither": 893
          }
        },
        {
          "archive": 5,
          "new_inputs": 1948,
          "cumulative_inputs": 12352,
          "new_vrp_edges": 0,
          "new_base_edges": 0,
          "cumulative_vrp_edges": 0,
          "cumulative_base_edges": 0,
          "classifications": {
            "vrp_only": 0,
            "both": 0,
            "base_only": 0,
            "neither": 1948
          }
        },
        {
          "archive": 6,
          "new_inputs": 522,
          "cumulative_inputs": 12874,
          "new_vrp_edges": 0,
          "new_base_edges": 0,
          "cumulative_vrp_edges": 0,
          "cumulative_base_edges": 0,
          "classifications": {
            "vrp_only": 0,
            "both": 0,
            "base_only": 0,
            "neither": 522
          }
        },
        {
          "archive": 7,
          "new_inputs": 340,
          "cumulative_inputs": 13214,
          "new_vrp_edges": 0,
          "new_base_edges": 0,
          "cumulative_vrp_edges": 0,
          "cumulative_base_edges": 0,
          "classifications": {
            "vrp_only": 0,
            "both": 0,
            "base_only": 0,
            "neither": 340
          }
        },
        {
          "archive": 8,
          "new_inputs": 274,
          "cumulative_inputs": 13488,
          "new_vrp_edges": 0,
          "new_base_edges": 0,
          "cumulative_vrp_edges": 0,
          "cumulative_base_edges": 0,
          "classifications": {
            "vrp_only": 0,
            "both": 0,
            "base_only": 0,
            "neither": 274
          }
        },
        {
          "archive": 9,
          "new_inputs": 376,
          "cumulative_inputs": 13864,
          "new_vrp_edges": 0,
          "new_base_edges": 0,
          "cumulative_vrp_edges": 0,
          "cumulative_base_edges": 0,
          "classifications": {
            "vrp_only": 0,
            "both": 0,
            "base_only": 0,
            "neither": 376
          }
        },
        {
          "archive": 10,
          "new_inputs": 120,
          "cumulative_inputs": 13984,
          "new_vrp_edges": 0,
          "new_base_edges": 0,
          "cumulative_vrp_edges": 0,
          "cumulative_base_edges": 0,
          "classifications": {
            "vrp_only": 0,
            "both": 0,
            "base_only": 0,
            "neither": 120
          }
        },
        {
          "archive": 11,
          "new_inputs": 194,
          "cumulative_inputs": 14178,
          "new_vrp_edges": 0,
          "new_base_edges": 0,
          "cumulative_vrp_edges": 0,
          "cumulative_base_edges": 0,
          "classifications": {
            "vrp_only": 0,
            "both": 0,
            "base_only": 0,
            "neither": 194
          }
        },
        {
          "archive": 12,
          "new_inputs": 105,
          "cumulative_inputs": 14283,
          "new_vrp_edges": 0,
          "new_base_edges": 0,
          "cumulative_vrp_edges": 0,
          "cumulative_base_edges": 0,
          "classifications": {
            "vrp_only": 0,
            "both": 0,
            "base_only": 0,
            "neither": 105
          }
        },
        {
          "archive": 13,
          "new_inputs": 83,
          "cumulative_inputs": 14366,
          "new_vrp_edges": 0,
          "new_base_edges": 0,
          "cumulative_vrp_edges": 0,
          "cumulative_base_edges": 0,
          "classifications": {
            "vrp_only": 0,
            "both": 0,
            "base_only": 0,
            "neither": 83
          }
        },
        {
          "archive": 14,
          "new_inputs": 115,
          "cumulative_inputs": 14481,
          "new_vrp_edges": 0,
          "new_base_edges": 0,
          "cumulative_vrp_edges": 0,
          "cumulative_base_edges": 0,
          "classifications": {
            "vrp_only": 0,
            "both": 0,
            "base_only": 0,
            "neither": 115
          }
        },
        {
          "archive": 15,
          "new_inputs": 97,
          "cumulative_inputs": 14578,
          "new_vrp_edges": 0,
          "new_base_edges": 0,
          "cumulative_vrp_edges": 0,
          "cumulative_base_edges": 0,
          "classifications": {
            "vrp_only": 0,
            "both": 0,
            "base_only": 0,
            "neither": 97
          }
        },
        {
          "archive": 16,
          "new_inputs": 76,
          "cumulative_inputs": 14654,
          "new_vrp_edges": 0,
          "new_base_edges": 0,
          "cumulative_vrp_edges": 0,
          "cumulative_base_edges": 0,
          "classifications": {
            "vrp_only": 0,
            "both": 0,
            "base_only": 0,
            "neither": 76
          }
        },
        {
          "archive": 17,
          "new_inputs": 173,
          "cumulative_inputs": 14827,
          "new_vrp_edges": 0,
          "new_base_edges": 0,
          "cumulative_vrp_edges": 0,
          "cumulative_base_edges": 0,
          "classifications": {
            "vrp_only": 0,
            "both": 0,
            "base_only": 0,
            "neither": 173
          }
        },
        {
          "archive": 18,
          "new_inputs": 51,
          "cumulative_inputs": 14878,
          "new_vrp_edges": 0,
          "new_base_edges": 0,
          "cumulative_vrp_edges": 0,
          "cumulative_base_edges": 0,
          "classifications": {
            "vrp_only": 0,
            "both": 0,
            "base_only": 0,
            "neither": 51
          }
        },
        {
          "archive": 19,
          "new_inputs": 56,
          "cumulative_inputs": 14934,
          "new_vrp_edges": 0,
          "new_base_edges": 0,
          "cumulative_vrp_edges": 0,
          "cumulative_base_edges": 0,
          "classifications": {
            "vrp_only": 0,
            "both": 0,
            "base_only": 0,
            "neither": 56
          }
        },
        {
          "archive": 20,
          "new_inputs": 63,
          "cumulative_inputs": 14997,
          "new_vrp_edges": 0,
          "new_base_edges": 0,
          "cumulative_vrp_edges": 0,
          "cumulative_base_edges": 0,
          "classifications": {
            "vrp_only": 0,
            "both": 0,
            "base_only": 0,
            "neither": 63
          }
        },
        {
          "archive": 21,
          "new_inputs": 83,
          "cumulative_inputs": 15080,
          "new_vrp_edges": 0,
          "new_base_edges": 0,
          "cumulative_vrp_edges": 0,
          "cumulative_base_edges": 0,
          "classifications": {
            "vrp_only": 0,
            "both": 0,
            "base_only": 0,
            "neither": 83
          }
        },
        {
          "archive": 22,
          "new_inputs": 32,
          "cumulative_inputs": 15112,
          "new_vrp_edges": 0,
          "new_base_edges": 0,
          "cumulative_vrp_edges": 0,
          "cumulative_base_edges": 0,
          "classifications": {
            "vrp_only": 0,
            "both": 0,
            "base_only": 0,
            "neither": 32
          }
        },
        {
          "archive": 23,
          "new_inputs": 39,
          "cumulative_inputs": 15151,
          "new_vrp_edges": 0,
          "new_base_edges": 0,
          "cumulative_vrp_edges": 0,
          "cumulative_base_edges": 0,
          "classifications": {
            "vrp_only": 0,
            "both": 0,
            "base_only": 0,
            "neither": 39
          }
        },
        {
          "archive": 24,
          "new_inputs": 95,
          "cumulative_inputs": 15246,
          "new_vrp_edges": 0,
          "new_base_edges": 0,
          "cumulative_vrp_edges": 0,
          "cumulative_base_edges": 0,
          "classifications": {
            "vrp_only": 0,
            "both": 0,
            "base_only": 0,
            "neither": 95
          }
        },
        {
          "archive": 25,
          "new_inputs": 35,
          "cumulative_inputs": 15281,
          "new_vrp_edges": 0,
          "new_base_edges": 0,
          "cumulative_vrp_edges": 0,
          "cumulative_base_edges": 0,
          "classifications": {
            "vrp_only": 0,
            "both": 0,
            "base_only": 0,
            "neither": 35
          }
        },
        {
          "archive": 26,
          "new_inputs": 302,
          "cumulative_inputs": 15583,
          "new_vrp_edges": 0,
          "new_base_edges": 0,
          "cumulative_vrp_edges": 0,
          "cumulative_base_edges": 0,
          "classifications": {
            "vrp_only": 0,
            "both": 0,
            "base_only": 0,
            "neither": 302
          }
        },
        {
          "archive": 27,
          "new_inputs": 75,
          "cumulative_inputs": 15658,
          "new_vrp_edges": 0,
          "new_base_edges": 0,
          "cumulative_vrp_edges": 0,
          "cumulative_base_edges": 0,
          "classifications": {
            "vrp_only": 0,
            "both": 0,
            "base_only": 0,
            "neither": 75
          }
        },
        {
          "archive": 28,
          "new_inputs": 63,
          "cumulative_inputs": 15721,
          "new_vrp_edges": 0,
          "new_base_edges": 0,
          "cumulative_vrp_edges": 0,
          "cumulative_base_edges": 0,
          "classifications": {
            "vrp_only": 0,
            "both": 0,
            "base_only": 0,
            "neither": 63
          }
        },
        {
          "archive": 29,
          "new_inputs": 50,
          "cumulative_inputs": 15771,
          "new_vrp_edges": 0,
          "new_base_edges": 0,
          "cumulative_vrp_edges": 0,
          "cumulative_base_edges": 0,
          "classifications": {
            "vrp_only": 0,
            "both": 0,
            "base_only": 0,
            "neither": 50
          }
        },
        {
          "archive": 30,
          "new_inputs": 149,
          "cumulative_inputs": 15920,
          "new_vrp_edges": 0,
          "new_base_edges": 0,
          "cumulative_vrp_edges": 0,
          "cumulative_base_edges": 0,
          "classifications": {
            "vrp_only": 0,
            "both": 0,
            "base_only": 0,
            "neither": 149
          }
        },
        {
          "archive": 31,
          "new_inputs": 37,
          "cumulative_inputs": 15957,
          "new_vrp_edges": 0,
          "new_base_edges": 0,
          "cumulative_vrp_edges": 0,
          "cumulative_base_edges": 0,
          "classifications": {
            "vrp_only": 0,
            "both": 0,
            "base_only": 0,
            "neither": 37
          }
        },
        {
          "archive": 32,
          "new_inputs": 52,
          "cumulative_inputs": 16009,
          "new_vrp_edges": 0,
          "new_base_edges": 0,
          "cumulative_vrp_edges": 0,
          "cumulative_base_edges": 0,
          "classifications": {
            "vrp_only": 0,
            "both": 0,
            "base_only": 0,
            "neither": 52
          }
        },
        {
          "archive": 33,
          "new_inputs": 36,
          "cumulative_inputs": 16045,
          "new_vrp_edges": 0,
          "new_base_edges": 0,
          "cumulative_vrp_edges": 0,
          "cumulative_base_edges": 0,
          "classifications": {
            "vrp_only": 0,
            "both": 0,
            "base_only": 0,
            "neither": 36
          }
        },
        {
          "archive": 34,
          "new_inputs": 19,
          "cumulative_inputs": 16064,
          "new_vrp_edges": 0,
          "new_base_edges": 0,
          "cumulative_vrp_edges": 0,
          "cumulative_base_edges": 0,
          "classifications": {
            "vrp_only": 0,
            "both": 0,
            "base_only": 0,
            "neither": 19
          }
        },
        {
          "archive": 35,
          "new_inputs": 25,
          "cumulative_inputs": 16089,
          "new_vrp_edges": 0,
          "new_base_edges": 0,
          "cumulative_vrp_edges": 0,
          "cumulative_base_edges": 0,
          "classifications": {
            "vrp_only": 0,
            "both": 0,
            "base_only": 0,
            "neither": 25
          }
        },
        {
          "archive": 36,
          "new_inputs": 33,
          "cumulative_inputs": 16122,
          "new_vrp_edges": 0,
          "new_base_edges": 0,
          "cumulative_vrp_edges": 0,
          "cumulative_base_edges": 0,
          "classifications": {
            "vrp_only": 0,
            "both": 0,
            "base_only": 0,
            "neither": 33
          }
        },
        {
          "archive": 37,
          "new_inputs": 29,
          "cumulative_inputs": 16151,
          "new_vrp_edges": 0,
          "new_base_edges": 0,
          "cumulative_vrp_edges": 0,
          "cumulative_base_edges": 0,
          "classifications": {
            "vrp_only": 0,
            "both": 0,
            "base_only": 0,
            "neither": 29
          }
        },
        {
          "archive": 38,
          "new_inputs": 20,
          "cumulative_inputs": 16171,
          "new_vrp_edges": 0,
          "new_base_edges": 0,
          "cumulative_vrp_edges": 0,
          "cumulative_base_edges": 0,
          "classifications": {
            "vrp_only": 0,
            "both": 0,
            "base_only": 0,
            "neither": 20
          }
        },
        {
          "archive": 39,
          "new_inputs": 28,
          "cumulative_inputs": 16199,
          "new_vrp_edges": 0,
          "new_base_edges": 0,
          "cumulative_vrp_edges": 0,
          "cumulative_base_edges": 0,
          "classifications": {
            "vrp_only": 0,
            "both": 0,
            "base_only": 0,
            "neither": 28
          }
        },
        {
          "archive": 40,
          "new_inputs": 25,
          "cumulative_inputs": 16224,
          "new_vrp_edges": 0,
          "new_base_edges": 0,
          "cumulative_vrp_edges": 0,
          "cumulative_base_edges": 0,
          "classifications": {
            "vrp_only": 0,
            "both": 0,
            "base_only": 0,
            "neither": 25
          }
        },
        {
          "archive": 41,
          "new_inputs": 27,
          "cumulative_inputs": 16251,
          "new_vrp_edges": 0,
          "new_base_edges": 0,
          "cumulative_vrp_edges": 0,
          "cumulative_base_edges": 0,
          "classifications": {
            "vrp_only": 0,
            "both": 0,
            "base_only": 0,
            "neither": 27
          }
        },
        {
          "archive": 42,
          "new_inputs": 48,
          "cumulative_inputs": 16299,
          "new_vrp_edges": 0,
          "new_base_edges": 0,
          "cumulative_vrp_edges": 0,
          "cumulative_base_edges": 0,
          "classifications": {
            "vrp_only": 0,
            "both": 0,
            "base_only": 0,
            "neither": 48
          }
        },
        {
          "archive": 43,
          "new_inputs": 22,
          "cumulative_inputs": 16321,
          "new_vrp_edges": 0,
          "new_base_edges": 0,
          "cumulative_vrp_edges": 0,
          "cumulative_base_edges": 0,
          "classifications": {
            "vrp_only": 0,
            "both": 0,
            "base_only": 0,
            "neither": 22
          }
        },
        {
          "archive": 44,
          "new_inputs": 12,
          "cumulative_inputs": 16333,
          "new_vrp_edges": 0,
          "new_base_edges": 0,
          "cumulative_vrp_edges": 0,
          "cumulative_base_edges": 0,
          "classifications": {
            "vrp_only": 0,
            "both": 0,
            "base_only": 0,
            "neither": 12
          }
        },
        {
          "archive": 45,
          "new_inputs": 26,
          "cumulative_inputs": 16359,
          "new_vrp_edges": 0,
          "new_base_edges": 0,
          "cumulative_vrp_edges": 0,
          "cumulative_base_edges": 0,
          "classifications": {
            "vrp_only": 0,
            "both": 0,
            "base_only": 0,
            "neither": 26
          }
        },
        {
          "archive": 46,
          "new_inputs": 56,
          "cumulative_inputs": 16415,
          "new_vrp_edges": 0,
          "new_base_edges": 0,
          "cumulative_vrp_edges": 0,
          "cumulative_base_edges": 0,
          "classifications": {
            "vrp_only": 0,
            "both": 0,
            "base_only": 0,
            "neither": 56
          }
        },
        {
          "archive": 47,
          "new_inputs": 13,
          "cumulative_inputs": 16428,
          "new_vrp_edges": 0,
          "new_base_edges": 0,
          "cumulative_vrp_edges": 0,
          "cumulative_base_edges": 0,
          "classifications": {
            "vrp_only": 0,
            "both": 0,
            "base_only": 0,
            "neither": 13
          }
        },
        {
          "archive": 48,
          "new_inputs": 13,
          "cumulative_inputs": 16441,
          "new_vrp_edges": 0,
          "new_base_edges": 0,
          "cumulative_vrp_edges": 0,
          "cumulative_base_edges": 0,
          "classifications": {
            "vrp_only": 0,
            "both": 0,
            "base_only": 0,
            "neither": 13
          }
        },
        {
          "archive": 49,
          "new_inputs": 7,
          "cumulative_inputs": 16448,
          "new_vrp_edges": 0,
          "new_base_edges": 0,
          "cumulative_vrp_edges": 0,
          "cumulative_base_edges": 0,
          "classifications": {
            "vrp_only": 0,
            "both": 0,
            "base_only": 0,
            "neither": 7
          }
        },
        {
          "archive": 50,
          "new_inputs": 9,
          "cumulative_inputs": 16457,
          "new_vrp_edges": 0,
          "new_base_edges": 0,
          "cumulative_vrp_edges": 0,
          "cumulative_base_edges": 0,
          "classifications": {
            "vrp_only": 0,
            "both": 0,
            "base_only": 0,
            "neither": 9
          }
        },
        {
          "archive": 51,
          "new_inputs": 187,
          "cumulative_inputs": 16644,
          "new_vrp_edges": 0,
          "new_base_edges": 0,
          "cumulative_vrp_edges": 0,
          "cumulative_base_edges": 0,
          "classifications": {
            "vrp_only": 0,
            "both": 0,
            "base_only": 0,
            "neither": 187
          }
        },
        {
          "archive": 52,
          "new_inputs": 71,
          "cumulative_inputs": 16715,
          "new_vrp_edges": 0,
          "new_base_edges": 0,
          "cumulative_vrp_edges": 0,
          "cumulative_base_edges": 0,
          "classifications": {
            "vrp_only": 0,
            "both": 0,
            "base_only": 0,
            "neither": 71
          }
        },
        {
          "archive": 53,
          "new_inputs": 52,
          "cumulative_inputs": 16767,
          "new_vrp_edges": 0,
          "new_base_edges": 0,
          "cumulative_vrp_edges": 0,
          "cumulative_base_edges": 0,
          "classifications": {
            "vrp_only": 0,
            "both": 0,
            "base_only": 0,
            "neither": 52
          }
        },
        {
          "archive": 54,
          "new_inputs": 68,
          "cumulative_inputs": 16835,
          "new_vrp_edges": 0,
          "new_base_edges": 0,
          "cumulative_vrp_edges": 0,
          "cumulative_base_edges": 0,
          "classifications": {
            "vrp_only": 0,
            "both": 0,
            "base_only": 0,
            "neither": 68
          }
        },
        {
          "archive": 55,
          "new_inputs": 47,
          "cumulative_inputs": 16882,
          "new_vrp_edges": 0,
          "new_base_edges": 0,
          "cumulative_vrp_edges": 0,
          "cumulative_base_edges": 0,
          "classifications": {
            "vrp_only": 0,
            "both": 0,
            "base_only": 0,
            "neither": 47
          }
        },
        {
          "archive": 56,
          "new_inputs": 30,
          "cumulative_inputs": 16912,
          "new_vrp_edges": 0,
          "new_base_edges": 0,
          "cumulative_vrp_edges": 0,
          "cumulative_base_edges": 0,
          "classifications": {
            "vrp_only": 0,
            "both": 0,
            "base_only": 0,
            "neither": 30
          }
        },
        {
          "archive": 57,
          "new_inputs": 74,
          "cumulative_inputs": 16986,
          "new_vrp_edges": 0,
          "new_base_edges": 0,
          "cumulative_vrp_edges": 0,
          "cumulative_base_edges": 0,
          "classifications": {
            "vrp_only": 0,
            "both": 0,
            "base_only": 0,
            "neither": 74
          }
        },
        {
          "archive": 58,
          "new_inputs": 49,
          "cumulative_inputs": 17035,
          "new_vrp_edges": 0,
          "new_base_edges": 0,
          "cumulative_vrp_edges": 0,
          "cumulative_base_edges": 0,
          "classifications": {
            "vrp_only": 0,
            "both": 0,
            "base_only": 0,
            "neither": 49
          }
        },
        {
          "archive": 59,
          "new_inputs": 23,
          "cumulative_inputs": 17058,
          "new_vrp_edges": 0,
          "new_base_edges": 0,
          "cumulative_vrp_edges": 0,
          "cumulative_base_edges": 0,
          "classifications": {
            "vrp_only": 0,
            "both": 0,
            "base_only": 0,
            "neither": 23
          }
        },
        {
          "archive": 60,
          "new_inputs": 34,
          "cumulative_inputs": 17092,
          "new_vrp_edges": 0,
          "new_base_edges": 0,
          "cumulative_vrp_edges": 0,
          "cumulative_base_edges": 0,
          "classifications": {
            "vrp_only": 0,
            "both": 0,
            "base_only": 0,
            "neither": 34
          }
        },
        {
          "archive": 61,
          "new_inputs": 13,
          "cumulative_inputs": 17105,
          "new_vrp_edges": 0,
          "new_base_edges": 0,
          "cumulative_vrp_edges": 0,
          "cumulative_base_edges": 0,
          "classifications": {
            "vrp_only": 0,
            "both": 0,
            "base_only": 0,
            "neither": 13
          }
        },
        {
          "archive": 62,
          "new_inputs": 26,
          "cumulative_inputs": 17131,
          "new_vrp_edges": 0,
          "new_base_edges": 0,
          "cumulative_vrp_edges": 0,
          "cumulative_base_edges": 0,
          "classifications": {
            "vrp_only": 0,
            "both": 0,
            "base_only": 0,
            "neither": 26
          }
        },
        {
          "archive": 63,
          "new_inputs": 29,
          "cumulative_inputs": 17160,
          "new_vrp_edges": 0,
          "new_base_edges": 0,
          "cumulative_vrp_edges": 0,
          "cumulative_base_edges": 0,
          "classifications": {
            "vrp_only": 0,
            "both": 0,
            "base_only": 0,
            "neither": 29
          }
        },
        {
          "archive": 64,
          "new_inputs": 23,
          "cumulative_inputs": 17183,
          "new_vrp_edges": 0,
          "new_base_edges": 0,
          "cumulative_vrp_edges": 0,
          "cumulative_base_edges": 0,
          "classifications": {
            "vrp_only": 0,
            "both": 0,
            "base_only": 0,
            "neither": 23
          }
        },
        {
          "archive": 65,
          "new_inputs": 26,
          "cumulative_inputs": 17209,
          "new_vrp_edges": 0,
          "new_base_edges": 0,
          "cumulative_vrp_edges": 0,
          "cumulative_base_edges": 0,
          "classifications": {
            "vrp_only": 0,
            "both": 0,
            "base_only": 0,
            "neither": 26
          }
        },
        {
          "archive": 66,
          "new_inputs": 10,
          "cumulative_inputs": 17219,
          "new_vrp_edges": 0,
          "new_base_edges": 0,
          "cumulative_vrp_edges": 0,
          "cumulative_base_edges": 0,
          "classifications": {
            "vrp_only": 0,
            "both": 0,
            "base_only": 0,
            "neither": 10
          }
        },
        {
          "archive": 67,
          "new_inputs": 14,
          "cumulative_inputs": 17233,
          "new_vrp_edges": 0,
          "new_base_edges": 0,
          "cumulative_vrp_edges": 0,
          "cumulative_base_edges": 0,
          "classifications": {
            "vrp_only": 0,
            "both": 0,
            "base_only": 0,
            "neither": 14
          }
        },
        {
          "archive": 68,
          "new_inputs": 14,
          "cumulative_inputs": 17247,
          "new_vrp_edges": 0,
          "new_base_edges": 0,
          "cumulative_vrp_edges": 0,
          "cumulative_base_edges": 0,
          "classifications": {
            "vrp_only": 0,
            "both": 0,
            "base_only": 0,
            "neither": 14
          }
        },
        {
          "archive": 69,
          "new_inputs": 13,
          "cumulative_inputs": 17260,
          "new_vrp_edges": 0,
          "new_base_edges": 0,
          "cumulative_vrp_edges": 0,
          "cumulative_base_edges": 0,
          "classifications": {
            "vrp_only": 0,
            "both": 0,
            "base_only": 0,
            "neither": 13
          }
        },
        {
          "archive": 70,
          "new_inputs": 9,
          "cumulative_inputs": 17269,
          "new_vrp_edges": 0,
          "new_base_edges": 0,
          "cumulative_vrp_edges": 0,
          "cumulative_base_edges": 0,
          "classifications": {
            "vrp_only": 0,
            "both": 0,
            "base_only": 0,
            "neither": 9
          }
        },
        {
          "archive": 71,
          "new_inputs": 6,
          "cumulative_inputs": 17275,
          "new_vrp_edges": 0,
          "new_base_edges": 0,
          "cumulative_vrp_edges": 0,
          "cumulative_base_edges": 0,
          "classifications": {
            "vrp_only": 0,
            "both": 0,
            "base_only": 0,
            "neither": 6
          }
        },
        {
          "archive": 72,
          "new_inputs": 12,
          "cumulative_inputs": 17287,
          "new_vrp_edges": 0,
          "new_base_edges": 0,
          "cumulative_vrp_edges": 0,
          "cumulative_base_edges": 0,
          "classifications": {
            "vrp_only": 0,
            "both": 0,
            "base_only": 0,
            "neither": 12
          }
        },
        {
          "archive": 73,
          "new_inputs": 11,
          "cumulative_inputs": 17298,
          "new_vrp_edges": 0,
          "new_base_edges": 0,
          "cumulative_vrp_edges": 0,
          "cumulative_base_edges": 0,
          "classifications": {
            "vrp_only": 0,
            "both": 0,
            "base_only": 0,
            "neither": 11
          }
        },
        {
          "archive": 74,
          "new_inputs": 10,
          "cumulative_inputs": 17308,
          "new_vrp_edges": 0,
          "new_base_edges": 0,
          "cumulative_vrp_edges": 0,
          "cumulative_base_edges": 0,
          "classifications": {
            "vrp_only": 0,
            "both": 0,
            "base_only": 0,
            "neither": 10
          }
        },
        {
          "archive": 75,
          "new_inputs": 15,
          "cumulative_inputs": 17323,
          "new_vrp_edges": 0,
          "new_base_edges": 0,
          "cumulative_vrp_edges": 0,
          "cumulative_base_edges": 0,
          "classifications": {
            "vrp_only": 0,
            "both": 0,
            "base_only": 0,
            "neither": 15
          }
        },
        {
          "archive": 76,
          "new_inputs": 6,
          "cumulative_inputs": 17329,
          "new_vrp_edges": 0,
          "new_base_edges": 0,
          "cumulative_vrp_edges": 0,
          "cumulative_base_edges": 0,
          "classifications": {
            "vrp_only": 0,
            "both": 0,
            "base_only": 0,
            "neither": 6
          }
        },
        {
          "archive": 77,
          "new_inputs": 141,
          "cumulative_inputs": 17470,
          "new_vrp_edges": 0,
          "new_base_edges": 0,
          "cumulative_vrp_edges": 0,
          "cumulative_base_edges": 0,
          "classifications": {
            "vrp_only": 0,
            "both": 0,
            "base_only": 0,
            "neither": 141
          }
        },
        {
          "archive": 78,
          "new_inputs": 14,
          "cumulative_inputs": 17484,
          "new_vrp_edges": 0,
          "new_base_edges": 0,
          "cumulative_vrp_edges": 0,
          "cumulative_base_edges": 0,
          "classifications": {
            "vrp_only": 0,
            "both": 0,
            "base_only": 0,
            "neither": 14
          }
        },
        {
          "archive": 79,
          "new_inputs": 18,
          "cumulative_inputs": 17502,
          "new_vrp_edges": 0,
          "new_base_edges": 0,
          "cumulative_vrp_edges": 0,
          "cumulative_base_edges": 0,
          "classifications": {
            "vrp_only": 0,
            "both": 0,
            "base_only": 0,
            "neither": 18
          }
        },
        {
          "archive": 80,
          "new_inputs": 16,
          "cumulative_inputs": 17518,
          "new_vrp_edges": 0,
          "new_base_edges": 0,
          "cumulative_vrp_edges": 0,
          "cumulative_base_edges": 0,
          "classifications": {
            "vrp_only": 0,
            "both": 0,
            "base_only": 0,
            "neither": 16
          }
        },
        {
          "archive": 81,
          "new_inputs": 20,
          "cumulative_inputs": 17538,
          "new_vrp_edges": 0,
          "new_base_edges": 0,
          "cumulative_vrp_edges": 0,
          "cumulative_base_edges": 0,
          "classifications": {
            "vrp_only": 0,
            "both": 0,
            "base_only": 0,
            "neither": 20
          }
        },
        {
          "archive": 82,
          "new_inputs": 10,
          "cumulative_inputs": 17548,
          "new_vrp_edges": 0,
          "new_base_edges": 0,
          "cumulative_vrp_edges": 0,
          "cumulative_base_edges": 0,
          "classifications": {
            "vrp_only": 0,
            "both": 0,
            "base_only": 0,
            "neither": 10
          }
        },
        {
          "archive": 83,
          "new_inputs": 12,
          "cumulative_inputs": 17560,
          "new_vrp_edges": 0,
          "new_base_edges": 0,
          "cumulative_vrp_edges": 0,
          "cumulative_base_edges": 0,
          "classifications": {
            "vrp_only": 0,
            "both": 0,
            "base_only": 0,
            "neither": 12
          }
        },
        {
          "archive": 84,
          "new_inputs": 11,
          "cumulative_inputs": 17571,
          "new_vrp_edges": 0,
          "new_base_edges": 0,
          "cumulative_vrp_edges": 0,
          "cumulative_base_edges": 0,
          "classifications": {
            "vrp_only": 0,
            "both": 0,
            "base_only": 0,
            "neither": 11
          }
        },
        {
          "archive": 85,
          "new_inputs": 15,
          "cumulative_inputs": 17586,
          "new_vrp_edges": 0,
          "new_base_edges": 0,
          "cumulative_vrp_edges": 0,
          "cumulative_base_edges": 0,
          "classifications": {
            "vrp_only": 0,
            "both": 0,
            "base_only": 0,
            "neither": 15
          }
        },
        {
          "archive": 86,
          "new_inputs": 17,
          "cumulative_inputs": 17603,
          "new_vrp_edges": 0,
          "new_base_edges": 0,
          "cumulative_vrp_edges": 0,
          "cumulative_base_edges": 0,
          "classifications": {
            "vrp_only": 0,
            "both": 0,
            "base_only": 0,
            "neither": 17
          }
        },
        {
          "archive": 87,
          "new_inputs": 7,
          "cumulative_inputs": 17610,
          "new_vrp_edges": 0,
          "new_base_edges": 0,
          "cumulative_vrp_edges": 0,
          "cumulative_base_edges": 0,
          "classifications": {
            "vrp_only": 0,
            "both": 0,
            "base_only": 0,
            "neither": 7
          }
        },
        {
          "archive": 88,
          "new_inputs": 20,
          "cumulative_inputs": 17630,
          "new_vrp_edges": 0,
          "new_base_edges": 0,
          "cumulative_vrp_edges": 0,
          "cumulative_base_edges": 0,
          "classifications": {
            "vrp_only": 0,
            "both": 0,
            "base_only": 0,
            "neither": 20
          }
        },
        {
          "archive": 89,
          "new_inputs": 24,
          "cumulative_inputs": 17654,
          "new_vrp_edges": 0,
          "new_base_edges": 0,
          "cumulative_vrp_edges": 0,
          "cumulative_base_edges": 0,
          "classifications": {
            "vrp_only": 0,
            "both": 0,
            "base_only": 0,
            "neither": 24
          }
        },
        {
          "archive": 90,
          "new_inputs": 17,
          "cumulative_inputs": 17671,
          "new_vrp_edges": 0,
          "new_base_edges": 0,
          "cumulative_vrp_edges": 0,
          "cumulative_base_edges": 0,
          "classifications": {
            "vrp_only": 0,
            "both": 0,
            "base_only": 0,
            "neither": 17
          }
        },
        {
          "archive": 91,
          "new_inputs": 18,
          "cumulative_inputs": 17689,
          "new_vrp_edges": 0,
          "new_base_edges": 0,
          "cumulative_vrp_edges": 0,
          "cumulative_base_edges": 0,
          "classifications": {
            "vrp_only": 0,
            "both": 0,
            "base_only": 0,
            "neither": 18
          }
        },
        {
          "archive": 92,
          "new_inputs": 16,
          "cumulative_inputs": 17705,
          "new_vrp_edges": 0,
          "new_base_edges": 0,
          "cumulative_vrp_edges": 0,
          "cumulative_base_edges": 0,
          "classifications": {
            "vrp_only": 0,
            "both": 0,
            "base_only": 0,
            "neither": 16
          }
        },
        {
          "archive": 93,
          "new_inputs": 4,
          "cumulative_inputs": 17709,
          "new_vrp_edges": 0,
          "new_base_edges": 0,
          "cumulative_vrp_edges": 0,
          "cumulative_base_edges": 0,
          "classifications": {
            "vrp_only": 0,
            "both": 0,
            "base_only": 0,
            "neither": 4
          }
        },
        {
          "archive": 94,
          "new_inputs": 4,
          "cumulative_inputs": 17713,
          "new_vrp_edges": 0,
          "new_base_edges": 0,
          "cumulative_vrp_edges": 0,
          "cumulative_base_edges": 0,
          "classifications": {
            "vrp_only": 0,
            "both": 0,
            "base_only": 0,
            "neither": 4
          }
        },
        {
          "archive": 95,
          "new_inputs": 31,
          "cumulative_inputs": 17744,
          "new_vrp_edges": 0,
          "new_base_edges": 0,
          "cumulative_vrp_edges": 0,
          "cumulative_base_edges": 0,
          "classifications": {
            "vrp_only": 0,
            "both": 0,
            "base_only": 0,
            "neither": 31
          }
        },
        {
          "archive": 96,
          "new_inputs": 0,
          "cumulative_inputs": 17744,
          "new_vrp_edges": 0,
          "new_base_edges": 0,
          "cumulative_vrp_edges": 0,
          "cumulative_base_edges": 0,
          "classifications": {
            "vrp_only": 0,
            "both": 0,
            "base_only": 0,
            "neither": 0
          }
        }
      ],
      "summary": {
        "total_inputs": 17744,
        "total_vrp_edges": 0,
        "total_base_edges": 0,
        "entanglement_rate": 0.0,
        "vrp_only_count": 0,
        "both_count": 0,
        "base_only_count": 0,
        "neither_count": 17744
      }
    },
    "vrp_bucket_entanglement": {
      "summary": {
        "total_inputs": 17744,
        "bucket_entanglement_rate": 0.0,
        "vrp_only": 0,
        "both": 0,
        "base_only": 0,
        "neither": 17744,
        "edge_neither_but_bucket_interesting": 0
      }
    },
    "vrp_gradient": {
      "summary": {
        "total_vrp_edges_seen": 0,
        "singleton_edges": 0,
        "low_freq_edges": 0,
        "high_freq_edges": 0,
        "vrp_exclusive_singletons": 0,
        "hit_count_distribution": {
          "1": 0,
          "2-3": 0,
          "4-10": 0,
          "11-50": 0,
          "51-200": 0,
          "200+": 0
        }
      }
    },
    "edge_growth": {
      "growth_curve": [
        {
          "archive": 0,
          "total_inputs": 2,
          "vrp_edges": 0,
          "base_edges": 0
        },
        {
          "archive": 1,
          "total_inputs": 6343,
          "vrp_edges": 0,
          "base_edges": 0
        },
        {
          "archive": 2,
          "total_inputs": 8293,
          "vrp_edges": 0,
          "base_edges": 0
        },
        {
          "archive": 3,
          "total_inputs": 9511,
          "vrp_edges": 0,
          "base_edges": 0
        },
        {
          "archive": 4,
          "total_inputs": 10404,
          "vrp_edges": 0,
          "base_edges": 0
        },
        {
          "archive": 5,
          "total_inputs": 12352,
          "vrp_edges": 0,
          "base_edges": 0
        },
        {
          "archive": 6,
          "total_inputs": 12874,
          "vrp_edges": 0,
          "base_edges": 0
        },
        {
          "archive": 7,
          "total_inputs": 13214,
          "vrp_edges": 0,
          "base_edges": 0
        },
        {
          "archive": 8,
          "total_inputs": 13488,
          "vrp_edges": 0,
          "base_edges": 0
        },
        {
          "archive": 9,
          "total_inputs": 13864,
          "vrp_edges": 0,
          "base_edges": 0
        },
        {
          "archive": 10,
          "total_inputs": 13984,
          "vrp_edges": 0,
          "base_edges": 0
        },
        {
          "archive": 11,
          "total_inputs": 14178,
          "vrp_edges": 0,
          "base_edges": 0
        },
        {
          "archive": 12,
          "total_inputs": 14283,
          "vrp_edges": 0,
          "base_edges": 0
        },
        {
          "archive": 13,
          "total_inputs": 14366,
          "vrp_edges": 0,
          "base_edges": 0
        },
        {
          "archive": 14,
          "total_inputs": 14481,
          "vrp_edges": 0,
          "base_edges": 0
        },
        {
          "archive": 15,
          "total_inputs": 14578,
          "vrp_edges": 0,
          "base_edges": 0
        },
        {
          "archive": 16,
          "total_inputs": 14654,
          "vrp_edges": 0,
          "base_edges": 0
        },
        {
          "archive": 17,
          "total_inputs": 14827,
          "vrp_edges": 0,
          "base_edges": 0
        },
        {
          "archive": 18,
          "total_inputs": 14878,
          "vrp_edges": 0,
          "base_edges": 0
        },
        {
          "archive": 19,
          "total_inputs": 14934,
          "vrp_edges": 0,
          "base_edges": 0
        },
        {
          "archive": 20,
          "total_inputs": 14997,
          "vrp_edges": 0,
          "base_edges": 0
        },
        {
          "archive": 21,
          "total_inputs": 15080,
          "vrp_edges": 0,
          "base_edges": 0
        },
        {
          "archive": 22,
          "total_inputs": 15112,
          "vrp_edges": 0,
          "base_edges": 0
        },
        {
          "archive": 23,
          "total_inputs": 15151,
          "vrp_edges": 0,
          "base_edges": 0
        },
        {
          "archive": 24,
          "total_inputs": 15246,
          "vrp_edges": 0,
          "base_edges": 0
        },
        {
          "archive": 25,
          "total_inputs": 15281,
          "vrp_edges": 0,
          "base_edges": 0
        },
        {
          "archive": 26,
          "total_inputs": 15583,
          "vrp_edges": 0,
          "base_edges": 0
        },
        {
          "archive": 27,
          "total_inputs": 15658,
          "vrp_edges": 0,
          "base_edges": 0
        },
        {
          "archive": 28,
          "total_inputs": 15721,
          "vrp_edges": 0,
          "base_edges": 0
        },
        {
          "archive": 29,
          "total_inputs": 15771,
          "vrp_edges": 0,
          "base_edges": 0
        },
        {
          "archive": 30,
          "total_inputs": 15920,
          "vrp_edges": 0,
          "base_edges": 0
        },
        {
          "archive": 31,
          "total_inputs": 15957,
          "vrp_edges": 0,
          "base_edges": 0
        },
        {
          "archive": 32,
          "total_inputs": 16009,
          "vrp_edges": 0,
          "base_edges": 0
        },
        {
          "archive": 33,
          "total_inputs": 16045,
          "vrp_edges": 0,
          "base_edges": 0
        },
        {
          "archive": 34,
          "total_inputs": 16064,
          "vrp_edges": 0,
          "base_edges": 0
        },
        {
          "archive": 35,
          "total_inputs": 16089,
          "vrp_edges": 0,
          "base_edges": 0
        },
        {
          "archive": 36,
          "total_inputs": 16122,
          "vrp_edges": 0,
          "base_edges": 0
        },
        {
          "archive": 37,
          "total_inputs": 16151,
          "vrp_edges": 0,
          "base_edges": 0
        },
        {
          "archive": 38,
          "total_inputs": 16171,
          "vrp_edges": 0,
          "base_edges": 0
        },
        {
          "archive": 39,
          "total_inputs": 16199,
          "vrp_edges": 0,
          "base_edges": 0
        },
        {
          "archive": 40,
          "total_inputs": 16224,
          "vrp_edges": 0,
          "base_edges": 0
        },
        {
          "archive": 41,
          "total_inputs": 16251,
          "vrp_edges": 0,
          "base_edges": 0
        },
        {
          "archive": 42,
          "total_inputs": 16299,
          "vrp_edges": 0,
          "base_edges": 0
        },
        {
          "archive": 43,
          "total_inputs": 16321,
          "vrp_edges": 0,
          "base_edges": 0
        },
        {
          "archive": 44,
          "total_inputs": 16333,
          "vrp_edges": 0,
          "base_edges": 0
        },
        {
          "archive": 45,
          "total_inputs": 16359,
          "vrp_edges": 0,
          "base_edges": 0
        },
        {
          "archive": 46,
          "total_inputs": 16415,
          "vrp_edges": 0,
          "base_edges": 0
        },
        {
          "archive": 47,
          "total_inputs": 16428,
          "vrp_edges": 0,
          "base_edges": 0
        },
        {
          "archive": 48,
          "total_inputs": 16441,
          "vrp_edges": 0,
          "base_edges": 0
        },
        {
          "archive": 49,
          "total_inputs": 16448,
          "vrp_edges": 0,
          "base_edges": 0
        },
        {
          "archive": 50,
          "total_inputs": 16457,
          "vrp_edges": 0,
          "base_edges": 0
        },
        {
          "archive": 51,
          "total_inputs": 16644,
          "vrp_edges": 0,
          "base_edges": 0
        },
        {
          "archive": 52,
          "total_inputs": 16715,
          "vrp_edges": 0,
          "base_edges": 0
        },
        {
          "archive": 53,
          "total_inputs": 16767,
          "vrp_edges": 0,
          "base_edges": 0
        },
        {
          "archive": 54,
          "total_inputs": 16835,
          "vrp_edges": 0,
          "base_edges": 0
        },
        {
          "archive": 55,
          "total_inputs": 16882,
          "vrp_edges": 0,
          "base_edges": 0
        },
        {
          "archive": 56,
          "total_inputs": 16912,
          "vrp_edges": 0,
          "base_edges": 0
        },
        {
          "archive": 57,
          "total_inputs": 16986,
          "vrp_edges": 0,
          "base_edges": 0
        },
        {
          "archive": 58,
          "total_inputs": 17035,
          "vrp_edges": 0,
          "base_edges": 0
        },
        {
          "archive": 59,
          "total_inputs": 17058,
          "vrp_edges": 0,
          "base_edges": 0
        },
        {
          "archive": 60,
          "total_inputs": 17092,
          "vrp_edges": 0,
          "base_edges": 0
        },
        {
          "archive": 61,
          "total_inputs": 17105,
          "vrp_edges": 0,
          "base_edges": 0
        },
        {
          "archive": 62,
          "total_inputs": 17131,
          "vrp_edges": 0,
          "base_edges": 0
        },
        {
          "archive": 63,
          "total_inputs": 17160,
          "vrp_edges": 0,
          "base_edges": 0
        },
        {
          "archive": 64,
          "total_inputs": 17183,
          "vrp_edges": 0,
          "base_edges": 0
        },
        {
          "archive": 65,
          "total_inputs": 17209,
          "vrp_edges": 0,
          "base_edges": 0
        },
        {
          "archive": 66,
          "total_inputs": 17219,
          "vrp_edges": 0,
          "base_edges": 0
        },
        {
          "archive": 67,
          "total_inputs": 17233,
          "vrp_edges": 0,
          "base_edges": 0
        },
        {
          "archive": 68,
          "total_inputs": 17247,
          "vrp_edges": 0,
          "base_edges": 0
        },
        {
          "archive": 69,
          "total_inputs": 17260,
          "vrp_edges": 0,
          "base_edges": 0
        },
        {
          "archive": 70,
          "total_inputs": 17269,
          "vrp_edges": 0,
          "base_edges": 0
        },
        {
          "archive": 71,
          "total_inputs": 17275,
          "vrp_edges": 0,
          "base_edges": 0
        },
        {
          "archive": 72,
          "total_inputs": 17287,
          "vrp_edges": 0,
          "base_edges": 0
        },
        {
          "archive": 73,
          "total_inputs": 17298,
          "vrp_edges": 0,
          "base_edges": 0
        },
        {
          "archive": 74,
          "total_inputs": 17308,
          "vrp_edges": 0,
          "base_edges": 0
        },
        {
          "archive": 75,
          "total_inputs": 17323,
          "vrp_edges": 0,
          "base_edges": 0
        },
        {
          "archive": 76,
          "total_inputs": 17329,
          "vrp_edges": 0,
          "base_edges": 0
        },
        {
          "archive": 77,
          "total_inputs": 17470,
          "vrp_edges": 0,
          "base_edges": 0
        },
        {
          "archive": 78,
          "total_inputs": 17484,
          "vrp_edges": 0,
          "base_edges": 0
        },
        {
          "archive": 79,
          "total_inputs": 17502,
          "vrp_edges": 0,
          "base_edges": 0
        },
        {
          "archive": 80,
          "total_inputs": 17518,
          "vrp_edges": 0,
          "base_edges": 0
        },
        {
          "archive": 81,
          "total_inputs": 17538,
          "vrp_edges": 0,
          "base_edges": 0
        },
        {
          "archive": 82,
          "total_inputs": 17548,
          "vrp_edges": 0,
          "base_edges": 0
        },
        {
          "archive": 83,
          "total_inputs": 17560,
          "vrp_edges": 0,
          "base_edges": 0
        },
        {
          "archive": 84,
          "total_inputs": 17571,
          "vrp_edges": 0,
          "base_edges": 0
        },
        {
          "archive": 85,
          "total_inputs": 17586,
          "vrp_edges": 0,
          "base_edges": 0
        },
        {
          "archive": 86,
          "total_inputs": 17603,
          "vrp_edges": 0,
          "base_edges": 0
        },
        {
          "archive": 87,
          "total_inputs": 17610,
          "vrp_edges": 0,
          "base_edges": 0
        },
        {
          "archive": 88,
          "total_inputs": 17630,
          "vrp_edges": 0,
          "base_edges": 0
        },
        {
          "archive": 89,
          "total_inputs": 17654,
          "vrp_edges": 0,
          "base_edges": 0
        },
        {
          "archive": 90,
          "total_inputs": 17671,
          "vrp_edges": 0,
          "base_edges": 0
        },
        {
          "archive": 91,
          "total_inputs": 17689,
          "vrp_edges": 0,
          "base_edges": 0
        },
        {
          "archive": 92,
          "total_inputs": 17705,
          "vrp_edges": 0,
          "base_edges": 0
        },
        {
          "archive": 93,
          "total_inputs": 17709,
          "vrp_edges": 0,
          "base_edges": 0
        },
        {
          "archive": 94,
          "total_inputs": 17713,
          "vrp_edges": 0,
          "base_edges": 0
        },
        {
          "archive": 95,
          "total_inputs": 17744,
          "vrp_edges": 0,
          "base_edges": 0
        },
        {
          "archive": 96,
          "total_inputs": 17744,
          "vrp_edges": 0,
          "base_edges": 0
        }
      ],
      "final_vrp_edges": 0,
      "final_base_edges": 0,
      "total_inputs": 17744
    },
    "speed": {
      "per_archive": [
        {
          "archive": 0,
          "inputs": 2,
          "mean_vrp_ms": 6.086,
          "mean_base_ms": 6.175,
          "overhead": 0.9856
        },
        {
          "archive": 1,
          "inputs": 6341,
          "mean_vrp_ms": 0.018,
          "mean_base_ms": 0.018,
          "overhead": 0.9639
        },
        {
          "archive": 2,
          "inputs": 1950,
          "mean_vrp_ms": 0.023,
          "mean_base_ms": 0.024,
          "overhead": 0.9699
        },
        {
          "archive": 3,
          "inputs": 1218,
          "mean_vrp_ms": 0.029,
          "mean_base_ms": 0.028,
          "overhead": 1.0207
        },
        {
          "archive": 4,
          "inputs": 893,
          "mean_vrp_ms": 0.034,
          "mean_base_ms": 0.032,
          "overhead": 1.0403
        },
        {
          "archive": 5,
          "inputs": 1948,
          "mean_vrp_ms": 0.024,
          "mean_base_ms": 0.024,
          "overhead": 0.9738
        },
        {
          "archive": 6,
          "inputs": 522,
          "mean_vrp_ms": 0.041,
          "mean_base_ms": 0.038,
          "overhead": 1.0712
        },
        {
          "archive": 7,
          "inputs": 340,
          "mean_vrp_ms": 0.05,
          "mean_base_ms": 0.052,
          "overhead": 0.9581
        },
        {
          "archive": 8,
          "inputs": 274,
          "mean_vrp_ms": 0.062,
          "mean_base_ms": 0.06,
          "overhead": 1.042
        },
        {
          "archive": 9,
          "inputs": 376,
          "mean_vrp_ms": 0.054,
          "mean_base_ms": 0.052,
          "overhead": 1.0434
        },
        {
          "archive": 10,
          "inputs": 120,
          "mean_vrp_ms": 0.135,
          "mean_base_ms": 0.109,
          "overhead": 1.2364
        },
        {
          "archive": 11,
          "inputs": 194,
          "mean_vrp_ms": 0.071,
          "mean_base_ms": 0.068,
          "overhead": 1.0401
        },
        {
          "archive": 12,
          "inputs": 105,
          "mean_vrp_ms": 0.134,
          "mean_base_ms": 0.121,
          "overhead": 1.1027
        },
        {
          "archive": 13,
          "inputs": 83,
          "mean_vrp_ms": 0.17,
          "mean_base_ms": 0.16,
          "overhead": 1.0654
        },
        {
          "archive": 14,
          "inputs": 115,
          "mean_vrp_ms": 0.11,
          "mean_base_ms": 0.107,
          "overhead": 1.0299
        },
        {
          "archive": 15,
          "inputs": 97,
          "mean_vrp_ms": 0.166,
          "mean_base_ms": 0.13,
          "overhead": 1.2756
        },
        {
          "archive": 16,
          "inputs": 76,
          "mean_vrp_ms": 0.198,
          "mean_base_ms": 0.186,
          "overhead": 1.0641
        },
        {
          "archive": 17,
          "inputs": 173,
          "mean_vrp_ms": 0.083,
          "mean_base_ms": 0.072,
          "overhead": 1.1517
        },
        {
          "archive": 18,
          "inputs": 51,
          "mean_vrp_ms": 0.238,
          "mean_base_ms": 0.21,
          "overhead": 1.1299
        },
        {
          "archive": 19,
          "inputs": 56,
          "mean_vrp_ms": 0.255,
          "mean_base_ms": 0.223,
          "overhead": 1.1437
        },
        {
          "archive": 20,
          "inputs": 63,
          "mean_vrp_ms": 0.189,
          "mean_base_ms": 0.199,
          "overhead": 0.9509
        },
        {
          "archive": 21,
          "inputs": 83,
          "mean_vrp_ms": 0.175,
          "mean_base_ms": 0.15,
          "overhead": 1.1665
        },
        {
          "archive": 22,
          "inputs": 32,
          "mean_vrp_ms": 0.381,
          "mean_base_ms": 0.391,
          "overhead": 0.9737
        },
        {
          "archive": 23,
          "inputs": 39,
          "mean_vrp_ms": 0.355,
          "mean_base_ms": 0.311,
          "overhead": 1.1416
        },
        {
          "archive": 24,
          "inputs": 95,
          "mean_vrp_ms": 0.167,
          "mean_base_ms": 0.134,
          "overhead": 1.2432
        },
        {
          "archive": 25,
          "inputs": 35,
          "mean_vrp_ms": 0.344,
          "mean_base_ms": 0.333,
          "overhead": 1.0332
        },
        {
          "archive": 26,
          "inputs": 302,
          "mean_vrp_ms": 0.054,
          "mean_base_ms": 0.057,
          "overhead": 0.9435
        },
        {
          "archive": 27,
          "inputs": 75,
          "mean_vrp_ms": 0.199,
          "mean_base_ms": 0.192,
          "overhead": 1.0398
        },
        {
          "archive": 28,
          "inputs": 63,
          "mean_vrp_ms": 0.18,
          "mean_base_ms": 0.178,
          "overhead": 1.0109
        },
        {
          "archive": 29,
          "inputs": 50,
          "mean_vrp_ms": 0.264,
          "mean_base_ms": 0.234,
          "overhead": 1.1274
        },
        {
          "archive": 30,
          "inputs": 149,
          "mean_vrp_ms": 0.085,
          "mean_base_ms": 0.091,
          "overhead": 0.9397
        },
        {
          "archive": 31,
          "inputs": 37,
          "mean_vrp_ms": 0.319,
          "mean_base_ms": 0.335,
          "overhead": 0.9544
        },
        {
          "archive": 32,
          "inputs": 52,
          "mean_vrp_ms": 0.21,
          "mean_base_ms": 0.229,
          "overhead": 0.9201
        },
        {
          "archive": 33,
          "inputs": 36,
          "mean_vrp_ms": 0.431,
          "mean_base_ms": 0.346,
          "overhead": 1.2463
        },
        {
          "archive": 34,
          "inputs": 19,
          "mean_vrp_ms": 0.608,
          "mean_base_ms": 0.62,
          "overhead": 0.98
        },
        {
          "archive": 35,
          "inputs": 25,
          "mean_vrp_ms": 0.557,
          "mean_base_ms": 0.501,
          "overhead": 1.1135
        },
        {
          "archive": 36,
          "inputs": 33,
          "mean_vrp_ms": 0.332,
          "mean_base_ms": 0.339,
          "overhead": 0.9776
        },
        {
          "archive": 37,
          "inputs": 29,
          "mean_vrp_ms": 0.429,
          "mean_base_ms": 0.416,
          "overhead": 1.0335
        },
        {
          "archive": 38,
          "inputs": 20,
          "mean_vrp_ms": 0.549,
          "mean_base_ms": 0.544,
          "overhead": 1.0092
        },
        {
          "archive": 39,
          "inputs": 28,
          "mean_vrp_ms": 0.486,
          "mean_base_ms": 0.435,
          "overhead": 1.115
        },
        {
          "archive": 40,
          "inputs": 25,
          "mean_vrp_ms": 0.564,
          "mean_base_ms": 0.526,
          "overhead": 1.0729
        },
        {
          "archive": 41,
          "inputs": 27,
          "mean_vrp_ms": 0.409,
          "mean_base_ms": 0.418,
          "overhead": 0.9775
        },
        {
          "archive": 42,
          "inputs": 48,
          "mean_vrp_ms": 0.267,
          "mean_base_ms": 0.252,
          "overhead": 1.0598
        },
        {
          "archive": 43,
          "inputs": 22,
          "mean_vrp_ms": 0.552,
          "mean_base_ms": 0.53,
          "overhead": 1.0412
        },
        {
          "archive": 44,
          "inputs": 12,
          "mean_vrp_ms": 1.115,
          "mean_base_ms": 1.228,
          "overhead": 0.9076
        },
        {
          "archive": 45,
          "inputs": 26,
          "mean_vrp_ms": 0.449,
          "mean_base_ms": 0.454,
          "overhead": 0.9909
        },
        {
          "archive": 46,
          "inputs": 56,
          "mean_vrp_ms": 0.26,
          "mean_base_ms": 0.222,
          "overhead": 1.1673
        },
        {
          "archive": 47,
          "inputs": 13,
          "mean_vrp_ms": 1.138,
          "mean_base_ms": 0.883,
          "overhead": 1.2884
        },
        {
          "archive": 48,
          "inputs": 13,
          "mean_vrp_ms": 0.93,
          "mean_base_ms": 0.89,
          "overhead": 1.0441
        },
        {
          "archive": 49,
          "inputs": 7,
          "mean_vrp_ms": 1.576,
          "mean_base_ms": 1.618,
          "overhead": 0.9743
        },
        {
          "archive": 50,
          "inputs": 9,
          "mean_vrp_ms": 1.123,
          "mean_base_ms": 1.281,
          "overhead": 0.8765
        },
        {
          "archive": 51,
          "inputs": 187,
          "mean_vrp_ms": 0.072,
          "mean_base_ms": 0.072,
          "overhead": 1.0096
        },
        {
          "archive": 52,
          "inputs": 71,
          "mean_vrp_ms": 0.161,
          "mean_base_ms": 0.166,
          "overhead": 0.9691
        },
        {
          "archive": 53,
          "inputs": 52,
          "mean_vrp_ms": 0.221,
          "mean_base_ms": 0.236,
          "overhead": 0.9383
        },
        {
          "archive": 54,
          "inputs": 68,
          "mean_vrp_ms": 0.189,
          "mean_base_ms": 0.184,
          "overhead": 1.0261
        },
        {
          "archive": 55,
          "inputs": 47,
          "mean_vrp_ms": 0.336,
          "mean_base_ms": 0.279,
          "overhead": 1.2036
        },
        {
          "archive": 56,
          "inputs": 30,
          "mean_vrp_ms": 0.424,
          "mean_base_ms": 0.368,
          "overhead": 1.1518
        },
        {
          "archive": 57,
          "inputs": 74,
          "mean_vrp_ms": 0.184,
          "mean_base_ms": 0.469,
          "overhead": 0.3919
        },
        {
          "archive": 58,
          "inputs": 49,
          "mean_vrp_ms": 0.262,
          "mean_base_ms": 0.263,
          "overhead": 0.9949
        },
        {
          "archive": 59,
          "inputs": 23,
          "mean_vrp_ms": 0.526,
          "mean_base_ms": 0.466,
          "overhead": 1.129
        },
        {
          "archive": 60,
          "inputs": 34,
          "mean_vrp_ms": 0.437,
          "mean_base_ms": 0.377,
          "overhead": 1.1609
        },
        {
          "archive": 61,
          "inputs": 13,
          "mean_vrp_ms": 0.866,
          "mean_base_ms": 0.793,
          "overhead": 1.0921
        },
        {
          "archive": 62,
          "inputs": 26,
          "mean_vrp_ms": 0.444,
          "mean_base_ms": 0.405,
          "overhead": 1.0944
        },
        {
          "archive": 63,
          "inputs": 29,
          "mean_vrp_ms": 0.427,
          "mean_base_ms": 0.384,
          "overhead": 1.1119
        },
        {
          "archive": 64,
          "inputs": 23,
          "mean_vrp_ms": 0.681,
          "mean_base_ms": 0.477,
          "overhead": 1.4268
        },
        {
          "archive": 65,
          "inputs": 26,
          "mean_vrp_ms": 0.541,
          "mean_base_ms": 0.51,
          "overhead": 1.0604
        },
        {
          "archive": 66,
          "inputs": 10,
          "mean_vrp_ms": 1.352,
          "mean_base_ms": 1.235,
          "overhead": 1.0953
        },
        {
          "archive": 67,
          "inputs": 14,
          "mean_vrp_ms": 0.741,
          "mean_base_ms": 0.78,
          "overhead": 0.9496
        },
        {
          "archive": 68,
          "inputs": 14,
          "mean_vrp_ms": 0.93,
          "mean_base_ms": 0.897,
          "overhead": 1.0359
        },
        {
          "archive": 69,
          "inputs": 13,
          "mean_vrp_ms": 1.082,
          "mean_base_ms": 0.936,
          "overhead": 1.1565
        },
        {
          "archive": 70,
          "inputs": 9,
          "mean_vrp_ms": 1.233,
          "mean_base_ms": 1.2,
          "overhead": 1.0275
        },
        {
          "archive": 71,
          "inputs": 6,
          "mean_vrp_ms": 1.869,
          "mean_base_ms": 2.072,
          "overhead": 0.9023
        },
        {
          "archive": 72,
          "inputs": 12,
          "mean_vrp_ms": 0.944,
          "mean_base_ms": 0.923,
          "overhead": 1.0221
        },
        {
          "archive": 73,
          "inputs": 11,
          "mean_vrp_ms": 1.139,
          "mean_base_ms": 0.979,
          "overhead": 1.1636
        },
        {
          "archive": 74,
          "inputs": 10,
          "mean_vrp_ms": 1.415,
          "mean_base_ms": 1.163,
          "overhead": 1.2165
        },
        {
          "archive": 75,
          "inputs": 15,
          "mean_vrp_ms": 0.684,
          "mean_base_ms": 0.755,
          "overhead": 0.9059
        },
        {
          "archive": 76,
          "inputs": 6,
          "mean_vrp_ms": 1.751,
          "mean_base_ms": 1.864,
          "overhead": 0.9392
        },
        {
          "archive": 77,
          "inputs": 141,
          "mean_vrp_ms": 0.095,
          "mean_base_ms": 0.092,
          "overhead": 1.0274
        },
        {
          "archive": 78,
          "inputs": 14,
          "mean_vrp_ms": 0.998,
          "mean_base_ms": 0.921,
          "overhead": 1.0835
        },
        {
          "archive": 79,
          "inputs": 18,
          "mean_vrp_ms": 0.583,
          "mean_base_ms": 0.611,
          "overhead": 0.9542
        },
        {
          "archive": 80,
          "inputs": 16,
          "mean_vrp_ms": 0.784,
          "mean_base_ms": 0.86,
          "overhead": 0.9118
        },
        {
          "archive": 81,
          "inputs": 20,
          "mean_vrp_ms": 0.702,
          "mean_base_ms": 0.537,
          "overhead": 1.3057
        },
        {
          "archive": 82,
          "inputs": 10,
          "mean_vrp_ms": 1.04,
          "mean_base_ms": 1.017,
          "overhead": 1.0223
        },
        {
          "archive": 83,
          "inputs": 12,
          "mean_vrp_ms": 0.903,
          "mean_base_ms": 0.923,
          "overhead": 0.979
        },
        {
          "archive": 84,
          "inputs": 11,
          "mean_vrp_ms": 0.968,
          "mean_base_ms": 1.0,
          "overhead": 0.9678
        },
        {
          "archive": 85,
          "inputs": 15,
          "mean_vrp_ms": 0.711,
          "mean_base_ms": 0.772,
          "overhead": 0.9211
        },
        {
          "archive": 86,
          "inputs": 17,
          "mean_vrp_ms": 0.868,
          "mean_base_ms": 0.766,
          "overhead": 1.1331
        },
        {
          "archive": 87,
          "inputs": 7,
          "mean_vrp_ms": 1.935,
          "mean_base_ms": 1.905,
          "overhead": 1.0158
        },
        {
          "archive": 88,
          "inputs": 20,
          "mean_vrp_ms": 0.556,
          "mean_base_ms": 0.557,
          "overhead": 0.9987
        },
        {
          "archive": 89,
          "inputs": 24,
          "mean_vrp_ms": 0.539,
          "mean_base_ms": 0.457,
          "overhead": 1.1792
        },
        {
          "archive": 90,
          "inputs": 17,
          "mean_vrp_ms": 0.675,
          "mean_base_ms": 0.635,
          "overhead": 1.0631
        },
        {
          "archive": 91,
          "inputs": 18,
          "mean_vrp_ms": 0.787,
          "mean_base_ms": 0.633,
          "overhead": 1.2429
        },
        {
          "archive": 92,
          "inputs": 16,
          "mean_vrp_ms": 0.656,
          "mean_base_ms": 0.718,
          "overhead": 0.9138
        },
        {
          "archive": 93,
          "inputs": 4,
          "mean_vrp_ms": 2.918,
          "mean_base_ms": 2.97,
          "overhead": 0.9825
        },
        {
          "archive": 94,
          "inputs": 4,
          "mean_vrp_ms": 3.072,
          "mean_base_ms": 2.723,
          "overhead": 1.1282
        },
        {
          "archive": 95,
          "inputs": 31,
          "mean_vrp_ms": 0.418,
          "mean_base_ms": 0.385,
          "overhead": 1.086
        },
        {
          "archive": 96,
          "inputs": 0,
          "mean_vrp_ms": 0.0,
          "mean_base_ms": 0.0,
          "overhead": 0.0
        }
      ],
      "summary": {
        "total_inputs": 17744,
        "vrp_mean_ms": 0.082,
        "vrp_median_ms": 0.024,
        "vrp_p95_ms": 0.409,
        "vrp_p99_ms": 0.93,
        "base_mean_ms": 0.08,
        "base_median_ms": 0.024,
        "base_p95_ms": 0.385,
        "base_p99_ms": 0.897,
        "mean_overhead": 1.0269
      }
    }
  }
}