{
  "experiment": "vrp-unfold-eval-big04",
  "benchmark": "freetype2_ftfuzzer",
  "fuzzer": "aflplusplus_vrp",
  "instance": "47178",
  "archives_processed": 97,
  "total_inputs": 20318,
  "elapsed_seconds": 21.2,
  "analyzer_results": {
    "vrp_hit_entanglement": {
      "per_archive": [
        {
          "archive": 0,
          "new_inputs": 2,
          "cumulative_inputs": 2,
          "new_vrp_edges": 0,
          "new_base_edges": 0,
          "cumulative_vrp_edges": 0,
          "cumulative_base_edges": 0,
          "classifications": {
            "vrp_only": 0,
            "both": 0,
            "base_only": 0,
            "neither": 2
          }
        },
        {
          "archive": 1,
          "new_inputs": 5799,
          "cumulative_inputs": 5801,
          "new_vrp_edges": 0,
          "new_base_edges": 0,
          "cumulative_vrp_edges": 0,
          "cumulative_base_edges": 0,
          "classifications": {
            "vrp_only": 0,
            "both": 0,
            "base_only": 0,
            "neither": 5799
          }
        },
        {
          "archive": 2,
          "new_inputs": 2364,
          "cumulative_inputs": 8165,
          "new_vrp_edges": 0,
          "new_base_edges": 0,
          "cumulative_vrp_edges": 0,
          "cumulative_base_edges": 0,
          "classifications": {
            "vrp_only": 0,
            "both": 0,
            "base_only": 0,
            "neither": 2364
          }
        },
        {
          "archive": 3,
          "new_inputs": 1724,
          "cumulative_inputs": 9889,
          "new_vrp_edges": 0,
          "new_base_edges": 0,
          "cumulative_vrp_edges": 0,
          "cumulative_base_edges": 0,
          "classifications": {
            "vrp_only": 0,
            "both": 0,
            "base_only": 0,
            "neither": 1724
          }
        },
        {
          "archive": 4,
          "new_inputs": 861,
          "cumulative_inputs": 10750,
          "new_vrp_edges": 0,
          "new_base_edges": 0,
          "cumulative_vrp_edges": 0,
          "cumulative_base_edges": 0,
          "classifications": {
            "vrp_only": 0,
            "both": 0,
            "base_only": 0,
            "neither": 861
          }
        },
        {
          "archive": 5,
          "new_inputs": 818,
          "cumulative_inputs": 11568,
          "new_vrp_edges": 0,
          "new_base_edges": 0,
          "cumulative_vrp_edges": 0,
          "cumulative_base_edges": 0,
          "classifications": {
            "vrp_only": 0,
            "both": 0,
            "base_only": 0,
            "neither": 818
          }
        },
        {
          "archive": 6,
          "new_inputs": 700,
          "cumulative_inputs": 12268,
          "new_vrp_edges": 0,
          "new_base_edges": 0,
          "cumulative_vrp_edges": 0,
          "cumulative_base_edges": 0,
          "classifications": {
            "vrp_only": 0,
            "both": 0,
            "base_only": 0,
            "neither": 700
          }
        },
        {
          "archive": 7,
          "new_inputs": 491,
          "cumulative_inputs": 12759,
          "new_vrp_edges": 0,
          "new_base_edges": 0,
          "cumulative_vrp_edges": 0,
          "cumulative_base_edges": 0,
          "classifications": {
            "vrp_only": 0,
            "both": 0,
            "base_only": 0,
            "neither": 491
          }
        },
        {
          "archive": 8,
          "new_inputs": 247,
          "cumulative_inputs": 13006,
          "new_vrp_edges": 0,
          "new_base_edges": 0,
          "cumulative_vrp_edges": 0,
          "cumulative_base_edges": 0,
          "classifications": {
            "vrp_only": 0,
            "both": 0,
            "base_only": 0,
            "neither": 247
          }
        },
        {
          "archive": 9,
          "new_inputs": 600,
          "cumulative_inputs": 13606,
          "new_vrp_edges": 0,
          "new_base_edges": 0,
          "cumulative_vrp_edges": 0,
          "cumulative_base_edges": 0,
          "classifications": {
            "vrp_only": 0,
            "both": 0,
            "base_only": 0,
            "neither": 600
          }
        },
        {
          "archive": 10,
          "new_inputs": 599,
          "cumulative_inputs": 14205,
          "new_vrp_edges": 0,
          "new_base_edges": 0,
          "cumulative_vrp_edges": 0,
          "cumulative_base_edges": 0,
          "classifications": {
            "vrp_only": 0,
            "both": 0,
            "base_only": 0,
            "neither": 599
          }
        },
        {
          "archive": 11,
          "new_inputs": 267,
          "cumulative_inputs": 14472,
          "new_vrp_edges": 0,
          "new_base_edges": 0,
          "cumulative_vrp_edges": 0,
          "cumulative_base_edges": 0,
          "classifications": {
            "vrp_only": 0,
            "both": 0,
            "base_only": 0,
            "neither": 267
          }
        },
        {
          "archive": 12,
          "new_inputs": 190,
          "cumulative_inputs": 14662,
          "new_vrp_edges": 0,
          "new_base_edges": 0,
          "cumulative_vrp_edges": 0,
          "cumulative_base_edges": 0,
          "classifications": {
            "vrp_only": 0,
            "both": 0,
            "base_only": 0,
            "neither": 190
          }
        },
        {
          "archive": 13,
          "new_inputs": 128,
          "cumulative_inputs": 14790,
          "new_vrp_edges": 0,
          "new_base_edges": 0,
          "cumulative_vrp_edges": 0,
          "cumulative_base_edges": 0,
          "classifications": {
            "vrp_only": 0,
            "both": 0,
            "base_only": 0,
            "neither": 128
          }
        },
        {
          "archive": 14,
          "new_inputs": 100,
          "cumulative_inputs": 14890,
          "new_vrp_edges": 0,
          "new_base_edges": 0,
          "cumulative_vrp_edges": 0,
          "cumulative_base_edges": 0,
          "classifications": {
            "vrp_only": 0,
            "both": 0,
            "base_only": 0,
            "neither": 100
          }
        },
        {
          "archive": 15,
          "new_inputs": 737,
          "cumulative_inputs": 15627,
          "new_vrp_edges": 0,
          "new_base_edges": 0,
          "cumulative_vrp_edges": 0,
          "cumulative_base_edges": 0,
          "classifications": {
            "vrp_only": 0,
            "both": 0,
            "base_only": 0,
            "neither": 737
          }
        },
        {
          "archive": 16,
          "new_inputs": 296,
          "cumulative_inputs": 15923,
          "new_vrp_edges": 0,
          "new_base_edges": 0,
          "cumulative_vrp_edges": 0,
          "cumulative_base_edges": 0,
          "classifications": {
            "vrp_only": 0,
            "both": 0,
            "base_only": 0,
            "neither": 296
          }
        },
        {
          "archive": 17,
          "new_inputs": 111,
          "cumulative_inputs": 16034,
          "new_vrp_edges": 0,
          "new_base_edges": 0,
          "cumulative_vrp_edges": 0,
          "cumulative_base_edges": 0,
          "classifications": {
            "vrp_only": 0,
            "both": 0,
            "base_only": 0,
            "neither": 111
          }
        },
        {
          "archive": 18,
          "new_inputs": 121,
          "cumulative_inputs": 16155,
          "new_vrp_edges": 0,
          "new_base_edges": 0,
          "cumulative_vrp_edges": 0,
          "cumulative_base_edges": 0,
          "classifications": {
            "vrp_only": 0,
            "both": 0,
            "base_only": 0,
            "neither": 121
          }
        },
        {
          "archive": 19,
          "new_inputs": 367,
          "cumulative_inputs": 16522,
          "new_vrp_edges": 0,
          "new_base_edges": 0,
          "cumulative_vrp_edges": 0,
          "cumulative_base_edges": 0,
          "classifications": {
            "vrp_only": 0,
            "both": 0,
            "base_only": 0,
            "neither": 367
          }
        },
        {
          "archive": 20,
          "new_inputs": 75,
          "cumulative_inputs": 16597,
          "new_vrp_edges": 0,
          "new_base_edges": 0,
          "cumulative_vrp_edges": 0,
          "cumulative_base_edges": 0,
          "classifications": {
            "vrp_only": 0,
            "both": 0,
            "base_only": 0,
            "neither": 75
          }
        },
        {
          "archive": 21,
          "new_inputs": 64,
          "cumulative_inputs": 16661,
          "new_vrp_edges": 0,
          "new_base_edges": 0,
          "cumulative_vrp_edges": 0,
          "cumulative_base_edges": 0,
          "classifications": {
            "vrp_only": 0,
            "both": 0,
            "base_only": 0,
            "neither": 64
          }
        },
        {
          "archive": 22,
          "new_inputs": 55,
          "cumulative_inputs": 16716,
          "new_vrp_edges": 0,
          "new_base_edges": 0,
          "cumulative_vrp_edges": 0,
          "cumulative_base_edges": 0,
          "classifications": {
            "vrp_only": 0,
            "both": 0,
            "base_only": 0,
            "neither": 55
          }
        },
        {
          "archive": 23,
          "new_inputs": 123,
          "cumulative_inputs": 16839,
          "new_vrp_edges": 0,
          "new_base_edges": 0,
          "cumulative_vrp_edges": 0,
          "cumulative_base_edges": 0,
          "classifications": {
            "vrp_only": 0,
            "both": 0,
            "base_only": 0,
            "neither": 123
          }
        },
        {
          "archive": 24,
          "new_inputs": 57,
          "cumulative_inputs": 16896,
          "new_vrp_edges": 0,
          "new_base_edges": 0,
          "cumulative_vrp_edges": 0,
          "cumulative_base_edges": 0,
          "classifications": {
            "vrp_only": 0,
            "both": 0,
            "base_only": 0,
            "neither": 57
          }
        },
        {
          "archive": 25,
          "new_inputs": 103,
          "cumulative_inputs": 16999,
          "new_vrp_edges": 0,
          "new_base_edges": 0,
          "cumulative_vrp_edges": 0,
          "cumulative_base_edges": 0,
          "classifications": {
            "vrp_only": 0,
            "both": 0,
            "base_only": 0,
            "neither": 103
          }
        },
        {
          "archive": 26,
          "new_inputs": 154,
          "cumulative_inputs": 17153,
          "new_vrp_edges": 0,
          "new_base_edges": 0,
          "cumulative_vrp_edges": 0,
          "cumulative_base_edges": 0,
          "classifications": {
            "vrp_only": 0,
            "both": 0,
            "base_only": 0,
            "neither": 154
          }
        },
        {
          "archive": 27,
          "new_inputs": 54,
          "cumulative_inputs": 17207,
          "new_vrp_edges": 0,
          "new_base_edges": 0,
          "cumulative_vrp_edges": 0,
          "cumulative_base_edges": 0,
          "classifications": {
            "vrp_only": 0,
            "both": 0,
            "base_only": 0,
            "neither": 54
          }
        },
        {
          "archive": 28,
          "new_inputs": 80,
          "cumulative_inputs": 17287,
          "new_vrp_edges": 0,
          "new_base_edges": 0,
          "cumulative_vrp_edges": 0,
          "cumulative_base_edges": 0,
          "classifications": {
            "vrp_only": 0,
            "both": 0,
            "base_only": 0,
            "neither": 80
          }
        },
        {
          "archive": 29,
          "new_inputs": 80,
          "cumulative_inputs": 17367,
          "new_vrp_edges": 0,
          "new_base_edges": 0,
          "cumulative_vrp_edges": 0,
          "cumulative_base_edges": 0,
          "classifications": {
            "vrp_only": 0,
            "both": 0,
            "base_only": 0,
            "neither": 80
          }
        },
        {
          "archive": 30,
          "new_inputs": 61,
          "cumulative_inputs": 17428,
          "new_vrp_edges": 0,
          "new_base_edges": 0,
          "cumulative_vrp_edges": 0,
          "cumulative_base_edges": 0,
          "classifications": {
            "vrp_only": 0,
            "both": 0,
            "base_only": 0,
            "neither": 61
          }
        },
        {
          "archive": 31,
          "new_inputs": 37,
          "cumulative_inputs": 17465,
          "new_vrp_edges": 0,
          "new_base_edges": 0,
          "cumulative_vrp_edges": 0,
          "cumulative_base_edges": 0,
          "classifications": {
            "vrp_only": 0,
            "both": 0,
            "base_only": 0,
            "neither": 37
          }
        },
        {
          "archive": 32,
          "new_inputs": 352,
          "cumulative_inputs": 17817,
          "new_vrp_edges": 0,
          "new_base_edges": 0,
          "cumulative_vrp_edges": 0,
          "cumulative_base_edges": 0,
          "classifications": {
            "vrp_only": 0,
            "both": 0,
            "base_only": 0,
            "neither": 352
          }
        },
        {
          "archive": 33,
          "new_inputs": 104,
          "cumulative_inputs": 17921,
          "new_vrp_edges": 0,
          "new_base_edges": 0,
          "cumulative_vrp_edges": 0,
          "cumulative_base_edges": 0,
          "classifications": {
            "vrp_only": 0,
            "both": 0,
            "base_only": 0,
            "neither": 104
          }
        },
        {
          "archive": 34,
          "new_inputs": 57,
          "cumulative_inputs": 17978,
          "new_vrp_edges": 0,
          "new_base_edges": 0,
          "cumulative_vrp_edges": 0,
          "cumulative_base_edges": 0,
          "classifications": {
            "vrp_only": 0,
            "both": 0,
            "base_only": 0,
            "neither": 57
          }
        },
        {
          "archive": 35,
          "new_inputs": 46,
          "cumulative_inputs": 18024,
          "new_vrp_edges": 0,
          "new_base_edges": 0,
          "cumulative_vrp_edges": 0,
          "cumulative_base_edges": 0,
          "classifications": {
            "vrp_only": 0,
            "both": 0,
            "base_only": 0,
            "neither": 46
          }
        },
        {
          "archive": 36,
          "new_inputs": 56,
          "cumulative_inputs": 18080,
          "new_vrp_edges": 0,
          "new_base_edges": 0,
          "cumulative_vrp_edges": 0,
          "cumulative_base_edges": 0,
          "classifications": {
            "vrp_only": 0,
            "both": 0,
            "base_only": 0,
            "neither": 56
          }
        },
        {
          "archive": 37,
          "new_inputs": 52,
          "cumulative_inputs": 18132,
          "new_vrp_edges": 0,
          "new_base_edges": 0,
          "cumulative_vrp_edges": 0,
          "cumulative_base_edges": 0,
          "classifications": {
            "vrp_only": 0,
            "both": 0,
            "base_only": 0,
            "neither": 52
          }
        },
        {
          "archive": 38,
          "new_inputs": 53,
          "cumulative_inputs": 18185,
          "new_vrp_edges": 0,
          "new_base_edges": 0,
          "cumulative_vrp_edges": 0,
          "cumulative_base_edges": 0,
          "classifications": {
            "vrp_only": 0,
            "both": 0,
            "base_only": 0,
            "neither": 53
          }
        },
        {
          "archive": 39,
          "new_inputs": 30,
          "cumulative_inputs": 18215,
          "new_vrp_edges": 0,
          "new_base_edges": 0,
          "cumulative_vrp_edges": 0,
          "cumulative_base_edges": 0,
          "classifications": {
            "vrp_only": 0,
            "both": 0,
            "base_only": 0,
            "neither": 30
          }
        },
        {
          "archive": 40,
          "new_inputs": 25,
          "cumulative_inputs": 18240,
          "new_vrp_edges": 0,
          "new_base_edges": 0,
          "cumulative_vrp_edges": 0,
          "cumulative_base_edges": 0,
          "classifications": {
            "vrp_only": 0,
            "both": 0,
            "base_only": 0,
            "neither": 25
          }
        },
        {
          "archive": 41,
          "new_inputs": 28,
          "cumulative_inputs": 18268,
          "new_vrp_edges": 0,
          "new_base_edges": 0,
          "cumulative_vrp_edges": 0,
          "cumulative_base_edges": 0,
          "classifications": {
            "vrp_only": 0,
            "both": 0,
            "base_only": 0,
            "neither": 28
          }
        },
        {
          "archive": 42,
          "new_inputs": 59,
          "cumulative_inputs": 18327,
          "new_vrp_edges": 0,
          "new_base_edges": 0,
          "cumulative_vrp_edges": 0,
          "cumulative_base_edges": 0,
          "classifications": {
            "vrp_only": 0,
            "both": 0,
            "base_only": 0,
            "neither": 59
          }
        },
        {
          "archive": 43,
          "new_inputs": 17,
          "cumulative_inputs": 18344,
          "new_vrp_edges": 0,
          "new_base_edges": 0,
          "cumulative_vrp_edges": 0,
          "cumulative_base_edges": 0,
          "classifications": {
            "vrp_only": 0,
            "both": 0,
            "base_only": 0,
            "neither": 17
          }
        },
        {
          "archive": 44,
          "new_inputs": 264,
          "cumulative_inputs": 18608,
          "new_vrp_edges": 0,
          "new_base_edges": 0,
          "cumulative_vrp_edges": 0,
          "cumulative_base_edges": 0,
          "classifications": {
            "vrp_only": 0,
            "both": 0,
            "base_only": 0,
            "neither": 264
          }
        },
        {
          "archive": 45,
          "new_inputs": 86,
          "cumulative_inputs": 18694,
          "new_vrp_edges": 0,
          "new_base_edges": 0,
          "cumulative_vrp_edges": 0,
          "cumulative_base_edges": 0,
          "classifications": {
            "vrp_only": 0,
            "both": 0,
            "base_only": 0,
            "neither": 86
          }
        },
        {
          "archive": 46,
          "new_inputs": 54,
          "cumulative_inputs": 18748,
          "new_vrp_edges": 0,
          "new_base_edges": 0,
          "cumulative_vrp_edges": 0,
          "cumulative_base_edges": 0,
          "classifications": {
            "vrp_only": 0,
            "both": 0,
            "base_only": 0,
            "neither": 54
          }
        },
        {
          "archive": 47,
          "new_inputs": 31,
          "cumulative_inputs": 18779,
          "new_vrp_edges": 0,
          "new_base_edges": 0,
          "cumulative_vrp_edges": 0,
          "cumulative_base_edges": 0,
          "classifications": {
            "vrp_only": 0,
            "both": 0,
            "base_only": 0,
            "neither": 31
          }
        },
        {
          "archive": 48,
          "new_inputs": 97,
          "cumulative_inputs": 18876,
          "new_vrp_edges": 0,
          "new_base_edges": 0,
          "cumulative_vrp_edges": 0,
          "cumulative_base_edges": 0,
          "classifications": {
            "vrp_only": 0,
            "both": 0,
            "base_only": 0,
            "neither": 97
          }
        },
        {
          "archive": 49,
          "new_inputs": 291,
          "cumulative_inputs": 19167,
          "new_vrp_edges": 0,
          "new_base_edges": 0,
          "cumulative_vrp_edges": 0,
          "cumulative_base_edges": 0,
          "classifications": {
            "vrp_only": 0,
            "both": 0,
            "base_only": 0,
            "neither": 291
          }
        },
        {
          "archive": 50,
          "new_inputs": 162,
          "cumulative_inputs": 19329,
          "new_vrp_edges": 0,
          "new_base_edges": 0,
          "cumulative_vrp_edges": 0,
          "cumulative_base_edges": 0,
          "classifications": {
            "vrp_only": 0,
            "both": 0,
            "base_only": 0,
            "neither": 162
          }
        },
        {
          "archive": 51,
          "new_inputs": 82,
          "cumulative_inputs": 19411,
          "new_vrp_edges": 0,
          "new_base_edges": 0,
          "cumulative_vrp_edges": 0,
          "cumulative_base_edges": 0,
          "classifications": {
            "vrp_only": 0,
            "both": 0,
            "base_only": 0,
            "neither": 82
          }
        },
        {
          "archive": 52,
          "new_inputs": 44,
          "cumulative_inputs": 19455,
          "new_vrp_edges": 0,
          "new_base_edges": 0,
          "cumulative_vrp_edges": 0,
          "cumulative_base_edges": 0,
          "classifications": {
            "vrp_only": 0,
            "both": 0,
            "base_only": 0,
            "neither": 44
          }
        },
        {
          "archive": 53,
          "new_inputs": 25,
          "cumulative_inputs": 19480,
          "new_vrp_edges": 0,
          "new_base_edges": 0,
          "cumulative_vrp_edges": 0,
          "cumulative_base_edges": 0,
          "classifications": {
            "vrp_only": 0,
            "both": 0,
            "base_only": 0,
            "neither": 25
          }
        },
        {
          "archive": 54,
          "new_inputs": 25,
          "cumulative_inputs": 19505,
          "new_vrp_edges": 0,
          "new_base_edges": 0,
          "cumulative_vrp_edges": 0,
          "cumulative_base_edges": 0,
          "classifications": {
            "vrp_only": 0,
            "both": 0,
            "base_only": 0,
            "neither": 25
          }
        },
        {
          "archive": 55,
          "new_inputs": 24,
          "cumulative_inputs": 19529,
          "new_vrp_edges": 0,
          "new_base_edges": 0,
          "cumulative_vrp_edges": 0,
          "cumulative_base_edges": 0,
          "classifications": {
            "vrp_only": 0,
            "both": 0,
            "base_only": 0,
            "neither": 24
          }
        },
        {
          "archive": 56,
          "new_inputs": 19,
          "cumulative_inputs": 19548,
          "new_vrp_edges": 0,
          "new_base_edges": 0,
          "cumulative_vrp_edges": 0,
          "cumulative_base_edges": 0,
          "classifications": {
            "vrp_only": 0,
            "both": 0,
            "base_only": 0,
            "neither": 19
          }
        },
        {
          "archive": 57,
          "new_inputs": 25,
          "cumulative_inputs": 19573,
          "new_vrp_edges": 0,
          "new_base_edges": 0,
          "cumulative_vrp_edges": 0,
          "cumulative_base_edges": 0,
          "classifications": {
            "vrp_only": 0,
            "both": 0,
            "base_only": 0,
            "neither": 25
          }
        },
        {
          "archive": 58,
          "new_inputs": 42,
          "cumulative_inputs": 19615,
          "new_vrp_edges": 0,
          "new_base_edges": 0,
          "cumulative_vrp_edges": 0,
          "cumulative_base_edges": 0,
          "classifications": {
            "vrp_only": 0,
            "both": 0,
            "base_only": 0,
            "neither": 42
          }
        },
        {
          "archive": 59,
          "new_inputs": 43,
          "cumulative_inputs": 19658,
          "new_vrp_edges": 0,
          "new_base_edges": 0,
          "cumulative_vrp_edges": 0,
          "cumulative_base_edges": 0,
          "classifications": {
            "vrp_only": 0,
            "both": 0,
            "base_only": 0,
            "neither": 43
          }
        },
        {
          "archive": 60,
          "new_inputs": 35,
          "cumulative_inputs": 19693,
          "new_vrp_edges": 0,
          "new_base_edges": 0,
          "cumulative_vrp_edges": 0,
          "cumulative_base_edges": 0,
          "classifications": {
            "vrp_only": 0,
            "both": 0,
            "base_only": 0,
            "neither": 35
          }
        },
        {
          "archive": 61,
          "new_inputs": 25,
          "cumulative_inputs": 19718,
          "new_vrp_edges": 0,
          "new_base_edges": 0,
          "cumulative_vrp_edges": 0,
          "cumulative_base_edges": 0,
          "classifications": {
            "vrp_only": 0,
            "both": 0,
            "base_only": 0,
            "neither": 25
          }
        },
        {
          "archive": 62,
          "new_inputs": 10,
          "cumulative_inputs": 19728,
          "new_vrp_edges": 0,
          "new_base_edges": 0,
          "cumulative_vrp_edges": 0,
          "cumulative_base_edges": 0,
          "classifications": {
            "vrp_only": 0,
            "both": 0,
            "base_only": 0,
            "neither": 10
          }
        },
        {
          "archive": 63,
          "new_inputs": 33,
          "cumulative_inputs": 19761,
          "new_vrp_edges": 0,
          "new_base_edges": 0,
          "cumulative_vrp_edges": 0,
          "cumulative_base_edges": 0,
          "classifications": {
            "vrp_only": 0,
            "both": 0,
            "base_only": 0,
            "neither": 33
          }
        },
        {
          "archive": 64,
          "new_inputs": 17,
          "cumulative_inputs": 19778,
          "new_vrp_edges": 0,
          "new_base_edges": 0,
          "cumulative_vrp_edges": 0,
          "cumulative_base_edges": 0,
          "classifications": {
            "vrp_only": 0,
            "both": 0,
            "base_only": 0,
            "neither": 17
          }
        },
        {
          "archive": 65,
          "new_inputs": 7,
          "cumulative_inputs": 19785,
          "new_vrp_edges": 0,
          "new_base_edges": 0,
          "cumulative_vrp_edges": 0,
          "cumulative_base_edges": 0,
          "classifications": {
            "vrp_only": 0,
            "both": 0,
            "base_only": 0,
            "neither": 7
          }
        },
        {
          "archive": 66,
          "new_inputs": 17,
          "cumulative_inputs": 19802,
          "new_vrp_edges": 0,
          "new_base_edges": 0,
          "cumulative_vrp_edges": 0,
          "cumulative_base_edges": 0,
          "classifications": {
            "vrp_only": 0,
            "both": 0,
            "base_only": 0,
            "neither": 17
          }
        },
        {
          "archive": 67,
          "new_inputs": 15,
          "cumulative_inputs": 19817,
          "new_vrp_edges": 0,
          "new_base_edges": 0,
          "cumulative_vrp_edges": 0,
          "cumulative_base_edges": 0,
          "classifications": {
            "vrp_only": 0,
            "both": 0,
            "base_only": 0,
            "neither": 15
          }
        },
        {
          "archive": 68,
          "new_inputs": 14,
          "cumulative_inputs": 19831,
          "new_vrp_edges": 0,
          "new_base_edges": 0,
          "cumulative_vrp_edges": 0,
          "cumulative_base_edges": 0,
          "classifications": {
            "vrp_only": 0,
            "both": 0,
            "base_only": 0,
            "neither": 14
          }
        },
        {
          "archive": 69,
          "new_inputs": 23,
          "cumulative_inputs": 19854,
          "new_vrp_edges": 0,
          "new_base_edges": 0,
          "cumulative_vrp_edges": 0,
          "cumulative_base_edges": 0,
          "classifications": {
            "vrp_only": 0,
            "both": 0,
            "base_only": 0,
            "neither": 23
          }
        },
        {
          "archive": 70,
          "new_inputs": 7,
          "cumulative_inputs": 19861,
          "new_vrp_edges": 0,
          "new_base_edges": 0,
          "cumulative_vrp_edges": 0,
          "cumulative_base_edges": 0,
          "classifications": {
            "vrp_only": 0,
            "both": 0,
            "base_only": 0,
            "neither": 7
          }
        },
        {
          "archive": 71,
          "new_inputs": 9,
          "cumulative_inputs": 19870,
          "new_vrp_edges": 0,
          "new_base_edges": 0,
          "cumulative_vrp_edges": 0,
          "cumulative_base_edges": 0,
          "classifications": {
            "vrp_only": 0,
            "both": 0,
            "base_only": 0,
            "neither": 9
          }
        },
        {
          "archive": 72,
          "new_inputs": 10,
          "cumulative_inputs": 19880,
          "new_vrp_edges": 0,
          "new_base_edges": 0,
          "cumulative_vrp_edges": 0,
          "cumulative_base_edges": 0,
          "classifications": {
            "vrp_only": 0,
            "both": 0,
            "base_only": 0,
            "neither": 10
          }
        },
        {
          "archive": 73,
          "new_inputs": 18,
          "cumulative_inputs": 19898,
          "new_vrp_edges": 0,
          "new_base_edges": 0,
          "cumulative_vrp_edges": 0,
          "cumulative_base_edges": 0,
          "classifications": {
            "vrp_only": 0,
            "both": 0,
            "base_only": 0,
            "neither": 18
          }
        },
        {
          "archive": 74,
          "new_inputs": 20,
          "cumulative_inputs": 19918,
          "new_vrp_edges": 0,
          "new_base_edges": 0,
          "cumulative_vrp_edges": 0,
          "cumulative_base_edges": 0,
          "classifications": {
            "vrp_only": 0,
            "both": 0,
            "base_only": 0,
            "neither": 20
          }
        },
        {
          "archive": 75,
          "new_inputs": 30,
          "cumulative_inputs": 19948,
          "new_vrp_edges": 0,
          "new_base_edges": 0,
          "cumulative_vrp_edges": 0,
          "cumulative_base_edges": 0,
          "classifications": {
            "vrp_only": 0,
            "both": 0,
            "base_only": 0,
            "neither": 30
          }
        },
        {
          "archive": 76,
          "new_inputs": 11,
          "cumulative_inputs": 19959,
          "new_vrp_edges": 0,
          "new_base_edges": 0,
          "cumulative_vrp_edges": 0,
          "cumulative_base_edges": 0,
          "classifications": {
            "vrp_only": 0,
            "both": 0,
            "base_only": 0,
            "neither": 11
          }
        },
        {
          "archive": 77,
          "new_inputs": 23,
          "cumulative_inputs": 19982,
          "new_vrp_edges": 0,
          "new_base_edges": 0,
          "cumulative_vrp_edges": 0,
          "cumulative_base_edges": 0,
          "classifications": {
            "vrp_only": 0,
            "both": 0,
            "base_only": 0,
            "neither": 23
          }
        },
        {
          "archive": 78,
          "new_inputs": 9,
          "cumulative_inputs": 19991,
          "new_vrp_edges": 0,
          "new_base_edges": 0,
          "cumulative_vrp_edges": 0,
          "cumulative_base_edges": 0,
          "classifications": {
            "vrp_only": 0,
            "both": 0,
            "base_only": 0,
            "neither": 9
          }
        },
        {
          "archive": 79,
          "new_inputs": 23,
          "cumulative_inputs": 20014,
          "new_vrp_edges": 0,
          "new_base_edges": 0,
          "cumulative_vrp_edges": 0,
          "cumulative_base_edges": 0,
          "classifications": {
            "vrp_only": 0,
            "both": 0,
            "base_only": 0,
            "neither": 23
          }
        },
        {
          "archive": 80,
          "new_inputs": 19,
          "cumulative_inputs": 20033,
          "new_vrp_edges": 0,
          "new_base_edges": 0,
          "cumulative_vrp_edges": 0,
          "cumulative_base_edges": 0,
          "classifications": {
            "vrp_only": 0,
            "both": 0,
            "base_only": 0,
            "neither": 19
          }
        },
        {
          "archive": 81,
          "new_inputs": 16,
          "cumulative_inputs": 20049,
          "new_vrp_edges": 0,
          "new_base_edges": 0,
          "cumulative_vrp_edges": 0,
          "cumulative_base_edges": 0,
          "classifications": {
            "vrp_only": 0,
            "both": 0,
            "base_only": 0,
            "neither": 16
          }
        },
        {
          "archive": 82,
          "new_inputs": 6,
          "cumulative_inputs": 20055,
          "new_vrp_edges": 0,
          "new_base_edges": 0,
          "cumulative_vrp_edges": 0,
          "cumulative_base_edges": 0,
          "classifications": {
            "vrp_only": 0,
            "both": 0,
            "base_only": 0,
            "neither": 6
          }
        },
        {
          "archive": 83,
          "new_inputs": 17,
          "cumulative_inputs": 20072,
          "new_vrp_edges": 0,
          "new_base_edges": 0,
          "cumulative_vrp_edges": 0,
          "cumulative_base_edges": 0,
          "classifications": {
            "vrp_only": 0,
            "both": 0,
            "base_only": 0,
            "neither": 17
          }
        },
        {
          "archive": 84,
          "new_inputs": 16,
          "cumulative_inputs": 20088,
          "new_vrp_edges": 0,
          "new_base_edges": 0,
          "cumulative_vrp_edges": 0,
          "cumulative_base_edges": 0,
          "classifications": {
            "vrp_only": 0,
            "both": 0,
            "base_only": 0,
            "neither": 16
          }
        },
        {
          "archive": 85,
          "new_inputs": 13,
          "cumulative_inputs": 20101,
          "new_vrp_edges": 0,
          "new_base_edges": 0,
          "cumulative_vrp_edges": 0,
          "cumulative_base_edges": 0,
          "classifications": {
            "vrp_only": 0,
            "both": 0,
            "base_only": 0,
            "neither": 13
          }
        },
        {
          "archive": 86,
          "new_inputs": 30,
          "cumulative_inputs": 20131,
          "new_vrp_edges": 0,
          "new_base_edges": 0,
          "cumulative_vrp_edges": 0,
          "cumulative_base_edges": 0,
          "classifications": {
            "vrp_only": 0,
            "both": 0,
            "base_only": 0,
            "neither": 30
          }
        },
        {
          "archive": 87,
          "new_inputs": 19,
          "cumulative_inputs": 20150,
          "new_vrp_edges": 0,
          "new_base_edges": 0,
          "cumulative_vrp_edges": 0,
          "cumulative_base_edges": 0,
          "classifications": {
            "vrp_only": 0,
            "both": 0,
            "base_only": 0,
            "neither": 19
          }
        },
        {
          "archive": 88,
          "new_inputs": 14,
          "cumulative_inputs": 20164,
          "new_vrp_edges": 0,
          "new_base_edges": 0,
          "cumulative_vrp_edges": 0,
          "cumulative_base_edges": 0,
          "classifications": {
            "vrp_only": 0,
            "both": 0,
            "base_only": 0,
            "neither": 14
          }
        },
        {
          "archive": 89,
          "new_inputs": 12,
          "cumulative_inputs": 20176,
          "new_vrp_edges": 0,
          "new_base_edges": 0,
          "cumulative_vrp_edges": 0,
          "cumulative_base_edges": 0,
          "classifications": {
            "vrp_only": 0,
            "both": 0,
            "base_only": 0,
            "neither": 12
          }
        },
        {
          "archive": 90,
          "new_inputs": 31,
          "cumulative_inputs": 20207,
          "new_vrp_edges": 0,
          "new_base_edges": 0,
          "cumulative_vrp_edges": 0,
          "cumulative_base_edges": 0,
          "classifications": {
            "vrp_only": 0,
            "both": 0,
            "base_only": 0,
            "neither": 31
          }
        },
        {
          "archive": 91,
          "new_inputs": 14,
          "cumulative_inputs": 20221,
          "new_vrp_edges": 0,
          "new_base_edges": 0,
          "cumulative_vrp_edges": 0,
          "cumulative_base_edges": 0,
          "classifications": {
            "vrp_only": 0,
            "both": 0,
            "base_only": 0,
            "neither": 14
          }
        },
        {
          "archive": 92,
          "new_inputs": 19,
          "cumulative_inputs": 20240,
          "new_vrp_edges": 0,
          "new_base_edges": 0,
          "cumulative_vrp_edges": 0,
          "cumulative_base_edges": 0,
          "classifications": {
            "vrp_only": 0,
            "both": 0,
            "base_only": 0,
            "neither": 19
          }
        },
        {
          "archive": 93,
          "new_inputs": 26,
          "cumulative_inputs": 20266,
          "new_vrp_edges": 0,
          "new_base_edges": 0,
          "cumulative_vrp_edges": 0,
          "cumulative_base_edges": 0,
          "classifications": {
            "vrp_only": 0,
            "both": 0,
            "base_only": 0,
            "neither": 26
          }
        },
        {
          "archive": 94,
          "new_inputs": 15,
          "cumulative_inputs": 20281,
          "new_vrp_edges": 0,
          "new_base_edges": 0,
          "cumulative_vrp_edges": 0,
          "cumulative_base_edges": 0,
          "classifications": {
            "vrp_only": 0,
            "both": 0,
            "base_only": 0,
            "neither": 15
          }
        },
        {
          "archive": 95,
          "new_inputs": 37,
          "cumulative_inputs": 20318,
          "new_vrp_edges": 0,
          "new_base_edges": 0,
          "cumulative_vrp_edges": 0,
          "cumulative_base_edges": 0,
          "classifications": {
            "vrp_only": 0,
            "both": 0,
            "base_only": 0,
            "neither": 37
          }
        },
        {
          "archive": 96,
          "new_inputs": 0,
          "cumulative_inputs": 20318,
          "new_vrp_edges": 0,
          "new_base_edges": 0,
          "cumulative_vrp_edges": 0,
          "cumulative_base_edges": 0,
          "classifications": {
            "vrp_only": 0,
            "both": 0,
            "base_only": 0,
            "neither": 0
          }
        }
      ],
      "summary": {
        "total_inputs": 20318,
        "total_vrp_edges": 0,
        "total_base_edges": 0,
        "entanglement_rate": 0.0,
        "vrp_only_count": 0,
        "both_count": 0,
        "base_only_count": 0,
        "neither_count": 20318
      }
    },
    "vrp_bucket_entanglement": {
      "summary": {
        "total_inputs": 20318,
        "bucket_entanglement_rate": 0.0,
        "vrp_only": 0,
        "both": 0,
        "base_only": 0,
        "neither": 20318,
        "edge_neither_but_bucket_interesting": 0
      }
    },
    "vrp_gradient": {
      "summary": {
        "total_vrp_edges_seen": 0,
        "singleton_edges": 0,
        "low_freq_edges": 0,
        "high_freq_edges": 0,
        "vrp_exclusive_singletons": 0,
        "hit_count_distribution": {
          "1": 0,
          "2-3": 0,
          "4-10": 0,
          "11-50": 0,
          "51-200": 0,
          "200+": 0
        }
      }
    },
    "edge_growth": {
      "growth_curve": [
        {
          "archive": 0,
          "total_inputs": 2,
          "vrp_edges": 0,
          "base_edges": 0
        },
        {
          "archive": 1,
          "total_inputs": 5801,
          "vrp_edges": 0,
          "base_edges": 0
        },
        {
          "archive": 2,
          "total_inputs": 8165,
          "vrp_edges": 0,
          "base_edges": 0
        },
        {
          "archive": 3,
          "total_inputs": 9889,
          "vrp_edges": 0,
          "base_edges": 0
        },
        {
          "archive": 4,
          "total_inputs": 10750,
          "vrp_edges": 0,
          "base_edges": 0
        },
        {
          "archive": 5,
          "total_inputs": 11568,
          "vrp_edges": 0,
          "base_edges": 0
        },
        {
          "archive": 6,
          "total_inputs": 12268,
          "vrp_edges": 0,
          "base_edges": 0
        },
        {
          "archive": 7,
          "total_inputs": 12759,
          "vrp_edges": 0,
          "base_edges": 0
        },
        {
          "archive": 8,
          "total_inputs": 13006,
          "vrp_edges": 0,
          "base_edges": 0
        },
        {
          "archive": 9,
          "total_inputs": 13606,
          "vrp_edges": 0,
          "base_edges": 0
        },
        {
          "archive": 10,
          "total_inputs": 14205,
          "vrp_edges": 0,
          "base_edges": 0
        },
        {
          "archive": 11,
          "total_inputs": 14472,
          "vrp_edges": 0,
          "base_edges": 0
        },
        {
          "archive": 12,
          "total_inputs": 14662,
          "vrp_edges": 0,
          "base_edges": 0
        },
        {
          "archive": 13,
          "total_inputs": 14790,
          "vrp_edges": 0,
          "base_edges": 0
        },
        {
          "archive": 14,
          "total_inputs": 14890,
          "vrp_edges": 0,
          "base_edges": 0
        },
        {
          "archive": 15,
          "total_inputs": 15627,
          "vrp_edges": 0,
          "base_edges": 0
        },
        {
          "archive": 16,
          "total_inputs": 15923,
          "vrp_edges": 0,
          "base_edges": 0
        },
        {
          "archive": 17,
          "total_inputs": 16034,
          "vrp_edges": 0,
          "base_edges": 0
        },
        {
          "archive": 18,
          "total_inputs": 16155,
          "vrp_edges": 0,
          "base_edges": 0
        },
        {
          "archive": 19,
          "total_inputs": 16522,
          "vrp_edges": 0,
          "base_edges": 0
        },
        {
          "archive": 20,
          "total_inputs": 16597,
          "vrp_edges": 0,
          "base_edges": 0
        },
        {
          "archive": 21,
          "total_inputs": 16661,
          "vrp_edges": 0,
          "base_edges": 0
        },
        {
          "archive": 22,
          "total_inputs": 16716,
          "vrp_edges": 0,
          "base_edges": 0
        },
        {
          "archive": 23,
          "total_inputs": 16839,
          "vrp_edges": 0,
          "base_edges": 0
        },
        {
          "archive": 24,
          "total_inputs": 16896,
          "vrp_edges": 0,
          "base_edges": 0
        },
        {
          "archive": 25,
          "total_inputs": 16999,
          "vrp_edges": 0,
          "base_edges": 0
        },
        {
          "archive": 26,
          "total_inputs": 17153,
          "vrp_edges": 0,
          "base_edges": 0
        },
        {
          "archive": 27,
          "total_inputs": 17207,
          "vrp_edges": 0,
          "base_edges": 0
        },
        {
          "archive": 28,
          "total_inputs": 17287,
          "vrp_edges": 0,
          "base_edges": 0
        },
        {
          "archive": 29,
          "total_inputs": 17367,
          "vrp_edges": 0,
          "base_edges": 0
        },
        {
          "archive": 30,
          "total_inputs": 17428,
          "vrp_edges": 0,
          "base_edges": 0
        },
        {
          "archive": 31,
          "total_inputs": 17465,
          "vrp_edges": 0,
          "base_edges": 0
        },
        {
          "archive": 32,
          "total_inputs": 17817,
          "vrp_edges": 0,
          "base_edges": 0
        },
        {
          "archive": 33,
          "total_inputs": 17921,
          "vrp_edges": 0,
          "base_edges": 0
        },
        {
          "archive": 34,
          "total_inputs": 17978,
          "vrp_edges": 0,
          "base_edges": 0
        },
        {
          "archive": 35,
          "total_inputs": 18024,
          "vrp_edges": 0,
          "base_edges": 0
        },
        {
          "archive": 36,
          "total_inputs": 18080,
          "vrp_edges": 0,
          "base_edges": 0
        },
        {
          "archive": 37,
          "total_inputs": 18132,
          "vrp_edges": 0,
          "base_edges": 0
        },
        {
          "archive": 38,
          "total_inputs": 18185,
          "vrp_edges": 0,
          "base_edges": 0
        },
        {
          "archive": 39,
          "total_inputs": 18215,
          "vrp_edges": 0,
          "base_edges": 0
        },
        {
          "archive": 40,
          "total_inputs": 18240,
          "vrp_edges": 0,
          "base_edges": 0
        },
        {
          "archive": 41,
          "total_inputs": 18268,
          "vrp_edges": 0,
          "base_edges": 0
        },
        {
          "archive": 42,
          "total_inputs": 18327,
          "vrp_edges": 0,
          "base_edges": 0
        },
        {
          "archive": 43,
          "total_inputs": 18344,
          "vrp_edges": 0,
          "base_edges": 0
        },
        {
          "archive": 44,
          "total_inputs": 18608,
          "vrp_edges": 0,
          "base_edges": 0
        },
        {
          "archive": 45,
          "total_inputs": 18694,
          "vrp_edges": 0,
          "base_edges": 0
        },
        {
          "archive": 46,
          "total_inputs": 18748,
          "vrp_edges": 0,
          "base_edges": 0
        },
        {
          "archive": 47,
          "total_inputs": 18779,
          "vrp_edges": 0,
          "base_edges": 0
        },
        {
          "archive": 48,
          "total_inputs": 18876,
          "vrp_edges": 0,
          "base_edges": 0
        },
        {
          "archive": 49,
          "total_inputs": 19167,
          "vrp_edges": 0,
          "base_edges": 0
        },
        {
          "archive": 50,
          "total_inputs": 19329,
          "vrp_edges": 0,
          "base_edges": 0
        },
        {
          "archive": 51,
          "total_inputs": 19411,
          "vrp_edges": 0,
          "base_edges": 0
        },
        {
          "archive": 52,
          "total_inputs": 19455,
          "vrp_edges": 0,
          "base_edges": 0
        },
        {
          "archive": 53,
          "total_inputs": 19480,
          "vrp_edges": 0,
          "base_edges": 0
        },
        {
          "archive": 54,
          "total_inputs": 19505,
          "vrp_edges": 0,
          "base_edges": 0
        },
        {
          "archive": 55,
          "total_inputs": 19529,
          "vrp_edges": 0,
          "base_edges": 0
        },
        {
          "archive": 56,
          "total_inputs": 19548,
          "vrp_edges": 0,
          "base_edges": 0
        },
        {
          "archive": 57,
          "total_inputs": 19573,
          "vrp_edges": 0,
          "base_edges": 0
        },
        {
          "archive": 58,
          "total_inputs": 19615,
          "vrp_edges": 0,
          "base_edges": 0
        },
        {
          "archive": 59,
          "total_inputs": 19658,
          "vrp_edges": 0,
          "base_edges": 0
        },
        {
          "archive": 60,
          "total_inputs": 19693,
          "vrp_edges": 0,
          "base_edges": 0
        },
        {
          "archive": 61,
          "total_inputs": 19718,
          "vrp_edges": 0,
          "base_edges": 0
        },
        {
          "archive": 62,
          "total_inputs": 19728,
          "vrp_edges": 0,
          "base_edges": 0
        },
        {
          "archive": 63,
          "total_inputs": 19761,
          "vrp_edges": 0,
          "base_edges": 0
        },
        {
          "archive": 64,
          "total_inputs": 19778,
          "vrp_edges": 0,
          "base_edges": 0
        },
        {
          "archive": 65,
          "total_inputs": 19785,
          "vrp_edges": 0,
          "base_edges": 0
        },
        {
          "archive": 66,
          "total_inputs": 19802,
          "vrp_edges": 0,
          "base_edges": 0
        },
        {
          "archive": 67,
          "total_inputs": 19817,
          "vrp_edges": 0,
          "base_edges": 0
        },
        {
          "archive": 68,
          "total_inputs": 19831,
          "vrp_edges": 0,
          "base_edges": 0
        },
        {
          "archive": 69,
          "total_inputs": 19854,
          "vrp_edges": 0,
          "base_edges": 0
        },
        {
          "archive": 70,
          "total_inputs": 19861,
          "vrp_edges": 0,
          "base_edges": 0
        },
        {
          "archive": 71,
          "total_inputs": 19870,
          "vrp_edges": 0,
          "base_edges": 0
        },
        {
          "archive": 72,
          "total_inputs": 19880,
          "vrp_edges": 0,
          "base_edges": 0
        },
        {
          "archive": 73,
          "total_inputs": 19898,
          "vrp_edges": 0,
          "base_edges": 0
        },
        {
          "archive": 74,
          "total_inputs": 19918,
          "vrp_edges": 0,
          "base_edges": 0
        },
        {
          "archive": 75,
          "total_inputs": 19948,
          "vrp_edges": 0,
          "base_edges": 0
        },
        {
          "archive": 76,
          "total_inputs": 19959,
          "vrp_edges": 0,
          "base_edges": 0
        },
        {
          "archive": 77,
          "total_inputs": 19982,
          "vrp_edges": 0,
          "base_edges": 0
        },
        {
          "archive": 78,
          "total_inputs": 19991,
          "vrp_edges": 0,
          "base_edges": 0
        },
        {
          "archive": 79,
          "total_inputs": 20014,
          "vrp_edges": 0,
          "base_edges": 0
        },
        {
          "archive": 80,
          "total_inputs": 20033,
          "vrp_edges": 0,
          "base_edges": 0
        },
        {
          "archive": 81,
          "total_inputs": 20049,
          "vrp_edges": 0,
          "base_edges": 0
        },
        {
          "archive": 82,
          "total_inputs": 20055,
          "vrp_edges": 0,
          "base_edges": 0
        },
        {
          "archive": 83,
          "total_inputs": 20072,
          "vrp_edges": 0,
          "base_edges": 0
        },
        {
          "archive": 84,
          "total_inputs": 20088,
          "vrp_edges": 0,
          "base_edges": 0
        },
        {
          "archive": 85,
          "total_inputs": 20101,
          "vrp_edges": 0,
          "base_edges": 0
        },
        {
          "archive": 86,
          "total_inputs": 20131,
          "vrp_edges": 0,
          "base_edges": 0
        },
        {
          "archive": 87,
          "total_inputs": 20150,
          "vrp_edges": 0,
          "base_edges": 0
        },
        {
          "archive": 88,
          "total_inputs": 20164,
          "vrp_edges": 0,
          "base_edges": 0
        },
        {
          "archive": 89,
          "total_inputs": 20176,
          "vrp_edges": 0,
          "base_edges": 0
        },
        {
          "archive": 90,
          "total_inputs": 20207,
          "vrp_edges": 0,
          "base_edges": 0
        },
        {
          "archive": 91,
          "total_inputs": 20221,
          "vrp_edges": 0,
          "base_edges": 0
        },
        {
          "archive": 92,
          "total_inputs": 20240,
          "vrp_edges": 0,
          "base_edges": 0
        },
        {
          "archive": 93,
          "total_inputs": 20266,
          "vrp_edges": 0,
          "base_edges": 0
        },
        {
          "archive": 94,
          "total_inputs": 20281,
          "vrp_edges": 0,
          "base_edges": 0
        },
        {
          "archive": 95,
          "total_inputs": 20318,
          "vrp_edges": 0,
          "base_edges": 0
        },
        {
          "archive": 96,
          "total_inputs": 20318,
          "vrp_edges": 0,
          "base_edges": 0
        }
      ],
      "final_vrp_edges": 0,
      "final_base_edges": 0,
      "total_inputs": 20318
    },
    "speed": {
      "per_archive": [
        {
          "archive": 0,
          "inputs": 2,
          "mean_vrp_ms": 33.256,
          "mean_base_ms": 32.643,
          "overhead": 1.0188
        },
        {
          "archive": 1,
          "inputs": 5799,
          "mean_vrp_ms": 0.02,
          "mean_base_ms": 0.02,
          "overhead": 0.9952
        },
        {
          "archive": 2,
          "inputs": 2364,
          "mean_vrp_ms": 0.017,
          "mean_base_ms": 0.019,
          "overhead": 0.9202
        },
        {
          "archive": 3,
          "inputs": 1724,
          "mean_vrp_ms": 0.019,
          "mean_base_ms": 0.021,
          "overhead": 0.9036
        },
        {
          "archive": 4,
          "inputs": 861,
          "mean_vrp_ms": 0.028,
          "mean_base_ms": 0.028,
          "overhead": 1.0108
        },
        {
          "archive": 5,
          "inputs": 818,
          "mean_vrp_ms": 0.027,
          "mean_base_ms": 0.03,
          "overhead": 0.9032
        },
        {
          "archive": 6,
          "inputs": 700,
          "mean_vrp_ms": 0.029,
          "mean_base_ms": 0.03,
          "overhead": 0.9758
        },
        {
          "archive": 7,
          "inputs": 491,
          "mean_vrp_ms": 0.043,
          "mean_base_ms": 0.043,
          "overhead": 0.9822
        },
        {
          "archive": 8,
          "inputs": 247,
          "mean_vrp_ms": 0.057,
          "mean_base_ms": 0.061,
          "overhead": 0.9288
        },
        {
          "archive": 9,
          "inputs": 600,
          "mean_vrp_ms": 0.034,
          "mean_base_ms": 0.037,
          "overhead": 0.8999
        },
        {
          "archive": 10,
          "inputs": 599,
          "mean_vrp_ms": 0.037,
          "mean_base_ms": 0.032,
          "overhead": 1.1534
        },
        {
          "archive": 11,
          "inputs": 267,
          "mean_vrp_ms": 0.064,
          "mean_base_ms": 0.064,
          "overhead": 0.9935
        },
        {
          "archive": 12,
          "inputs": 190,
          "mean_vrp_ms": 0.067,
          "mean_base_ms": 0.079,
          "overhead": 0.8486
        },
        {
          "archive": 13,
          "inputs": 128,
          "mean_vrp_ms": 0.116,
          "mean_base_ms": 0.105,
          "overhead": 1.0984
        },
        {
          "archive": 14,
          "inputs": 100,
          "mean_vrp_ms": 0.22,
          "mean_base_ms": 0.14,
          "overhead": 1.5718
        },
        {
          "archive": 15,
          "inputs": 737,
          "mean_vrp_ms": 0.035,
          "mean_base_ms": 0.035,
          "overhead": 1.0014
        },
        {
          "archive": 16,
          "inputs": 296,
          "mean_vrp_ms": 0.062,
          "mean_base_ms": 0.057,
          "overhead": 1.073
        },
        {
          "archive": 17,
          "inputs": 111,
          "mean_vrp_ms": 0.127,
          "mean_base_ms": 0.115,
          "overhead": 1.1035
        },
        {
          "archive": 18,
          "inputs": 121,
          "mean_vrp_ms": 0.127,
          "mean_base_ms": 0.11,
          "overhead": 1.151
        },
        {
          "archive": 19,
          "inputs": 367,
          "mean_vrp_ms": 0.05,
          "mean_base_ms": 0.05,
          "overhead": 1.0066
        },
        {
          "archive": 20,
          "inputs": 75,
          "mean_vrp_ms": 0.161,
          "mean_base_ms": 0.161,
          "overhead": 1.0029
        },
        {
          "archive": 21,
          "inputs": 64,
          "mean_vrp_ms": 0.191,
          "mean_base_ms": 0.185,
          "overhead": 1.0312
        },
        {
          "archive": 22,
          "inputs": 55,
          "mean_vrp_ms": 0.22,
          "mean_base_ms": 0.223,
          "overhead": 0.9882
        },
        {
          "archive": 23,
          "inputs": 123,
          "mean_vrp_ms": 0.118,
          "mean_base_ms": 0.116,
          "overhead": 1.0164
        },
        {
          "archive": 24,
          "inputs": 57,
          "mean_vrp_ms": 0.211,
          "mean_base_ms": 0.181,
          "overhead": 1.1668
        },
        {
          "archive": 25,
          "inputs": 103,
          "mean_vrp_ms": 0.11,
          "mean_base_ms": 0.125,
          "overhead": 0.8778
        },
        {
          "archive": 26,
          "inputs": 154,
          "mean_vrp_ms": 0.085,
          "mean_base_ms": 0.1,
          "overhead": 0.8491
        },
        {
          "archive": 27,
          "inputs": 54,
          "mean_vrp_ms": 0.214,
          "mean_base_ms": 0.244,
          "overhead": 0.877
        },
        {
          "archive": 28,
          "inputs": 80,
          "mean_vrp_ms": 0.147,
          "mean_base_ms": 0.15,
          "overhead": 0.9767
        },
        {
          "archive": 29,
          "inputs": 80,
          "mean_vrp_ms": 0.157,
          "mean_base_ms": 0.151,
          "overhead": 1.043
        },
        {
          "archive": 30,
          "inputs": 61,
          "mean_vrp_ms": 0.226,
          "mean_base_ms": 0.192,
          "overhead": 1.1764
        },
        {
          "archive": 31,
          "inputs": 37,
          "mean_vrp_ms": 0.357,
          "mean_base_ms": 0.32,
          "overhead": 1.1138
        },
        {
          "archive": 32,
          "inputs": 352,
          "mean_vrp_ms": 0.046,
          "mean_base_ms": 0.053,
          "overhead": 0.8632
        },
        {
          "archive": 33,
          "inputs": 104,
          "mean_vrp_ms": 0.116,
          "mean_base_ms": 0.119,
          "overhead": 0.969
        },
        {
          "archive": 34,
          "inputs": 57,
          "mean_vrp_ms": 0.213,
          "mean_base_ms": 0.226,
          "overhead": 0.9448
        },
        {
          "archive": 35,
          "inputs": 46,
          "mean_vrp_ms": 0.32,
          "mean_base_ms": 0.299,
          "overhead": 1.0705
        },
        {
          "archive": 36,
          "inputs": 56,
          "mean_vrp_ms": 0.23,
          "mean_base_ms": 0.222,
          "overhead": 1.0355
        },
        {
          "archive": 37,
          "inputs": 52,
          "mean_vrp_ms": 0.274,
          "mean_base_ms": 0.208,
          "overhead": 1.3153
        },
        {
          "archive": 38,
          "inputs": 53,
          "mean_vrp_ms": 0.249,
          "mean_base_ms": 0.251,
          "overhead": 0.9928
        },
        {
          "archive": 39,
          "inputs": 30,
          "mean_vrp_ms": 0.459,
          "mean_base_ms": 0.446,
          "overhead": 1.0298
        },
        {
          "archive": 40,
          "inputs": 25,
          "mean_vrp_ms": 0.497,
          "mean_base_ms": 0.464,
          "overhead": 1.0708
        },
        {
          "archive": 41,
          "inputs": 28,
          "mean_vrp_ms": 0.461,
          "mean_base_ms": 0.406,
          "overhead": 1.1352
        },
        {
          "archive": 42,
          "inputs": 59,
          "mean_vrp_ms": 0.203,
          "mean_base_ms": 0.219,
          "overhead": 0.9278
        },
        {
          "archive": 43,
          "inputs": 17,
          "mean_vrp_ms": 0.651,
          "mean_base_ms": 0.625,
          "overhead": 1.0415
        },
        {
          "archive": 44,
          "inputs": 264,
          "mean_vrp_ms": 0.054,
          "mean_base_ms": 0.055,
          "overhead": 0.9841
        },
        {
          "archive": 45,
          "inputs": 86,
          "mean_vrp_ms": 0.153,
          "mean_base_ms": 0.158,
          "overhead": 0.968
        },
        {
          "archive": 46,
          "inputs": 54,
          "mean_vrp_ms": 0.303,
          "mean_base_ms": 0.22,
          "overhead": 1.3755
        },
        {
          "archive": 47,
          "inputs": 31,
          "mean_vrp_ms": 0.33,
          "mean_base_ms": 0.366,
          "overhead": 0.9028
        },
        {
          "archive": 48,
          "inputs": 97,
          "mean_vrp_ms": 0.123,
          "mean_base_ms": 0.142,
          "overhead": 0.8633
        },
        {
          "archive": 49,
          "inputs": 291,
          "mean_vrp_ms": 0.058,
          "mean_base_ms": 0.057,
          "overhead": 1.0179
        },
        {
          "archive": 50,
          "inputs": 162,
          "mean_vrp_ms": 0.076,
          "mean_base_ms": 0.079,
          "overhead": 0.9645
        },
        {
          "archive": 51,
          "inputs": 82,
          "mean_vrp_ms": 0.184,
          "mean_base_ms": 0.176,
          "overhead": 1.0466
        },
        {
          "archive": 52,
          "inputs": 44,
          "mean_vrp_ms": 0.288,
          "mean_base_ms": 0.253,
          "overhead": 1.1404
        },
        {
          "archive": 53,
          "inputs": 25,
          "mean_vrp_ms": 0.551,
          "mean_base_ms": 0.466,
          "overhead": 1.1831
        },
        {
          "archive": 54,
          "inputs": 25,
          "mean_vrp_ms": 0.545,
          "mean_base_ms": 0.469,
          "overhead": 1.1639
        },
        {
          "archive": 55,
          "inputs": 24,
          "mean_vrp_ms": 0.518,
          "mean_base_ms": 0.492,
          "overhead": 1.0541
        },
        {
          "archive": 56,
          "inputs": 19,
          "mean_vrp_ms": 0.578,
          "mean_base_ms": 0.579,
          "overhead": 0.9985
        },
        {
          "archive": 57,
          "inputs": 25,
          "mean_vrp_ms": 0.422,
          "mean_base_ms": 0.436,
          "overhead": 0.9684
        },
        {
          "archive": 58,
          "inputs": 42,
          "mean_vrp_ms": 0.265,
          "mean_base_ms": 0.269,
          "overhead": 0.9839
        },
        {
          "archive": 59,
          "inputs": 43,
          "mean_vrp_ms": 0.273,
          "mean_base_ms": 0.278,
          "overhead": 0.9808
        },
        {
          "archive": 60,
          "inputs": 35,
          "mean_vrp_ms": 0.372,
          "mean_base_ms": 0.292,
          "overhead": 1.2742
        },
        {
          "archive": 61,
          "inputs": 25,
          "mean_vrp_ms": 0.613,
          "mean_base_ms": 0.508,
          "overhead": 1.2074
        },
        {
          "archive": 62,
          "inputs": 10,
          "mean_vrp_ms": 1.201,
          "mean_base_ms": 1.324,
          "overhead": 0.9073
        },
        {
          "archive": 63,
          "inputs": 33,
          "mean_vrp_ms": 0.349,
          "mean_base_ms": 0.356,
          "overhead": 0.9805
        },
        {
          "archive": 64,
          "inputs": 17,
          "mean_vrp_ms": 0.63,
          "mean_base_ms": 0.672,
          "overhead": 0.9366
        },
        {
          "archive": 65,
          "inputs": 7,
          "mean_vrp_ms": 2.255,
          "mean_base_ms": 1.774,
          "overhead": 1.2713
        },
        {
          "archive": 66,
          "inputs": 17,
          "mean_vrp_ms": 0.725,
          "mean_base_ms": 0.726,
          "overhead": 0.999
        },
        {
          "archive": 67,
          "inputs": 15,
          "mean_vrp_ms": 0.962,
          "mean_base_ms": 0.8,
          "overhead": 1.2025
        },
        {
          "archive": 68,
          "inputs": 14,
          "mean_vrp_ms": 1.055,
          "mean_base_ms": 0.857,
          "overhead": 1.2317
        },
        {
          "archive": 69,
          "inputs": 23,
          "mean_vrp_ms": 0.492,
          "mean_base_ms": 0.554,
          "overhead": 0.8883
        },
        {
          "archive": 70,
          "inputs": 7,
          "mean_vrp_ms": 2.004,
          "mean_base_ms": 2.005,
          "overhead": 0.9995
        },
        {
          "archive": 71,
          "inputs": 9,
          "mean_vrp_ms": 1.186,
          "mean_base_ms": 1.298,
          "overhead": 0.9136
        },
        {
          "archive": 72,
          "inputs": 10,
          "mean_vrp_ms": 1.233,
          "mean_base_ms": 1.423,
          "overhead": 0.8665
        },
        {
          "archive": 73,
          "inputs": 18,
          "mean_vrp_ms": 0.877,
          "mean_base_ms": 0.659,
          "overhead": 1.3323
        },
        {
          "archive": 74,
          "inputs": 20,
          "mean_vrp_ms": 0.781,
          "mean_base_ms": 0.612,
          "overhead": 1.2762
        },
        {
          "archive": 75,
          "inputs": 30,
          "mean_vrp_ms": 0.446,
          "mean_base_ms": 0.52,
          "overhead": 0.8574
        },
        {
          "archive": 76,
          "inputs": 11,
          "mean_vrp_ms": 1.061,
          "mean_base_ms": 0.93,
          "overhead": 1.141
        },
        {
          "archive": 77,
          "inputs": 23,
          "mean_vrp_ms": 0.553,
          "mean_base_ms": 0.486,
          "overhead": 1.1363
        },
        {
          "archive": 78,
          "inputs": 9,
          "mean_vrp_ms": 1.434,
          "mean_base_ms": 1.089,
          "overhead": 1.3169
        },
        {
          "archive": 79,
          "inputs": 23,
          "mean_vrp_ms": 0.567,
          "mean_base_ms": 0.511,
          "overhead": 1.1087
        },
        {
          "archive": 80,
          "inputs": 19,
          "mean_vrp_ms": 0.656,
          "mean_base_ms": 0.693,
          "overhead": 0.9469
        },
        {
          "archive": 81,
          "inputs": 16,
          "mean_vrp_ms": 0.789,
          "mean_base_ms": 0.868,
          "overhead": 0.9091
        },
        {
          "archive": 82,
          "inputs": 6,
          "mean_vrp_ms": 2.029,
          "mean_base_ms": 1.536,
          "overhead": 1.3205
        },
        {
          "archive": 83,
          "inputs": 17,
          "mean_vrp_ms": 0.83,
          "mean_base_ms": 0.759,
          "overhead": 1.0947
        },
        {
          "archive": 84,
          "inputs": 16,
          "mean_vrp_ms": 0.967,
          "mean_base_ms": 0.716,
          "overhead": 1.3508
        },
        {
          "archive": 85,
          "inputs": 13,
          "mean_vrp_ms": 0.95,
          "mean_base_ms": 0.888,
          "overhead": 1.0695
        },
        {
          "archive": 86,
          "inputs": 30,
          "mean_vrp_ms": 0.363,
          "mean_base_ms": 0.359,
          "overhead": 1.0118
        },
        {
          "archive": 87,
          "inputs": 19,
          "mean_vrp_ms": 0.612,
          "mean_base_ms": 0.653,
          "overhead": 0.9366
        },
        {
          "archive": 88,
          "inputs": 14,
          "mean_vrp_ms": 1.473,
          "mean_base_ms": 0.851,
          "overhead": 1.7323
        },
        {
          "archive": 89,
          "inputs": 12,
          "mean_vrp_ms": 1.066,
          "mean_base_ms": 1.19,
          "overhead": 0.896
        },
        {
          "archive": 90,
          "inputs": 31,
          "mean_vrp_ms": 0.399,
          "mean_base_ms": 0.399,
          "overhead": 1.0002
        },
        {
          "archive": 91,
          "inputs": 14,
          "mean_vrp_ms": 0.802,
          "mean_base_ms": 0.821,
          "overhead": 0.9771
        },
        {
          "archive": 92,
          "inputs": 19,
          "mean_vrp_ms": 0.755,
          "mean_base_ms": 0.709,
          "overhead": 1.0638
        },
        {
          "archive": 93,
          "inputs": 26,
          "mean_vrp_ms": 0.45,
          "mean_base_ms": 0.438,
          "overhead": 1.0271
        },
        {
          "archive": 94,
          "inputs": 15,
          "mean_vrp_ms": 0.704,
          "mean_base_ms": 0.786,
          "overhead": 0.8957
        },
        {
          "archive": 95,
          "inputs": 37,
          "mean_vrp_ms": 0.329,
          "mean_base_ms": 0.317,
          "overhead": 1.0385
        },
        {
          "archive": 96,
          "inputs": 0,
          "mean_vrp_ms": 0.0,
          "mean_base_ms": 0.0,
          "overhead": 0.0
        }
      ],
      "summary": {
        "total_inputs": 20318,
        "vrp_mean_ms": 0.076,
        "vrp_median_ms": 0.027,
        "vrp_p95_ms": 0.303,
        "vrp_p99_ms": 0.802,
        "base_mean_ms": 0.074,
        "base_median_ms": 0.028,
        "base_p95_ms": 0.278,
        "base_p99_ms": 0.726,
        "mean_overhead": 1.0308
      }
    }
  }
}