{
  "experiment": "vrp-unfold-eval-big04",
  "benchmark": "freetype2_ftfuzzer",
  "fuzzer": "aflplusplus_lto",
  "instance": "46685",
  "archives_processed": 97,
  "total_inputs": 17242,
  "elapsed_seconds": 15.9,
  "analyzer_results": {
    "vrp_hit_entanglement": {
      "per_archive": [
        {
          "archive": 0,
          "new_inputs": 2,
          "cumulative_inputs": 2,
          "new_vrp_edges": 0,
          "new_base_edges": 0,
          "cumulative_vrp_edges": 0,
          "cumulative_base_edges": 0,
          "classifications": {
            "vrp_only": 0,
            "both": 0,
            "base_only": 0,
            "neither": 2
          }
        },
        {
          "archive": 1,
          "new_inputs": 7060,
          "cumulative_inputs": 7062,
          "new_vrp_edges": 0,
          "new_base_edges": 0,
          "cumulative_vrp_edges": 0,
          "cumulative_base_edges": 0,
          "classifications": {
            "vrp_only": 0,
            "both": 0,
            "base_only": 0,
            "neither": 7060
          }
        },
        {
          "archive": 2,
          "new_inputs": 2028,
          "cumulative_inputs": 9090,
          "new_vrp_edges": 0,
          "new_base_edges": 0,
          "cumulative_vrp_edges": 0,
          "cumulative_base_edges": 0,
          "classifications": {
            "vrp_only": 0,
            "both": 0,
            "base_only": 0,
            "neither": 2028
          }
        },
        {
          "archive": 3,
          "new_inputs": 1280,
          "cumulative_inputs": 10370,
          "new_vrp_edges": 0,
          "new_base_edges": 0,
          "cumulative_vrp_edges": 0,
          "cumulative_base_edges": 0,
          "classifications": {
            "vrp_only": 0,
            "both": 0,
            "base_only": 0,
            "neither": 1280
          }
        },
        {
          "archive": 4,
          "new_inputs": 629,
          "cumulative_inputs": 10999,
          "new_vrp_edges": 0,
          "new_base_edges": 0,
          "cumulative_vrp_edges": 0,
          "cumulative_base_edges": 0,
          "classifications": {
            "vrp_only": 0,
            "both": 0,
            "base_only": 0,
            "neither": 629
          }
        },
        {
          "archive": 5,
          "new_inputs": 750,
          "cumulative_inputs": 11749,
          "new_vrp_edges": 0,
          "new_base_edges": 0,
          "cumulative_vrp_edges": 0,
          "cumulative_base_edges": 0,
          "classifications": {
            "vrp_only": 0,
            "both": 0,
            "base_only": 0,
            "neither": 750
          }
        },
        {
          "archive": 6,
          "new_inputs": 447,
          "cumulative_inputs": 12196,
          "new_vrp_edges": 0,
          "new_base_edges": 0,
          "cumulative_vrp_edges": 0,
          "cumulative_base_edges": 0,
          "classifications": {
            "vrp_only": 0,
            "both": 0,
            "base_only": 0,
            "neither": 447
          }
        },
        {
          "archive": 7,
          "new_inputs": 339,
          "cumulative_inputs": 12535,
          "new_vrp_edges": 0,
          "new_base_edges": 0,
          "cumulative_vrp_edges": 0,
          "cumulative_base_edges": 0,
          "classifications": {
            "vrp_only": 0,
            "both": 0,
            "base_only": 0,
            "neither": 339
          }
        },
        {
          "archive": 8,
          "new_inputs": 273,
          "cumulative_inputs": 12808,
          "new_vrp_edges": 0,
          "new_base_edges": 0,
          "cumulative_vrp_edges": 0,
          "cumulative_base_edges": 0,
          "classifications": {
            "vrp_only": 0,
            "both": 0,
            "base_only": 0,
            "neither": 273
          }
        },
        {
          "archive": 9,
          "new_inputs": 163,
          "cumulative_inputs": 12971,
          "new_vrp_edges": 0,
          "new_base_edges": 0,
          "cumulative_vrp_edges": 0,
          "cumulative_base_edges": 0,
          "classifications": {
            "vrp_only": 0,
            "both": 0,
            "base_only": 0,
            "neither": 163
          }
        },
        {
          "archive": 10,
          "new_inputs": 169,
          "cumulative_inputs": 13140,
          "new_vrp_edges": 0,
          "new_base_edges": 0,
          "cumulative_vrp_edges": 0,
          "cumulative_base_edges": 0,
          "classifications": {
            "vrp_only": 0,
            "both": 0,
            "base_only": 0,
            "neither": 169
          }
        },
        {
          "archive": 11,
          "new_inputs": 107,
          "cumulative_inputs": 13247,
          "new_vrp_edges": 0,
          "new_base_edges": 0,
          "cumulative_vrp_edges": 0,
          "cumulative_base_edges": 0,
          "classifications": {
            "vrp_only": 0,
            "both": 0,
            "base_only": 0,
            "neither": 107
          }
        },
        {
          "archive": 12,
          "new_inputs": 103,
          "cumulative_inputs": 13350,
          "new_vrp_edges": 0,
          "new_base_edges": 0,
          "cumulative_vrp_edges": 0,
          "cumulative_base_edges": 0,
          "classifications": {
            "vrp_only": 0,
            "both": 0,
            "base_only": 0,
            "neither": 103
          }
        },
        {
          "archive": 13,
          "new_inputs": 130,
          "cumulative_inputs": 13480,
          "new_vrp_edges": 0,
          "new_base_edges": 0,
          "cumulative_vrp_edges": 0,
          "cumulative_base_edges": 0,
          "classifications": {
            "vrp_only": 0,
            "both": 0,
            "base_only": 0,
            "neither": 130
          }
        },
        {
          "archive": 14,
          "new_inputs": 68,
          "cumulative_inputs": 13548,
          "new_vrp_edges": 0,
          "new_base_edges": 0,
          "cumulative_vrp_edges": 0,
          "cumulative_base_edges": 0,
          "classifications": {
            "vrp_only": 0,
            "both": 0,
            "base_only": 0,
            "neither": 68
          }
        },
        {
          "archive": 15,
          "new_inputs": 110,
          "cumulative_inputs": 13658,
          "new_vrp_edges": 0,
          "new_base_edges": 0,
          "cumulative_vrp_edges": 0,
          "cumulative_base_edges": 0,
          "classifications": {
            "vrp_only": 0,
            "both": 0,
            "base_only": 0,
            "neither": 110
          }
        },
        {
          "archive": 16,
          "new_inputs": 82,
          "cumulative_inputs": 13740,
          "new_vrp_edges": 0,
          "new_base_edges": 0,
          "cumulative_vrp_edges": 0,
          "cumulative_base_edges": 0,
          "classifications": {
            "vrp_only": 0,
            "both": 0,
            "base_only": 0,
            "neither": 82
          }
        },
        {
          "archive": 17,
          "new_inputs": 38,
          "cumulative_inputs": 13778,
          "new_vrp_edges": 0,
          "new_base_edges": 0,
          "cumulative_vrp_edges": 0,
          "cumulative_base_edges": 0,
          "classifications": {
            "vrp_only": 0,
            "both": 0,
            "base_only": 0,
            "neither": 38
          }
        },
        {
          "archive": 18,
          "new_inputs": 53,
          "cumulative_inputs": 13831,
          "new_vrp_edges": 0,
          "new_base_edges": 0,
          "cumulative_vrp_edges": 0,
          "cumulative_base_edges": 0,
          "classifications": {
            "vrp_only": 0,
            "both": 0,
            "base_only": 0,
            "neither": 53
          }
        },
        {
          "archive": 19,
          "new_inputs": 64,
          "cumulative_inputs": 13895,
          "new_vrp_edges": 0,
          "new_base_edges": 0,
          "cumulative_vrp_edges": 0,
          "cumulative_base_edges": 0,
          "classifications": {
            "vrp_only": 0,
            "both": 0,
            "base_only": 0,
            "neither": 64
          }
        },
        {
          "archive": 20,
          "new_inputs": 53,
          "cumulative_inputs": 13948,
          "new_vrp_edges": 0,
          "new_base_edges": 0,
          "cumulative_vrp_edges": 0,
          "cumulative_base_edges": 0,
          "classifications": {
            "vrp_only": 0,
            "both": 0,
            "base_only": 0,
            "neither": 53
          }
        },
        {
          "archive": 21,
          "new_inputs": 117,
          "cumulative_inputs": 14065,
          "new_vrp_edges": 0,
          "new_base_edges": 0,
          "cumulative_vrp_edges": 0,
          "cumulative_base_edges": 0,
          "classifications": {
            "vrp_only": 0,
            "both": 0,
            "base_only": 0,
            "neither": 117
          }
        },
        {
          "archive": 22,
          "new_inputs": 86,
          "cumulative_inputs": 14151,
          "new_vrp_edges": 0,
          "new_base_edges": 0,
          "cumulative_vrp_edges": 0,
          "cumulative_base_edges": 0,
          "classifications": {
            "vrp_only": 0,
            "both": 0,
            "base_only": 0,
            "neither": 86
          }
        },
        {
          "archive": 23,
          "new_inputs": 72,
          "cumulative_inputs": 14223,
          "new_vrp_edges": 0,
          "new_base_edges": 0,
          "cumulative_vrp_edges": 0,
          "cumulative_base_edges": 0,
          "classifications": {
            "vrp_only": 0,
            "both": 0,
            "base_only": 0,
            "neither": 72
          }
        },
        {
          "archive": 24,
          "new_inputs": 37,
          "cumulative_inputs": 14260,
          "new_vrp_edges": 0,
          "new_base_edges": 0,
          "cumulative_vrp_edges": 0,
          "cumulative_base_edges": 0,
          "classifications": {
            "vrp_only": 0,
            "both": 0,
            "base_only": 0,
            "neither": 37
          }
        },
        {
          "archive": 25,
          "new_inputs": 41,
          "cumulative_inputs": 14301,
          "new_vrp_edges": 0,
          "new_base_edges": 0,
          "cumulative_vrp_edges": 0,
          "cumulative_base_edges": 0,
          "classifications": {
            "vrp_only": 0,
            "both": 0,
            "base_only": 0,
            "neither": 41
          }
        },
        {
          "archive": 26,
          "new_inputs": 16,
          "cumulative_inputs": 14317,
          "new_vrp_edges": 0,
          "new_base_edges": 0,
          "cumulative_vrp_edges": 0,
          "cumulative_base_edges": 0,
          "classifications": {
            "vrp_only": 0,
            "both": 0,
            "base_only": 0,
            "neither": 16
          }
        },
        {
          "archive": 27,
          "new_inputs": 30,
          "cumulative_inputs": 14347,
          "new_vrp_edges": 0,
          "new_base_edges": 0,
          "cumulative_vrp_edges": 0,
          "cumulative_base_edges": 0,
          "classifications": {
            "vrp_only": 0,
            "both": 0,
            "base_only": 0,
            "neither": 30
          }
        },
        {
          "archive": 28,
          "new_inputs": 42,
          "cumulative_inputs": 14389,
          "new_vrp_edges": 0,
          "new_base_edges": 0,
          "cumulative_vrp_edges": 0,
          "cumulative_base_edges": 0,
          "classifications": {
            "vrp_only": 0,
            "both": 0,
            "base_only": 0,
            "neither": 42
          }
        },
        {
          "archive": 29,
          "new_inputs": 22,
          "cumulative_inputs": 14411,
          "new_vrp_edges": 0,
          "new_base_edges": 0,
          "cumulative_vrp_edges": 0,
          "cumulative_base_edges": 0,
          "classifications": {
            "vrp_only": 0,
            "both": 0,
            "base_only": 0,
            "neither": 22
          }
        },
        {
          "archive": 30,
          "new_inputs": 49,
          "cumulative_inputs": 14460,
          "new_vrp_edges": 0,
          "new_base_edges": 0,
          "cumulative_vrp_edges": 0,
          "cumulative_base_edges": 0,
          "classifications": {
            "vrp_only": 0,
            "both": 0,
            "base_only": 0,
            "neither": 49
          }
        },
        {
          "archive": 31,
          "new_inputs": 95,
          "cumulative_inputs": 14555,
          "new_vrp_edges": 0,
          "new_base_edges": 0,
          "cumulative_vrp_edges": 0,
          "cumulative_base_edges": 0,
          "classifications": {
            "vrp_only": 0,
            "both": 0,
            "base_only": 0,
            "neither": 95
          }
        },
        {
          "archive": 32,
          "new_inputs": 26,
          "cumulative_inputs": 14581,
          "new_vrp_edges": 0,
          "new_base_edges": 0,
          "cumulative_vrp_edges": 0,
          "cumulative_base_edges": 0,
          "classifications": {
            "vrp_only": 0,
            "both": 0,
            "base_only": 0,
            "neither": 26
          }
        },
        {
          "archive": 33,
          "new_inputs": 19,
          "cumulative_inputs": 14600,
          "new_vrp_edges": 0,
          "new_base_edges": 0,
          "cumulative_vrp_edges": 0,
          "cumulative_base_edges": 0,
          "classifications": {
            "vrp_only": 0,
            "both": 0,
            "base_only": 0,
            "neither": 19
          }
        },
        {
          "archive": 34,
          "new_inputs": 42,
          "cumulative_inputs": 14642,
          "new_vrp_edges": 0,
          "new_base_edges": 0,
          "cumulative_vrp_edges": 0,
          "cumulative_base_edges": 0,
          "classifications": {
            "vrp_only": 0,
            "both": 0,
            "base_only": 0,
            "neither": 42
          }
        },
        {
          "archive": 35,
          "new_inputs": 28,
          "cumulative_inputs": 14670,
          "new_vrp_edges": 0,
          "new_base_edges": 0,
          "cumulative_vrp_edges": 0,
          "cumulative_base_edges": 0,
          "classifications": {
            "vrp_only": 0,
            "both": 0,
            "base_only": 0,
            "neither": 28
          }
        },
        {
          "archive": 36,
          "new_inputs": 16,
          "cumulative_inputs": 14686,
          "new_vrp_edges": 0,
          "new_base_edges": 0,
          "cumulative_vrp_edges": 0,
          "cumulative_base_edges": 0,
          "classifications": {
            "vrp_only": 0,
            "both": 0,
            "base_only": 0,
            "neither": 16
          }
        },
        {
          "archive": 37,
          "new_inputs": 29,
          "cumulative_inputs": 14715,
          "new_vrp_edges": 0,
          "new_base_edges": 0,
          "cumulative_vrp_edges": 0,
          "cumulative_base_edges": 0,
          "classifications": {
            "vrp_only": 0,
            "both": 0,
            "base_only": 0,
            "neither": 29
          }
        },
        {
          "archive": 38,
          "new_inputs": 28,
          "cumulative_inputs": 14743,
          "new_vrp_edges": 0,
          "new_base_edges": 0,
          "cumulative_vrp_edges": 0,
          "cumulative_base_edges": 0,
          "classifications": {
            "vrp_only": 0,
            "both": 0,
            "base_only": 0,
            "neither": 28
          }
        },
        {
          "archive": 39,
          "new_inputs": 29,
          "cumulative_inputs": 14772,
          "new_vrp_edges": 0,
          "new_base_edges": 0,
          "cumulative_vrp_edges": 0,
          "cumulative_base_edges": 0,
          "classifications": {
            "vrp_only": 0,
            "both": 0,
            "base_only": 0,
            "neither": 29
          }
        },
        {
          "archive": 40,
          "new_inputs": 28,
          "cumulative_inputs": 14800,
          "new_vrp_edges": 0,
          "new_base_edges": 0,
          "cumulative_vrp_edges": 0,
          "cumulative_base_edges": 0,
          "classifications": {
            "vrp_only": 0,
            "both": 0,
            "base_only": 0,
            "neither": 28
          }
        },
        {
          "archive": 41,
          "new_inputs": 47,
          "cumulative_inputs": 14847,
          "new_vrp_edges": 0,
          "new_base_edges": 0,
          "cumulative_vrp_edges": 0,
          "cumulative_base_edges": 0,
          "classifications": {
            "vrp_only": 0,
            "both": 0,
            "base_only": 0,
            "neither": 47
          }
        },
        {
          "archive": 42,
          "new_inputs": 17,
          "cumulative_inputs": 14864,
          "new_vrp_edges": 0,
          "new_base_edges": 0,
          "cumulative_vrp_edges": 0,
          "cumulative_base_edges": 0,
          "classifications": {
            "vrp_only": 0,
            "both": 0,
            "base_only": 0,
            "neither": 17
          }
        },
        {
          "archive": 43,
          "new_inputs": 14,
          "cumulative_inputs": 14878,
          "new_vrp_edges": 0,
          "new_base_edges": 0,
          "cumulative_vrp_edges": 0,
          "cumulative_base_edges": 0,
          "classifications": {
            "vrp_only": 0,
            "both": 0,
            "base_only": 0,
            "neither": 14
          }
        },
        {
          "archive": 44,
          "new_inputs": 14,
          "cumulative_inputs": 14892,
          "new_vrp_edges": 0,
          "new_base_edges": 0,
          "cumulative_vrp_edges": 0,
          "cumulative_base_edges": 0,
          "classifications": {
            "vrp_only": 0,
            "both": 0,
            "base_only": 0,
            "neither": 14
          }
        },
        {
          "archive": 45,
          "new_inputs": 63,
          "cumulative_inputs": 14955,
          "new_vrp_edges": 0,
          "new_base_edges": 0,
          "cumulative_vrp_edges": 0,
          "cumulative_base_edges": 0,
          "classifications": {
            "vrp_only": 0,
            "both": 0,
            "base_only": 0,
            "neither": 63
          }
        },
        {
          "archive": 46,
          "new_inputs": 24,
          "cumulative_inputs": 14979,
          "new_vrp_edges": 0,
          "new_base_edges": 0,
          "cumulative_vrp_edges": 0,
          "cumulative_base_edges": 0,
          "classifications": {
            "vrp_only": 0,
            "both": 0,
            "base_only": 0,
            "neither": 24
          }
        },
        {
          "archive": 47,
          "new_inputs": 21,
          "cumulative_inputs": 15000,
          "new_vrp_edges": 0,
          "new_base_edges": 0,
          "cumulative_vrp_edges": 0,
          "cumulative_base_edges": 0,
          "classifications": {
            "vrp_only": 0,
            "both": 0,
            "base_only": 0,
            "neither": 21
          }
        },
        {
          "archive": 48,
          "new_inputs": 84,
          "cumulative_inputs": 15084,
          "new_vrp_edges": 0,
          "new_base_edges": 0,
          "cumulative_vrp_edges": 0,
          "cumulative_base_edges": 0,
          "classifications": {
            "vrp_only": 0,
            "both": 0,
            "base_only": 0,
            "neither": 84
          }
        },
        {
          "archive": 49,
          "new_inputs": 20,
          "cumulative_inputs": 15104,
          "new_vrp_edges": 0,
          "new_base_edges": 0,
          "cumulative_vrp_edges": 0,
          "cumulative_base_edges": 0,
          "classifications": {
            "vrp_only": 0,
            "both": 0,
            "base_only": 0,
            "neither": 20
          }
        },
        {
          "archive": 50,
          "new_inputs": 29,
          "cumulative_inputs": 15133,
          "new_vrp_edges": 0,
          "new_base_edges": 0,
          "cumulative_vrp_edges": 0,
          "cumulative_base_edges": 0,
          "classifications": {
            "vrp_only": 0,
            "both": 0,
            "base_only": 0,
            "neither": 29
          }
        },
        {
          "archive": 51,
          "new_inputs": 33,
          "cumulative_inputs": 15166,
          "new_vrp_edges": 0,
          "new_base_edges": 0,
          "cumulative_vrp_edges": 0,
          "cumulative_base_edges": 0,
          "classifications": {
            "vrp_only": 0,
            "both": 0,
            "base_only": 0,
            "neither": 33
          }
        },
        {
          "archive": 52,
          "new_inputs": 26,
          "cumulative_inputs": 15192,
          "new_vrp_edges": 0,
          "new_base_edges": 0,
          "cumulative_vrp_edges": 0,
          "cumulative_base_edges": 0,
          "classifications": {
            "vrp_only": 0,
            "both": 0,
            "base_only": 0,
            "neither": 26
          }
        },
        {
          "archive": 53,
          "new_inputs": 23,
          "cumulative_inputs": 15215,
          "new_vrp_edges": 0,
          "new_base_edges": 0,
          "cumulative_vrp_edges": 0,
          "cumulative_base_edges": 0,
          "classifications": {
            "vrp_only": 0,
            "both": 0,
            "base_only": 0,
            "neither": 23
          }
        },
        {
          "archive": 54,
          "new_inputs": 19,
          "cumulative_inputs": 15234,
          "new_vrp_edges": 0,
          "new_base_edges": 0,
          "cumulative_vrp_edges": 0,
          "cumulative_base_edges": 0,
          "classifications": {
            "vrp_only": 0,
            "both": 0,
            "base_only": 0,
            "neither": 19
          }
        },
        {
          "archive": 55,
          "new_inputs": 4,
          "cumulative_inputs": 15238,
          "new_vrp_edges": 0,
          "new_base_edges": 0,
          "cumulative_vrp_edges": 0,
          "cumulative_base_edges": 0,
          "classifications": {
            "vrp_only": 0,
            "both": 0,
            "base_only": 0,
            "neither": 4
          }
        },
        {
          "archive": 56,
          "new_inputs": 84,
          "cumulative_inputs": 15322,
          "new_vrp_edges": 0,
          "new_base_edges": 0,
          "cumulative_vrp_edges": 0,
          "cumulative_base_edges": 0,
          "classifications": {
            "vrp_only": 0,
            "both": 0,
            "base_only": 0,
            "neither": 84
          }
        },
        {
          "archive": 57,
          "new_inputs": 66,
          "cumulative_inputs": 15388,
          "new_vrp_edges": 0,
          "new_base_edges": 0,
          "cumulative_vrp_edges": 0,
          "cumulative_base_edges": 0,
          "classifications": {
            "vrp_only": 0,
            "both": 0,
            "base_only": 0,
            "neither": 66
          }
        },
        {
          "archive": 58,
          "new_inputs": 61,
          "cumulative_inputs": 15449,
          "new_vrp_edges": 0,
          "new_base_edges": 0,
          "cumulative_vrp_edges": 0,
          "cumulative_base_edges": 0,
          "classifications": {
            "vrp_only": 0,
            "both": 0,
            "base_only": 0,
            "neither": 61
          }
        },
        {
          "archive": 59,
          "new_inputs": 136,
          "cumulative_inputs": 15585,
          "new_vrp_edges": 0,
          "new_base_edges": 0,
          "cumulative_vrp_edges": 0,
          "cumulative_base_edges": 0,
          "classifications": {
            "vrp_only": 0,
            "both": 0,
            "base_only": 0,
            "neither": 136
          }
        },
        {
          "archive": 60,
          "new_inputs": 21,
          "cumulative_inputs": 15606,
          "new_vrp_edges": 0,
          "new_base_edges": 0,
          "cumulative_vrp_edges": 0,
          "cumulative_base_edges": 0,
          "classifications": {
            "vrp_only": 0,
            "both": 0,
            "base_only": 0,
            "neither": 21
          }
        },
        {
          "archive": 61,
          "new_inputs": 29,
          "cumulative_inputs": 15635,
          "new_vrp_edges": 0,
          "new_base_edges": 0,
          "cumulative_vrp_edges": 0,
          "cumulative_base_edges": 0,
          "classifications": {
            "vrp_only": 0,
            "both": 0,
            "base_only": 0,
            "neither": 29
          }
        },
        {
          "archive": 62,
          "new_inputs": 50,
          "cumulative_inputs": 15685,
          "new_vrp_edges": 0,
          "new_base_edges": 0,
          "cumulative_vrp_edges": 0,
          "cumulative_base_edges": 0,
          "classifications": {
            "vrp_only": 0,
            "both": 0,
            "base_only": 0,
            "neither": 50
          }
        },
        {
          "archive": 63,
          "new_inputs": 11,
          "cumulative_inputs": 15696,
          "new_vrp_edges": 0,
          "new_base_edges": 0,
          "cumulative_vrp_edges": 0,
          "cumulative_base_edges": 0,
          "classifications": {
            "vrp_only": 0,
            "both": 0,
            "base_only": 0,
            "neither": 11
          }
        },
        {
          "archive": 64,
          "new_inputs": 23,
          "cumulative_inputs": 15719,
          "new_vrp_edges": 0,
          "new_base_edges": 0,
          "cumulative_vrp_edges": 0,
          "cumulative_base_edges": 0,
          "classifications": {
            "vrp_only": 0,
            "both": 0,
            "base_only": 0,
            "neither": 23
          }
        },
        {
          "archive": 65,
          "new_inputs": 6,
          "cumulative_inputs": 15725,
          "new_vrp_edges": 0,
          "new_base_edges": 0,
          "cumulative_vrp_edges": 0,
          "cumulative_base_edges": 0,
          "classifications": {
            "vrp_only": 0,
            "both": 0,
            "base_only": 0,
            "neither": 6
          }
        },
        {
          "archive": 66,
          "new_inputs": 5,
          "cumulative_inputs": 15730,
          "new_vrp_edges": 0,
          "new_base_edges": 0,
          "cumulative_vrp_edges": 0,
          "cumulative_base_edges": 0,
          "classifications": {
            "vrp_only": 0,
            "both": 0,
            "base_only": 0,
            "neither": 5
          }
        },
        {
          "archive": 67,
          "new_inputs": 14,
          "cumulative_inputs": 15744,
          "new_vrp_edges": 0,
          "new_base_edges": 0,
          "cumulative_vrp_edges": 0,
          "cumulative_base_edges": 0,
          "classifications": {
            "vrp_only": 0,
            "both": 0,
            "base_only": 0,
            "neither": 14
          }
        },
        {
          "archive": 68,
          "new_inputs": 11,
          "cumulative_inputs": 15755,
          "new_vrp_edges": 0,
          "new_base_edges": 0,
          "cumulative_vrp_edges": 0,
          "cumulative_base_edges": 0,
          "classifications": {
            "vrp_only": 0,
            "both": 0,
            "base_only": 0,
            "neither": 11
          }
        },
        {
          "archive": 69,
          "new_inputs": 71,
          "cumulative_inputs": 15826,
          "new_vrp_edges": 0,
          "new_base_edges": 0,
          "cumulative_vrp_edges": 0,
          "cumulative_base_edges": 0,
          "classifications": {
            "vrp_only": 0,
            "both": 0,
            "base_only": 0,
            "neither": 71
          }
        },
        {
          "archive": 70,
          "new_inputs": 8,
          "cumulative_inputs": 15834,
          "new_vrp_edges": 0,
          "new_base_edges": 0,
          "cumulative_vrp_edges": 0,
          "cumulative_base_edges": 0,
          "classifications": {
            "vrp_only": 0,
            "both": 0,
            "base_only": 0,
            "neither": 8
          }
        },
        {
          "archive": 71,
          "new_inputs": 7,
          "cumulative_inputs": 15841,
          "new_vrp_edges": 0,
          "new_base_edges": 0,
          "cumulative_vrp_edges": 0,
          "cumulative_base_edges": 0,
          "classifications": {
            "vrp_only": 0,
            "both": 0,
            "base_only": 0,
            "neither": 7
          }
        },
        {
          "archive": 72,
          "new_inputs": 4,
          "cumulative_inputs": 15845,
          "new_vrp_edges": 0,
          "new_base_edges": 0,
          "cumulative_vrp_edges": 0,
          "cumulative_base_edges": 0,
          "classifications": {
            "vrp_only": 0,
            "both": 0,
            "base_only": 0,
            "neither": 4
          }
        },
        {
          "archive": 73,
          "new_inputs": 15,
          "cumulative_inputs": 15860,
          "new_vrp_edges": 0,
          "new_base_edges": 0,
          "cumulative_vrp_edges": 0,
          "cumulative_base_edges": 0,
          "classifications": {
            "vrp_only": 0,
            "both": 0,
            "base_only": 0,
            "neither": 15
          }
        },
        {
          "archive": 74,
          "new_inputs": 16,
          "cumulative_inputs": 15876,
          "new_vrp_edges": 0,
          "new_base_edges": 0,
          "cumulative_vrp_edges": 0,
          "cumulative_base_edges": 0,
          "classifications": {
            "vrp_only": 0,
            "both": 0,
            "base_only": 0,
            "neither": 16
          }
        },
        {
          "archive": 75,
          "new_inputs": 12,
          "cumulative_inputs": 15888,
          "new_vrp_edges": 0,
          "new_base_edges": 0,
          "cumulative_vrp_edges": 0,
          "cumulative_base_edges": 0,
          "classifications": {
            "vrp_only": 0,
            "both": 0,
            "base_only": 0,
            "neither": 12
          }
        },
        {
          "archive": 76,
          "new_inputs": 10,
          "cumulative_inputs": 15898,
          "new_vrp_edges": 0,
          "new_base_edges": 0,
          "cumulative_vrp_edges": 0,
          "cumulative_base_edges": 0,
          "classifications": {
            "vrp_only": 0,
            "both": 0,
            "base_only": 0,
            "neither": 10
          }
        },
        {
          "archive": 77,
          "new_inputs": 10,
          "cumulative_inputs": 15908,
          "new_vrp_edges": 0,
          "new_base_edges": 0,
          "cumulative_vrp_edges": 0,
          "cumulative_base_edges": 0,
          "classifications": {
            "vrp_only": 0,
            "both": 0,
            "base_only": 0,
            "neither": 10
          }
        },
        {
          "archive": 78,
          "new_inputs": 4,
          "cumulative_inputs": 15912,
          "new_vrp_edges": 0,
          "new_base_edges": 0,
          "cumulative_vrp_edges": 0,
          "cumulative_base_edges": 0,
          "classifications": {
            "vrp_only": 0,
            "both": 0,
            "base_only": 0,
            "neither": 4
          }
        },
        {
          "archive": 79,
          "new_inputs": 9,
          "cumulative_inputs": 15921,
          "new_vrp_edges": 0,
          "new_base_edges": 0,
          "cumulative_vrp_edges": 0,
          "cumulative_base_edges": 0,
          "classifications": {
            "vrp_only": 0,
            "both": 0,
            "base_only": 0,
            "neither": 9
          }
        },
        {
          "archive": 80,
          "new_inputs": 12,
          "cumulative_inputs": 15933,
          "new_vrp_edges": 0,
          "new_base_edges": 0,
          "cumulative_vrp_edges": 0,
          "cumulative_base_edges": 0,
          "classifications": {
            "vrp_only": 0,
            "both": 0,
            "base_only": 0,
            "neither": 12
          }
        },
        {
          "archive": 81,
          "new_inputs": 180,
          "cumulative_inputs": 16113,
          "new_vrp_edges": 0,
          "new_base_edges": 0,
          "cumulative_vrp_edges": 0,
          "cumulative_base_edges": 0,
          "classifications": {
            "vrp_only": 0,
            "both": 0,
            "base_only": 0,
            "neither": 180
          }
        },
        {
          "archive": 82,
          "new_inputs": 44,
          "cumulative_inputs": 16157,
          "new_vrp_edges": 0,
          "new_base_edges": 0,
          "cumulative_vrp_edges": 0,
          "cumulative_base_edges": 0,
          "classifications": {
            "vrp_only": 0,
            "both": 0,
            "base_only": 0,
            "neither": 44
          }
        },
        {
          "archive": 83,
          "new_inputs": 45,
          "cumulative_inputs": 16202,
          "new_vrp_edges": 0,
          "new_base_edges": 0,
          "cumulative_vrp_edges": 0,
          "cumulative_base_edges": 0,
          "classifications": {
            "vrp_only": 0,
            "both": 0,
            "base_only": 0,
            "neither": 45
          }
        },
        {
          "archive": 84,
          "new_inputs": 98,
          "cumulative_inputs": 16300,
          "new_vrp_edges": 0,
          "new_base_edges": 0,
          "cumulative_vrp_edges": 0,
          "cumulative_base_edges": 0,
          "classifications": {
            "vrp_only": 0,
            "both": 0,
            "base_only": 0,
            "neither": 98
          }
        },
        {
          "archive": 85,
          "new_inputs": 325,
          "cumulative_inputs": 16625,
          "new_vrp_edges": 0,
          "new_base_edges": 0,
          "cumulative_vrp_edges": 0,
          "cumulative_base_edges": 0,
          "classifications": {
            "vrp_only": 0,
            "both": 0,
            "base_only": 0,
            "neither": 325
          }
        },
        {
          "archive": 86,
          "new_inputs": 109,
          "cumulative_inputs": 16734,
          "new_vrp_edges": 0,
          "new_base_edges": 0,
          "cumulative_vrp_edges": 0,
          "cumulative_base_edges": 0,
          "classifications": {
            "vrp_only": 0,
            "both": 0,
            "base_only": 0,
            "neither": 109
          }
        },
        {
          "archive": 87,
          "new_inputs": 75,
          "cumulative_inputs": 16809,
          "new_vrp_edges": 0,
          "new_base_edges": 0,
          "cumulative_vrp_edges": 0,
          "cumulative_base_edges": 0,
          "classifications": {
            "vrp_only": 0,
            "both": 0,
            "base_only": 0,
            "neither": 75
          }
        },
        {
          "archive": 88,
          "new_inputs": 63,
          "cumulative_inputs": 16872,
          "new_vrp_edges": 0,
          "new_base_edges": 0,
          "cumulative_vrp_edges": 0,
          "cumulative_base_edges": 0,
          "classifications": {
            "vrp_only": 0,
            "both": 0,
            "base_only": 0,
            "neither": 63
          }
        },
        {
          "archive": 89,
          "new_inputs": 37,
          "cumulative_inputs": 16909,
          "new_vrp_edges": 0,
          "new_base_edges": 0,
          "cumulative_vrp_edges": 0,
          "cumulative_base_edges": 0,
          "classifications": {
            "vrp_only": 0,
            "both": 0,
            "base_only": 0,
            "neither": 37
          }
        },
        {
          "archive": 90,
          "new_inputs": 139,
          "cumulative_inputs": 17048,
          "new_vrp_edges": 0,
          "new_base_edges": 0,
          "cumulative_vrp_edges": 0,
          "cumulative_base_edges": 0,
          "classifications": {
            "vrp_only": 0,
            "both": 0,
            "base_only": 0,
            "neither": 139
          }
        },
        {
          "archive": 91,
          "new_inputs": 42,
          "cumulative_inputs": 17090,
          "new_vrp_edges": 0,
          "new_base_edges": 0,
          "cumulative_vrp_edges": 0,
          "cumulative_base_edges": 0,
          "classifications": {
            "vrp_only": 0,
            "both": 0,
            "base_only": 0,
            "neither": 42
          }
        },
        {
          "archive": 92,
          "new_inputs": 33,
          "cumulative_inputs": 17123,
          "new_vrp_edges": 0,
          "new_base_edges": 0,
          "cumulative_vrp_edges": 0,
          "cumulative_base_edges": 0,
          "classifications": {
            "vrp_only": 0,
            "both": 0,
            "base_only": 0,
            "neither": 33
          }
        },
        {
          "archive": 93,
          "new_inputs": 60,
          "cumulative_inputs": 17183,
          "new_vrp_edges": 0,
          "new_base_edges": 0,
          "cumulative_vrp_edges": 0,
          "cumulative_base_edges": 0,
          "classifications": {
            "vrp_only": 0,
            "both": 0,
            "base_only": 0,
            "neither": 60
          }
        },
        {
          "archive": 94,
          "new_inputs": 47,
          "cumulative_inputs": 17230,
          "new_vrp_edges": 0,
          "new_base_edges": 0,
          "cumulative_vrp_edges": 0,
          "cumulative_base_edges": 0,
          "classifications": {
            "vrp_only": 0,
            "both": 0,
            "base_only": 0,
            "neither": 47
          }
        },
        {
          "archive": 95,
          "new_inputs": 12,
          "cumulative_inputs": 17242,
          "new_vrp_edges": 0,
          "new_base_edges": 0,
          "cumulative_vrp_edges": 0,
          "cumulative_base_edges": 0,
          "classifications": {
            "vrp_only": 0,
            "both": 0,
            "base_only": 0,
            "neither": 12
          }
        },
        {
          "archive": 96,
          "new_inputs": 0,
          "cumulative_inputs": 17242,
          "new_vrp_edges": 0,
          "new_base_edges": 0,
          "cumulative_vrp_edges": 0,
          "cumulative_base_edges": 0,
          "classifications": {
            "vrp_only": 0,
            "both": 0,
            "base_only": 0,
            "neither": 0
          }
        }
      ],
      "summary": {
        "total_inputs": 17242,
        "total_vrp_edges": 0,
        "total_base_edges": 0,
        "entanglement_rate": 0.0,
        "vrp_only_count": 0,
        "both_count": 0,
        "base_only_count": 0,
        "neither_count": 17242
      }
    },
    "vrp_bucket_entanglement": {
      "summary": {
        "total_inputs": 17242,
        "bucket_entanglement_rate": 0.0,
        "vrp_only": 0,
        "both": 0,
        "base_only": 0,
        "neither": 17242,
        "edge_neither_but_bucket_interesting": 0
      }
    },
    "vrp_gradient": {
      "summary": {
        "total_vrp_edges_seen": 0,
        "singleton_edges": 0,
        "low_freq_edges": 0,
        "high_freq_edges": 0,
        "vrp_exclusive_singletons": 0,
        "hit_count_distribution": {
          "1": 0,
          "2-3": 0,
          "4-10": 0,
          "11-50": 0,
          "51-200": 0,
          "200+": 0
        }
      }
    },
    "edge_growth": {
      "growth_curve": [
        {
          "archive": 0,
          "total_inputs": 2,
          "vrp_edges": 0,
          "base_edges": 0
        },
        {
          "archive": 1,
          "total_inputs": 7062,
          "vrp_edges": 0,
          "base_edges": 0
        },
        {
          "archive": 2,
          "total_inputs": 9090,
          "vrp_edges": 0,
          "base_edges": 0
        },
        {
          "archive": 3,
          "total_inputs": 10370,
          "vrp_edges": 0,
          "base_edges": 0
        },
        {
          "archive": 4,
          "total_inputs": 10999,
          "vrp_edges": 0,
          "base_edges": 0
        },
        {
          "archive": 5,
          "total_inputs": 11749,
          "vrp_edges": 0,
          "base_edges": 0
        },
        {
          "archive": 6,
          "total_inputs": 12196,
          "vrp_edges": 0,
          "base_edges": 0
        },
        {
          "archive": 7,
          "total_inputs": 12535,
          "vrp_edges": 0,
          "base_edges": 0
        },
        {
          "archive": 8,
          "total_inputs": 12808,
          "vrp_edges": 0,
          "base_edges": 0
        },
        {
          "archive": 9,
          "total_inputs": 12971,
          "vrp_edges": 0,
          "base_edges": 0
        },
        {
          "archive": 10,
          "total_inputs": 13140,
          "vrp_edges": 0,
          "base_edges": 0
        },
        {
          "archive": 11,
          "total_inputs": 13247,
          "vrp_edges": 0,
          "base_edges": 0
        },
        {
          "archive": 12,
          "total_inputs": 13350,
          "vrp_edges": 0,
          "base_edges": 0
        },
        {
          "archive": 13,
          "total_inputs": 13480,
          "vrp_edges": 0,
          "base_edges": 0
        },
        {
          "archive": 14,
          "total_inputs": 13548,
          "vrp_edges": 0,
          "base_edges": 0
        },
        {
          "archive": 15,
          "total_inputs": 13658,
          "vrp_edges": 0,
          "base_edges": 0
        },
        {
          "archive": 16,
          "total_inputs": 13740,
          "vrp_edges": 0,
          "base_edges": 0
        },
        {
          "archive": 17,
          "total_inputs": 13778,
          "vrp_edges": 0,
          "base_edges": 0
        },
        {
          "archive": 18,
          "total_inputs": 13831,
          "vrp_edges": 0,
          "base_edges": 0
        },
        {
          "archive": 19,
          "total_inputs": 13895,
          "vrp_edges": 0,
          "base_edges": 0
        },
        {
          "archive": 20,
          "total_inputs": 13948,
          "vrp_edges": 0,
          "base_edges": 0
        },
        {
          "archive": 21,
          "total_inputs": 14065,
          "vrp_edges": 0,
          "base_edges": 0
        },
        {
          "archive": 22,
          "total_inputs": 14151,
          "vrp_edges": 0,
          "base_edges": 0
        },
        {
          "archive": 23,
          "total_inputs": 14223,
          "vrp_edges": 0,
          "base_edges": 0
        },
        {
          "archive": 24,
          "total_inputs": 14260,
          "vrp_edges": 0,
          "base_edges": 0
        },
        {
          "archive": 25,
          "total_inputs": 14301,
          "vrp_edges": 0,
          "base_edges": 0
        },
        {
          "archive": 26,
          "total_inputs": 14317,
          "vrp_edges": 0,
          "base_edges": 0
        },
        {
          "archive": 27,
          "total_inputs": 14347,
          "vrp_edges": 0,
          "base_edges": 0
        },
        {
          "archive": 28,
          "total_inputs": 14389,
          "vrp_edges": 0,
          "base_edges": 0
        },
        {
          "archive": 29,
          "total_inputs": 14411,
          "vrp_edges": 0,
          "base_edges": 0
        },
        {
          "archive": 30,
          "total_inputs": 14460,
          "vrp_edges": 0,
          "base_edges": 0
        },
        {
          "archive": 31,
          "total_inputs": 14555,
          "vrp_edges": 0,
          "base_edges": 0
        },
        {
          "archive": 32,
          "total_inputs": 14581,
          "vrp_edges": 0,
          "base_edges": 0
        },
        {
          "archive": 33,
          "total_inputs": 14600,
          "vrp_edges": 0,
          "base_edges": 0
        },
        {
          "archive": 34,
          "total_inputs": 14642,
          "vrp_edges": 0,
          "base_edges": 0
        },
        {
          "archive": 35,
          "total_inputs": 14670,
          "vrp_edges": 0,
          "base_edges": 0
        },
        {
          "archive": 36,
          "total_inputs": 14686,
          "vrp_edges": 0,
          "base_edges": 0
        },
        {
          "archive": 37,
          "total_inputs": 14715,
          "vrp_edges": 0,
          "base_edges": 0
        },
        {
          "archive": 38,
          "total_inputs": 14743,
          "vrp_edges": 0,
          "base_edges": 0
        },
        {
          "archive": 39,
          "total_inputs": 14772,
          "vrp_edges": 0,
          "base_edges": 0
        },
        {
          "archive": 40,
          "total_inputs": 14800,
          "vrp_edges": 0,
          "base_edges": 0
        },
        {
          "archive": 41,
          "total_inputs": 14847,
          "vrp_edges": 0,
          "base_edges": 0
        },
        {
          "archive": 42,
          "total_inputs": 14864,
          "vrp_edges": 0,
          "base_edges": 0
        },
        {
          "archive": 43,
          "total_inputs": 14878,
          "vrp_edges": 0,
          "base_edges": 0
        },
        {
          "archive": 44,
          "total_inputs": 14892,
          "vrp_edges": 0,
          "base_edges": 0
        },
        {
          "archive": 45,
          "total_inputs": 14955,
          "vrp_edges": 0,
          "base_edges": 0
        },
        {
          "archive": 46,
          "total_inputs": 14979,
          "vrp_edges": 0,
          "base_edges": 0
        },
        {
          "archive": 47,
          "total_inputs": 15000,
          "vrp_edges": 0,
          "base_edges": 0
        },
        {
          "archive": 48,
          "total_inputs": 15084,
          "vrp_edges": 0,
          "base_edges": 0
        },
        {
          "archive": 49,
          "total_inputs": 15104,
          "vrp_edges": 0,
          "base_edges": 0
        },
        {
          "archive": 50,
          "total_inputs": 15133,
          "vrp_edges": 0,
          "base_edges": 0
        },
        {
          "archive": 51,
          "total_inputs": 15166,
          "vrp_edges": 0,
          "base_edges": 0
        },
        {
          "archive": 52,
          "total_inputs": 15192,
          "vrp_edges": 0,
          "base_edges": 0
        },
        {
          "archive": 53,
          "total_inputs": 15215,
          "vrp_edges": 0,
          "base_edges": 0
        },
        {
          "archive": 54,
          "total_inputs": 15234,
          "vrp_edges": 0,
          "base_edges": 0
        },
        {
          "archive": 55,
          "total_inputs": 15238,
          "vrp_edges": 0,
          "base_edges": 0
        },
        {
          "archive": 56,
          "total_inputs": 15322,
          "vrp_edges": 0,
          "base_edges": 0
        },
        {
          "archive": 57,
          "total_inputs": 15388,
          "vrp_edges": 0,
          "base_edges": 0
        },
        {
          "archive": 58,
          "total_inputs": 15449,
          "vrp_edges": 0,
          "base_edges": 0
        },
        {
          "archive": 59,
          "total_inputs": 15585,
          "vrp_edges": 0,
          "base_edges": 0
        },
        {
          "archive": 60,
          "total_inputs": 15606,
          "vrp_edges": 0,
          "base_edges": 0
        },
        {
          "archive": 61,
          "total_inputs": 15635,
          "vrp_edges": 0,
          "base_edges": 0
        },
        {
          "archive": 62,
          "total_inputs": 15685,
          "vrp_edges": 0,
          "base_edges": 0
        },
        {
          "archive": 63,
          "total_inputs": 15696,
          "vrp_edges": 0,
          "base_edges": 0
        },
        {
          "archive": 64,
          "total_inputs": 15719,
          "vrp_edges": 0,
          "base_edges": 0
        },
        {
          "archive": 65,
          "total_inputs": 15725,
          "vrp_edges": 0,
          "base_edges": 0
        },
        {
          "archive": 66,
          "total_inputs": 15730,
          "vrp_edges": 0,
          "base_edges": 0
        },
        {
          "archive": 67,
          "total_inputs": 15744,
          "vrp_edges": 0,
          "base_edges": 0
        },
        {
          "archive": 68,
          "total_inputs": 15755,
          "vrp_edges": 0,
          "base_edges": 0
        },
        {
          "archive": 69,
          "total_inputs": 15826,
          "vrp_edges": 0,
          "base_edges": 0
        },
        {
          "archive": 70,
          "total_inputs": 15834,
          "vrp_edges": 0,
          "base_edges": 0
        },
        {
          "archive": 71,
          "total_inputs": 15841,
          "vrp_edges": 0,
          "base_edges": 0
        },
        {
          "archive": 72,
          "total_inputs": 15845,
          "vrp_edges": 0,
          "base_edges": 0
        },
        {
          "archive": 73,
          "total_inputs": 15860,
          "vrp_edges": 0,
          "base_edges": 0
        },
        {
          "archive": 74,
          "total_inputs": 15876,
          "vrp_edges": 0,
          "base_edges": 0
        },
        {
          "archive": 75,
          "total_inputs": 15888,
          "vrp_edges": 0,
          "base_edges": 0
        },
        {
          "archive": 76,
          "total_inputs": 15898,
          "vrp_edges": 0,
          "base_edges": 0
        },
        {
          "archive": 77,
          "total_inputs": 15908,
          "vrp_edges": 0,
          "base_edges": 0
        },
        {
          "archive": 78,
          "total_inputs": 15912,
          "vrp_edges": 0,
          "base_edges": 0
        },
        {
          "archive": 79,
          "total_inputs": 15921,
          "vrp_edges": 0,
          "base_edges": 0
        },
        {
          "archive": 80,
          "total_inputs": 15933,
          "vrp_edges": 0,
          "base_edges": 0
        },
        {
          "archive": 81,
          "total_inputs": 16113,
          "vrp_edges": 0,
          "base_edges": 0
        },
        {
          "archive": 82,
          "total_inputs": 16157,
          "vrp_edges": 0,
          "base_edges": 0
        },
        {
          "archive": 83,
          "total_inputs": 16202,
          "vrp_edges": 0,
          "base_edges": 0
        },
        {
          "archive": 84,
          "total_inputs": 16300,
          "vrp_edges": 0,
          "base_edges": 0
        },
        {
          "archive": 85,
          "total_inputs": 16625,
          "vrp_edges": 0,
          "base_edges": 0
        },
        {
          "archive": 86,
          "total_inputs": 16734,
          "vrp_edges": 0,
          "base_edges": 0
        },
        {
          "archive": 87,
          "total_inputs": 16809,
          "vrp_edges": 0,
          "base_edges": 0
        },
        {
          "archive": 88,
          "total_inputs": 16872,
          "vrp_edges": 0,
          "base_edges": 0
        },
        {
          "archive": 89,
          "total_inputs": 16909,
          "vrp_edges": 0,
          "base_edges": 0
        },
        {
          "archive": 90,
          "total_inputs": 17048,
          "vrp_edges": 0,
          "base_edges": 0
        },
        {
          "archive": 91,
          "total_inputs": 17090,
          "vrp_edges": 0,
          "base_edges": 0
        },
        {
          "archive": 92,
          "total_inputs": 17123,
          "vrp_edges": 0,
          "base_edges": 0
        },
        {
          "archive": 93,
          "total_inputs": 17183,
          "vrp_edges": 0,
          "base_edges": 0
        },
        {
          "archive": 94,
          "total_inputs": 17230,
          "vrp_edges": 0,
          "base_edges": 0
        },
        {
          "archive": 95,
          "total_inputs": 17242,
          "vrp_edges": 0,
          "base_edges": 0
        },
        {
          "archive": 96,
          "total_inputs": 17242,
          "vrp_edges": 0,
          "base_edges": 0
        }
      ],
      "final_vrp_edges": 0,
      "final_base_edges": 0,
      "total_inputs": 17242
    },
    "speed": {
      "per_archive": [
        {
          "archive": 0,
          "inputs": 2,
          "mean_vrp_ms": 6.832,
          "mean_base_ms": 7.087,
          "overhead": 0.9639
        },
        {
          "archive": 1,
          "inputs": 7060,
          "mean_vrp_ms": 0.019,
          "mean_base_ms": 0.019,
          "overhead": 0.9681
        },
        {
          "archive": 2,
          "inputs": 2028,
          "mean_vrp_ms": 0.021,
          "mean_base_ms": 0.023,
          "overhead": 0.9359
        },
        {
          "archive": 3,
          "inputs": 1280,
          "mean_vrp_ms": 0.022,
          "mean_base_ms": 0.026,
          "overhead": 0.8415
        },
        {
          "archive": 4,
          "inputs": 629,
          "mean_vrp_ms": 0.034,
          "mean_base_ms": 0.036,
          "overhead": 0.963
        },
        {
          "archive": 5,
          "inputs": 750,
          "mean_vrp_ms": 0.032,
          "mean_base_ms": 0.034,
          "overhead": 0.9285
        },
        {
          "archive": 6,
          "inputs": 447,
          "mean_vrp_ms": 0.041,
          "mean_base_ms": 0.044,
          "overhead": 0.9255
        },
        {
          "archive": 7,
          "inputs": 339,
          "mean_vrp_ms": 0.05,
          "mean_base_ms": 0.05,
          "overhead": 0.9998
        },
        {
          "archive": 8,
          "inputs": 273,
          "mean_vrp_ms": 0.057,
          "mean_base_ms": 0.057,
          "overhead": 0.9982
        },
        {
          "archive": 9,
          "inputs": 163,
          "mean_vrp_ms": 0.09,
          "mean_base_ms": 0.079,
          "overhead": 1.1385
        },
        {
          "archive": 10,
          "inputs": 169,
          "mean_vrp_ms": 0.116,
          "mean_base_ms": 0.102,
          "overhead": 1.1456
        },
        {
          "archive": 11,
          "inputs": 107,
          "mean_vrp_ms": 0.128,
          "mean_base_ms": 0.124,
          "overhead": 1.0358
        },
        {
          "archive": 12,
          "inputs": 103,
          "mean_vrp_ms": 0.154,
          "mean_base_ms": 0.155,
          "overhead": 0.9951
        },
        {
          "archive": 13,
          "inputs": 130,
          "mean_vrp_ms": 0.113,
          "mean_base_ms": 0.107,
          "overhead": 1.0577
        },
        {
          "archive": 14,
          "inputs": 68,
          "mean_vrp_ms": 0.206,
          "mean_base_ms": 0.21,
          "overhead": 0.982
        },
        {
          "archive": 15,
          "inputs": 110,
          "mean_vrp_ms": 0.124,
          "mean_base_ms": 0.117,
          "overhead": 1.0535
        },
        {
          "archive": 16,
          "inputs": 82,
          "mean_vrp_ms": 0.164,
          "mean_base_ms": 0.176,
          "overhead": 0.9304
        },
        {
          "archive": 17,
          "inputs": 38,
          "mean_vrp_ms": 0.438,
          "mean_base_ms": 0.342,
          "overhead": 1.2804
        },
        {
          "archive": 18,
          "inputs": 53,
          "mean_vrp_ms": 0.256,
          "mean_base_ms": 0.27,
          "overhead": 0.9481
        },
        {
          "archive": 19,
          "inputs": 64,
          "mean_vrp_ms": 0.269,
          "mean_base_ms": 0.219,
          "overhead": 1.2311
        },
        {
          "archive": 20,
          "inputs": 53,
          "mean_vrp_ms": 0.233,
          "mean_base_ms": 0.231,
          "overhead": 1.0103
        },
        {
          "archive": 21,
          "inputs": 117,
          "mean_vrp_ms": 0.122,
          "mean_base_ms": 0.111,
          "overhead": 1.0947
        },
        {
          "archive": 22,
          "inputs": 86,
          "mean_vrp_ms": 0.198,
          "mean_base_ms": 0.15,
          "overhead": 1.3196
        },
        {
          "archive": 23,
          "inputs": 72,
          "mean_vrp_ms": 0.174,
          "mean_base_ms": 0.17,
          "overhead": 1.0234
        },
        {
          "archive": 24,
          "inputs": 37,
          "mean_vrp_ms": 0.367,
          "mean_base_ms": 0.339,
          "overhead": 1.0803
        },
        {
          "archive": 25,
          "inputs": 41,
          "mean_vrp_ms": 0.313,
          "mean_base_ms": 0.371,
          "overhead": 0.8432
        },
        {
          "archive": 26,
          "inputs": 16,
          "mean_vrp_ms": 0.723,
          "mean_base_ms": 0.66,
          "overhead": 1.0952
        },
        {
          "archive": 27,
          "inputs": 30,
          "mean_vrp_ms": 0.5,
          "mean_base_ms": 0.47,
          "overhead": 1.0652
        },
        {
          "archive": 28,
          "inputs": 42,
          "mean_vrp_ms": 0.335,
          "mean_base_ms": 0.322,
          "overhead": 1.0408
        },
        {
          "archive": 29,
          "inputs": 22,
          "mean_vrp_ms": 0.744,
          "mean_base_ms": 0.641,
          "overhead": 1.1619
        },
        {
          "archive": 30,
          "inputs": 49,
          "mean_vrp_ms": 0.284,
          "mean_base_ms": 0.28,
          "overhead": 1.0137
        },
        {
          "archive": 31,
          "inputs": 95,
          "mean_vrp_ms": 0.152,
          "mean_base_ms": 0.165,
          "overhead": 0.9171
        },
        {
          "archive": 32,
          "inputs": 26,
          "mean_vrp_ms": 0.497,
          "mean_base_ms": 0.505,
          "overhead": 0.9845
        },
        {
          "archive": 33,
          "inputs": 19,
          "mean_vrp_ms": 0.804,
          "mean_base_ms": 0.773,
          "overhead": 1.0399
        },
        {
          "archive": 34,
          "inputs": 42,
          "mean_vrp_ms": 0.308,
          "mean_base_ms": 0.306,
          "overhead": 1.0044
        },
        {
          "archive": 35,
          "inputs": 28,
          "mean_vrp_ms": 0.465,
          "mean_base_ms": 0.487,
          "overhead": 0.9544
        },
        {
          "archive": 36,
          "inputs": 16,
          "mean_vrp_ms": 0.781,
          "mean_base_ms": 0.834,
          "overhead": 0.936
        },
        {
          "archive": 37,
          "inputs": 29,
          "mean_vrp_ms": 0.464,
          "mean_base_ms": 0.44,
          "overhead": 1.0562
        },
        {
          "archive": 38,
          "inputs": 28,
          "mean_vrp_ms": 0.448,
          "mean_base_ms": 0.443,
          "overhead": 1.0113
        },
        {
          "archive": 39,
          "inputs": 29,
          "mean_vrp_ms": 0.555,
          "mean_base_ms": 0.457,
          "overhead": 1.2139
        },
        {
          "archive": 40,
          "inputs": 28,
          "mean_vrp_ms": 0.487,
          "mean_base_ms": 0.456,
          "overhead": 1.0669
        },
        {
          "archive": 41,
          "inputs": 47,
          "mean_vrp_ms": 0.359,
          "mean_base_ms": 0.305,
          "overhead": 1.1747
        },
        {
          "archive": 42,
          "inputs": 17,
          "mean_vrp_ms": 0.775,
          "mean_base_ms": 0.873,
          "overhead": 0.8878
        },
        {
          "archive": 43,
          "inputs": 14,
          "mean_vrp_ms": 0.811,
          "mean_base_ms": 0.754,
          "overhead": 1.0764
        },
        {
          "archive": 44,
          "inputs": 14,
          "mean_vrp_ms": 0.972,
          "mean_base_ms": 0.88,
          "overhead": 1.1053
        },
        {
          "archive": 45,
          "inputs": 63,
          "mean_vrp_ms": 0.188,
          "mean_base_ms": 0.177,
          "overhead": 1.0655
        },
        {
          "archive": 46,
          "inputs": 24,
          "mean_vrp_ms": 0.49,
          "mean_base_ms": 0.523,
          "overhead": 0.9366
        },
        {
          "archive": 47,
          "inputs": 21,
          "mean_vrp_ms": 0.704,
          "mean_base_ms": 0.667,
          "overhead": 1.055
        },
        {
          "archive": 48,
          "inputs": 84,
          "mean_vrp_ms": 0.199,
          "mean_base_ms": 0.172,
          "overhead": 1.1575
        },
        {
          "archive": 49,
          "inputs": 20,
          "mean_vrp_ms": 0.692,
          "mean_base_ms": 0.628,
          "overhead": 1.1013
        },
        {
          "archive": 50,
          "inputs": 29,
          "mean_vrp_ms": 0.42,
          "mean_base_ms": 0.394,
          "overhead": 1.0655
        },
        {
          "archive": 51,
          "inputs": 33,
          "mean_vrp_ms": 0.405,
          "mean_base_ms": 0.421,
          "overhead": 0.9621
        },
        {
          "archive": 52,
          "inputs": 26,
          "mean_vrp_ms": 0.503,
          "mean_base_ms": 0.479,
          "overhead": 1.0508
        },
        {
          "archive": 53,
          "inputs": 23,
          "mean_vrp_ms": 0.573,
          "mean_base_ms": 0.604,
          "overhead": 0.9473
        },
        {
          "archive": 54,
          "inputs": 19,
          "mean_vrp_ms": 0.864,
          "mean_base_ms": 0.681,
          "overhead": 1.2687
        },
        {
          "archive": 55,
          "inputs": 4,
          "mean_vrp_ms": 4.033,
          "mean_base_ms": 3.359,
          "overhead": 1.2006
        },
        {
          "archive": 56,
          "inputs": 84,
          "mean_vrp_ms": 0.171,
          "mean_base_ms": 0.166,
          "overhead": 1.0327
        },
        {
          "archive": 57,
          "inputs": 66,
          "mean_vrp_ms": 0.23,
          "mean_base_ms": 0.217,
          "overhead": 1.0579
        },
        {
          "archive": 58,
          "inputs": 61,
          "mean_vrp_ms": 0.252,
          "mean_base_ms": 0.225,
          "overhead": 1.1219
        },
        {
          "archive": 59,
          "inputs": 136,
          "mean_vrp_ms": 0.12,
          "mean_base_ms": 0.104,
          "overhead": 1.151
        },
        {
          "archive": 60,
          "inputs": 21,
          "mean_vrp_ms": 0.643,
          "mean_base_ms": 0.624,
          "overhead": 1.0302
        },
        {
          "archive": 61,
          "inputs": 29,
          "mean_vrp_ms": 0.46,
          "mean_base_ms": 0.423,
          "overhead": 1.0875
        },
        {
          "archive": 62,
          "inputs": 50,
          "mean_vrp_ms": 0.268,
          "mean_base_ms": 0.282,
          "overhead": 0.9503
        },
        {
          "archive": 63,
          "inputs": 11,
          "mean_vrp_ms": 1.1,
          "mean_base_ms": 1.082,
          "overhead": 1.0171
        },
        {
          "archive": 64,
          "inputs": 23,
          "mean_vrp_ms": 0.675,
          "mean_base_ms": 0.597,
          "overhead": 1.1315
        },
        {
          "archive": 65,
          "inputs": 6,
          "mean_vrp_ms": 2.117,
          "mean_base_ms": 2.025,
          "overhead": 1.0456
        },
        {
          "archive": 66,
          "inputs": 5,
          "mean_vrp_ms": 3.074,
          "mean_base_ms": 2.323,
          "overhead": 1.3235
        },
        {
          "archive": 67,
          "inputs": 14,
          "mean_vrp_ms": 0.939,
          "mean_base_ms": 1.039,
          "overhead": 0.9031
        },
        {
          "archive": 68,
          "inputs": 11,
          "mean_vrp_ms": 1.299,
          "mean_base_ms": 1.387,
          "overhead": 0.9364
        },
        {
          "archive": 69,
          "inputs": 71,
          "mean_vrp_ms": 0.174,
          "mean_base_ms": 0.178,
          "overhead": 0.9739
        },
        {
          "archive": 70,
          "inputs": 8,
          "mean_vrp_ms": 1.973,
          "mean_base_ms": 1.593,
          "overhead": 1.2384
        },
        {
          "archive": 71,
          "inputs": 7,
          "mean_vrp_ms": 1.84,
          "mean_base_ms": 1.618,
          "overhead": 1.1372
        },
        {
          "archive": 72,
          "inputs": 4,
          "mean_vrp_ms": 3.047,
          "mean_base_ms": 3.086,
          "overhead": 0.9872
        },
        {
          "archive": 73,
          "inputs": 15,
          "mean_vrp_ms": 0.808,
          "mean_base_ms": 0.81,
          "overhead": 0.9975
        },
        {
          "archive": 74,
          "inputs": 16,
          "mean_vrp_ms": 0.761,
          "mean_base_ms": 0.715,
          "overhead": 1.0647
        },
        {
          "archive": 75,
          "inputs": 12,
          "mean_vrp_ms": 1.267,
          "mean_base_ms": 0.993,
          "overhead": 1.2764
        },
        {
          "archive": 76,
          "inputs": 10,
          "mean_vrp_ms": 1.317,
          "mean_base_ms": 1.508,
          "overhead": 0.8731
        },
        {
          "archive": 77,
          "inputs": 10,
          "mean_vrp_ms": 1.173,
          "mean_base_ms": 1.153,
          "overhead": 1.0177
        },
        {
          "archive": 78,
          "inputs": 4,
          "mean_vrp_ms": 3.759,
          "mean_base_ms": 3.132,
          "overhead": 1.2005
        },
        {
          "archive": 79,
          "inputs": 9,
          "mean_vrp_ms": 1.713,
          "mean_base_ms": 1.361,
          "overhead": 1.2589
        },
        {
          "archive": 80,
          "inputs": 12,
          "mean_vrp_ms": 1.094,
          "mean_base_ms": 0.937,
          "overhead": 1.1674
        },
        {
          "archive": 81,
          "inputs": 180,
          "mean_vrp_ms": 0.084,
          "mean_base_ms": 0.085,
          "overhead": 0.9966
        },
        {
          "archive": 82,
          "inputs": 44,
          "mean_vrp_ms": 0.304,
          "mean_base_ms": 0.295,
          "overhead": 1.0304
        },
        {
          "archive": 83,
          "inputs": 45,
          "mean_vrp_ms": 0.306,
          "mean_base_ms": 0.282,
          "overhead": 1.086
        },
        {
          "archive": 84,
          "inputs": 98,
          "mean_vrp_ms": 0.172,
          "mean_base_ms": 0.154,
          "overhead": 1.1178
        },
        {
          "archive": 85,
          "inputs": 325,
          "mean_vrp_ms": 0.065,
          "mean_base_ms": 0.063,
          "overhead": 1.0305
        },
        {
          "archive": 86,
          "inputs": 109,
          "mean_vrp_ms": 0.125,
          "mean_base_ms": 0.134,
          "overhead": 0.9358
        },
        {
          "archive": 87,
          "inputs": 75,
          "mean_vrp_ms": 0.201,
          "mean_base_ms": 0.176,
          "overhead": 1.1419
        },
        {
          "archive": 88,
          "inputs": 63,
          "mean_vrp_ms": 0.254,
          "mean_base_ms": 0.23,
          "overhead": 1.1039
        },
        {
          "archive": 89,
          "inputs": 37,
          "mean_vrp_ms": 0.379,
          "mean_base_ms": 0.36,
          "overhead": 1.055
        },
        {
          "archive": 90,
          "inputs": 139,
          "mean_vrp_ms": 0.102,
          "mean_base_ms": 0.103,
          "overhead": 0.9897
        },
        {
          "archive": 91,
          "inputs": 42,
          "mean_vrp_ms": 0.371,
          "mean_base_ms": 0.316,
          "overhead": 1.1745
        },
        {
          "archive": 92,
          "inputs": 33,
          "mean_vrp_ms": 0.453,
          "mean_base_ms": 0.487,
          "overhead": 0.9302
        },
        {
          "archive": 93,
          "inputs": 60,
          "mean_vrp_ms": 0.249,
          "mean_base_ms": 0.241,
          "overhead": 1.0332
        },
        {
          "archive": 94,
          "inputs": 47,
          "mean_vrp_ms": 0.311,
          "mean_base_ms": 0.271,
          "overhead": 1.1502
        },
        {
          "archive": 95,
          "inputs": 12,
          "mean_vrp_ms": 1.392,
          "mean_base_ms": 1.123,
          "overhead": 1.2392
        },
        {
          "archive": 96,
          "inputs": 0,
          "mean_vrp_ms": 0.0,
          "mean_base_ms": 0.0,
          "overhead": 0.0
        }
      ],
      "summary": {
        "total_inputs": 17242,
        "vrp_mean_ms": 0.09,
        "vrp_median_ms": 0.021,
        "vrp_p95_ms": 0.379,
        "vrp_p99_ms": 0.864,
        "base_mean_ms": 0.087,
        "base_median_ms": 0.023,
        "base_p95_ms": 0.36,
        "base_p99_ms": 0.834,
        "mean_overhead": 1.0376
      }
    }
  }
}