{
  "experiment": "vrp-unfold-eval-big04",
  "benchmark": "freetype2_ftfuzzer",
  "fuzzer": "aflplusplus",
  "instance": "45192",
  "archives_processed": 97,
  "total_inputs": 17394,
  "elapsed_seconds": 16.1,
  "analyzer_results": {
    "vrp_hit_entanglement": {
      "per_archive": [
        {
          "archive": 0,
          "new_inputs": 2,
          "cumulative_inputs": 2,
          "new_vrp_edges": 0,
          "new_base_edges": 0,
          "cumulative_vrp_edges": 0,
          "cumulative_base_edges": 0,
          "classifications": {
            "vrp_only": 0,
            "both": 0,
            "base_only": 0,
            "neither": 2
          }
        },
        {
          "archive": 1,
          "new_inputs": 6402,
          "cumulative_inputs": 6404,
          "new_vrp_edges": 0,
          "new_base_edges": 0,
          "cumulative_vrp_edges": 0,
          "cumulative_base_edges": 0,
          "classifications": {
            "vrp_only": 0,
            "both": 0,
            "base_only": 0,
            "neither": 6402
          }
        },
        {
          "archive": 2,
          "new_inputs": 2143,
          "cumulative_inputs": 8547,
          "new_vrp_edges": 0,
          "new_base_edges": 0,
          "cumulative_vrp_edges": 0,
          "cumulative_base_edges": 0,
          "classifications": {
            "vrp_only": 0,
            "both": 0,
            "base_only": 0,
            "neither": 2143
          }
        },
        {
          "archive": 3,
          "new_inputs": 1229,
          "cumulative_inputs": 9776,
          "new_vrp_edges": 0,
          "new_base_edges": 0,
          "cumulative_vrp_edges": 0,
          "cumulative_base_edges": 0,
          "classifications": {
            "vrp_only": 0,
            "both": 0,
            "base_only": 0,
            "neither": 1229
          }
        },
        {
          "archive": 4,
          "new_inputs": 1014,
          "cumulative_inputs": 10790,
          "new_vrp_edges": 0,
          "new_base_edges": 0,
          "cumulative_vrp_edges": 0,
          "cumulative_base_edges": 0,
          "classifications": {
            "vrp_only": 0,
            "both": 0,
            "base_only": 0,
            "neither": 1014
          }
        },
        {
          "archive": 5,
          "new_inputs": 845,
          "cumulative_inputs": 11635,
          "new_vrp_edges": 0,
          "new_base_edges": 0,
          "cumulative_vrp_edges": 0,
          "cumulative_base_edges": 0,
          "classifications": {
            "vrp_only": 0,
            "both": 0,
            "base_only": 0,
            "neither": 845
          }
        },
        {
          "archive": 6,
          "new_inputs": 722,
          "cumulative_inputs": 12357,
          "new_vrp_edges": 0,
          "new_base_edges": 0,
          "cumulative_vrp_edges": 0,
          "cumulative_base_edges": 0,
          "classifications": {
            "vrp_only": 0,
            "both": 0,
            "base_only": 0,
            "neither": 722
          }
        },
        {
          "archive": 7,
          "new_inputs": 622,
          "cumulative_inputs": 12979,
          "new_vrp_edges": 0,
          "new_base_edges": 0,
          "cumulative_vrp_edges": 0,
          "cumulative_base_edges": 0,
          "classifications": {
            "vrp_only": 0,
            "both": 0,
            "base_only": 0,
            "neither": 622
          }
        },
        {
          "archive": 8,
          "new_inputs": 339,
          "cumulative_inputs": 13318,
          "new_vrp_edges": 0,
          "new_base_edges": 0,
          "cumulative_vrp_edges": 0,
          "cumulative_base_edges": 0,
          "classifications": {
            "vrp_only": 0,
            "both": 0,
            "base_only": 0,
            "neither": 339
          }
        },
        {
          "archive": 9,
          "new_inputs": 206,
          "cumulative_inputs": 13524,
          "new_vrp_edges": 0,
          "new_base_edges": 0,
          "cumulative_vrp_edges": 0,
          "cumulative_base_edges": 0,
          "classifications": {
            "vrp_only": 0,
            "both": 0,
            "base_only": 0,
            "neither": 206
          }
        },
        {
          "archive": 10,
          "new_inputs": 152,
          "cumulative_inputs": 13676,
          "new_vrp_edges": 0,
          "new_base_edges": 0,
          "cumulative_vrp_edges": 0,
          "cumulative_base_edges": 0,
          "classifications": {
            "vrp_only": 0,
            "both": 0,
            "base_only": 0,
            "neither": 152
          }
        },
        {
          "archive": 11,
          "new_inputs": 154,
          "cumulative_inputs": 13830,
          "new_vrp_edges": 0,
          "new_base_edges": 0,
          "cumulative_vrp_edges": 0,
          "cumulative_base_edges": 0,
          "classifications": {
            "vrp_only": 0,
            "both": 0,
            "base_only": 0,
            "neither": 154
          }
        },
        {
          "archive": 12,
          "new_inputs": 227,
          "cumulative_inputs": 14057,
          "new_vrp_edges": 0,
          "new_base_edges": 0,
          "cumulative_vrp_edges": 0,
          "cumulative_base_edges": 0,
          "classifications": {
            "vrp_only": 0,
            "both": 0,
            "base_only": 0,
            "neither": 227
          }
        },
        {
          "archive": 13,
          "new_inputs": 344,
          "cumulative_inputs": 14401,
          "new_vrp_edges": 0,
          "new_base_edges": 0,
          "cumulative_vrp_edges": 0,
          "cumulative_base_edges": 0,
          "classifications": {
            "vrp_only": 0,
            "both": 0,
            "base_only": 0,
            "neither": 344
          }
        },
        {
          "archive": 14,
          "new_inputs": 150,
          "cumulative_inputs": 14551,
          "new_vrp_edges": 0,
          "new_base_edges": 0,
          "cumulative_vrp_edges": 0,
          "cumulative_base_edges": 0,
          "classifications": {
            "vrp_only": 0,
            "both": 0,
            "base_only": 0,
            "neither": 150
          }
        },
        {
          "archive": 15,
          "new_inputs": 157,
          "cumulative_inputs": 14708,
          "new_vrp_edges": 0,
          "new_base_edges": 0,
          "cumulative_vrp_edges": 0,
          "cumulative_base_edges": 0,
          "classifications": {
            "vrp_only": 0,
            "both": 0,
            "base_only": 0,
            "neither": 157
          }
        },
        {
          "archive": 16,
          "new_inputs": 149,
          "cumulative_inputs": 14857,
          "new_vrp_edges": 0,
          "new_base_edges": 0,
          "cumulative_vrp_edges": 0,
          "cumulative_base_edges": 0,
          "classifications": {
            "vrp_only": 0,
            "both": 0,
            "base_only": 0,
            "neither": 149
          }
        },
        {
          "archive": 17,
          "new_inputs": 99,
          "cumulative_inputs": 14956,
          "new_vrp_edges": 0,
          "new_base_edges": 0,
          "cumulative_vrp_edges": 0,
          "cumulative_base_edges": 0,
          "classifications": {
            "vrp_only": 0,
            "both": 0,
            "base_only": 0,
            "neither": 99
          }
        },
        {
          "archive": 18,
          "new_inputs": 72,
          "cumulative_inputs": 15028,
          "new_vrp_edges": 0,
          "new_base_edges": 0,
          "cumulative_vrp_edges": 0,
          "cumulative_base_edges": 0,
          "classifications": {
            "vrp_only": 0,
            "both": 0,
            "base_only": 0,
            "neither": 72
          }
        },
        {
          "archive": 19,
          "new_inputs": 82,
          "cumulative_inputs": 15110,
          "new_vrp_edges": 0,
          "new_base_edges": 0,
          "cumulative_vrp_edges": 0,
          "cumulative_base_edges": 0,
          "classifications": {
            "vrp_only": 0,
            "both": 0,
            "base_only": 0,
            "neither": 82
          }
        },
        {
          "archive": 20,
          "new_inputs": 59,
          "cumulative_inputs": 15169,
          "new_vrp_edges": 0,
          "new_base_edges": 0,
          "cumulative_vrp_edges": 0,
          "cumulative_base_edges": 0,
          "classifications": {
            "vrp_only": 0,
            "both": 0,
            "base_only": 0,
            "neither": 59
          }
        },
        {
          "archive": 21,
          "new_inputs": 65,
          "cumulative_inputs": 15234,
          "new_vrp_edges": 0,
          "new_base_edges": 0,
          "cumulative_vrp_edges": 0,
          "cumulative_base_edges": 0,
          "classifications": {
            "vrp_only": 0,
            "both": 0,
            "base_only": 0,
            "neither": 65
          }
        },
        {
          "archive": 22,
          "new_inputs": 31,
          "cumulative_inputs": 15265,
          "new_vrp_edges": 0,
          "new_base_edges": 0,
          "cumulative_vrp_edges": 0,
          "cumulative_base_edges": 0,
          "classifications": {
            "vrp_only": 0,
            "both": 0,
            "base_only": 0,
            "neither": 31
          }
        },
        {
          "archive": 23,
          "new_inputs": 52,
          "cumulative_inputs": 15317,
          "new_vrp_edges": 0,
          "new_base_edges": 0,
          "cumulative_vrp_edges": 0,
          "cumulative_base_edges": 0,
          "classifications": {
            "vrp_only": 0,
            "both": 0,
            "base_only": 0,
            "neither": 52
          }
        },
        {
          "archive": 24,
          "new_inputs": 45,
          "cumulative_inputs": 15362,
          "new_vrp_edges": 0,
          "new_base_edges": 0,
          "cumulative_vrp_edges": 0,
          "cumulative_base_edges": 0,
          "classifications": {
            "vrp_only": 0,
            "both": 0,
            "base_only": 0,
            "neither": 45
          }
        },
        {
          "archive": 25,
          "new_inputs": 67,
          "cumulative_inputs": 15429,
          "new_vrp_edges": 0,
          "new_base_edges": 0,
          "cumulative_vrp_edges": 0,
          "cumulative_base_edges": 0,
          "classifications": {
            "vrp_only": 0,
            "both": 0,
            "base_only": 0,
            "neither": 67
          }
        },
        {
          "archive": 26,
          "new_inputs": 79,
          "cumulative_inputs": 15508,
          "new_vrp_edges": 0,
          "new_base_edges": 0,
          "cumulative_vrp_edges": 0,
          "cumulative_base_edges": 0,
          "classifications": {
            "vrp_only": 0,
            "both": 0,
            "base_only": 0,
            "neither": 79
          }
        },
        {
          "archive": 27,
          "new_inputs": 72,
          "cumulative_inputs": 15580,
          "new_vrp_edges": 0,
          "new_base_edges": 0,
          "cumulative_vrp_edges": 0,
          "cumulative_base_edges": 0,
          "classifications": {
            "vrp_only": 0,
            "both": 0,
            "base_only": 0,
            "neither": 72
          }
        },
        {
          "archive": 28,
          "new_inputs": 25,
          "cumulative_inputs": 15605,
          "new_vrp_edges": 0,
          "new_base_edges": 0,
          "cumulative_vrp_edges": 0,
          "cumulative_base_edges": 0,
          "classifications": {
            "vrp_only": 0,
            "both": 0,
            "base_only": 0,
            "neither": 25
          }
        },
        {
          "archive": 29,
          "new_inputs": 79,
          "cumulative_inputs": 15684,
          "new_vrp_edges": 0,
          "new_base_edges": 0,
          "cumulative_vrp_edges": 0,
          "cumulative_base_edges": 0,
          "classifications": {
            "vrp_only": 0,
            "both": 0,
            "base_only": 0,
            "neither": 79
          }
        },
        {
          "archive": 30,
          "new_inputs": 117,
          "cumulative_inputs": 15801,
          "new_vrp_edges": 0,
          "new_base_edges": 0,
          "cumulative_vrp_edges": 0,
          "cumulative_base_edges": 0,
          "classifications": {
            "vrp_only": 0,
            "both": 0,
            "base_only": 0,
            "neither": 117
          }
        },
        {
          "archive": 31,
          "new_inputs": 27,
          "cumulative_inputs": 15828,
          "new_vrp_edges": 0,
          "new_base_edges": 0,
          "cumulative_vrp_edges": 0,
          "cumulative_base_edges": 0,
          "classifications": {
            "vrp_only": 0,
            "both": 0,
            "base_only": 0,
            "neither": 27
          }
        },
        {
          "archive": 32,
          "new_inputs": 40,
          "cumulative_inputs": 15868,
          "new_vrp_edges": 0,
          "new_base_edges": 0,
          "cumulative_vrp_edges": 0,
          "cumulative_base_edges": 0,
          "classifications": {
            "vrp_only": 0,
            "both": 0,
            "base_only": 0,
            "neither": 40
          }
        },
        {
          "archive": 33,
          "new_inputs": 38,
          "cumulative_inputs": 15906,
          "new_vrp_edges": 0,
          "new_base_edges": 0,
          "cumulative_vrp_edges": 0,
          "cumulative_base_edges": 0,
          "classifications": {
            "vrp_only": 0,
            "both": 0,
            "base_only": 0,
            "neither": 38
          }
        },
        {
          "archive": 34,
          "new_inputs": 42,
          "cumulative_inputs": 15948,
          "new_vrp_edges": 0,
          "new_base_edges": 0,
          "cumulative_vrp_edges": 0,
          "cumulative_base_edges": 0,
          "classifications": {
            "vrp_only": 0,
            "both": 0,
            "base_only": 0,
            "neither": 42
          }
        },
        {
          "archive": 35,
          "new_inputs": 45,
          "cumulative_inputs": 15993,
          "new_vrp_edges": 0,
          "new_base_edges": 0,
          "cumulative_vrp_edges": 0,
          "cumulative_base_edges": 0,
          "classifications": {
            "vrp_only": 0,
            "both": 0,
            "base_only": 0,
            "neither": 45
          }
        },
        {
          "archive": 36,
          "new_inputs": 47,
          "cumulative_inputs": 16040,
          "new_vrp_edges": 0,
          "new_base_edges": 0,
          "cumulative_vrp_edges": 0,
          "cumulative_base_edges": 0,
          "classifications": {
            "vrp_only": 0,
            "both": 0,
            "base_only": 0,
            "neither": 47
          }
        },
        {
          "archive": 37,
          "new_inputs": 61,
          "cumulative_inputs": 16101,
          "new_vrp_edges": 0,
          "new_base_edges": 0,
          "cumulative_vrp_edges": 0,
          "cumulative_base_edges": 0,
          "classifications": {
            "vrp_only": 0,
            "both": 0,
            "base_only": 0,
            "neither": 61
          }
        },
        {
          "archive": 38,
          "new_inputs": 20,
          "cumulative_inputs": 16121,
          "new_vrp_edges": 0,
          "new_base_edges": 0,
          "cumulative_vrp_edges": 0,
          "cumulative_base_edges": 0,
          "classifications": {
            "vrp_only": 0,
            "both": 0,
            "base_only": 0,
            "neither": 20
          }
        },
        {
          "archive": 39,
          "new_inputs": 27,
          "cumulative_inputs": 16148,
          "new_vrp_edges": 0,
          "new_base_edges": 0,
          "cumulative_vrp_edges": 0,
          "cumulative_base_edges": 0,
          "classifications": {
            "vrp_only": 0,
            "both": 0,
            "base_only": 0,
            "neither": 27
          }
        },
        {
          "archive": 40,
          "new_inputs": 24,
          "cumulative_inputs": 16172,
          "new_vrp_edges": 0,
          "new_base_edges": 0,
          "cumulative_vrp_edges": 0,
          "cumulative_base_edges": 0,
          "classifications": {
            "vrp_only": 0,
            "both": 0,
            "base_only": 0,
            "neither": 24
          }
        },
        {
          "archive": 41,
          "new_inputs": 22,
          "cumulative_inputs": 16194,
          "new_vrp_edges": 0,
          "new_base_edges": 0,
          "cumulative_vrp_edges": 0,
          "cumulative_base_edges": 0,
          "classifications": {
            "vrp_only": 0,
            "both": 0,
            "base_only": 0,
            "neither": 22
          }
        },
        {
          "archive": 42,
          "new_inputs": 20,
          "cumulative_inputs": 16214,
          "new_vrp_edges": 0,
          "new_base_edges": 0,
          "cumulative_vrp_edges": 0,
          "cumulative_base_edges": 0,
          "classifications": {
            "vrp_only": 0,
            "both": 0,
            "base_only": 0,
            "neither": 20
          }
        },
        {
          "archive": 43,
          "new_inputs": 23,
          "cumulative_inputs": 16237,
          "new_vrp_edges": 0,
          "new_base_edges": 0,
          "cumulative_vrp_edges": 0,
          "cumulative_base_edges": 0,
          "classifications": {
            "vrp_only": 0,
            "both": 0,
            "base_only": 0,
            "neither": 23
          }
        },
        {
          "archive": 44,
          "new_inputs": 22,
          "cumulative_inputs": 16259,
          "new_vrp_edges": 0,
          "new_base_edges": 0,
          "cumulative_vrp_edges": 0,
          "cumulative_base_edges": 0,
          "classifications": {
            "vrp_only": 0,
            "both": 0,
            "base_only": 0,
            "neither": 22
          }
        },
        {
          "archive": 45,
          "new_inputs": 31,
          "cumulative_inputs": 16290,
          "new_vrp_edges": 0,
          "new_base_edges": 0,
          "cumulative_vrp_edges": 0,
          "cumulative_base_edges": 0,
          "classifications": {
            "vrp_only": 0,
            "both": 0,
            "base_only": 0,
            "neither": 31
          }
        },
        {
          "archive": 46,
          "new_inputs": 21,
          "cumulative_inputs": 16311,
          "new_vrp_edges": 0,
          "new_base_edges": 0,
          "cumulative_vrp_edges": 0,
          "cumulative_base_edges": 0,
          "classifications": {
            "vrp_only": 0,
            "both": 0,
            "base_only": 0,
            "neither": 21
          }
        },
        {
          "archive": 47,
          "new_inputs": 64,
          "cumulative_inputs": 16375,
          "new_vrp_edges": 0,
          "new_base_edges": 0,
          "cumulative_vrp_edges": 0,
          "cumulative_base_edges": 0,
          "classifications": {
            "vrp_only": 0,
            "both": 0,
            "base_only": 0,
            "neither": 64
          }
        },
        {
          "archive": 48,
          "new_inputs": 64,
          "cumulative_inputs": 16439,
          "new_vrp_edges": 0,
          "new_base_edges": 0,
          "cumulative_vrp_edges": 0,
          "cumulative_base_edges": 0,
          "classifications": {
            "vrp_only": 0,
            "both": 0,
            "base_only": 0,
            "neither": 64
          }
        },
        {
          "archive": 49,
          "new_inputs": 27,
          "cumulative_inputs": 16466,
          "new_vrp_edges": 0,
          "new_base_edges": 0,
          "cumulative_vrp_edges": 0,
          "cumulative_base_edges": 0,
          "classifications": {
            "vrp_only": 0,
            "both": 0,
            "base_only": 0,
            "neither": 27
          }
        },
        {
          "archive": 50,
          "new_inputs": 15,
          "cumulative_inputs": 16481,
          "new_vrp_edges": 0,
          "new_base_edges": 0,
          "cumulative_vrp_edges": 0,
          "cumulative_base_edges": 0,
          "classifications": {
            "vrp_only": 0,
            "both": 0,
            "base_only": 0,
            "neither": 15
          }
        },
        {
          "archive": 51,
          "new_inputs": 26,
          "cumulative_inputs": 16507,
          "new_vrp_edges": 0,
          "new_base_edges": 0,
          "cumulative_vrp_edges": 0,
          "cumulative_base_edges": 0,
          "classifications": {
            "vrp_only": 0,
            "both": 0,
            "base_only": 0,
            "neither": 26
          }
        },
        {
          "archive": 52,
          "new_inputs": 27,
          "cumulative_inputs": 16534,
          "new_vrp_edges": 0,
          "new_base_edges": 0,
          "cumulative_vrp_edges": 0,
          "cumulative_base_edges": 0,
          "classifications": {
            "vrp_only": 0,
            "both": 0,
            "base_only": 0,
            "neither": 27
          }
        },
        {
          "archive": 53,
          "new_inputs": 13,
          "cumulative_inputs": 16547,
          "new_vrp_edges": 0,
          "new_base_edges": 0,
          "cumulative_vrp_edges": 0,
          "cumulative_base_edges": 0,
          "classifications": {
            "vrp_only": 0,
            "both": 0,
            "base_only": 0,
            "neither": 13
          }
        },
        {
          "archive": 54,
          "new_inputs": 17,
          "cumulative_inputs": 16564,
          "new_vrp_edges": 0,
          "new_base_edges": 0,
          "cumulative_vrp_edges": 0,
          "cumulative_base_edges": 0,
          "classifications": {
            "vrp_only": 0,
            "both": 0,
            "base_only": 0,
            "neither": 17
          }
        },
        {
          "archive": 55,
          "new_inputs": 24,
          "cumulative_inputs": 16588,
          "new_vrp_edges": 0,
          "new_base_edges": 0,
          "cumulative_vrp_edges": 0,
          "cumulative_base_edges": 0,
          "classifications": {
            "vrp_only": 0,
            "both": 0,
            "base_only": 0,
            "neither": 24
          }
        },
        {
          "archive": 56,
          "new_inputs": 22,
          "cumulative_inputs": 16610,
          "new_vrp_edges": 0,
          "new_base_edges": 0,
          "cumulative_vrp_edges": 0,
          "cumulative_base_edges": 0,
          "classifications": {
            "vrp_only": 0,
            "both": 0,
            "base_only": 0,
            "neither": 22
          }
        },
        {
          "archive": 57,
          "new_inputs": 19,
          "cumulative_inputs": 16629,
          "new_vrp_edges": 0,
          "new_base_edges": 0,
          "cumulative_vrp_edges": 0,
          "cumulative_base_edges": 0,
          "classifications": {
            "vrp_only": 0,
            "both": 0,
            "base_only": 0,
            "neither": 19
          }
        },
        {
          "archive": 58,
          "new_inputs": 9,
          "cumulative_inputs": 16638,
          "new_vrp_edges": 0,
          "new_base_edges": 0,
          "cumulative_vrp_edges": 0,
          "cumulative_base_edges": 0,
          "classifications": {
            "vrp_only": 0,
            "both": 0,
            "base_only": 0,
            "neither": 9
          }
        },
        {
          "archive": 59,
          "new_inputs": 20,
          "cumulative_inputs": 16658,
          "new_vrp_edges": 0,
          "new_base_edges": 0,
          "cumulative_vrp_edges": 0,
          "cumulative_base_edges": 0,
          "classifications": {
            "vrp_only": 0,
            "both": 0,
            "base_only": 0,
            "neither": 20
          }
        },
        {
          "archive": 60,
          "new_inputs": 23,
          "cumulative_inputs": 16681,
          "new_vrp_edges": 0,
          "new_base_edges": 0,
          "cumulative_vrp_edges": 0,
          "cumulative_base_edges": 0,
          "classifications": {
            "vrp_only": 0,
            "both": 0,
            "base_only": 0,
            "neither": 23
          }
        },
        {
          "archive": 61,
          "new_inputs": 11,
          "cumulative_inputs": 16692,
          "new_vrp_edges": 0,
          "new_base_edges": 0,
          "cumulative_vrp_edges": 0,
          "cumulative_base_edges": 0,
          "classifications": {
            "vrp_only": 0,
            "both": 0,
            "base_only": 0,
            "neither": 11
          }
        },
        {
          "archive": 62,
          "new_inputs": 10,
          "cumulative_inputs": 16702,
          "new_vrp_edges": 0,
          "new_base_edges": 0,
          "cumulative_vrp_edges": 0,
          "cumulative_base_edges": 0,
          "classifications": {
            "vrp_only": 0,
            "both": 0,
            "base_only": 0,
            "neither": 10
          }
        },
        {
          "archive": 63,
          "new_inputs": 9,
          "cumulative_inputs": 16711,
          "new_vrp_edges": 0,
          "new_base_edges": 0,
          "cumulative_vrp_edges": 0,
          "cumulative_base_edges": 0,
          "classifications": {
            "vrp_only": 0,
            "both": 0,
            "base_only": 0,
            "neither": 9
          }
        },
        {
          "archive": 64,
          "new_inputs": 11,
          "cumulative_inputs": 16722,
          "new_vrp_edges": 0,
          "new_base_edges": 0,
          "cumulative_vrp_edges": 0,
          "cumulative_base_edges": 0,
          "classifications": {
            "vrp_only": 0,
            "both": 0,
            "base_only": 0,
            "neither": 11
          }
        },
        {
          "archive": 65,
          "new_inputs": 17,
          "cumulative_inputs": 16739,
          "new_vrp_edges": 0,
          "new_base_edges": 0,
          "cumulative_vrp_edges": 0,
          "cumulative_base_edges": 0,
          "classifications": {
            "vrp_only": 0,
            "both": 0,
            "base_only": 0,
            "neither": 17
          }
        },
        {
          "archive": 66,
          "new_inputs": 10,
          "cumulative_inputs": 16749,
          "new_vrp_edges": 0,
          "new_base_edges": 0,
          "cumulative_vrp_edges": 0,
          "cumulative_base_edges": 0,
          "classifications": {
            "vrp_only": 0,
            "both": 0,
            "base_only": 0,
            "neither": 10
          }
        },
        {
          "archive": 67,
          "new_inputs": 10,
          "cumulative_inputs": 16759,
          "new_vrp_edges": 0,
          "new_base_edges": 0,
          "cumulative_vrp_edges": 0,
          "cumulative_base_edges": 0,
          "classifications": {
            "vrp_only": 0,
            "both": 0,
            "base_only": 0,
            "neither": 10
          }
        },
        {
          "archive": 68,
          "new_inputs": 15,
          "cumulative_inputs": 16774,
          "new_vrp_edges": 0,
          "new_base_edges": 0,
          "cumulative_vrp_edges": 0,
          "cumulative_base_edges": 0,
          "classifications": {
            "vrp_only": 0,
            "both": 0,
            "base_only": 0,
            "neither": 15
          }
        },
        {
          "archive": 69,
          "new_inputs": 11,
          "cumulative_inputs": 16785,
          "new_vrp_edges": 0,
          "new_base_edges": 0,
          "cumulative_vrp_edges": 0,
          "cumulative_base_edges": 0,
          "classifications": {
            "vrp_only": 0,
            "both": 0,
            "base_only": 0,
            "neither": 11
          }
        },
        {
          "archive": 70,
          "new_inputs": 8,
          "cumulative_inputs": 16793,
          "new_vrp_edges": 0,
          "new_base_edges": 0,
          "cumulative_vrp_edges": 0,
          "cumulative_base_edges": 0,
          "classifications": {
            "vrp_only": 0,
            "both": 0,
            "base_only": 0,
            "neither": 8
          }
        },
        {
          "archive": 71,
          "new_inputs": 19,
          "cumulative_inputs": 16812,
          "new_vrp_edges": 0,
          "new_base_edges": 0,
          "cumulative_vrp_edges": 0,
          "cumulative_base_edges": 0,
          "classifications": {
            "vrp_only": 0,
            "both": 0,
            "base_only": 0,
            "neither": 19
          }
        },
        {
          "archive": 72,
          "new_inputs": 20,
          "cumulative_inputs": 16832,
          "new_vrp_edges": 0,
          "new_base_edges": 0,
          "cumulative_vrp_edges": 0,
          "cumulative_base_edges": 0,
          "classifications": {
            "vrp_only": 0,
            "both": 0,
            "base_only": 0,
            "neither": 20
          }
        },
        {
          "archive": 73,
          "new_inputs": 30,
          "cumulative_inputs": 16862,
          "new_vrp_edges": 0,
          "new_base_edges": 0,
          "cumulative_vrp_edges": 0,
          "cumulative_base_edges": 0,
          "classifications": {
            "vrp_only": 0,
            "both": 0,
            "base_only": 0,
            "neither": 30
          }
        },
        {
          "archive": 74,
          "new_inputs": 100,
          "cumulative_inputs": 16962,
          "new_vrp_edges": 0,
          "new_base_edges": 0,
          "cumulative_vrp_edges": 0,
          "cumulative_base_edges": 0,
          "classifications": {
            "vrp_only": 0,
            "both": 0,
            "base_only": 0,
            "neither": 100
          }
        },
        {
          "archive": 75,
          "new_inputs": 11,
          "cumulative_inputs": 16973,
          "new_vrp_edges": 0,
          "new_base_edges": 0,
          "cumulative_vrp_edges": 0,
          "cumulative_base_edges": 0,
          "classifications": {
            "vrp_only": 0,
            "both": 0,
            "base_only": 0,
            "neither": 11
          }
        },
        {
          "archive": 76,
          "new_inputs": 20,
          "cumulative_inputs": 16993,
          "new_vrp_edges": 0,
          "new_base_edges": 0,
          "cumulative_vrp_edges": 0,
          "cumulative_base_edges": 0,
          "classifications": {
            "vrp_only": 0,
            "both": 0,
            "base_only": 0,
            "neither": 20
          }
        },
        {
          "archive": 77,
          "new_inputs": 11,
          "cumulative_inputs": 17004,
          "new_vrp_edges": 0,
          "new_base_edges": 0,
          "cumulative_vrp_edges": 0,
          "cumulative_base_edges": 0,
          "classifications": {
            "vrp_only": 0,
            "both": 0,
            "base_only": 0,
            "neither": 11
          }
        },
        {
          "archive": 78,
          "new_inputs": 24,
          "cumulative_inputs": 17028,
          "new_vrp_edges": 0,
          "new_base_edges": 0,
          "cumulative_vrp_edges": 0,
          "cumulative_base_edges": 0,
          "classifications": {
            "vrp_only": 0,
            "both": 0,
            "base_only": 0,
            "neither": 24
          }
        },
        {
          "archive": 79,
          "new_inputs": 48,
          "cumulative_inputs": 17076,
          "new_vrp_edges": 0,
          "new_base_edges": 0,
          "cumulative_vrp_edges": 0,
          "cumulative_base_edges": 0,
          "classifications": {
            "vrp_only": 0,
            "both": 0,
            "base_only": 0,
            "neither": 48
          }
        },
        {
          "archive": 80,
          "new_inputs": 73,
          "cumulative_inputs": 17149,
          "new_vrp_edges": 0,
          "new_base_edges": 0,
          "cumulative_vrp_edges": 0,
          "cumulative_base_edges": 0,
          "classifications": {
            "vrp_only": 0,
            "both": 0,
            "base_only": 0,
            "neither": 73
          }
        },
        {
          "archive": 81,
          "new_inputs": 36,
          "cumulative_inputs": 17185,
          "new_vrp_edges": 0,
          "new_base_edges": 0,
          "cumulative_vrp_edges": 0,
          "cumulative_base_edges": 0,
          "classifications": {
            "vrp_only": 0,
            "both": 0,
            "base_only": 0,
            "neither": 36
          }
        },
        {
          "archive": 82,
          "new_inputs": 27,
          "cumulative_inputs": 17212,
          "new_vrp_edges": 0,
          "new_base_edges": 0,
          "cumulative_vrp_edges": 0,
          "cumulative_base_edges": 0,
          "classifications": {
            "vrp_only": 0,
            "both": 0,
            "base_only": 0,
            "neither": 27
          }
        },
        {
          "archive": 83,
          "new_inputs": 16,
          "cumulative_inputs": 17228,
          "new_vrp_edges": 0,
          "new_base_edges": 0,
          "cumulative_vrp_edges": 0,
          "cumulative_base_edges": 0,
          "classifications": {
            "vrp_only": 0,
            "both": 0,
            "base_only": 0,
            "neither": 16
          }
        },
        {
          "archive": 84,
          "new_inputs": 22,
          "cumulative_inputs": 17250,
          "new_vrp_edges": 0,
          "new_base_edges": 0,
          "cumulative_vrp_edges": 0,
          "cumulative_base_edges": 0,
          "classifications": {
            "vrp_only": 0,
            "both": 0,
            "base_only": 0,
            "neither": 22
          }
        },
        {
          "archive": 85,
          "new_inputs": 32,
          "cumulative_inputs": 17282,
          "new_vrp_edges": 0,
          "new_base_edges": 0,
          "cumulative_vrp_edges": 0,
          "cumulative_base_edges": 0,
          "classifications": {
            "vrp_only": 0,
            "both": 0,
            "base_only": 0,
            "neither": 32
          }
        },
        {
          "archive": 86,
          "new_inputs": 6,
          "cumulative_inputs": 17288,
          "new_vrp_edges": 0,
          "new_base_edges": 0,
          "cumulative_vrp_edges": 0,
          "cumulative_base_edges": 0,
          "classifications": {
            "vrp_only": 0,
            "both": 0,
            "base_only": 0,
            "neither": 6
          }
        },
        {
          "archive": 87,
          "new_inputs": 9,
          "cumulative_inputs": 17297,
          "new_vrp_edges": 0,
          "new_base_edges": 0,
          "cumulative_vrp_edges": 0,
          "cumulative_base_edges": 0,
          "classifications": {
            "vrp_only": 0,
            "both": 0,
            "base_only": 0,
            "neither": 9
          }
        },
        {
          "archive": 88,
          "new_inputs": 12,
          "cumulative_inputs": 17309,
          "new_vrp_edges": 0,
          "new_base_edges": 0,
          "cumulative_vrp_edges": 0,
          "cumulative_base_edges": 0,
          "classifications": {
            "vrp_only": 0,
            "both": 0,
            "base_only": 0,
            "neither": 12
          }
        },
        {
          "archive": 89,
          "new_inputs": 21,
          "cumulative_inputs": 17330,
          "new_vrp_edges": 0,
          "new_base_edges": 0,
          "cumulative_vrp_edges": 0,
          "cumulative_base_edges": 0,
          "classifications": {
            "vrp_only": 0,
            "both": 0,
            "base_only": 0,
            "neither": 21
          }
        },
        {
          "archive": 90,
          "new_inputs": 13,
          "cumulative_inputs": 17343,
          "new_vrp_edges": 0,
          "new_base_edges": 0,
          "cumulative_vrp_edges": 0,
          "cumulative_base_edges": 0,
          "classifications": {
            "vrp_only": 0,
            "both": 0,
            "base_only": 0,
            "neither": 13
          }
        },
        {
          "archive": 91,
          "new_inputs": 3,
          "cumulative_inputs": 17346,
          "new_vrp_edges": 0,
          "new_base_edges": 0,
          "cumulative_vrp_edges": 0,
          "cumulative_base_edges": 0,
          "classifications": {
            "vrp_only": 0,
            "both": 0,
            "base_only": 0,
            "neither": 3
          }
        },
        {
          "archive": 92,
          "new_inputs": 3,
          "cumulative_inputs": 17349,
          "new_vrp_edges": 0,
          "new_base_edges": 0,
          "cumulative_vrp_edges": 0,
          "cumulative_base_edges": 0,
          "classifications": {
            "vrp_only": 0,
            "both": 0,
            "base_only": 0,
            "neither": 3
          }
        },
        {
          "archive": 93,
          "new_inputs": 9,
          "cumulative_inputs": 17358,
          "new_vrp_edges": 0,
          "new_base_edges": 0,
          "cumulative_vrp_edges": 0,
          "cumulative_base_edges": 0,
          "classifications": {
            "vrp_only": 0,
            "both": 0,
            "base_only": 0,
            "neither": 9
          }
        },
        {
          "archive": 94,
          "new_inputs": 5,
          "cumulative_inputs": 17363,
          "new_vrp_edges": 0,
          "new_base_edges": 0,
          "cumulative_vrp_edges": 0,
          "cumulative_base_edges": 0,
          "classifications": {
            "vrp_only": 0,
            "both": 0,
            "base_only": 0,
            "neither": 5
          }
        },
        {
          "archive": 95,
          "new_inputs": 31,
          "cumulative_inputs": 17394,
          "new_vrp_edges": 0,
          "new_base_edges": 0,
          "cumulative_vrp_edges": 0,
          "cumulative_base_edges": 0,
          "classifications": {
            "vrp_only": 0,
            "both": 0,
            "base_only": 0,
            "neither": 31
          }
        },
        {
          "archive": 96,
          "new_inputs": 0,
          "cumulative_inputs": 17394,
          "new_vrp_edges": 0,
          "new_base_edges": 0,
          "cumulative_vrp_edges": 0,
          "cumulative_base_edges": 0,
          "classifications": {
            "vrp_only": 0,
            "both": 0,
            "base_only": 0,
            "neither": 0
          }
        }
      ],
      "summary": {
        "total_inputs": 17394,
        "total_vrp_edges": 0,
        "total_base_edges": 0,
        "entanglement_rate": 0.0,
        "vrp_only_count": 0,
        "both_count": 0,
        "base_only_count": 0,
        "neither_count": 17394
      }
    },
    "vrp_bucket_entanglement": {
      "summary": {
        "total_inputs": 17394,
        "bucket_entanglement_rate": 0.0,
        "vrp_only": 0,
        "both": 0,
        "base_only": 0,
        "neither": 17394,
        "edge_neither_but_bucket_interesting": 0
      }
    },
    "vrp_gradient": {
      "summary": {
        "total_vrp_edges_seen": 0,
        "singleton_edges": 0,
        "low_freq_edges": 0,
        "high_freq_edges": 0,
        "vrp_exclusive_singletons": 0,
        "hit_count_distribution": {
          "1": 0,
          "2-3": 0,
          "4-10": 0,
          "11-50": 0,
          "51-200": 0,
          "200+": 0
        }
      }
    },
    "edge_growth": {
      "growth_curve": [
        {
          "archive": 0,
          "total_inputs": 2,
          "vrp_edges": 0,
          "base_edges": 0
        },
        {
          "archive": 1,
          "total_inputs": 6404,
          "vrp_edges": 0,
          "base_edges": 0
        },
        {
          "archive": 2,
          "total_inputs": 8547,
          "vrp_edges": 0,
          "base_edges": 0
        },
        {
          "archive": 3,
          "total_inputs": 9776,
          "vrp_edges": 0,
          "base_edges": 0
        },
        {
          "archive": 4,
          "total_inputs": 10790,
          "vrp_edges": 0,
          "base_edges": 0
        },
        {
          "archive": 5,
          "total_inputs": 11635,
          "vrp_edges": 0,
          "base_edges": 0
        },
        {
          "archive": 6,
          "total_inputs": 12357,
          "vrp_edges": 0,
          "base_edges": 0
        },
        {
          "archive": 7,
          "total_inputs": 12979,
          "vrp_edges": 0,
          "base_edges": 0
        },
        {
          "archive": 8,
          "total_inputs": 13318,
          "vrp_edges": 0,
          "base_edges": 0
        },
        {
          "archive": 9,
          "total_inputs": 13524,
          "vrp_edges": 0,
          "base_edges": 0
        },
        {
          "archive": 10,
          "total_inputs": 13676,
          "vrp_edges": 0,
          "base_edges": 0
        },
        {
          "archive": 11,
          "total_inputs": 13830,
          "vrp_edges": 0,
          "base_edges": 0
        },
        {
          "archive": 12,
          "total_inputs": 14057,
          "vrp_edges": 0,
          "base_edges": 0
        },
        {
          "archive": 13,
          "total_inputs": 14401,
          "vrp_edges": 0,
          "base_edges": 0
        },
        {
          "archive": 14,
          "total_inputs": 14551,
          "vrp_edges": 0,
          "base_edges": 0
        },
        {
          "archive": 15,
          "total_inputs": 14708,
          "vrp_edges": 0,
          "base_edges": 0
        },
        {
          "archive": 16,
          "total_inputs": 14857,
          "vrp_edges": 0,
          "base_edges": 0
        },
        {
          "archive": 17,
          "total_inputs": 14956,
          "vrp_edges": 0,
          "base_edges": 0
        },
        {
          "archive": 18,
          "total_inputs": 15028,
          "vrp_edges": 0,
          "base_edges": 0
        },
        {
          "archive": 19,
          "total_inputs": 15110,
          "vrp_edges": 0,
          "base_edges": 0
        },
        {
          "archive": 20,
          "total_inputs": 15169,
          "vrp_edges": 0,
          "base_edges": 0
        },
        {
          "archive": 21,
          "total_inputs": 15234,
          "vrp_edges": 0,
          "base_edges": 0
        },
        {
          "archive": 22,
          "total_inputs": 15265,
          "vrp_edges": 0,
          "base_edges": 0
        },
        {
          "archive": 23,
          "total_inputs": 15317,
          "vrp_edges": 0,
          "base_edges": 0
        },
        {
          "archive": 24,
          "total_inputs": 15362,
          "vrp_edges": 0,
          "base_edges": 0
        },
        {
          "archive": 25,
          "total_inputs": 15429,
          "vrp_edges": 0,
          "base_edges": 0
        },
        {
          "archive": 26,
          "total_inputs": 15508,
          "vrp_edges": 0,
          "base_edges": 0
        },
        {
          "archive": 27,
          "total_inputs": 15580,
          "vrp_edges": 0,
          "base_edges": 0
        },
        {
          "archive": 28,
          "total_inputs": 15605,
          "vrp_edges": 0,
          "base_edges": 0
        },
        {
          "archive": 29,
          "total_inputs": 15684,
          "vrp_edges": 0,
          "base_edges": 0
        },
        {
          "archive": 30,
          "total_inputs": 15801,
          "vrp_edges": 0,
          "base_edges": 0
        },
        {
          "archive": 31,
          "total_inputs": 15828,
          "vrp_edges": 0,
          "base_edges": 0
        },
        {
          "archive": 32,
          "total_inputs": 15868,
          "vrp_edges": 0,
          "base_edges": 0
        },
        {
          "archive": 33,
          "total_inputs": 15906,
          "vrp_edges": 0,
          "base_edges": 0
        },
        {
          "archive": 34,
          "total_inputs": 15948,
          "vrp_edges": 0,
          "base_edges": 0
        },
        {
          "archive": 35,
          "total_inputs": 15993,
          "vrp_edges": 0,
          "base_edges": 0
        },
        {
          "archive": 36,
          "total_inputs": 16040,
          "vrp_edges": 0,
          "base_edges": 0
        },
        {
          "archive": 37,
          "total_inputs": 16101,
          "vrp_edges": 0,
          "base_edges": 0
        },
        {
          "archive": 38,
          "total_inputs": 16121,
          "vrp_edges": 0,
          "base_edges": 0
        },
        {
          "archive": 39,
          "total_inputs": 16148,
          "vrp_edges": 0,
          "base_edges": 0
        },
        {
          "archive": 40,
          "total_inputs": 16172,
          "vrp_edges": 0,
          "base_edges": 0
        },
        {
          "archive": 41,
          "total_inputs": 16194,
          "vrp_edges": 0,
          "base_edges": 0
        },
        {
          "archive": 42,
          "total_inputs": 16214,
          "vrp_edges": 0,
          "base_edges": 0
        },
        {
          "archive": 43,
          "total_inputs": 16237,
          "vrp_edges": 0,
          "base_edges": 0
        },
        {
          "archive": 44,
          "total_inputs": 16259,
          "vrp_edges": 0,
          "base_edges": 0
        },
        {
          "archive": 45,
          "total_inputs": 16290,
          "vrp_edges": 0,
          "base_edges": 0
        },
        {
          "archive": 46,
          "total_inputs": 16311,
          "vrp_edges": 0,
          "base_edges": 0
        },
        {
          "archive": 47,
          "total_inputs": 16375,
          "vrp_edges": 0,
          "base_edges": 0
        },
        {
          "archive": 48,
          "total_inputs": 16439,
          "vrp_edges": 0,
          "base_edges": 0
        },
        {
          "archive": 49,
          "total_inputs": 16466,
          "vrp_edges": 0,
          "base_edges": 0
        },
        {
          "archive": 50,
          "total_inputs": 16481,
          "vrp_edges": 0,
          "base_edges": 0
        },
        {
          "archive": 51,
          "total_inputs": 16507,
          "vrp_edges": 0,
          "base_edges": 0
        },
        {
          "archive": 52,
          "total_inputs": 16534,
          "vrp_edges": 0,
          "base_edges": 0
        },
        {
          "archive": 53,
          "total_inputs": 16547,
          "vrp_edges": 0,
          "base_edges": 0
        },
        {
          "archive": 54,
          "total_inputs": 16564,
          "vrp_edges": 0,
          "base_edges": 0
        },
        {
          "archive": 55,
          "total_inputs": 16588,
          "vrp_edges": 0,
          "base_edges": 0
        },
        {
          "archive": 56,
          "total_inputs": 16610,
          "vrp_edges": 0,
          "base_edges": 0
        },
        {
          "archive": 57,
          "total_inputs": 16629,
          "vrp_edges": 0,
          "base_edges": 0
        },
        {
          "archive": 58,
          "total_inputs": 16638,
          "vrp_edges": 0,
          "base_edges": 0
        },
        {
          "archive": 59,
          "total_inputs": 16658,
          "vrp_edges": 0,
          "base_edges": 0
        },
        {
          "archive": 60,
          "total_inputs": 16681,
          "vrp_edges": 0,
          "base_edges": 0
        },
        {
          "archive": 61,
          "total_inputs": 16692,
          "vrp_edges": 0,
          "base_edges": 0
        },
        {
          "archive": 62,
          "total_inputs": 16702,
          "vrp_edges": 0,
          "base_edges": 0
        },
        {
          "archive": 63,
          "total_inputs": 16711,
          "vrp_edges": 0,
          "base_edges": 0
        },
        {
          "archive": 64,
          "total_inputs": 16722,
          "vrp_edges": 0,
          "base_edges": 0
        },
        {
          "archive": 65,
          "total_inputs": 16739,
          "vrp_edges": 0,
          "base_edges": 0
        },
        {
          "archive": 66,
          "total_inputs": 16749,
          "vrp_edges": 0,
          "base_edges": 0
        },
        {
          "archive": 67,
          "total_inputs": 16759,
          "vrp_edges": 0,
          "base_edges": 0
        },
        {
          "archive": 68,
          "total_inputs": 16774,
          "vrp_edges": 0,
          "base_edges": 0
        },
        {
          "archive": 69,
          "total_inputs": 16785,
          "vrp_edges": 0,
          "base_edges": 0
        },
        {
          "archive": 70,
          "total_inputs": 16793,
          "vrp_edges": 0,
          "base_edges": 0
        },
        {
          "archive": 71,
          "total_inputs": 16812,
          "vrp_edges": 0,
          "base_edges": 0
        },
        {
          "archive": 72,
          "total_inputs": 16832,
          "vrp_edges": 0,
          "base_edges": 0
        },
        {
          "archive": 73,
          "total_inputs": 16862,
          "vrp_edges": 0,
          "base_edges": 0
        },
        {
          "archive": 74,
          "total_inputs": 16962,
          "vrp_edges": 0,
          "base_edges": 0
        },
        {
          "archive": 75,
          "total_inputs": 16973,
          "vrp_edges": 0,
          "base_edges": 0
        },
        {
          "archive": 76,
          "total_inputs": 16993,
          "vrp_edges": 0,
          "base_edges": 0
        },
        {
          "archive": 77,
          "total_inputs": 17004,
          "vrp_edges": 0,
          "base_edges": 0
        },
        {
          "archive": 78,
          "total_inputs": 17028,
          "vrp_edges": 0,
          "base_edges": 0
        },
        {
          "archive": 79,
          "total_inputs": 17076,
          "vrp_edges": 0,
          "base_edges": 0
        },
        {
          "archive": 80,
          "total_inputs": 17149,
          "vrp_edges": 0,
          "base_edges": 0
        },
        {
          "archive": 81,
          "total_inputs": 17185,
          "vrp_edges": 0,
          "base_edges": 0
        },
        {
          "archive": 82,
          "total_inputs": 17212,
          "vrp_edges": 0,
          "base_edges": 0
        },
        {
          "archive": 83,
          "total_inputs": 17228,
          "vrp_edges": 0,
          "base_edges": 0
        },
        {
          "archive": 84,
          "total_inputs": 17250,
          "vrp_edges": 0,
          "base_edges": 0
        },
        {
          "archive": 85,
          "total_inputs": 17282,
          "vrp_edges": 0,
          "base_edges": 0
        },
        {
          "archive": 86,
          "total_inputs": 17288,
          "vrp_edges": 0,
          "base_edges": 0
        },
        {
          "archive": 87,
          "total_inputs": 17297,
          "vrp_edges": 0,
          "base_edges": 0
        },
        {
          "archive": 88,
          "total_inputs": 17309,
          "vrp_edges": 0,
          "base_edges": 0
        },
        {
          "archive": 89,
          "total_inputs": 17330,
          "vrp_edges": 0,
          "base_edges": 0
        },
        {
          "archive": 90,
          "total_inputs": 17343,
          "vrp_edges": 0,
          "base_edges": 0
        },
        {
          "archive": 91,
          "total_inputs": 17346,
          "vrp_edges": 0,
          "base_edges": 0
        },
        {
          "archive": 92,
          "total_inputs": 17349,
          "vrp_edges": 0,
          "base_edges": 0
        },
        {
          "archive": 93,
          "total_inputs": 17358,
          "vrp_edges": 0,
          "base_edges": 0
        },
        {
          "archive": 94,
          "total_inputs": 17363,
          "vrp_edges": 0,
          "base_edges": 0
        },
        {
          "archive": 95,
          "total_inputs": 17394,
          "vrp_edges": 0,
          "base_edges": 0
        },
        {
          "archive": 96,
          "total_inputs": 17394,
          "vrp_edges": 0,
          "base_edges": 0
        }
      ],
      "final_vrp_edges": 0,
      "final_base_edges": 0,
      "total_inputs": 17394
    },
    "speed": {
      "per_archive": [
        {
          "archive": 0,
          "inputs": 2,
          "mean_vrp_ms": 12.802,
          "mean_base_ms": 13.839,
          "overhead": 0.9251
        },
        {
          "archive": 1,
          "inputs": 6402,
          "mean_vrp_ms": 0.02,
          "mean_base_ms": 0.021,
          "overhead": 0.9839
        },
        {
          "archive": 2,
          "inputs": 2143,
          "mean_vrp_ms": 0.022,
          "mean_base_ms": 0.022,
          "overhead": 0.9899
        },
        {
          "archive": 3,
          "inputs": 1229,
          "mean_vrp_ms": 0.023,
          "mean_base_ms": 0.025,
          "overhead": 0.917
        },
        {
          "archive": 4,
          "inputs": 1014,
          "mean_vrp_ms": 0.031,
          "mean_base_ms": 0.034,
          "overhead": 0.9002
        },
        {
          "archive": 5,
          "inputs": 845,
          "mean_vrp_ms": 0.036,
          "mean_base_ms": 0.031,
          "overhead": 1.1525
        },
        {
          "archive": 6,
          "inputs": 722,
          "mean_vrp_ms": 0.03,
          "mean_base_ms": 0.03,
          "overhead": 1.011
        },
        {
          "archive": 7,
          "inputs": 622,
          "mean_vrp_ms": 0.038,
          "mean_base_ms": 0.038,
          "overhead": 0.9975
        },
        {
          "archive": 8,
          "inputs": 339,
          "mean_vrp_ms": 0.048,
          "mean_base_ms": 0.056,
          "overhead": 0.8572
        },
        {
          "archive": 9,
          "inputs": 206,
          "mean_vrp_ms": 0.077,
          "mean_base_ms": 0.077,
          "overhead": 0.9915
        },
        {
          "archive": 10,
          "inputs": 152,
          "mean_vrp_ms": 0.109,
          "mean_base_ms": 0.105,
          "overhead": 1.0384
        },
        {
          "archive": 11,
          "inputs": 154,
          "mean_vrp_ms": 0.096,
          "mean_base_ms": 0.095,
          "overhead": 1.0098
        },
        {
          "archive": 12,
          "inputs": 227,
          "mean_vrp_ms": 0.061,
          "mean_base_ms": 0.061,
          "overhead": 0.9893
        },
        {
          "archive": 13,
          "inputs": 344,
          "mean_vrp_ms": 0.049,
          "mean_base_ms": 0.048,
          "overhead": 1.0103
        },
        {
          "archive": 14,
          "inputs": 150,
          "mean_vrp_ms": 0.078,
          "mean_base_ms": 0.083,
          "overhead": 0.9399
        },
        {
          "archive": 15,
          "inputs": 157,
          "mean_vrp_ms": 0.083,
          "mean_base_ms": 0.08,
          "overhead": 1.0434
        },
        {
          "archive": 16,
          "inputs": 149,
          "mean_vrp_ms": 0.093,
          "mean_base_ms": 0.104,
          "overhead": 0.9014
        },
        {
          "archive": 17,
          "inputs": 99,
          "mean_vrp_ms": 0.124,
          "mean_base_ms": 0.126,
          "overhead": 0.9884
        },
        {
          "archive": 18,
          "inputs": 72,
          "mean_vrp_ms": 0.155,
          "mean_base_ms": 0.172,
          "overhead": 0.9018
        },
        {
          "archive": 19,
          "inputs": 82,
          "mean_vrp_ms": 0.165,
          "mean_base_ms": 0.186,
          "overhead": 0.8885
        },
        {
          "archive": 20,
          "inputs": 59,
          "mean_vrp_ms": 0.204,
          "mean_base_ms": 0.209,
          "overhead": 0.9785
        },
        {
          "archive": 21,
          "inputs": 65,
          "mean_vrp_ms": 0.205,
          "mean_base_ms": 0.263,
          "overhead": 0.7771
        },
        {
          "archive": 22,
          "inputs": 31,
          "mean_vrp_ms": 0.435,
          "mean_base_ms": 0.386,
          "overhead": 1.1246
        },
        {
          "archive": 23,
          "inputs": 52,
          "mean_vrp_ms": 0.2,
          "mean_base_ms": 0.211,
          "overhead": 0.9462
        },
        {
          "archive": 24,
          "inputs": 45,
          "mean_vrp_ms": 0.268,
          "mean_base_ms": 0.27,
          "overhead": 0.993
        },
        {
          "archive": 25,
          "inputs": 67,
          "mean_vrp_ms": 0.202,
          "mean_base_ms": 0.181,
          "overhead": 1.1142
        },
        {
          "archive": 26,
          "inputs": 79,
          "mean_vrp_ms": 0.185,
          "mean_base_ms": 0.135,
          "overhead": 1.3715
        },
        {
          "archive": 27,
          "inputs": 72,
          "mean_vrp_ms": 0.16,
          "mean_base_ms": 0.156,
          "overhead": 1.0253
        },
        {
          "archive": 28,
          "inputs": 25,
          "mean_vrp_ms": 0.481,
          "mean_base_ms": 0.434,
          "overhead": 1.1077
        },
        {
          "archive": 29,
          "inputs": 79,
          "mean_vrp_ms": 0.157,
          "mean_base_ms": 0.152,
          "overhead": 1.0286
        },
        {
          "archive": 30,
          "inputs": 117,
          "mean_vrp_ms": 0.115,
          "mean_base_ms": 0.126,
          "overhead": 0.9086
        },
        {
          "archive": 31,
          "inputs": 27,
          "mean_vrp_ms": 0.466,
          "mean_base_ms": 0.388,
          "overhead": 1.2008
        },
        {
          "archive": 32,
          "inputs": 40,
          "mean_vrp_ms": 0.306,
          "mean_base_ms": 0.32,
          "overhead": 0.9563
        },
        {
          "archive": 33,
          "inputs": 38,
          "mean_vrp_ms": 0.375,
          "mean_base_ms": 0.307,
          "overhead": 1.2222
        },
        {
          "archive": 34,
          "inputs": 42,
          "mean_vrp_ms": 0.254,
          "mean_base_ms": 0.272,
          "overhead": 0.9325
        },
        {
          "archive": 35,
          "inputs": 45,
          "mean_vrp_ms": 0.259,
          "mean_base_ms": 0.284,
          "overhead": 0.9109
        },
        {
          "archive": 36,
          "inputs": 47,
          "mean_vrp_ms": 0.228,
          "mean_base_ms": 0.239,
          "overhead": 0.9555
        },
        {
          "archive": 37,
          "inputs": 61,
          "mean_vrp_ms": 0.193,
          "mean_base_ms": 0.195,
          "overhead": 0.9943
        },
        {
          "archive": 38,
          "inputs": 20,
          "mean_vrp_ms": 0.517,
          "mean_base_ms": 0.565,
          "overhead": 0.9159
        },
        {
          "archive": 39,
          "inputs": 27,
          "mean_vrp_ms": 0.388,
          "mean_base_ms": 0.415,
          "overhead": 0.935
        },
        {
          "archive": 40,
          "inputs": 24,
          "mean_vrp_ms": 0.478,
          "mean_base_ms": 0.471,
          "overhead": 1.0146
        },
        {
          "archive": 41,
          "inputs": 22,
          "mean_vrp_ms": 0.85,
          "mean_base_ms": 0.881,
          "overhead": 0.9656
        },
        {
          "archive": 42,
          "inputs": 20,
          "mean_vrp_ms": 0.752,
          "mean_base_ms": 0.692,
          "overhead": 1.0876
        },
        {
          "archive": 43,
          "inputs": 23,
          "mean_vrp_ms": 0.461,
          "mean_base_ms": 0.469,
          "overhead": 0.9831
        },
        {
          "archive": 44,
          "inputs": 22,
          "mean_vrp_ms": 0.448,
          "mean_base_ms": 0.484,
          "overhead": 0.9256
        },
        {
          "archive": 45,
          "inputs": 31,
          "mean_vrp_ms": 0.422,
          "mean_base_ms": 0.384,
          "overhead": 1.0985
        },
        {
          "archive": 46,
          "inputs": 21,
          "mean_vrp_ms": 0.628,
          "mean_base_ms": 0.496,
          "overhead": 1.2675
        },
        {
          "archive": 47,
          "inputs": 64,
          "mean_vrp_ms": 0.198,
          "mean_base_ms": 0.181,
          "overhead": 1.0927
        },
        {
          "archive": 48,
          "inputs": 64,
          "mean_vrp_ms": 0.235,
          "mean_base_ms": 0.205,
          "overhead": 1.1479
        },
        {
          "archive": 49,
          "inputs": 27,
          "mean_vrp_ms": 0.469,
          "mean_base_ms": 0.469,
          "overhead": 1.0002
        },
        {
          "archive": 50,
          "inputs": 15,
          "mean_vrp_ms": 0.79,
          "mean_base_ms": 0.727,
          "overhead": 1.0867
        },
        {
          "archive": 51,
          "inputs": 26,
          "mean_vrp_ms": 0.403,
          "mean_base_ms": 0.432,
          "overhead": 0.9314
        },
        {
          "archive": 52,
          "inputs": 27,
          "mean_vrp_ms": 0.366,
          "mean_base_ms": 0.371,
          "overhead": 0.9866
        },
        {
          "archive": 53,
          "inputs": 13,
          "mean_vrp_ms": 0.932,
          "mean_base_ms": 0.894,
          "overhead": 1.0423
        },
        {
          "archive": 54,
          "inputs": 17,
          "mean_vrp_ms": 0.58,
          "mean_base_ms": 0.612,
          "overhead": 0.9489
        },
        {
          "archive": 55,
          "inputs": 24,
          "mean_vrp_ms": 0.434,
          "mean_base_ms": 0.479,
          "overhead": 0.9061
        },
        {
          "archive": 56,
          "inputs": 22,
          "mean_vrp_ms": 0.561,
          "mean_base_ms": 0.506,
          "overhead": 1.1087
        },
        {
          "archive": 57,
          "inputs": 19,
          "mean_vrp_ms": 0.564,
          "mean_base_ms": 0.611,
          "overhead": 0.923
        },
        {
          "archive": 58,
          "inputs": 9,
          "mean_vrp_ms": 1.462,
          "mean_base_ms": 1.144,
          "overhead": 1.2777
        },
        {
          "archive": 59,
          "inputs": 20,
          "mean_vrp_ms": 0.48,
          "mean_base_ms": 0.506,
          "overhead": 0.9488
        },
        {
          "archive": 60,
          "inputs": 23,
          "mean_vrp_ms": 0.569,
          "mean_base_ms": 0.512,
          "overhead": 1.1119
        },
        {
          "archive": 61,
          "inputs": 11,
          "mean_vrp_ms": 0.892,
          "mean_base_ms": 1.07,
          "overhead": 0.8335
        },
        {
          "archive": 62,
          "inputs": 10,
          "mean_vrp_ms": 1.408,
          "mean_base_ms": 1.062,
          "overhead": 1.3264
        },
        {
          "archive": 63,
          "inputs": 9,
          "mean_vrp_ms": 1.618,
          "mean_base_ms": 1.78,
          "overhead": 0.9088
        },
        {
          "archive": 64,
          "inputs": 11,
          "mean_vrp_ms": 0.934,
          "mean_base_ms": 0.992,
          "overhead": 0.9407
        },
        {
          "archive": 65,
          "inputs": 17,
          "mean_vrp_ms": 0.801,
          "mean_base_ms": 0.662,
          "overhead": 1.2094
        },
        {
          "archive": 66,
          "inputs": 10,
          "mean_vrp_ms": 1.048,
          "mean_base_ms": 1.04,
          "overhead": 1.0076
        },
        {
          "archive": 67,
          "inputs": 10,
          "mean_vrp_ms": 0.988,
          "mean_base_ms": 1.062,
          "overhead": 0.9307
        },
        {
          "archive": 68,
          "inputs": 15,
          "mean_vrp_ms": 0.949,
          "mean_base_ms": 0.8,
          "overhead": 1.1867
        },
        {
          "archive": 69,
          "inputs": 11,
          "mean_vrp_ms": 1.349,
          "mean_base_ms": 1.09,
          "overhead": 1.2375
        },
        {
          "archive": 70,
          "inputs": 8,
          "mean_vrp_ms": 1.284,
          "mean_base_ms": 1.24,
          "overhead": 1.0355
        },
        {
          "archive": 71,
          "inputs": 19,
          "mean_vrp_ms": 0.558,
          "mean_base_ms": 0.597,
          "overhead": 0.9344
        },
        {
          "archive": 72,
          "inputs": 20,
          "mean_vrp_ms": 0.598,
          "mean_base_ms": 0.642,
          "overhead": 0.9307
        },
        {
          "archive": 73,
          "inputs": 30,
          "mean_vrp_ms": 0.432,
          "mean_base_ms": 0.376,
          "overhead": 1.1484
        },
        {
          "archive": 74,
          "inputs": 100,
          "mean_vrp_ms": 0.122,
          "mean_base_ms": 0.115,
          "overhead": 1.0557
        },
        {
          "archive": 75,
          "inputs": 11,
          "mean_vrp_ms": 1.227,
          "mean_base_ms": 0.966,
          "overhead": 1.2702
        },
        {
          "archive": 76,
          "inputs": 20,
          "mean_vrp_ms": 0.61,
          "mean_base_ms": 0.652,
          "overhead": 0.935
        },
        {
          "archive": 77,
          "inputs": 11,
          "mean_vrp_ms": 1.266,
          "mean_base_ms": 1.017,
          "overhead": 1.245
        },
        {
          "archive": 78,
          "inputs": 24,
          "mean_vrp_ms": 0.452,
          "mean_base_ms": 0.504,
          "overhead": 0.8965
        },
        {
          "archive": 79,
          "inputs": 48,
          "mean_vrp_ms": 0.262,
          "mean_base_ms": 0.252,
          "overhead": 1.04
        },
        {
          "archive": 80,
          "inputs": 73,
          "mean_vrp_ms": 0.144,
          "mean_base_ms": 0.167,
          "overhead": 0.8596
        },
        {
          "archive": 81,
          "inputs": 36,
          "mean_vrp_ms": 0.36,
          "mean_base_ms": 0.333,
          "overhead": 1.0799
        },
        {
          "archive": 82,
          "inputs": 27,
          "mean_vrp_ms": 0.426,
          "mean_base_ms": 0.498,
          "overhead": 0.8546
        },
        {
          "archive": 83,
          "inputs": 16,
          "mean_vrp_ms": 0.643,
          "mean_base_ms": 0.64,
          "overhead": 1.0046
        },
        {
          "archive": 84,
          "inputs": 22,
          "mean_vrp_ms": 0.459,
          "mean_base_ms": 0.528,
          "overhead": 0.8694
        },
        {
          "archive": 85,
          "inputs": 32,
          "mean_vrp_ms": 0.347,
          "mean_base_ms": 0.371,
          "overhead": 0.9357
        },
        {
          "archive": 86,
          "inputs": 6,
          "mean_vrp_ms": 2.271,
          "mean_base_ms": 1.993,
          "overhead": 1.1396
        },
        {
          "archive": 87,
          "inputs": 9,
          "mean_vrp_ms": 1.505,
          "mean_base_ms": 1.104,
          "overhead": 1.3635
        },
        {
          "archive": 88,
          "inputs": 12,
          "mean_vrp_ms": 1.174,
          "mean_base_ms": 0.989,
          "overhead": 1.1868
        },
        {
          "archive": 89,
          "inputs": 21,
          "mean_vrp_ms": 0.57,
          "mean_base_ms": 0.481,
          "overhead": 1.1831
        },
        {
          "archive": 90,
          "inputs": 13,
          "mean_vrp_ms": 0.994,
          "mean_base_ms": 0.869,
          "overhead": 1.1442
        },
        {
          "archive": 91,
          "inputs": 3,
          "mean_vrp_ms": 3.887,
          "mean_base_ms": 3.794,
          "overhead": 1.0244
        },
        {
          "archive": 92,
          "inputs": 3,
          "mean_vrp_ms": 3.975,
          "mean_base_ms": 3.925,
          "overhead": 1.0127
        },
        {
          "archive": 93,
          "inputs": 9,
          "mean_vrp_ms": 1.367,
          "mean_base_ms": 1.07,
          "overhead": 1.2784
        },
        {
          "archive": 94,
          "inputs": 5,
          "mean_vrp_ms": 2.222,
          "mean_base_ms": 2.516,
          "overhead": 0.883
        },
        {
          "archive": 95,
          "inputs": 31,
          "mean_vrp_ms": 0.679,
          "mean_base_ms": 0.567,
          "overhead": 1.1964
        },
        {
          "archive": 96,
          "inputs": 0,
          "mean_vrp_ms": 0.0,
          "mean_base_ms": 0.0,
          "overhead": 0.0
        }
      ],
      "summary": {
        "total_inputs": 17394,
        "vrp_mean_ms": 0.083,
        "vrp_median_ms": 0.023,
        "vrp_p95_ms": 0.422,
        "vrp_p99_ms": 0.934,
        "base_mean_ms": 0.082,
        "base_median_ms": 0.025,
        "base_p95_ms": 0.386,
        "base_p99_ms": 0.881,
        "mean_overhead": 1.0149
      }
    }
  }
}