{
  "experiment": "vrp-unfold-eval-big04",
  "benchmark": "freetype2_ftfuzzer",
  "fuzzer": "aflplusplus_vrp_lto",
  "instance": "45773",
  "archives_processed": 97,
  "total_inputs": 18843,
  "elapsed_seconds": 21.3,
  "analyzer_results": {
    "vrp_hit_entanglement": {
      "per_archive": [
        {
          "archive": 0,
          "new_inputs": 2,
          "cumulative_inputs": 2,
          "new_vrp_edges": 0,
          "new_base_edges": 0,
          "cumulative_vrp_edges": 0,
          "cumulative_base_edges": 0,
          "classifications": {
            "vrp_only": 0,
            "both": 0,
            "base_only": 0,
            "neither": 2
          }
        },
        {
          "archive": 1,
          "new_inputs": 6841,
          "cumulative_inputs": 6843,
          "new_vrp_edges": 0,
          "new_base_edges": 0,
          "cumulative_vrp_edges": 0,
          "cumulative_base_edges": 0,
          "classifications": {
            "vrp_only": 0,
            "both": 0,
            "base_only": 0,
            "neither": 6841
          }
        },
        {
          "archive": 2,
          "new_inputs": 2167,
          "cumulative_inputs": 9010,
          "new_vrp_edges": 0,
          "new_base_edges": 0,
          "cumulative_vrp_edges": 0,
          "cumulative_base_edges": 0,
          "classifications": {
            "vrp_only": 0,
            "both": 0,
            "base_only": 0,
            "neither": 2167
          }
        },
        {
          "archive": 3,
          "new_inputs": 1144,
          "cumulative_inputs": 10154,
          "new_vrp_edges": 0,
          "new_base_edges": 0,
          "cumulative_vrp_edges": 0,
          "cumulative_base_edges": 0,
          "classifications": {
            "vrp_only": 0,
            "both": 0,
            "base_only": 0,
            "neither": 1144
          }
        },
        {
          "archive": 4,
          "new_inputs": 1088,
          "cumulative_inputs": 11242,
          "new_vrp_edges": 0,
          "new_base_edges": 0,
          "cumulative_vrp_edges": 0,
          "cumulative_base_edges": 0,
          "classifications": {
            "vrp_only": 0,
            "both": 0,
            "base_only": 0,
            "neither": 1088
          }
        },
        {
          "archive": 5,
          "new_inputs": 461,
          "cumulative_inputs": 11703,
          "new_vrp_edges": 0,
          "new_base_edges": 0,
          "cumulative_vrp_edges": 0,
          "cumulative_base_edges": 0,
          "classifications": {
            "vrp_only": 0,
            "both": 0,
            "base_only": 0,
            "neither": 461
          }
        },
        {
          "archive": 6,
          "new_inputs": 350,
          "cumulative_inputs": 12053,
          "new_vrp_edges": 0,
          "new_base_edges": 0,
          "cumulative_vrp_edges": 0,
          "cumulative_base_edges": 0,
          "classifications": {
            "vrp_only": 0,
            "both": 0,
            "base_only": 0,
            "neither": 350
          }
        },
        {
          "archive": 7,
          "new_inputs": 192,
          "cumulative_inputs": 12245,
          "new_vrp_edges": 0,
          "new_base_edges": 0,
          "cumulative_vrp_edges": 0,
          "cumulative_base_edges": 0,
          "classifications": {
            "vrp_only": 0,
            "both": 0,
            "base_only": 0,
            "neither": 192
          }
        },
        {
          "archive": 8,
          "new_inputs": 130,
          "cumulative_inputs": 12375,
          "new_vrp_edges": 0,
          "new_base_edges": 0,
          "cumulative_vrp_edges": 0,
          "cumulative_base_edges": 0,
          "classifications": {
            "vrp_only": 0,
            "both": 0,
            "base_only": 0,
            "neither": 130
          }
        },
        {
          "archive": 9,
          "new_inputs": 173,
          "cumulative_inputs": 12548,
          "new_vrp_edges": 0,
          "new_base_edges": 0,
          "cumulative_vrp_edges": 0,
          "cumulative_base_edges": 0,
          "classifications": {
            "vrp_only": 0,
            "both": 0,
            "base_only": 0,
            "neither": 173
          }
        },
        {
          "archive": 10,
          "new_inputs": 124,
          "cumulative_inputs": 12672,
          "new_vrp_edges": 0,
          "new_base_edges": 0,
          "cumulative_vrp_edges": 0,
          "cumulative_base_edges": 0,
          "classifications": {
            "vrp_only": 0,
            "both": 0,
            "base_only": 0,
            "neither": 124
          }
        },
        {
          "archive": 11,
          "new_inputs": 177,
          "cumulative_inputs": 12849,
          "new_vrp_edges": 0,
          "new_base_edges": 0,
          "cumulative_vrp_edges": 0,
          "cumulative_base_edges": 0,
          "classifications": {
            "vrp_only": 0,
            "both": 0,
            "base_only": 0,
            "neither": 177
          }
        },
        {
          "archive": 12,
          "new_inputs": 1602,
          "cumulative_inputs": 14451,
          "new_vrp_edges": 0,
          "new_base_edges": 0,
          "cumulative_vrp_edges": 0,
          "cumulative_base_edges": 0,
          "classifications": {
            "vrp_only": 0,
            "both": 0,
            "base_only": 0,
            "neither": 1602
          }
        },
        {
          "archive": 13,
          "new_inputs": 260,
          "cumulative_inputs": 14711,
          "new_vrp_edges": 0,
          "new_base_edges": 0,
          "cumulative_vrp_edges": 0,
          "cumulative_base_edges": 0,
          "classifications": {
            "vrp_only": 0,
            "both": 0,
            "base_only": 0,
            "neither": 260
          }
        },
        {
          "archive": 14,
          "new_inputs": 89,
          "cumulative_inputs": 14800,
          "new_vrp_edges": 0,
          "new_base_edges": 0,
          "cumulative_vrp_edges": 0,
          "cumulative_base_edges": 0,
          "classifications": {
            "vrp_only": 0,
            "both": 0,
            "base_only": 0,
            "neither": 89
          }
        },
        {
          "archive": 15,
          "new_inputs": 123,
          "cumulative_inputs": 14923,
          "new_vrp_edges": 0,
          "new_base_edges": 0,
          "cumulative_vrp_edges": 0,
          "cumulative_base_edges": 0,
          "classifications": {
            "vrp_only": 0,
            "both": 0,
            "base_only": 0,
            "neither": 123
          }
        },
        {
          "archive": 16,
          "new_inputs": 100,
          "cumulative_inputs": 15023,
          "new_vrp_edges": 0,
          "new_base_edges": 0,
          "cumulative_vrp_edges": 0,
          "cumulative_base_edges": 0,
          "classifications": {
            "vrp_only": 0,
            "both": 0,
            "base_only": 0,
            "neither": 100
          }
        },
        {
          "archive": 17,
          "new_inputs": 83,
          "cumulative_inputs": 15106,
          "new_vrp_edges": 0,
          "new_base_edges": 0,
          "cumulative_vrp_edges": 0,
          "cumulative_base_edges": 0,
          "classifications": {
            "vrp_only": 0,
            "both": 0,
            "base_only": 0,
            "neither": 83
          }
        },
        {
          "archive": 18,
          "new_inputs": 81,
          "cumulative_inputs": 15187,
          "new_vrp_edges": 0,
          "new_base_edges": 0,
          "cumulative_vrp_edges": 0,
          "cumulative_base_edges": 0,
          "classifications": {
            "vrp_only": 0,
            "both": 0,
            "base_only": 0,
            "neither": 81
          }
        },
        {
          "archive": 19,
          "new_inputs": 66,
          "cumulative_inputs": 15253,
          "new_vrp_edges": 0,
          "new_base_edges": 0,
          "cumulative_vrp_edges": 0,
          "cumulative_base_edges": 0,
          "classifications": {
            "vrp_only": 0,
            "both": 0,
            "base_only": 0,
            "neither": 66
          }
        },
        {
          "archive": 20,
          "new_inputs": 140,
          "cumulative_inputs": 15393,
          "new_vrp_edges": 0,
          "new_base_edges": 0,
          "cumulative_vrp_edges": 0,
          "cumulative_base_edges": 0,
          "classifications": {
            "vrp_only": 0,
            "both": 0,
            "base_only": 0,
            "neither": 140
          }
        },
        {
          "archive": 21,
          "new_inputs": 55,
          "cumulative_inputs": 15448,
          "new_vrp_edges": 0,
          "new_base_edges": 0,
          "cumulative_vrp_edges": 0,
          "cumulative_base_edges": 0,
          "classifications": {
            "vrp_only": 0,
            "both": 0,
            "base_only": 0,
            "neither": 55
          }
        },
        {
          "archive": 22,
          "new_inputs": 43,
          "cumulative_inputs": 15491,
          "new_vrp_edges": 0,
          "new_base_edges": 0,
          "cumulative_vrp_edges": 0,
          "cumulative_base_edges": 0,
          "classifications": {
            "vrp_only": 0,
            "both": 0,
            "base_only": 0,
            "neither": 43
          }
        },
        {
          "archive": 23,
          "new_inputs": 52,
          "cumulative_inputs": 15543,
          "new_vrp_edges": 0,
          "new_base_edges": 0,
          "cumulative_vrp_edges": 0,
          "cumulative_base_edges": 0,
          "classifications": {
            "vrp_only": 0,
            "both": 0,
            "base_only": 0,
            "neither": 52
          }
        },
        {
          "archive": 24,
          "new_inputs": 56,
          "cumulative_inputs": 15599,
          "new_vrp_edges": 0,
          "new_base_edges": 0,
          "cumulative_vrp_edges": 0,
          "cumulative_base_edges": 0,
          "classifications": {
            "vrp_only": 0,
            "both": 0,
            "base_only": 0,
            "neither": 56
          }
        },
        {
          "archive": 25,
          "new_inputs": 40,
          "cumulative_inputs": 15639,
          "new_vrp_edges": 0,
          "new_base_edges": 0,
          "cumulative_vrp_edges": 0,
          "cumulative_base_edges": 0,
          "classifications": {
            "vrp_only": 0,
            "both": 0,
            "base_only": 0,
            "neither": 40
          }
        },
        {
          "archive": 26,
          "new_inputs": 42,
          "cumulative_inputs": 15681,
          "new_vrp_edges": 0,
          "new_base_edges": 0,
          "cumulative_vrp_edges": 0,
          "cumulative_base_edges": 0,
          "classifications": {
            "vrp_only": 0,
            "both": 0,
            "base_only": 0,
            "neither": 42
          }
        },
        {
          "archive": 27,
          "new_inputs": 69,
          "cumulative_inputs": 15750,
          "new_vrp_edges": 0,
          "new_base_edges": 0,
          "cumulative_vrp_edges": 0,
          "cumulative_base_edges": 0,
          "classifications": {
            "vrp_only": 0,
            "both": 0,
            "base_only": 0,
            "neither": 69
          }
        },
        {
          "archive": 28,
          "new_inputs": 55,
          "cumulative_inputs": 15805,
          "new_vrp_edges": 0,
          "new_base_edges": 0,
          "cumulative_vrp_edges": 0,
          "cumulative_base_edges": 0,
          "classifications": {
            "vrp_only": 0,
            "both": 0,
            "base_only": 0,
            "neither": 55
          }
        },
        {
          "archive": 29,
          "new_inputs": 69,
          "cumulative_inputs": 15874,
          "new_vrp_edges": 0,
          "new_base_edges": 0,
          "cumulative_vrp_edges": 0,
          "cumulative_base_edges": 0,
          "classifications": {
            "vrp_only": 0,
            "both": 0,
            "base_only": 0,
            "neither": 69
          }
        },
        {
          "archive": 30,
          "new_inputs": 43,
          "cumulative_inputs": 15917,
          "new_vrp_edges": 0,
          "new_base_edges": 0,
          "cumulative_vrp_edges": 0,
          "cumulative_base_edges": 0,
          "classifications": {
            "vrp_only": 0,
            "both": 0,
            "base_only": 0,
            "neither": 43
          }
        },
        {
          "archive": 31,
          "new_inputs": 74,
          "cumulative_inputs": 15991,
          "new_vrp_edges": 0,
          "new_base_edges": 0,
          "cumulative_vrp_edges": 0,
          "cumulative_base_edges": 0,
          "classifications": {
            "vrp_only": 0,
            "both": 0,
            "base_only": 0,
            "neither": 74
          }
        },
        {
          "archive": 32,
          "new_inputs": 83,
          "cumulative_inputs": 16074,
          "new_vrp_edges": 0,
          "new_base_edges": 0,
          "cumulative_vrp_edges": 0,
          "cumulative_base_edges": 0,
          "classifications": {
            "vrp_only": 0,
            "both": 0,
            "base_only": 0,
            "neither": 83
          }
        },
        {
          "archive": 33,
          "new_inputs": 199,
          "cumulative_inputs": 16273,
          "new_vrp_edges": 0,
          "new_base_edges": 0,
          "cumulative_vrp_edges": 0,
          "cumulative_base_edges": 0,
          "classifications": {
            "vrp_only": 0,
            "both": 0,
            "base_only": 0,
            "neither": 199
          }
        },
        {
          "archive": 34,
          "new_inputs": 218,
          "cumulative_inputs": 16491,
          "new_vrp_edges": 0,
          "new_base_edges": 0,
          "cumulative_vrp_edges": 0,
          "cumulative_base_edges": 0,
          "classifications": {
            "vrp_only": 0,
            "both": 0,
            "base_only": 0,
            "neither": 218
          }
        },
        {
          "archive": 35,
          "new_inputs": 52,
          "cumulative_inputs": 16543,
          "new_vrp_edges": 0,
          "new_base_edges": 0,
          "cumulative_vrp_edges": 0,
          "cumulative_base_edges": 0,
          "classifications": {
            "vrp_only": 0,
            "both": 0,
            "base_only": 0,
            "neither": 52
          }
        },
        {
          "archive": 36,
          "new_inputs": 33,
          "cumulative_inputs": 16576,
          "new_vrp_edges": 0,
          "new_base_edges": 0,
          "cumulative_vrp_edges": 0,
          "cumulative_base_edges": 0,
          "classifications": {
            "vrp_only": 0,
            "both": 0,
            "base_only": 0,
            "neither": 33
          }
        },
        {
          "archive": 37,
          "new_inputs": 40,
          "cumulative_inputs": 16616,
          "new_vrp_edges": 0,
          "new_base_edges": 0,
          "cumulative_vrp_edges": 0,
          "cumulative_base_edges": 0,
          "classifications": {
            "vrp_only": 0,
            "both": 0,
            "base_only": 0,
            "neither": 40
          }
        },
        {
          "archive": 38,
          "new_inputs": 60,
          "cumulative_inputs": 16676,
          "new_vrp_edges": 0,
          "new_base_edges": 0,
          "cumulative_vrp_edges": 0,
          "cumulative_base_edges": 0,
          "classifications": {
            "vrp_only": 0,
            "both": 0,
            "base_only": 0,
            "neither": 60
          }
        },
        {
          "archive": 39,
          "new_inputs": 81,
          "cumulative_inputs": 16757,
          "new_vrp_edges": 0,
          "new_base_edges": 0,
          "cumulative_vrp_edges": 0,
          "cumulative_base_edges": 0,
          "classifications": {
            "vrp_only": 0,
            "both": 0,
            "base_only": 0,
            "neither": 81
          }
        },
        {
          "archive": 40,
          "new_inputs": 40,
          "cumulative_inputs": 16797,
          "new_vrp_edges": 0,
          "new_base_edges": 0,
          "cumulative_vrp_edges": 0,
          "cumulative_base_edges": 0,
          "classifications": {
            "vrp_only": 0,
            "both": 0,
            "base_only": 0,
            "neither": 40
          }
        },
        {
          "archive": 41,
          "new_inputs": 81,
          "cumulative_inputs": 16878,
          "new_vrp_edges": 0,
          "new_base_edges": 0,
          "cumulative_vrp_edges": 0,
          "cumulative_base_edges": 0,
          "classifications": {
            "vrp_only": 0,
            "both": 0,
            "base_only": 0,
            "neither": 81
          }
        },
        {
          "archive": 42,
          "new_inputs": 23,
          "cumulative_inputs": 16901,
          "new_vrp_edges": 0,
          "new_base_edges": 0,
          "cumulative_vrp_edges": 0,
          "cumulative_base_edges": 0,
          "classifications": {
            "vrp_only": 0,
            "both": 0,
            "base_only": 0,
            "neither": 23
          }
        },
        {
          "archive": 43,
          "new_inputs": 80,
          "cumulative_inputs": 16981,
          "new_vrp_edges": 0,
          "new_base_edges": 0,
          "cumulative_vrp_edges": 0,
          "cumulative_base_edges": 0,
          "classifications": {
            "vrp_only": 0,
            "both": 0,
            "base_only": 0,
            "neither": 80
          }
        },
        {
          "archive": 44,
          "new_inputs": 43,
          "cumulative_inputs": 17024,
          "new_vrp_edges": 0,
          "new_base_edges": 0,
          "cumulative_vrp_edges": 0,
          "cumulative_base_edges": 0,
          "classifications": {
            "vrp_only": 0,
            "both": 0,
            "base_only": 0,
            "neither": 43
          }
        },
        {
          "archive": 45,
          "new_inputs": 257,
          "cumulative_inputs": 17281,
          "new_vrp_edges": 0,
          "new_base_edges": 0,
          "cumulative_vrp_edges": 0,
          "cumulative_base_edges": 0,
          "classifications": {
            "vrp_only": 0,
            "both": 0,
            "base_only": 0,
            "neither": 257
          }
        },
        {
          "archive": 46,
          "new_inputs": 57,
          "cumulative_inputs": 17338,
          "new_vrp_edges": 0,
          "new_base_edges": 0,
          "cumulative_vrp_edges": 0,
          "cumulative_base_edges": 0,
          "classifications": {
            "vrp_only": 0,
            "both": 0,
            "base_only": 0,
            "neither": 57
          }
        },
        {
          "archive": 47,
          "new_inputs": 45,
          "cumulative_inputs": 17383,
          "new_vrp_edges": 0,
          "new_base_edges": 0,
          "cumulative_vrp_edges": 0,
          "cumulative_base_edges": 0,
          "classifications": {
            "vrp_only": 0,
            "both": 0,
            "base_only": 0,
            "neither": 45
          }
        },
        {
          "archive": 48,
          "new_inputs": 63,
          "cumulative_inputs": 17446,
          "new_vrp_edges": 0,
          "new_base_edges": 0,
          "cumulative_vrp_edges": 0,
          "cumulative_base_edges": 0,
          "classifications": {
            "vrp_only": 0,
            "both": 0,
            "base_only": 0,
            "neither": 63
          }
        },
        {
          "archive": 49,
          "new_inputs": 85,
          "cumulative_inputs": 17531,
          "new_vrp_edges": 0,
          "new_base_edges": 0,
          "cumulative_vrp_edges": 0,
          "cumulative_base_edges": 0,
          "classifications": {
            "vrp_only": 0,
            "both": 0,
            "base_only": 0,
            "neither": 85
          }
        },
        {
          "archive": 50,
          "new_inputs": 65,
          "cumulative_inputs": 17596,
          "new_vrp_edges": 0,
          "new_base_edges": 0,
          "cumulative_vrp_edges": 0,
          "cumulative_base_edges": 0,
          "classifications": {
            "vrp_only": 0,
            "both": 0,
            "base_only": 0,
            "neither": 65
          }
        },
        {
          "archive": 51,
          "new_inputs": 74,
          "cumulative_inputs": 17670,
          "new_vrp_edges": 0,
          "new_base_edges": 0,
          "cumulative_vrp_edges": 0,
          "cumulative_base_edges": 0,
          "classifications": {
            "vrp_only": 0,
            "both": 0,
            "base_only": 0,
            "neither": 74
          }
        },
        {
          "archive": 52,
          "new_inputs": 37,
          "cumulative_inputs": 17707,
          "new_vrp_edges": 0,
          "new_base_edges": 0,
          "cumulative_vrp_edges": 0,
          "cumulative_base_edges": 0,
          "classifications": {
            "vrp_only": 0,
            "both": 0,
            "base_only": 0,
            "neither": 37
          }
        },
        {
          "archive": 53,
          "new_inputs": 23,
          "cumulative_inputs": 17730,
          "new_vrp_edges": 0,
          "new_base_edges": 0,
          "cumulative_vrp_edges": 0,
          "cumulative_base_edges": 0,
          "classifications": {
            "vrp_only": 0,
            "both": 0,
            "base_only": 0,
            "neither": 23
          }
        },
        {
          "archive": 54,
          "new_inputs": 17,
          "cumulative_inputs": 17747,
          "new_vrp_edges": 0,
          "new_base_edges": 0,
          "cumulative_vrp_edges": 0,
          "cumulative_base_edges": 0,
          "classifications": {
            "vrp_only": 0,
            "both": 0,
            "base_only": 0,
            "neither": 17
          }
        },
        {
          "archive": 55,
          "new_inputs": 36,
          "cumulative_inputs": 17783,
          "new_vrp_edges": 0,
          "new_base_edges": 0,
          "cumulative_vrp_edges": 0,
          "cumulative_base_edges": 0,
          "classifications": {
            "vrp_only": 0,
            "both": 0,
            "base_only": 0,
            "neither": 36
          }
        },
        {
          "archive": 56,
          "new_inputs": 36,
          "cumulative_inputs": 17819,
          "new_vrp_edges": 0,
          "new_base_edges": 0,
          "cumulative_vrp_edges": 0,
          "cumulative_base_edges": 0,
          "classifications": {
            "vrp_only": 0,
            "both": 0,
            "base_only": 0,
            "neither": 36
          }
        },
        {
          "archive": 57,
          "new_inputs": 35,
          "cumulative_inputs": 17854,
          "new_vrp_edges": 0,
          "new_base_edges": 0,
          "cumulative_vrp_edges": 0,
          "cumulative_base_edges": 0,
          "classifications": {
            "vrp_only": 0,
            "both": 0,
            "base_only": 0,
            "neither": 35
          }
        },
        {
          "archive": 58,
          "new_inputs": 29,
          "cumulative_inputs": 17883,
          "new_vrp_edges": 0,
          "new_base_edges": 0,
          "cumulative_vrp_edges": 0,
          "cumulative_base_edges": 0,
          "classifications": {
            "vrp_only": 0,
            "both": 0,
            "base_only": 0,
            "neither": 29
          }
        },
        {
          "archive": 59,
          "new_inputs": 39,
          "cumulative_inputs": 17922,
          "new_vrp_edges": 0,
          "new_base_edges": 0,
          "cumulative_vrp_edges": 0,
          "cumulative_base_edges": 0,
          "classifications": {
            "vrp_only": 0,
            "both": 0,
            "base_only": 0,
            "neither": 39
          }
        },
        {
          "archive": 60,
          "new_inputs": 16,
          "cumulative_inputs": 17938,
          "new_vrp_edges": 0,
          "new_base_edges": 0,
          "cumulative_vrp_edges": 0,
          "cumulative_base_edges": 0,
          "classifications": {
            "vrp_only": 0,
            "both": 0,
            "base_only": 0,
            "neither": 16
          }
        },
        {
          "archive": 61,
          "new_inputs": 13,
          "cumulative_inputs": 17951,
          "new_vrp_edges": 0,
          "new_base_edges": 0,
          "cumulative_vrp_edges": 0,
          "cumulative_base_edges": 0,
          "classifications": {
            "vrp_only": 0,
            "both": 0,
            "base_only": 0,
            "neither": 13
          }
        },
        {
          "archive": 62,
          "new_inputs": 18,
          "cumulative_inputs": 17969,
          "new_vrp_edges": 0,
          "new_base_edges": 0,
          "cumulative_vrp_edges": 0,
          "cumulative_base_edges": 0,
          "classifications": {
            "vrp_only": 0,
            "both": 0,
            "base_only": 0,
            "neither": 18
          }
        },
        {
          "archive": 63,
          "new_inputs": 295,
          "cumulative_inputs": 18264,
          "new_vrp_edges": 0,
          "new_base_edges": 0,
          "cumulative_vrp_edges": 0,
          "cumulative_base_edges": 0,
          "classifications": {
            "vrp_only": 0,
            "both": 0,
            "base_only": 0,
            "neither": 295
          }
        },
        {
          "archive": 64,
          "new_inputs": 90,
          "cumulative_inputs": 18354,
          "new_vrp_edges": 0,
          "new_base_edges": 0,
          "cumulative_vrp_edges": 0,
          "cumulative_base_edges": 0,
          "classifications": {
            "vrp_only": 0,
            "both": 0,
            "base_only": 0,
            "neither": 90
          }
        },
        {
          "archive": 65,
          "new_inputs": 60,
          "cumulative_inputs": 18414,
          "new_vrp_edges": 0,
          "new_base_edges": 0,
          "cumulative_vrp_edges": 0,
          "cumulative_base_edges": 0,
          "classifications": {
            "vrp_only": 0,
            "both": 0,
            "base_only": 0,
            "neither": 60
          }
        },
        {
          "archive": 66,
          "new_inputs": 23,
          "cumulative_inputs": 18437,
          "new_vrp_edges": 0,
          "new_base_edges": 0,
          "cumulative_vrp_edges": 0,
          "cumulative_base_edges": 0,
          "classifications": {
            "vrp_only": 0,
            "both": 0,
            "base_only": 0,
            "neither": 23
          }
        },
        {
          "archive": 67,
          "new_inputs": 25,
          "cumulative_inputs": 18462,
          "new_vrp_edges": 0,
          "new_base_edges": 0,
          "cumulative_vrp_edges": 0,
          "cumulative_base_edges": 0,
          "classifications": {
            "vrp_only": 0,
            "both": 0,
            "base_only": 0,
            "neither": 25
          }
        },
        {
          "archive": 68,
          "new_inputs": 19,
          "cumulative_inputs": 18481,
          "new_vrp_edges": 0,
          "new_base_edges": 0,
          "cumulative_vrp_edges": 0,
          "cumulative_base_edges": 0,
          "classifications": {
            "vrp_only": 0,
            "both": 0,
            "base_only": 0,
            "neither": 19
          }
        },
        {
          "archive": 69,
          "new_inputs": 20,
          "cumulative_inputs": 18501,
          "new_vrp_edges": 0,
          "new_base_edges": 0,
          "cumulative_vrp_edges": 0,
          "cumulative_base_edges": 0,
          "classifications": {
            "vrp_only": 0,
            "both": 0,
            "base_only": 0,
            "neither": 20
          }
        },
        {
          "archive": 70,
          "new_inputs": 33,
          "cumulative_inputs": 18534,
          "new_vrp_edges": 0,
          "new_base_edges": 0,
          "cumulative_vrp_edges": 0,
          "cumulative_base_edges": 0,
          "classifications": {
            "vrp_only": 0,
            "both": 0,
            "base_only": 0,
            "neither": 33
          }
        },
        {
          "archive": 71,
          "new_inputs": 13,
          "cumulative_inputs": 18547,
          "new_vrp_edges": 0,
          "new_base_edges": 0,
          "cumulative_vrp_edges": 0,
          "cumulative_base_edges": 0,
          "classifications": {
            "vrp_only": 0,
            "both": 0,
            "base_only": 0,
            "neither": 13
          }
        },
        {
          "archive": 72,
          "new_inputs": 13,
          "cumulative_inputs": 18560,
          "new_vrp_edges": 0,
          "new_base_edges": 0,
          "cumulative_vrp_edges": 0,
          "cumulative_base_edges": 0,
          "classifications": {
            "vrp_only": 0,
            "both": 0,
            "base_only": 0,
            "neither": 13
          }
        },
        {
          "archive": 73,
          "new_inputs": 13,
          "cumulative_inputs": 18573,
          "new_vrp_edges": 0,
          "new_base_edges": 0,
          "cumulative_vrp_edges": 0,
          "cumulative_base_edges": 0,
          "classifications": {
            "vrp_only": 0,
            "both": 0,
            "base_only": 0,
            "neither": 13
          }
        },
        {
          "archive": 74,
          "new_inputs": 18,
          "cumulative_inputs": 18591,
          "new_vrp_edges": 0,
          "new_base_edges": 0,
          "cumulative_vrp_edges": 0,
          "cumulative_base_edges": 0,
          "classifications": {
            "vrp_only": 0,
            "both": 0,
            "base_only": 0,
            "neither": 18
          }
        },
        {
          "archive": 75,
          "new_inputs": 11,
          "cumulative_inputs": 18602,
          "new_vrp_edges": 0,
          "new_base_edges": 0,
          "cumulative_vrp_edges": 0,
          "cumulative_base_edges": 0,
          "classifications": {
            "vrp_only": 0,
            "both": 0,
            "base_only": 0,
            "neither": 11
          }
        },
        {
          "archive": 76,
          "new_inputs": 7,
          "cumulative_inputs": 18609,
          "new_vrp_edges": 0,
          "new_base_edges": 0,
          "cumulative_vrp_edges": 0,
          "cumulative_base_edges": 0,
          "classifications": {
            "vrp_only": 0,
            "both": 0,
            "base_only": 0,
            "neither": 7
          }
        },
        {
          "archive": 77,
          "new_inputs": 17,
          "cumulative_inputs": 18626,
          "new_vrp_edges": 0,
          "new_base_edges": 0,
          "cumulative_vrp_edges": 0,
          "cumulative_base_edges": 0,
          "classifications": {
            "vrp_only": 0,
            "both": 0,
            "base_only": 0,
            "neither": 17
          }
        },
        {
          "archive": 78,
          "new_inputs": 22,
          "cumulative_inputs": 18648,
          "new_vrp_edges": 0,
          "new_base_edges": 0,
          "cumulative_vrp_edges": 0,
          "cumulative_base_edges": 0,
          "classifications": {
            "vrp_only": 0,
            "both": 0,
            "base_only": 0,
            "neither": 22
          }
        },
        {
          "archive": 79,
          "new_inputs": 16,
          "cumulative_inputs": 18664,
          "new_vrp_edges": 0,
          "new_base_edges": 0,
          "cumulative_vrp_edges": 0,
          "cumulative_base_edges": 0,
          "classifications": {
            "vrp_only": 0,
            "both": 0,
            "base_only": 0,
            "neither": 16
          }
        },
        {
          "archive": 80,
          "new_inputs": 10,
          "cumulative_inputs": 18674,
          "new_vrp_edges": 0,
          "new_base_edges": 0,
          "cumulative_vrp_edges": 0,
          "cumulative_base_edges": 0,
          "classifications": {
            "vrp_only": 0,
            "both": 0,
            "base_only": 0,
            "neither": 10
          }
        },
        {
          "archive": 81,
          "new_inputs": 10,
          "cumulative_inputs": 18684,
          "new_vrp_edges": 0,
          "new_base_edges": 0,
          "cumulative_vrp_edges": 0,
          "cumulative_base_edges": 0,
          "classifications": {
            "vrp_only": 0,
            "both": 0,
            "base_only": 0,
            "neither": 10
          }
        },
        {
          "archive": 82,
          "new_inputs": 11,
          "cumulative_inputs": 18695,
          "new_vrp_edges": 0,
          "new_base_edges": 0,
          "cumulative_vrp_edges": 0,
          "cumulative_base_edges": 0,
          "classifications": {
            "vrp_only": 0,
            "both": 0,
            "base_only": 0,
            "neither": 11
          }
        },
        {
          "archive": 83,
          "new_inputs": 12,
          "cumulative_inputs": 18707,
          "new_vrp_edges": 0,
          "new_base_edges": 0,
          "cumulative_vrp_edges": 0,
          "cumulative_base_edges": 0,
          "classifications": {
            "vrp_only": 0,
            "both": 0,
            "base_only": 0,
            "neither": 12
          }
        },
        {
          "archive": 84,
          "new_inputs": 12,
          "cumulative_inputs": 18719,
          "new_vrp_edges": 0,
          "new_base_edges": 0,
          "cumulative_vrp_edges": 0,
          "cumulative_base_edges": 0,
          "classifications": {
            "vrp_only": 0,
            "both": 0,
            "base_only": 0,
            "neither": 12
          }
        },
        {
          "archive": 85,
          "new_inputs": 12,
          "cumulative_inputs": 18731,
          "new_vrp_edges": 0,
          "new_base_edges": 0,
          "cumulative_vrp_edges": 0,
          "cumulative_base_edges": 0,
          "classifications": {
            "vrp_only": 0,
            "both": 0,
            "base_only": 0,
            "neither": 12
          }
        },
        {
          "archive": 86,
          "new_inputs": 17,
          "cumulative_inputs": 18748,
          "new_vrp_edges": 0,
          "new_base_edges": 0,
          "cumulative_vrp_edges": 0,
          "cumulative_base_edges": 0,
          "classifications": {
            "vrp_only": 0,
            "both": 0,
            "base_only": 0,
            "neither": 17
          }
        },
        {
          "archive": 87,
          "new_inputs": 8,
          "cumulative_inputs": 18756,
          "new_vrp_edges": 0,
          "new_base_edges": 0,
          "cumulative_vrp_edges": 0,
          "cumulative_base_edges": 0,
          "classifications": {
            "vrp_only": 0,
            "both": 0,
            "base_only": 0,
            "neither": 8
          }
        },
        {
          "archive": 88,
          "new_inputs": 8,
          "cumulative_inputs": 18764,
          "new_vrp_edges": 0,
          "new_base_edges": 0,
          "cumulative_vrp_edges": 0,
          "cumulative_base_edges": 0,
          "classifications": {
            "vrp_only": 0,
            "both": 0,
            "base_only": 0,
            "neither": 8
          }
        },
        {
          "archive": 89,
          "new_inputs": 8,
          "cumulative_inputs": 18772,
          "new_vrp_edges": 0,
          "new_base_edges": 0,
          "cumulative_vrp_edges": 0,
          "cumulative_base_edges": 0,
          "classifications": {
            "vrp_only": 0,
            "both": 0,
            "base_only": 0,
            "neither": 8
          }
        },
        {
          "archive": 90,
          "new_inputs": 3,
          "cumulative_inputs": 18775,
          "new_vrp_edges": 0,
          "new_base_edges": 0,
          "cumulative_vrp_edges": 0,
          "cumulative_base_edges": 0,
          "classifications": {
            "vrp_only": 0,
            "both": 0,
            "base_only": 0,
            "neither": 3
          }
        },
        {
          "archive": 91,
          "new_inputs": 11,
          "cumulative_inputs": 18786,
          "new_vrp_edges": 0,
          "new_base_edges": 0,
          "cumulative_vrp_edges": 0,
          "cumulative_base_edges": 0,
          "classifications": {
            "vrp_only": 0,
            "both": 0,
            "base_only": 0,
            "neither": 11
          }
        },
        {
          "archive": 92,
          "new_inputs": 10,
          "cumulative_inputs": 18796,
          "new_vrp_edges": 0,
          "new_base_edges": 0,
          "cumulative_vrp_edges": 0,
          "cumulative_base_edges": 0,
          "classifications": {
            "vrp_only": 0,
            "both": 0,
            "base_only": 0,
            "neither": 10
          }
        },
        {
          "archive": 93,
          "new_inputs": 18,
          "cumulative_inputs": 18814,
          "new_vrp_edges": 0,
          "new_base_edges": 0,
          "cumulative_vrp_edges": 0,
          "cumulative_base_edges": 0,
          "classifications": {
            "vrp_only": 0,
            "both": 0,
            "base_only": 0,
            "neither": 18
          }
        },
        {
          "archive": 94,
          "new_inputs": 16,
          "cumulative_inputs": 18830,
          "new_vrp_edges": 0,
          "new_base_edges": 0,
          "cumulative_vrp_edges": 0,
          "cumulative_base_edges": 0,
          "classifications": {
            "vrp_only": 0,
            "both": 0,
            "base_only": 0,
            "neither": 16
          }
        },
        {
          "archive": 95,
          "new_inputs": 13,
          "cumulative_inputs": 18843,
          "new_vrp_edges": 0,
          "new_base_edges": 0,
          "cumulative_vrp_edges": 0,
          "cumulative_base_edges": 0,
          "classifications": {
            "vrp_only": 0,
            "both": 0,
            "base_only": 0,
            "neither": 13
          }
        },
        {
          "archive": 96,
          "new_inputs": 0,
          "cumulative_inputs": 18843,
          "new_vrp_edges": 0,
          "new_base_edges": 0,
          "cumulative_vrp_edges": 0,
          "cumulative_base_edges": 0,
          "classifications": {
            "vrp_only": 0,
            "both": 0,
            "base_only": 0,
            "neither": 0
          }
        }
      ],
      "summary": {
        "total_inputs": 18843,
        "total_vrp_edges": 0,
        "total_base_edges": 0,
        "entanglement_rate": 0.0,
        "vrp_only_count": 0,
        "both_count": 0,
        "base_only_count": 0,
        "neither_count": 18843
      }
    },
    "vrp_bucket_entanglement": {
      "summary": {
        "total_inputs": 18843,
        "bucket_entanglement_rate": 0.0,
        "vrp_only": 0,
        "both": 0,
        "base_only": 0,
        "neither": 18843,
        "edge_neither_but_bucket_interesting": 0
      }
    },
    "vrp_gradient": {
      "summary": {
        "total_vrp_edges_seen": 0,
        "singleton_edges": 0,
        "low_freq_edges": 0,
        "high_freq_edges": 0,
        "vrp_exclusive_singletons": 0,
        "hit_count_distribution": {
          "1": 0,
          "2-3": 0,
          "4-10": 0,
          "11-50": 0,
          "51-200": 0,
          "200+": 0
        }
      }
    },
    "edge_growth": {
      "growth_curve": [
        {
          "archive": 0,
          "total_inputs": 2,
          "vrp_edges": 0,
          "base_edges": 0
        },
        {
          "archive": 1,
          "total_inputs": 6843,
          "vrp_edges": 0,
          "base_edges": 0
        },
        {
          "archive": 2,
          "total_inputs": 9010,
          "vrp_edges": 0,
          "base_edges": 0
        },
        {
          "archive": 3,
          "total_inputs": 10154,
          "vrp_edges": 0,
          "base_edges": 0
        },
        {
          "archive": 4,
          "total_inputs": 11242,
          "vrp_edges": 0,
          "base_edges": 0
        },
        {
          "archive": 5,
          "total_inputs": 11703,
          "vrp_edges": 0,
          "base_edges": 0
        },
        {
          "archive": 6,
          "total_inputs": 12053,
          "vrp_edges": 0,
          "base_edges": 0
        },
        {
          "archive": 7,
          "total_inputs": 12245,
          "vrp_edges": 0,
          "base_edges": 0
        },
        {
          "archive": 8,
          "total_inputs": 12375,
          "vrp_edges": 0,
          "base_edges": 0
        },
        {
          "archive": 9,
          "total_inputs": 12548,
          "vrp_edges": 0,
          "base_edges": 0
        },
        {
          "archive": 10,
          "total_inputs": 12672,
          "vrp_edges": 0,
          "base_edges": 0
        },
        {
          "archive": 11,
          "total_inputs": 12849,
          "vrp_edges": 0,
          "base_edges": 0
        },
        {
          "archive": 12,
          "total_inputs": 14451,
          "vrp_edges": 0,
          "base_edges": 0
        },
        {
          "archive": 13,
          "total_inputs": 14711,
          "vrp_edges": 0,
          "base_edges": 0
        },
        {
          "archive": 14,
          "total_inputs": 14800,
          "vrp_edges": 0,
          "base_edges": 0
        },
        {
          "archive": 15,
          "total_inputs": 14923,
          "vrp_edges": 0,
          "base_edges": 0
        },
        {
          "archive": 16,
          "total_inputs": 15023,
          "vrp_edges": 0,
          "base_edges": 0
        },
        {
          "archive": 17,
          "total_inputs": 15106,
          "vrp_edges": 0,
          "base_edges": 0
        },
        {
          "archive": 18,
          "total_inputs": 15187,
          "vrp_edges": 0,
          "base_edges": 0
        },
        {
          "archive": 19,
          "total_inputs": 15253,
          "vrp_edges": 0,
          "base_edges": 0
        },
        {
          "archive": 20,
          "total_inputs": 15393,
          "vrp_edges": 0,
          "base_edges": 0
        },
        {
          "archive": 21,
          "total_inputs": 15448,
          "vrp_edges": 0,
          "base_edges": 0
        },
        {
          "archive": 22,
          "total_inputs": 15491,
          "vrp_edges": 0,
          "base_edges": 0
        },
        {
          "archive": 23,
          "total_inputs": 15543,
          "vrp_edges": 0,
          "base_edges": 0
        },
        {
          "archive": 24,
          "total_inputs": 15599,
          "vrp_edges": 0,
          "base_edges": 0
        },
        {
          "archive": 25,
          "total_inputs": 15639,
          "vrp_edges": 0,
          "base_edges": 0
        },
        {
          "archive": 26,
          "total_inputs": 15681,
          "vrp_edges": 0,
          "base_edges": 0
        },
        {
          "archive": 27,
          "total_inputs": 15750,
          "vrp_edges": 0,
          "base_edges": 0
        },
        {
          "archive": 28,
          "total_inputs": 15805,
          "vrp_edges": 0,
          "base_edges": 0
        },
        {
          "archive": 29,
          "total_inputs": 15874,
          "vrp_edges": 0,
          "base_edges": 0
        },
        {
          "archive": 30,
          "total_inputs": 15917,
          "vrp_edges": 0,
          "base_edges": 0
        },
        {
          "archive": 31,
          "total_inputs": 15991,
          "vrp_edges": 0,
          "base_edges": 0
        },
        {
          "archive": 32,
          "total_inputs": 16074,
          "vrp_edges": 0,
          "base_edges": 0
        },
        {
          "archive": 33,
          "total_inputs": 16273,
          "vrp_edges": 0,
          "base_edges": 0
        },
        {
          "archive": 34,
          "total_inputs": 16491,
          "vrp_edges": 0,
          "base_edges": 0
        },
        {
          "archive": 35,
          "total_inputs": 16543,
          "vrp_edges": 0,
          "base_edges": 0
        },
        {
          "archive": 36,
          "total_inputs": 16576,
          "vrp_edges": 0,
          "base_edges": 0
        },
        {
          "archive": 37,
          "total_inputs": 16616,
          "vrp_edges": 0,
          "base_edges": 0
        },
        {
          "archive": 38,
          "total_inputs": 16676,
          "vrp_edges": 0,
          "base_edges": 0
        },
        {
          "archive": 39,
          "total_inputs": 16757,
          "vrp_edges": 0,
          "base_edges": 0
        },
        {
          "archive": 40,
          "total_inputs": 16797,
          "vrp_edges": 0,
          "base_edges": 0
        },
        {
          "archive": 41,
          "total_inputs": 16878,
          "vrp_edges": 0,
          "base_edges": 0
        },
        {
          "archive": 42,
          "total_inputs": 16901,
          "vrp_edges": 0,
          "base_edges": 0
        },
        {
          "archive": 43,
          "total_inputs": 16981,
          "vrp_edges": 0,
          "base_edges": 0
        },
        {
          "archive": 44,
          "total_inputs": 17024,
          "vrp_edges": 0,
          "base_edges": 0
        },
        {
          "archive": 45,
          "total_inputs": 17281,
          "vrp_edges": 0,
          "base_edges": 0
        },
        {
          "archive": 46,
          "total_inputs": 17338,
          "vrp_edges": 0,
          "base_edges": 0
        },
        {
          "archive": 47,
          "total_inputs": 17383,
          "vrp_edges": 0,
          "base_edges": 0
        },
        {
          "archive": 48,
          "total_inputs": 17446,
          "vrp_edges": 0,
          "base_edges": 0
        },
        {
          "archive": 49,
          "total_inputs": 17531,
          "vrp_edges": 0,
          "base_edges": 0
        },
        {
          "archive": 50,
          "total_inputs": 17596,
          "vrp_edges": 0,
          "base_edges": 0
        },
        {
          "archive": 51,
          "total_inputs": 17670,
          "vrp_edges": 0,
          "base_edges": 0
        },
        {
          "archive": 52,
          "total_inputs": 17707,
          "vrp_edges": 0,
          "base_edges": 0
        },
        {
          "archive": 53,
          "total_inputs": 17730,
          "vrp_edges": 0,
          "base_edges": 0
        },
        {
          "archive": 54,
          "total_inputs": 17747,
          "vrp_edges": 0,
          "base_edges": 0
        },
        {
          "archive": 55,
          "total_inputs": 17783,
          "vrp_edges": 0,
          "base_edges": 0
        },
        {
          "archive": 56,
          "total_inputs": 17819,
          "vrp_edges": 0,
          "base_edges": 0
        },
        {
          "archive": 57,
          "total_inputs": 17854,
          "vrp_edges": 0,
          "base_edges": 0
        },
        {
          "archive": 58,
          "total_inputs": 17883,
          "vrp_edges": 0,
          "base_edges": 0
        },
        {
          "archive": 59,
          "total_inputs": 17922,
          "vrp_edges": 0,
          "base_edges": 0
        },
        {
          "archive": 60,
          "total_inputs": 17938,
          "vrp_edges": 0,
          "base_edges": 0
        },
        {
          "archive": 61,
          "total_inputs": 17951,
          "vrp_edges": 0,
          "base_edges": 0
        },
        {
          "archive": 62,
          "total_inputs": 17969,
          "vrp_edges": 0,
          "base_edges": 0
        },
        {
          "archive": 63,
          "total_inputs": 18264,
          "vrp_edges": 0,
          "base_edges": 0
        },
        {
          "archive": 64,
          "total_inputs": 18354,
          "vrp_edges": 0,
          "base_edges": 0
        },
        {
          "archive": 65,
          "total_inputs": 18414,
          "vrp_edges": 0,
          "base_edges": 0
        },
        {
          "archive": 66,
          "total_inputs": 18437,
          "vrp_edges": 0,
          "base_edges": 0
        },
        {
          "archive": 67,
          "total_inputs": 18462,
          "vrp_edges": 0,
          "base_edges": 0
        },
        {
          "archive": 68,
          "total_inputs": 18481,
          "vrp_edges": 0,
          "base_edges": 0
        },
        {
          "archive": 69,
          "total_inputs": 18501,
          "vrp_edges": 0,
          "base_edges": 0
        },
        {
          "archive": 70,
          "total_inputs": 18534,
          "vrp_edges": 0,
          "base_edges": 0
        },
        {
          "archive": 71,
          "total_inputs": 18547,
          "vrp_edges": 0,
          "base_edges": 0
        },
        {
          "archive": 72,
          "total_inputs": 18560,
          "vrp_edges": 0,
          "base_edges": 0
        },
        {
          "archive": 73,
          "total_inputs": 18573,
          "vrp_edges": 0,
          "base_edges": 0
        },
        {
          "archive": 74,
          "total_inputs": 18591,
          "vrp_edges": 0,
          "base_edges": 0
        },
        {
          "archive": 75,
          "total_inputs": 18602,
          "vrp_edges": 0,
          "base_edges": 0
        },
        {
          "archive": 76,
          "total_inputs": 18609,
          "vrp_edges": 0,
          "base_edges": 0
        },
        {
          "archive": 77,
          "total_inputs": 18626,
          "vrp_edges": 0,
          "base_edges": 0
        },
        {
          "archive": 78,
          "total_inputs": 18648,
          "vrp_edges": 0,
          "base_edges": 0
        },
        {
          "archive": 79,
          "total_inputs": 18664,
          "vrp_edges": 0,
          "base_edges": 0
        },
        {
          "archive": 80,
          "total_inputs": 18674,
          "vrp_edges": 0,
          "base_edges": 0
        },
        {
          "archive": 81,
          "total_inputs": 18684,
          "vrp_edges": 0,
          "base_edges": 0
        },
        {
          "archive": 82,
          "total_inputs": 18695,
          "vrp_edges": 0,
          "base_edges": 0
        },
        {
          "archive": 83,
          "total_inputs": 18707,
          "vrp_edges": 0,
          "base_edges": 0
        },
        {
          "archive": 84,
          "total_inputs": 18719,
          "vrp_edges": 0,
          "base_edges": 0
        },
        {
          "archive": 85,
          "total_inputs": 18731,
          "vrp_edges": 0,
          "base_edges": 0
        },
        {
          "archive": 86,
          "total_inputs": 18748,
          "vrp_edges": 0,
          "base_edges": 0
        },
        {
          "archive": 87,
          "total_inputs": 18756,
          "vrp_edges": 0,
          "base_edges": 0
        },
        {
          "archive": 88,
          "total_inputs": 18764,
          "vrp_edges": 0,
          "base_edges": 0
        },
        {
          "archive": 89,
          "total_inputs": 18772,
          "vrp_edges": 0,
          "base_edges": 0
        },
        {
          "archive": 90,
          "total_inputs": 18775,
          "vrp_edges": 0,
          "base_edges": 0
        },
        {
          "archive": 91,
          "total_inputs": 18786,
          "vrp_edges": 0,
          "base_edges": 0
        },
        {
          "archive": 92,
          "total_inputs": 18796,
          "vrp_edges": 0,
          "base_edges": 0
        },
        {
          "archive": 93,
          "total_inputs": 18814,
          "vrp_edges": 0,
          "base_edges": 0
        },
        {
          "archive": 94,
          "total_inputs": 18830,
          "vrp_edges": 0,
          "base_edges": 0
        },
        {
          "archive": 95,
          "total_inputs": 18843,
          "vrp_edges": 0,
          "base_edges": 0
        },
        {
          "archive": 96,
          "total_inputs": 18843,
          "vrp_edges": 0,
          "base_edges": 0
        }
      ],
      "final_vrp_edges": 0,
      "final_base_edges": 0,
      "total_inputs": 18843
    },
    "speed": {
      "per_archive": [
        {
          "archive": 0,
          "inputs": 2,
          "mean_vrp_ms": 14.712,
          "mean_base_ms": 14.082,
          "overhead": 1.0448
        },
        {
          "archive": 1,
          "inputs": 6841,
          "mean_vrp_ms": 0.019,
          "mean_base_ms": 0.02,
          "overhead": 0.9764
        },
        {
          "archive": 2,
          "inputs": 2167,
          "mean_vrp_ms": 0.023,
          "mean_base_ms": 0.024,
          "overhead": 0.954
        },
        {
          "archive": 3,
          "inputs": 1144,
          "mean_vrp_ms": 0.027,
          "mean_base_ms": 0.027,
          "overhead": 0.9956
        },
        {
          "archive": 4,
          "inputs": 1088,
          "mean_vrp_ms": 0.025,
          "mean_base_ms": 0.027,
          "overhead": 0.9265
        },
        {
          "archive": 5,
          "inputs": 461,
          "mean_vrp_ms": 0.037,
          "mean_base_ms": 0.039,
          "overhead": 0.9449
        },
        {
          "archive": 6,
          "inputs": 350,
          "mean_vrp_ms": 0.065,
          "mean_base_ms": 0.052,
          "overhead": 1.2471
        },
        {
          "archive": 7,
          "inputs": 192,
          "mean_vrp_ms": 0.075,
          "mean_base_ms": 0.078,
          "overhead": 0.9671
        },
        {
          "archive": 8,
          "inputs": 130,
          "mean_vrp_ms": 0.114,
          "mean_base_ms": 0.107,
          "overhead": 1.0652
        },
        {
          "archive": 9,
          "inputs": 173,
          "mean_vrp_ms": 0.073,
          "mean_base_ms": 0.074,
          "overhead": 0.9798
        },
        {
          "archive": 10,
          "inputs": 124,
          "mean_vrp_ms": 0.109,
          "mean_base_ms": 0.105,
          "overhead": 1.0438
        },
        {
          "archive": 11,
          "inputs": 177,
          "mean_vrp_ms": 0.078,
          "mean_base_ms": 0.075,
          "overhead": 1.041
        },
        {
          "archive": 12,
          "inputs": 1602,
          "mean_vrp_ms": 0.021,
          "mean_base_ms": 0.022,
          "overhead": 0.9613
        },
        {
          "archive": 13,
          "inputs": 260,
          "mean_vrp_ms": 0.065,
          "mean_base_ms": 0.064,
          "overhead": 1.0105
        },
        {
          "archive": 14,
          "inputs": 89,
          "mean_vrp_ms": 0.128,
          "mean_base_ms": 0.161,
          "overhead": 0.7974
        },
        {
          "archive": 15,
          "inputs": 123,
          "mean_vrp_ms": 0.105,
          "mean_base_ms": 0.099,
          "overhead": 1.0653
        },
        {
          "archive": 16,
          "inputs": 100,
          "mean_vrp_ms": 0.143,
          "mean_base_ms": 0.14,
          "overhead": 1.0279
        },
        {
          "archive": 17,
          "inputs": 83,
          "mean_vrp_ms": 0.157,
          "mean_base_ms": 0.151,
          "overhead": 1.0397
        },
        {
          "archive": 18,
          "inputs": 81,
          "mean_vrp_ms": 0.155,
          "mean_base_ms": 0.158,
          "overhead": 0.9767
        },
        {
          "archive": 19,
          "inputs": 66,
          "mean_vrp_ms": 0.194,
          "mean_base_ms": 0.186,
          "overhead": 1.0437
        },
        {
          "archive": 20,
          "inputs": 140,
          "mean_vrp_ms": 0.095,
          "mean_base_ms": 0.09,
          "overhead": 1.0575
        },
        {
          "archive": 21,
          "inputs": 55,
          "mean_vrp_ms": 0.257,
          "mean_base_ms": 0.231,
          "overhead": 1.1104
        },
        {
          "archive": 22,
          "inputs": 43,
          "mean_vrp_ms": 0.344,
          "mean_base_ms": 0.28,
          "overhead": 1.2294
        },
        {
          "archive": 23,
          "inputs": 52,
          "mean_vrp_ms": 0.378,
          "mean_base_ms": 0.407,
          "overhead": 0.9278
        },
        {
          "archive": 24,
          "inputs": 56,
          "mean_vrp_ms": 0.218,
          "mean_base_ms": 0.23,
          "overhead": 0.9489
        },
        {
          "archive": 25,
          "inputs": 40,
          "mean_vrp_ms": 0.31,
          "mean_base_ms": 0.245,
          "overhead": 1.2639
        },
        {
          "archive": 26,
          "inputs": 42,
          "mean_vrp_ms": 0.375,
          "mean_base_ms": 0.289,
          "overhead": 1.2997
        },
        {
          "archive": 27,
          "inputs": 69,
          "mean_vrp_ms": 0.182,
          "mean_base_ms": 0.176,
          "overhead": 1.0353
        },
        {
          "archive": 28,
          "inputs": 55,
          "mean_vrp_ms": 0.23,
          "mean_base_ms": 0.205,
          "overhead": 1.1223
        },
        {
          "archive": 29,
          "inputs": 69,
          "mean_vrp_ms": 0.216,
          "mean_base_ms": 0.185,
          "overhead": 1.1647
        },
        {
          "archive": 30,
          "inputs": 43,
          "mean_vrp_ms": 0.26,
          "mean_base_ms": 0.306,
          "overhead": 0.85
        },
        {
          "archive": 31,
          "inputs": 74,
          "mean_vrp_ms": 0.212,
          "mean_base_ms": 0.152,
          "overhead": 1.4004
        },
        {
          "archive": 32,
          "inputs": 83,
          "mean_vrp_ms": 0.146,
          "mean_base_ms": 0.149,
          "overhead": 0.9807
        },
        {
          "archive": 33,
          "inputs": 199,
          "mean_vrp_ms": 0.07,
          "mean_base_ms": 0.072,
          "overhead": 0.9726
        },
        {
          "archive": 34,
          "inputs": 218,
          "mean_vrp_ms": 0.061,
          "mean_base_ms": 0.07,
          "overhead": 0.8703
        },
        {
          "archive": 35,
          "inputs": 52,
          "mean_vrp_ms": 0.234,
          "mean_base_ms": 0.219,
          "overhead": 1.066
        },
        {
          "archive": 36,
          "inputs": 33,
          "mean_vrp_ms": 0.33,
          "mean_base_ms": 0.349,
          "overhead": 0.9442
        },
        {
          "archive": 37,
          "inputs": 40,
          "mean_vrp_ms": 0.304,
          "mean_base_ms": 0.289,
          "overhead": 1.0516
        },
        {
          "archive": 38,
          "inputs": 60,
          "mean_vrp_ms": 0.179,
          "mean_base_ms": 0.192,
          "overhead": 0.9347
        },
        {
          "archive": 39,
          "inputs": 81,
          "mean_vrp_ms": 0.197,
          "mean_base_ms": 0.18,
          "overhead": 1.0922
        },
        {
          "archive": 40,
          "inputs": 40,
          "mean_vrp_ms": 0.261,
          "mean_base_ms": 0.27,
          "overhead": 0.9692
        },
        {
          "archive": 41,
          "inputs": 81,
          "mean_vrp_ms": 0.198,
          "mean_base_ms": 0.148,
          "overhead": 1.3418
        },
        {
          "archive": 42,
          "inputs": 23,
          "mean_vrp_ms": 0.493,
          "mean_base_ms": 0.536,
          "overhead": 0.9207
        },
        {
          "archive": 43,
          "inputs": 80,
          "mean_vrp_ms": 0.177,
          "mean_base_ms": 0.169,
          "overhead": 1.0487
        },
        {
          "archive": 44,
          "inputs": 43,
          "mean_vrp_ms": 0.271,
          "mean_base_ms": 0.301,
          "overhead": 0.8984
        },
        {
          "archive": 45,
          "inputs": 257,
          "mean_vrp_ms": 0.058,
          "mean_base_ms": 0.064,
          "overhead": 0.9038
        },
        {
          "archive": 46,
          "inputs": 57,
          "mean_vrp_ms": 0.213,
          "mean_base_ms": 0.216,
          "overhead": 0.9892
        },
        {
          "archive": 47,
          "inputs": 45,
          "mean_vrp_ms": 0.257,
          "mean_base_ms": 0.297,
          "overhead": 0.863
        },
        {
          "archive": 48,
          "inputs": 63,
          "mean_vrp_ms": 0.204,
          "mean_base_ms": 0.203,
          "overhead": 1.009
        },
        {
          "archive": 49,
          "inputs": 85,
          "mean_vrp_ms": 0.169,
          "mean_base_ms": 0.161,
          "overhead": 1.0491
        },
        {
          "archive": 50,
          "inputs": 65,
          "mean_vrp_ms": 0.208,
          "mean_base_ms": 0.234,
          "overhead": 0.8873
        },
        {
          "archive": 51,
          "inputs": 74,
          "mean_vrp_ms": 0.204,
          "mean_base_ms": 0.176,
          "overhead": 1.1626
        },
        {
          "archive": 52,
          "inputs": 37,
          "mean_vrp_ms": 0.289,
          "mean_base_ms": 0.305,
          "overhead": 0.9464
        },
        {
          "archive": 53,
          "inputs": 23,
          "mean_vrp_ms": 0.488,
          "mean_base_ms": 0.532,
          "overhead": 0.9162
        },
        {
          "archive": 54,
          "inputs": 17,
          "mean_vrp_ms": 0.838,
          "mean_base_ms": 0.646,
          "overhead": 1.2977
        },
        {
          "archive": 55,
          "inputs": 36,
          "mean_vrp_ms": 0.317,
          "mean_base_ms": 0.281,
          "overhead": 1.128
        },
        {
          "archive": 56,
          "inputs": 36,
          "mean_vrp_ms": 0.399,
          "mean_base_ms": 0.357,
          "overhead": 1.1191
        },
        {
          "archive": 57,
          "inputs": 35,
          "mean_vrp_ms": 0.335,
          "mean_base_ms": 0.355,
          "overhead": 0.9431
        },
        {
          "archive": 58,
          "inputs": 29,
          "mean_vrp_ms": 0.824,
          "mean_base_ms": 0.947,
          "overhead": 0.8699
        },
        {
          "archive": 59,
          "inputs": 39,
          "mean_vrp_ms": 0.32,
          "mean_base_ms": 0.303,
          "overhead": 1.054
        },
        {
          "archive": 60,
          "inputs": 16,
          "mean_vrp_ms": 0.746,
          "mean_base_ms": 0.695,
          "overhead": 1.0747
        },
        {
          "archive": 61,
          "inputs": 13,
          "mean_vrp_ms": 0.982,
          "mean_base_ms": 0.925,
          "overhead": 1.0621
        },
        {
          "archive": 62,
          "inputs": 18,
          "mean_vrp_ms": 0.714,
          "mean_base_ms": 0.673,
          "overhead": 1.062
        },
        {
          "archive": 63,
          "inputs": 295,
          "mean_vrp_ms": 0.055,
          "mean_base_ms": 0.054,
          "overhead": 1.0106
        },
        {
          "archive": 64,
          "inputs": 90,
          "mean_vrp_ms": 0.129,
          "mean_base_ms": 0.135,
          "overhead": 0.9612
        },
        {
          "archive": 65,
          "inputs": 60,
          "mean_vrp_ms": 0.185,
          "mean_base_ms": 0.199,
          "overhead": 0.9276
        },
        {
          "archive": 66,
          "inputs": 23,
          "mean_vrp_ms": 0.512,
          "mean_base_ms": 0.478,
          "overhead": 1.0713
        },
        {
          "archive": 67,
          "inputs": 25,
          "mean_vrp_ms": 0.536,
          "mean_base_ms": 0.516,
          "overhead": 1.0375
        },
        {
          "archive": 68,
          "inputs": 19,
          "mean_vrp_ms": 0.689,
          "mean_base_ms": 0.796,
          "overhead": 0.8661
        },
        {
          "archive": 69,
          "inputs": 20,
          "mean_vrp_ms": 0.766,
          "mean_base_ms": 0.553,
          "overhead": 1.3846
        },
        {
          "archive": 70,
          "inputs": 33,
          "mean_vrp_ms": 0.451,
          "mean_base_ms": 0.422,
          "overhead": 1.07
        },
        {
          "archive": 71,
          "inputs": 13,
          "mean_vrp_ms": 0.833,
          "mean_base_ms": 0.866,
          "overhead": 0.9612
        },
        {
          "archive": 72,
          "inputs": 13,
          "mean_vrp_ms": 0.805,
          "mean_base_ms": 0.888,
          "overhead": 0.9068
        },
        {
          "archive": 73,
          "inputs": 13,
          "mean_vrp_ms": 0.902,
          "mean_base_ms": 0.896,
          "overhead": 1.0062
        },
        {
          "archive": 74,
          "inputs": 18,
          "mean_vrp_ms": 0.664,
          "mean_base_ms": 0.709,
          "overhead": 0.9368
        },
        {
          "archive": 75,
          "inputs": 11,
          "mean_vrp_ms": 1.042,
          "mean_base_ms": 0.996,
          "overhead": 1.0468
        },
        {
          "archive": 76,
          "inputs": 7,
          "mean_vrp_ms": 2.284,
          "mean_base_ms": 1.631,
          "overhead": 1.4004
        },
        {
          "archive": 77,
          "inputs": 17,
          "mean_vrp_ms": 0.837,
          "mean_base_ms": 0.68,
          "overhead": 1.2306
        },
        {
          "archive": 78,
          "inputs": 22,
          "mean_vrp_ms": 0.675,
          "mean_base_ms": 0.467,
          "overhead": 1.447
        },
        {
          "archive": 79,
          "inputs": 16,
          "mean_vrp_ms": 0.816,
          "mean_base_ms": 0.675,
          "overhead": 1.209
        },
        {
          "archive": 80,
          "inputs": 10,
          "mean_vrp_ms": 1.633,
          "mean_base_ms": 1.599,
          "overhead": 1.0211
        },
        {
          "archive": 81,
          "inputs": 10,
          "mean_vrp_ms": 1.262,
          "mean_base_ms": 1.197,
          "overhead": 1.054
        },
        {
          "archive": 82,
          "inputs": 11,
          "mean_vrp_ms": 1.109,
          "mean_base_ms": 1.219,
          "overhead": 0.9101
        },
        {
          "archive": 83,
          "inputs": 12,
          "mean_vrp_ms": 1.052,
          "mean_base_ms": 0.983,
          "overhead": 1.0705
        },
        {
          "archive": 84,
          "inputs": 12,
          "mean_vrp_ms": 1.051,
          "mean_base_ms": 0.912,
          "overhead": 1.1528
        },
        {
          "archive": 85,
          "inputs": 12,
          "mean_vrp_ms": 1.199,
          "mean_base_ms": 1.006,
          "overhead": 1.1914
        },
        {
          "archive": 86,
          "inputs": 17,
          "mean_vrp_ms": 0.856,
          "mean_base_ms": 0.695,
          "overhead": 1.232
        },
        {
          "archive": 87,
          "inputs": 8,
          "mean_vrp_ms": 1.654,
          "mean_base_ms": 1.659,
          "overhead": 0.9971
        },
        {
          "archive": 88,
          "inputs": 8,
          "mean_vrp_ms": 1.428,
          "mean_base_ms": 1.461,
          "overhead": 0.9775
        },
        {
          "archive": 89,
          "inputs": 8,
          "mean_vrp_ms": 1.267,
          "mean_base_ms": 1.484,
          "overhead": 0.8534
        },
        {
          "archive": 90,
          "inputs": 3,
          "mean_vrp_ms": 3.332,
          "mean_base_ms": 3.469,
          "overhead": 0.9605
        },
        {
          "archive": 91,
          "inputs": 11,
          "mean_vrp_ms": 1.289,
          "mean_base_ms": 1.055,
          "overhead": 1.2219
        },
        {
          "archive": 92,
          "inputs": 10,
          "mean_vrp_ms": 1.554,
          "mean_base_ms": 1.194,
          "overhead": 1.3013
        },
        {
          "archive": 93,
          "inputs": 18,
          "mean_vrp_ms": 0.595,
          "mean_base_ms": 0.608,
          "overhead": 0.9787
        },
        {
          "archive": 94,
          "inputs": 16,
          "mean_vrp_ms": 0.696,
          "mean_base_ms": 0.775,
          "overhead": 0.8981
        },
        {
          "archive": 95,
          "inputs": 13,
          "mean_vrp_ms": 0.97,
          "mean_base_ms": 0.866,
          "overhead": 1.1209
        },
        {
          "archive": 96,
          "inputs": 0,
          "mean_vrp_ms": 0.0,
          "mean_base_ms": 0.0,
          "overhead": 0.0
        }
      ],
      "summary": {
        "total_inputs": 18843,
        "vrp_mean_ms": 0.08,
        "vrp_median_ms": 0.023,
        "vrp_p95_ms": 0.304,
        "vrp_p99_ms": 0.856,
        "base_mean_ms": 0.078,
        "base_median_ms": 0.024,
        "base_p95_ms": 0.289,
        "base_p99_ms": 0.896,
        "mean_overhead": 1.027
      }
    }
  }
}