{
  "experiment": "vrp-unfold-eval-big04",
  "benchmark": "freetype2_ftfuzzer",
  "fuzzer": "aflplusplus",
  "instance": "47055",
  "archives_processed": 97,
  "total_inputs": 18833,
  "elapsed_seconds": 19.2,
  "analyzer_results": {
    "vrp_hit_entanglement": {
      "per_archive": [
        {
          "archive": 0,
          "new_inputs": 2,
          "cumulative_inputs": 2,
          "new_vrp_edges": 0,
          "new_base_edges": 0,
          "cumulative_vrp_edges": 0,
          "cumulative_base_edges": 0,
          "classifications": {
            "vrp_only": 0,
            "both": 0,
            "base_only": 0,
            "neither": 2
          }
        },
        {
          "archive": 1,
          "new_inputs": 6808,
          "cumulative_inputs": 6810,
          "new_vrp_edges": 0,
          "new_base_edges": 0,
          "cumulative_vrp_edges": 0,
          "cumulative_base_edges": 0,
          "classifications": {
            "vrp_only": 0,
            "both": 0,
            "base_only": 0,
            "neither": 6808
          }
        },
        {
          "archive": 2,
          "new_inputs": 1956,
          "cumulative_inputs": 8766,
          "new_vrp_edges": 0,
          "new_base_edges": 0,
          "cumulative_vrp_edges": 0,
          "cumulative_base_edges": 0,
          "classifications": {
            "vrp_only": 0,
            "both": 0,
            "base_only": 0,
            "neither": 1956
          }
        },
        {
          "archive": 3,
          "new_inputs": 1231,
          "cumulative_inputs": 9997,
          "new_vrp_edges": 0,
          "new_base_edges": 0,
          "cumulative_vrp_edges": 0,
          "cumulative_base_edges": 0,
          "classifications": {
            "vrp_only": 0,
            "both": 0,
            "base_only": 0,
            "neither": 1231
          }
        },
        {
          "archive": 4,
          "new_inputs": 1635,
          "cumulative_inputs": 11632,
          "new_vrp_edges": 0,
          "new_base_edges": 0,
          "cumulative_vrp_edges": 0,
          "cumulative_base_edges": 0,
          "classifications": {
            "vrp_only": 0,
            "both": 0,
            "base_only": 0,
            "neither": 1635
          }
        },
        {
          "archive": 5,
          "new_inputs": 923,
          "cumulative_inputs": 12555,
          "new_vrp_edges": 0,
          "new_base_edges": 0,
          "cumulative_vrp_edges": 0,
          "cumulative_base_edges": 0,
          "classifications": {
            "vrp_only": 0,
            "both": 0,
            "base_only": 0,
            "neither": 923
          }
        },
        {
          "archive": 6,
          "new_inputs": 564,
          "cumulative_inputs": 13119,
          "new_vrp_edges": 0,
          "new_base_edges": 0,
          "cumulative_vrp_edges": 0,
          "cumulative_base_edges": 0,
          "classifications": {
            "vrp_only": 0,
            "both": 0,
            "base_only": 0,
            "neither": 564
          }
        },
        {
          "archive": 7,
          "new_inputs": 375,
          "cumulative_inputs": 13494,
          "new_vrp_edges": 0,
          "new_base_edges": 0,
          "cumulative_vrp_edges": 0,
          "cumulative_base_edges": 0,
          "classifications": {
            "vrp_only": 0,
            "both": 0,
            "base_only": 0,
            "neither": 375
          }
        },
        {
          "archive": 8,
          "new_inputs": 308,
          "cumulative_inputs": 13802,
          "new_vrp_edges": 0,
          "new_base_edges": 0,
          "cumulative_vrp_edges": 0,
          "cumulative_base_edges": 0,
          "classifications": {
            "vrp_only": 0,
            "both": 0,
            "base_only": 0,
            "neither": 308
          }
        },
        {
          "archive": 9,
          "new_inputs": 229,
          "cumulative_inputs": 14031,
          "new_vrp_edges": 0,
          "new_base_edges": 0,
          "cumulative_vrp_edges": 0,
          "cumulative_base_edges": 0,
          "classifications": {
            "vrp_only": 0,
            "both": 0,
            "base_only": 0,
            "neither": 229
          }
        },
        {
          "archive": 10,
          "new_inputs": 199,
          "cumulative_inputs": 14230,
          "new_vrp_edges": 0,
          "new_base_edges": 0,
          "cumulative_vrp_edges": 0,
          "cumulative_base_edges": 0,
          "classifications": {
            "vrp_only": 0,
            "both": 0,
            "base_only": 0,
            "neither": 199
          }
        },
        {
          "archive": 11,
          "new_inputs": 280,
          "cumulative_inputs": 14510,
          "new_vrp_edges": 0,
          "new_base_edges": 0,
          "cumulative_vrp_edges": 0,
          "cumulative_base_edges": 0,
          "classifications": {
            "vrp_only": 0,
            "both": 0,
            "base_only": 0,
            "neither": 280
          }
        },
        {
          "archive": 12,
          "new_inputs": 200,
          "cumulative_inputs": 14710,
          "new_vrp_edges": 0,
          "new_base_edges": 0,
          "cumulative_vrp_edges": 0,
          "cumulative_base_edges": 0,
          "classifications": {
            "vrp_only": 0,
            "both": 0,
            "base_only": 0,
            "neither": 200
          }
        },
        {
          "archive": 13,
          "new_inputs": 323,
          "cumulative_inputs": 15033,
          "new_vrp_edges": 0,
          "new_base_edges": 0,
          "cumulative_vrp_edges": 0,
          "cumulative_base_edges": 0,
          "classifications": {
            "vrp_only": 0,
            "both": 0,
            "base_only": 0,
            "neither": 323
          }
        },
        {
          "archive": 14,
          "new_inputs": 133,
          "cumulative_inputs": 15166,
          "new_vrp_edges": 0,
          "new_base_edges": 0,
          "cumulative_vrp_edges": 0,
          "cumulative_base_edges": 0,
          "classifications": {
            "vrp_only": 0,
            "both": 0,
            "base_only": 0,
            "neither": 133
          }
        },
        {
          "archive": 15,
          "new_inputs": 135,
          "cumulative_inputs": 15301,
          "new_vrp_edges": 0,
          "new_base_edges": 0,
          "cumulative_vrp_edges": 0,
          "cumulative_base_edges": 0,
          "classifications": {
            "vrp_only": 0,
            "both": 0,
            "base_only": 0,
            "neither": 135
          }
        },
        {
          "archive": 16,
          "new_inputs": 79,
          "cumulative_inputs": 15380,
          "new_vrp_edges": 0,
          "new_base_edges": 0,
          "cumulative_vrp_edges": 0,
          "cumulative_base_edges": 0,
          "classifications": {
            "vrp_only": 0,
            "both": 0,
            "base_only": 0,
            "neither": 79
          }
        },
        {
          "archive": 17,
          "new_inputs": 65,
          "cumulative_inputs": 15445,
          "new_vrp_edges": 0,
          "new_base_edges": 0,
          "cumulative_vrp_edges": 0,
          "cumulative_base_edges": 0,
          "classifications": {
            "vrp_only": 0,
            "both": 0,
            "base_only": 0,
            "neither": 65
          }
        },
        {
          "archive": 18,
          "new_inputs": 68,
          "cumulative_inputs": 15513,
          "new_vrp_edges": 0,
          "new_base_edges": 0,
          "cumulative_vrp_edges": 0,
          "cumulative_base_edges": 0,
          "classifications": {
            "vrp_only": 0,
            "both": 0,
            "base_only": 0,
            "neither": 68
          }
        },
        {
          "archive": 19,
          "new_inputs": 70,
          "cumulative_inputs": 15583,
          "new_vrp_edges": 0,
          "new_base_edges": 0,
          "cumulative_vrp_edges": 0,
          "cumulative_base_edges": 0,
          "classifications": {
            "vrp_only": 0,
            "both": 0,
            "base_only": 0,
            "neither": 70
          }
        },
        {
          "archive": 20,
          "new_inputs": 59,
          "cumulative_inputs": 15642,
          "new_vrp_edges": 0,
          "new_base_edges": 0,
          "cumulative_vrp_edges": 0,
          "cumulative_base_edges": 0,
          "classifications": {
            "vrp_only": 0,
            "both": 0,
            "base_only": 0,
            "neither": 59
          }
        },
        {
          "archive": 21,
          "new_inputs": 174,
          "cumulative_inputs": 15816,
          "new_vrp_edges": 0,
          "new_base_edges": 0,
          "cumulative_vrp_edges": 0,
          "cumulative_base_edges": 0,
          "classifications": {
            "vrp_only": 0,
            "both": 0,
            "base_only": 0,
            "neither": 174
          }
        },
        {
          "archive": 22,
          "new_inputs": 78,
          "cumulative_inputs": 15894,
          "new_vrp_edges": 0,
          "new_base_edges": 0,
          "cumulative_vrp_edges": 0,
          "cumulative_base_edges": 0,
          "classifications": {
            "vrp_only": 0,
            "both": 0,
            "base_only": 0,
            "neither": 78
          }
        },
        {
          "archive": 23,
          "new_inputs": 130,
          "cumulative_inputs": 16024,
          "new_vrp_edges": 0,
          "new_base_edges": 0,
          "cumulative_vrp_edges": 0,
          "cumulative_base_edges": 0,
          "classifications": {
            "vrp_only": 0,
            "both": 0,
            "base_only": 0,
            "neither": 130
          }
        },
        {
          "archive": 24,
          "new_inputs": 34,
          "cumulative_inputs": 16058,
          "new_vrp_edges": 0,
          "new_base_edges": 0,
          "cumulative_vrp_edges": 0,
          "cumulative_base_edges": 0,
          "classifications": {
            "vrp_only": 0,
            "both": 0,
            "base_only": 0,
            "neither": 34
          }
        },
        {
          "archive": 25,
          "new_inputs": 99,
          "cumulative_inputs": 16157,
          "new_vrp_edges": 0,
          "new_base_edges": 0,
          "cumulative_vrp_edges": 0,
          "cumulative_base_edges": 0,
          "classifications": {
            "vrp_only": 0,
            "both": 0,
            "base_only": 0,
            "neither": 99
          }
        },
        {
          "archive": 26,
          "new_inputs": 66,
          "cumulative_inputs": 16223,
          "new_vrp_edges": 0,
          "new_base_edges": 0,
          "cumulative_vrp_edges": 0,
          "cumulative_base_edges": 0,
          "classifications": {
            "vrp_only": 0,
            "both": 0,
            "base_only": 0,
            "neither": 66
          }
        },
        {
          "archive": 27,
          "new_inputs": 78,
          "cumulative_inputs": 16301,
          "new_vrp_edges": 0,
          "new_base_edges": 0,
          "cumulative_vrp_edges": 0,
          "cumulative_base_edges": 0,
          "classifications": {
            "vrp_only": 0,
            "both": 0,
            "base_only": 0,
            "neither": 78
          }
        },
        {
          "archive": 28,
          "new_inputs": 165,
          "cumulative_inputs": 16466,
          "new_vrp_edges": 0,
          "new_base_edges": 0,
          "cumulative_vrp_edges": 0,
          "cumulative_base_edges": 0,
          "classifications": {
            "vrp_only": 0,
            "both": 0,
            "base_only": 0,
            "neither": 165
          }
        },
        {
          "archive": 29,
          "new_inputs": 51,
          "cumulative_inputs": 16517,
          "new_vrp_edges": 0,
          "new_base_edges": 0,
          "cumulative_vrp_edges": 0,
          "cumulative_base_edges": 0,
          "classifications": {
            "vrp_only": 0,
            "both": 0,
            "base_only": 0,
            "neither": 51
          }
        },
        {
          "archive": 30,
          "new_inputs": 37,
          "cumulative_inputs": 16554,
          "new_vrp_edges": 0,
          "new_base_edges": 0,
          "cumulative_vrp_edges": 0,
          "cumulative_base_edges": 0,
          "classifications": {
            "vrp_only": 0,
            "both": 0,
            "base_only": 0,
            "neither": 37
          }
        },
        {
          "archive": 31,
          "new_inputs": 43,
          "cumulative_inputs": 16597,
          "new_vrp_edges": 0,
          "new_base_edges": 0,
          "cumulative_vrp_edges": 0,
          "cumulative_base_edges": 0,
          "classifications": {
            "vrp_only": 0,
            "both": 0,
            "base_only": 0,
            "neither": 43
          }
        },
        {
          "archive": 32,
          "new_inputs": 61,
          "cumulative_inputs": 16658,
          "new_vrp_edges": 0,
          "new_base_edges": 0,
          "cumulative_vrp_edges": 0,
          "cumulative_base_edges": 0,
          "classifications": {
            "vrp_only": 0,
            "both": 0,
            "base_only": 0,
            "neither": 61
          }
        },
        {
          "archive": 33,
          "new_inputs": 70,
          "cumulative_inputs": 16728,
          "new_vrp_edges": 0,
          "new_base_edges": 0,
          "cumulative_vrp_edges": 0,
          "cumulative_base_edges": 0,
          "classifications": {
            "vrp_only": 0,
            "both": 0,
            "base_only": 0,
            "neither": 70
          }
        },
        {
          "archive": 34,
          "new_inputs": 28,
          "cumulative_inputs": 16756,
          "new_vrp_edges": 0,
          "new_base_edges": 0,
          "cumulative_vrp_edges": 0,
          "cumulative_base_edges": 0,
          "classifications": {
            "vrp_only": 0,
            "both": 0,
            "base_only": 0,
            "neither": 28
          }
        },
        {
          "archive": 35,
          "new_inputs": 32,
          "cumulative_inputs": 16788,
          "new_vrp_edges": 0,
          "new_base_edges": 0,
          "cumulative_vrp_edges": 0,
          "cumulative_base_edges": 0,
          "classifications": {
            "vrp_only": 0,
            "both": 0,
            "base_only": 0,
            "neither": 32
          }
        },
        {
          "archive": 36,
          "new_inputs": 56,
          "cumulative_inputs": 16844,
          "new_vrp_edges": 0,
          "new_base_edges": 0,
          "cumulative_vrp_edges": 0,
          "cumulative_base_edges": 0,
          "classifications": {
            "vrp_only": 0,
            "both": 0,
            "base_only": 0,
            "neither": 56
          }
        },
        {
          "archive": 37,
          "new_inputs": 68,
          "cumulative_inputs": 16912,
          "new_vrp_edges": 0,
          "new_base_edges": 0,
          "cumulative_vrp_edges": 0,
          "cumulative_base_edges": 0,
          "classifications": {
            "vrp_only": 0,
            "both": 0,
            "base_only": 0,
            "neither": 68
          }
        },
        {
          "archive": 38,
          "new_inputs": 98,
          "cumulative_inputs": 17010,
          "new_vrp_edges": 0,
          "new_base_edges": 0,
          "cumulative_vrp_edges": 0,
          "cumulative_base_edges": 0,
          "classifications": {
            "vrp_only": 0,
            "both": 0,
            "base_only": 0,
            "neither": 98
          }
        },
        {
          "archive": 39,
          "new_inputs": 41,
          "cumulative_inputs": 17051,
          "new_vrp_edges": 0,
          "new_base_edges": 0,
          "cumulative_vrp_edges": 0,
          "cumulative_base_edges": 0,
          "classifications": {
            "vrp_only": 0,
            "both": 0,
            "base_only": 0,
            "neither": 41
          }
        },
        {
          "archive": 40,
          "new_inputs": 33,
          "cumulative_inputs": 17084,
          "new_vrp_edges": 0,
          "new_base_edges": 0,
          "cumulative_vrp_edges": 0,
          "cumulative_base_edges": 0,
          "classifications": {
            "vrp_only": 0,
            "both": 0,
            "base_only": 0,
            "neither": 33
          }
        },
        {
          "archive": 41,
          "new_inputs": 31,
          "cumulative_inputs": 17115,
          "new_vrp_edges": 0,
          "new_base_edges": 0,
          "cumulative_vrp_edges": 0,
          "cumulative_base_edges": 0,
          "classifications": {
            "vrp_only": 0,
            "both": 0,
            "base_only": 0,
            "neither": 31
          }
        },
        {
          "archive": 42,
          "new_inputs": 44,
          "cumulative_inputs": 17159,
          "new_vrp_edges": 0,
          "new_base_edges": 0,
          "cumulative_vrp_edges": 0,
          "cumulative_base_edges": 0,
          "classifications": {
            "vrp_only": 0,
            "both": 0,
            "base_only": 0,
            "neither": 44
          }
        },
        {
          "archive": 43,
          "new_inputs": 11,
          "cumulative_inputs": 17170,
          "new_vrp_edges": 0,
          "new_base_edges": 0,
          "cumulative_vrp_edges": 0,
          "cumulative_base_edges": 0,
          "classifications": {
            "vrp_only": 0,
            "both": 0,
            "base_only": 0,
            "neither": 11
          }
        },
        {
          "archive": 44,
          "new_inputs": 14,
          "cumulative_inputs": 17184,
          "new_vrp_edges": 0,
          "new_base_edges": 0,
          "cumulative_vrp_edges": 0,
          "cumulative_base_edges": 0,
          "classifications": {
            "vrp_only": 0,
            "both": 0,
            "base_only": 0,
            "neither": 14
          }
        },
        {
          "archive": 45,
          "new_inputs": 22,
          "cumulative_inputs": 17206,
          "new_vrp_edges": 0,
          "new_base_edges": 0,
          "cumulative_vrp_edges": 0,
          "cumulative_base_edges": 0,
          "classifications": {
            "vrp_only": 0,
            "both": 0,
            "base_only": 0,
            "neither": 22
          }
        },
        {
          "archive": 46,
          "new_inputs": 14,
          "cumulative_inputs": 17220,
          "new_vrp_edges": 0,
          "new_base_edges": 0,
          "cumulative_vrp_edges": 0,
          "cumulative_base_edges": 0,
          "classifications": {
            "vrp_only": 0,
            "both": 0,
            "base_only": 0,
            "neither": 14
          }
        },
        {
          "archive": 47,
          "new_inputs": 25,
          "cumulative_inputs": 17245,
          "new_vrp_edges": 0,
          "new_base_edges": 0,
          "cumulative_vrp_edges": 0,
          "cumulative_base_edges": 0,
          "classifications": {
            "vrp_only": 0,
            "both": 0,
            "base_only": 0,
            "neither": 25
          }
        },
        {
          "archive": 48,
          "new_inputs": 31,
          "cumulative_inputs": 17276,
          "new_vrp_edges": 0,
          "new_base_edges": 0,
          "cumulative_vrp_edges": 0,
          "cumulative_base_edges": 0,
          "classifications": {
            "vrp_only": 0,
            "both": 0,
            "base_only": 0,
            "neither": 31
          }
        },
        {
          "archive": 49,
          "new_inputs": 16,
          "cumulative_inputs": 17292,
          "new_vrp_edges": 0,
          "new_base_edges": 0,
          "cumulative_vrp_edges": 0,
          "cumulative_base_edges": 0,
          "classifications": {
            "vrp_only": 0,
            "both": 0,
            "base_only": 0,
            "neither": 16
          }
        },
        {
          "archive": 50,
          "new_inputs": 23,
          "cumulative_inputs": 17315,
          "new_vrp_edges": 0,
          "new_base_edges": 0,
          "cumulative_vrp_edges": 0,
          "cumulative_base_edges": 0,
          "classifications": {
            "vrp_only": 0,
            "both": 0,
            "base_only": 0,
            "neither": 23
          }
        },
        {
          "archive": 51,
          "new_inputs": 23,
          "cumulative_inputs": 17338,
          "new_vrp_edges": 0,
          "new_base_edges": 0,
          "cumulative_vrp_edges": 0,
          "cumulative_base_edges": 0,
          "classifications": {
            "vrp_only": 0,
            "both": 0,
            "base_only": 0,
            "neither": 23
          }
        },
        {
          "archive": 52,
          "new_inputs": 19,
          "cumulative_inputs": 17357,
          "new_vrp_edges": 0,
          "new_base_edges": 0,
          "cumulative_vrp_edges": 0,
          "cumulative_base_edges": 0,
          "classifications": {
            "vrp_only": 0,
            "both": 0,
            "base_only": 0,
            "neither": 19
          }
        },
        {
          "archive": 53,
          "new_inputs": 37,
          "cumulative_inputs": 17394,
          "new_vrp_edges": 0,
          "new_base_edges": 0,
          "cumulative_vrp_edges": 0,
          "cumulative_base_edges": 0,
          "classifications": {
            "vrp_only": 0,
            "both": 0,
            "base_only": 0,
            "neither": 37
          }
        },
        {
          "archive": 54,
          "new_inputs": 27,
          "cumulative_inputs": 17421,
          "new_vrp_edges": 0,
          "new_base_edges": 0,
          "cumulative_vrp_edges": 0,
          "cumulative_base_edges": 0,
          "classifications": {
            "vrp_only": 0,
            "both": 0,
            "base_only": 0,
            "neither": 27
          }
        },
        {
          "archive": 55,
          "new_inputs": 23,
          "cumulative_inputs": 17444,
          "new_vrp_edges": 0,
          "new_base_edges": 0,
          "cumulative_vrp_edges": 0,
          "cumulative_base_edges": 0,
          "classifications": {
            "vrp_only": 0,
            "both": 0,
            "base_only": 0,
            "neither": 23
          }
        },
        {
          "archive": 56,
          "new_inputs": 15,
          "cumulative_inputs": 17459,
          "new_vrp_edges": 0,
          "new_base_edges": 0,
          "cumulative_vrp_edges": 0,
          "cumulative_base_edges": 0,
          "classifications": {
            "vrp_only": 0,
            "both": 0,
            "base_only": 0,
            "neither": 15
          }
        },
        {
          "archive": 57,
          "new_inputs": 14,
          "cumulative_inputs": 17473,
          "new_vrp_edges": 0,
          "new_base_edges": 0,
          "cumulative_vrp_edges": 0,
          "cumulative_base_edges": 0,
          "classifications": {
            "vrp_only": 0,
            "both": 0,
            "base_only": 0,
            "neither": 14
          }
        },
        {
          "archive": 58,
          "new_inputs": 65,
          "cumulative_inputs": 17538,
          "new_vrp_edges": 0,
          "new_base_edges": 0,
          "cumulative_vrp_edges": 0,
          "cumulative_base_edges": 0,
          "classifications": {
            "vrp_only": 0,
            "both": 0,
            "base_only": 0,
            "neither": 65
          }
        },
        {
          "archive": 59,
          "new_inputs": 13,
          "cumulative_inputs": 17551,
          "new_vrp_edges": 0,
          "new_base_edges": 0,
          "cumulative_vrp_edges": 0,
          "cumulative_base_edges": 0,
          "classifications": {
            "vrp_only": 0,
            "both": 0,
            "base_only": 0,
            "neither": 13
          }
        },
        {
          "archive": 60,
          "new_inputs": 24,
          "cumulative_inputs": 17575,
          "new_vrp_edges": 0,
          "new_base_edges": 0,
          "cumulative_vrp_edges": 0,
          "cumulative_base_edges": 0,
          "classifications": {
            "vrp_only": 0,
            "both": 0,
            "base_only": 0,
            "neither": 24
          }
        },
        {
          "archive": 61,
          "new_inputs": 54,
          "cumulative_inputs": 17629,
          "new_vrp_edges": 0,
          "new_base_edges": 0,
          "cumulative_vrp_edges": 0,
          "cumulative_base_edges": 0,
          "classifications": {
            "vrp_only": 0,
            "both": 0,
            "base_only": 0,
            "neither": 54
          }
        },
        {
          "archive": 62,
          "new_inputs": 29,
          "cumulative_inputs": 17658,
          "new_vrp_edges": 0,
          "new_base_edges": 0,
          "cumulative_vrp_edges": 0,
          "cumulative_base_edges": 0,
          "classifications": {
            "vrp_only": 0,
            "both": 0,
            "base_only": 0,
            "neither": 29
          }
        },
        {
          "archive": 63,
          "new_inputs": 43,
          "cumulative_inputs": 17701,
          "new_vrp_edges": 0,
          "new_base_edges": 0,
          "cumulative_vrp_edges": 0,
          "cumulative_base_edges": 0,
          "classifications": {
            "vrp_only": 0,
            "both": 0,
            "base_only": 0,
            "neither": 43
          }
        },
        {
          "archive": 64,
          "new_inputs": 29,
          "cumulative_inputs": 17730,
          "new_vrp_edges": 0,
          "new_base_edges": 0,
          "cumulative_vrp_edges": 0,
          "cumulative_base_edges": 0,
          "classifications": {
            "vrp_only": 0,
            "both": 0,
            "base_only": 0,
            "neither": 29
          }
        },
        {
          "archive": 65,
          "new_inputs": 33,
          "cumulative_inputs": 17763,
          "new_vrp_edges": 0,
          "new_base_edges": 0,
          "cumulative_vrp_edges": 0,
          "cumulative_base_edges": 0,
          "classifications": {
            "vrp_only": 0,
            "both": 0,
            "base_only": 0,
            "neither": 33
          }
        },
        {
          "archive": 66,
          "new_inputs": 23,
          "cumulative_inputs": 17786,
          "new_vrp_edges": 0,
          "new_base_edges": 0,
          "cumulative_vrp_edges": 0,
          "cumulative_base_edges": 0,
          "classifications": {
            "vrp_only": 0,
            "both": 0,
            "base_only": 0,
            "neither": 23
          }
        },
        {
          "archive": 67,
          "new_inputs": 40,
          "cumulative_inputs": 17826,
          "new_vrp_edges": 0,
          "new_base_edges": 0,
          "cumulative_vrp_edges": 0,
          "cumulative_base_edges": 0,
          "classifications": {
            "vrp_only": 0,
            "both": 0,
            "base_only": 0,
            "neither": 40
          }
        },
        {
          "archive": 68,
          "new_inputs": 26,
          "cumulative_inputs": 17852,
          "new_vrp_edges": 0,
          "new_base_edges": 0,
          "cumulative_vrp_edges": 0,
          "cumulative_base_edges": 0,
          "classifications": {
            "vrp_only": 0,
            "both": 0,
            "base_only": 0,
            "neither": 26
          }
        },
        {
          "archive": 69,
          "new_inputs": 15,
          "cumulative_inputs": 17867,
          "new_vrp_edges": 0,
          "new_base_edges": 0,
          "cumulative_vrp_edges": 0,
          "cumulative_base_edges": 0,
          "classifications": {
            "vrp_only": 0,
            "both": 0,
            "base_only": 0,
            "neither": 15
          }
        },
        {
          "archive": 70,
          "new_inputs": 20,
          "cumulative_inputs": 17887,
          "new_vrp_edges": 0,
          "new_base_edges": 0,
          "cumulative_vrp_edges": 0,
          "cumulative_base_edges": 0,
          "classifications": {
            "vrp_only": 0,
            "both": 0,
            "base_only": 0,
            "neither": 20
          }
        },
        {
          "archive": 71,
          "new_inputs": 14,
          "cumulative_inputs": 17901,
          "new_vrp_edges": 0,
          "new_base_edges": 0,
          "cumulative_vrp_edges": 0,
          "cumulative_base_edges": 0,
          "classifications": {
            "vrp_only": 0,
            "both": 0,
            "base_only": 0,
            "neither": 14
          }
        },
        {
          "archive": 72,
          "new_inputs": 16,
          "cumulative_inputs": 17917,
          "new_vrp_edges": 0,
          "new_base_edges": 0,
          "cumulative_vrp_edges": 0,
          "cumulative_base_edges": 0,
          "classifications": {
            "vrp_only": 0,
            "both": 0,
            "base_only": 0,
            "neither": 16
          }
        },
        {
          "archive": 73,
          "new_inputs": 11,
          "cumulative_inputs": 17928,
          "new_vrp_edges": 0,
          "new_base_edges": 0,
          "cumulative_vrp_edges": 0,
          "cumulative_base_edges": 0,
          "classifications": {
            "vrp_only": 0,
            "both": 0,
            "base_only": 0,
            "neither": 11
          }
        },
        {
          "archive": 74,
          "new_inputs": 9,
          "cumulative_inputs": 17937,
          "new_vrp_edges": 0,
          "new_base_edges": 0,
          "cumulative_vrp_edges": 0,
          "cumulative_base_edges": 0,
          "classifications": {
            "vrp_only": 0,
            "both": 0,
            "base_only": 0,
            "neither": 9
          }
        },
        {
          "archive": 75,
          "new_inputs": 18,
          "cumulative_inputs": 17955,
          "new_vrp_edges": 0,
          "new_base_edges": 0,
          "cumulative_vrp_edges": 0,
          "cumulative_base_edges": 0,
          "classifications": {
            "vrp_only": 0,
            "both": 0,
            "base_only": 0,
            "neither": 18
          }
        },
        {
          "archive": 76,
          "new_inputs": 214,
          "cumulative_inputs": 18169,
          "new_vrp_edges": 0,
          "new_base_edges": 0,
          "cumulative_vrp_edges": 0,
          "cumulative_base_edges": 0,
          "classifications": {
            "vrp_only": 0,
            "both": 0,
            "base_only": 0,
            "neither": 214
          }
        },
        {
          "archive": 77,
          "new_inputs": 103,
          "cumulative_inputs": 18272,
          "new_vrp_edges": 0,
          "new_base_edges": 0,
          "cumulative_vrp_edges": 0,
          "cumulative_base_edges": 0,
          "classifications": {
            "vrp_only": 0,
            "both": 0,
            "base_only": 0,
            "neither": 103
          }
        },
        {
          "archive": 78,
          "new_inputs": 90,
          "cumulative_inputs": 18362,
          "new_vrp_edges": 0,
          "new_base_edges": 0,
          "cumulative_vrp_edges": 0,
          "cumulative_base_edges": 0,
          "classifications": {
            "vrp_only": 0,
            "both": 0,
            "base_only": 0,
            "neither": 90
          }
        },
        {
          "archive": 79,
          "new_inputs": 24,
          "cumulative_inputs": 18386,
          "new_vrp_edges": 0,
          "new_base_edges": 0,
          "cumulative_vrp_edges": 0,
          "cumulative_base_edges": 0,
          "classifications": {
            "vrp_only": 0,
            "both": 0,
            "base_only": 0,
            "neither": 24
          }
        },
        {
          "archive": 80,
          "new_inputs": 40,
          "cumulative_inputs": 18426,
          "new_vrp_edges": 0,
          "new_base_edges": 0,
          "cumulative_vrp_edges": 0,
          "cumulative_base_edges": 0,
          "classifications": {
            "vrp_only": 0,
            "both": 0,
            "base_only": 0,
            "neither": 40
          }
        },
        {
          "archive": 81,
          "new_inputs": 19,
          "cumulative_inputs": 18445,
          "new_vrp_edges": 0,
          "new_base_edges": 0,
          "cumulative_vrp_edges": 0,
          "cumulative_base_edges": 0,
          "classifications": {
            "vrp_only": 0,
            "both": 0,
            "base_only": 0,
            "neither": 19
          }
        },
        {
          "archive": 82,
          "new_inputs": 15,
          "cumulative_inputs": 18460,
          "new_vrp_edges": 0,
          "new_base_edges": 0,
          "cumulative_vrp_edges": 0,
          "cumulative_base_edges": 0,
          "classifications": {
            "vrp_only": 0,
            "both": 0,
            "base_only": 0,
            "neither": 15
          }
        },
        {
          "archive": 83,
          "new_inputs": 51,
          "cumulative_inputs": 18511,
          "new_vrp_edges": 0,
          "new_base_edges": 0,
          "cumulative_vrp_edges": 0,
          "cumulative_base_edges": 0,
          "classifications": {
            "vrp_only": 0,
            "both": 0,
            "base_only": 0,
            "neither": 51
          }
        },
        {
          "archive": 84,
          "new_inputs": 41,
          "cumulative_inputs": 18552,
          "new_vrp_edges": 0,
          "new_base_edges": 0,
          "cumulative_vrp_edges": 0,
          "cumulative_base_edges": 0,
          "classifications": {
            "vrp_only": 0,
            "both": 0,
            "base_only": 0,
            "neither": 41
          }
        },
        {
          "archive": 85,
          "new_inputs": 55,
          "cumulative_inputs": 18607,
          "new_vrp_edges": 0,
          "new_base_edges": 0,
          "cumulative_vrp_edges": 0,
          "cumulative_base_edges": 0,
          "classifications": {
            "vrp_only": 0,
            "both": 0,
            "base_only": 0,
            "neither": 55
          }
        },
        {
          "archive": 86,
          "new_inputs": 43,
          "cumulative_inputs": 18650,
          "new_vrp_edges": 0,
          "new_base_edges": 0,
          "cumulative_vrp_edges": 0,
          "cumulative_base_edges": 0,
          "classifications": {
            "vrp_only": 0,
            "both": 0,
            "base_only": 0,
            "neither": 43
          }
        },
        {
          "archive": 87,
          "new_inputs": 25,
          "cumulative_inputs": 18675,
          "new_vrp_edges": 0,
          "new_base_edges": 0,
          "cumulative_vrp_edges": 0,
          "cumulative_base_edges": 0,
          "classifications": {
            "vrp_only": 0,
            "both": 0,
            "base_only": 0,
            "neither": 25
          }
        },
        {
          "archive": 88,
          "new_inputs": 18,
          "cumulative_inputs": 18693,
          "new_vrp_edges": 0,
          "new_base_edges": 0,
          "cumulative_vrp_edges": 0,
          "cumulative_base_edges": 0,
          "classifications": {
            "vrp_only": 0,
            "both": 0,
            "base_only": 0,
            "neither": 18
          }
        },
        {
          "archive": 89,
          "new_inputs": 20,
          "cumulative_inputs": 18713,
          "new_vrp_edges": 0,
          "new_base_edges": 0,
          "cumulative_vrp_edges": 0,
          "cumulative_base_edges": 0,
          "classifications": {
            "vrp_only": 0,
            "both": 0,
            "base_only": 0,
            "neither": 20
          }
        },
        {
          "archive": 90,
          "new_inputs": 56,
          "cumulative_inputs": 18769,
          "new_vrp_edges": 0,
          "new_base_edges": 0,
          "cumulative_vrp_edges": 0,
          "cumulative_base_edges": 0,
          "classifications": {
            "vrp_only": 0,
            "both": 0,
            "base_only": 0,
            "neither": 56
          }
        },
        {
          "archive": 91,
          "new_inputs": 15,
          "cumulative_inputs": 18784,
          "new_vrp_edges": 0,
          "new_base_edges": 0,
          "cumulative_vrp_edges": 0,
          "cumulative_base_edges": 0,
          "classifications": {
            "vrp_only": 0,
            "both": 0,
            "base_only": 0,
            "neither": 15
          }
        },
        {
          "archive": 92,
          "new_inputs": 11,
          "cumulative_inputs": 18795,
          "new_vrp_edges": 0,
          "new_base_edges": 0,
          "cumulative_vrp_edges": 0,
          "cumulative_base_edges": 0,
          "classifications": {
            "vrp_only": 0,
            "both": 0,
            "base_only": 0,
            "neither": 11
          }
        },
        {
          "archive": 93,
          "new_inputs": 11,
          "cumulative_inputs": 18806,
          "new_vrp_edges": 0,
          "new_base_edges": 0,
          "cumulative_vrp_edges": 0,
          "cumulative_base_edges": 0,
          "classifications": {
            "vrp_only": 0,
            "both": 0,
            "base_only": 0,
            "neither": 11
          }
        },
        {
          "archive": 94,
          "new_inputs": 6,
          "cumulative_inputs": 18812,
          "new_vrp_edges": 0,
          "new_base_edges": 0,
          "cumulative_vrp_edges": 0,
          "cumulative_base_edges": 0,
          "classifications": {
            "vrp_only": 0,
            "both": 0,
            "base_only": 0,
            "neither": 6
          }
        },
        {
          "archive": 95,
          "new_inputs": 21,
          "cumulative_inputs": 18833,
          "new_vrp_edges": 0,
          "new_base_edges": 0,
          "cumulative_vrp_edges": 0,
          "cumulative_base_edges": 0,
          "classifications": {
            "vrp_only": 0,
            "both": 0,
            "base_only": 0,
            "neither": 21
          }
        },
        {
          "archive": 96,
          "new_inputs": 0,
          "cumulative_inputs": 18833,
          "new_vrp_edges": 0,
          "new_base_edges": 0,
          "cumulative_vrp_edges": 0,
          "cumulative_base_edges": 0,
          "classifications": {
            "vrp_only": 0,
            "both": 0,
            "base_only": 0,
            "neither": 0
          }
        }
      ],
      "summary": {
        "total_inputs": 18833,
        "total_vrp_edges": 0,
        "total_base_edges": 0,
        "entanglement_rate": 0.0,
        "vrp_only_count": 0,
        "both_count": 0,
        "base_only_count": 0,
        "neither_count": 18833
      }
    },
    "vrp_bucket_entanglement": {
      "summary": {
        "total_inputs": 18833,
        "bucket_entanglement_rate": 0.0,
        "vrp_only": 0,
        "both": 0,
        "base_only": 0,
        "neither": 18833,
        "edge_neither_but_bucket_interesting": 0
      }
    },
    "vrp_gradient": {
      "summary": {
        "total_vrp_edges_seen": 0,
        "singleton_edges": 0,
        "low_freq_edges": 0,
        "high_freq_edges": 0,
        "vrp_exclusive_singletons": 0,
        "hit_count_distribution": {
          "1": 0,
          "2-3": 0,
          "4-10": 0,
          "11-50": 0,
          "51-200": 0,
          "200+": 0
        }
      }
    },
    "edge_growth": {
      "growth_curve": [
        {
          "archive": 0,
          "total_inputs": 2,
          "vrp_edges": 0,
          "base_edges": 0
        },
        {
          "archive": 1,
          "total_inputs": 6810,
          "vrp_edges": 0,
          "base_edges": 0
        },
        {
          "archive": 2,
          "total_inputs": 8766,
          "vrp_edges": 0,
          "base_edges": 0
        },
        {
          "archive": 3,
          "total_inputs": 9997,
          "vrp_edges": 0,
          "base_edges": 0
        },
        {
          "archive": 4,
          "total_inputs": 11632,
          "vrp_edges": 0,
          "base_edges": 0
        },
        {
          "archive": 5,
          "total_inputs": 12555,
          "vrp_edges": 0,
          "base_edges": 0
        },
        {
          "archive": 6,
          "total_inputs": 13119,
          "vrp_edges": 0,
          "base_edges": 0
        },
        {
          "archive": 7,
          "total_inputs": 13494,
          "vrp_edges": 0,
          "base_edges": 0
        },
        {
          "archive": 8,
          "total_inputs": 13802,
          "vrp_edges": 0,
          "base_edges": 0
        },
        {
          "archive": 9,
          "total_inputs": 14031,
          "vrp_edges": 0,
          "base_edges": 0
        },
        {
          "archive": 10,
          "total_inputs": 14230,
          "vrp_edges": 0,
          "base_edges": 0
        },
        {
          "archive": 11,
          "total_inputs": 14510,
          "vrp_edges": 0,
          "base_edges": 0
        },
        {
          "archive": 12,
          "total_inputs": 14710,
          "vrp_edges": 0,
          "base_edges": 0
        },
        {
          "archive": 13,
          "total_inputs": 15033,
          "vrp_edges": 0,
          "base_edges": 0
        },
        {
          "archive": 14,
          "total_inputs": 15166,
          "vrp_edges": 0,
          "base_edges": 0
        },
        {
          "archive": 15,
          "total_inputs": 15301,
          "vrp_edges": 0,
          "base_edges": 0
        },
        {
          "archive": 16,
          "total_inputs": 15380,
          "vrp_edges": 0,
          "base_edges": 0
        },
        {
          "archive": 17,
          "total_inputs": 15445,
          "vrp_edges": 0,
          "base_edges": 0
        },
        {
          "archive": 18,
          "total_inputs": 15513,
          "vrp_edges": 0,
          "base_edges": 0
        },
        {
          "archive": 19,
          "total_inputs": 15583,
          "vrp_edges": 0,
          "base_edges": 0
        },
        {
          "archive": 20,
          "total_inputs": 15642,
          "vrp_edges": 0,
          "base_edges": 0
        },
        {
          "archive": 21,
          "total_inputs": 15816,
          "vrp_edges": 0,
          "base_edges": 0
        },
        {
          "archive": 22,
          "total_inputs": 15894,
          "vrp_edges": 0,
          "base_edges": 0
        },
        {
          "archive": 23,
          "total_inputs": 16024,
          "vrp_edges": 0,
          "base_edges": 0
        },
        {
          "archive": 24,
          "total_inputs": 16058,
          "vrp_edges": 0,
          "base_edges": 0
        },
        {
          "archive": 25,
          "total_inputs": 16157,
          "vrp_edges": 0,
          "base_edges": 0
        },
        {
          "archive": 26,
          "total_inputs": 16223,
          "vrp_edges": 0,
          "base_edges": 0
        },
        {
          "archive": 27,
          "total_inputs": 16301,
          "vrp_edges": 0,
          "base_edges": 0
        },
        {
          "archive": 28,
          "total_inputs": 16466,
          "vrp_edges": 0,
          "base_edges": 0
        },
        {
          "archive": 29,
          "total_inputs": 16517,
          "vrp_edges": 0,
          "base_edges": 0
        },
        {
          "archive": 30,
          "total_inputs": 16554,
          "vrp_edges": 0,
          "base_edges": 0
        },
        {
          "archive": 31,
          "total_inputs": 16597,
          "vrp_edges": 0,
          "base_edges": 0
        },
        {
          "archive": 32,
          "total_inputs": 16658,
          "vrp_edges": 0,
          "base_edges": 0
        },
        {
          "archive": 33,
          "total_inputs": 16728,
          "vrp_edges": 0,
          "base_edges": 0
        },
        {
          "archive": 34,
          "total_inputs": 16756,
          "vrp_edges": 0,
          "base_edges": 0
        },
        {
          "archive": 35,
          "total_inputs": 16788,
          "vrp_edges": 0,
          "base_edges": 0
        },
        {
          "archive": 36,
          "total_inputs": 16844,
          "vrp_edges": 0,
          "base_edges": 0
        },
        {
          "archive": 37,
          "total_inputs": 16912,
          "vrp_edges": 0,
          "base_edges": 0
        },
        {
          "archive": 38,
          "total_inputs": 17010,
          "vrp_edges": 0,
          "base_edges": 0
        },
        {
          "archive": 39,
          "total_inputs": 17051,
          "vrp_edges": 0,
          "base_edges": 0
        },
        {
          "archive": 40,
          "total_inputs": 17084,
          "vrp_edges": 0,
          "base_edges": 0
        },
        {
          "archive": 41,
          "total_inputs": 17115,
          "vrp_edges": 0,
          "base_edges": 0
        },
        {
          "archive": 42,
          "total_inputs": 17159,
          "vrp_edges": 0,
          "base_edges": 0
        },
        {
          "archive": 43,
          "total_inputs": 17170,
          "vrp_edges": 0,
          "base_edges": 0
        },
        {
          "archive": 44,
          "total_inputs": 17184,
          "vrp_edges": 0,
          "base_edges": 0
        },
        {
          "archive": 45,
          "total_inputs": 17206,
          "vrp_edges": 0,
          "base_edges": 0
        },
        {
          "archive": 46,
          "total_inputs": 17220,
          "vrp_edges": 0,
          "base_edges": 0
        },
        {
          "archive": 47,
          "total_inputs": 17245,
          "vrp_edges": 0,
          "base_edges": 0
        },
        {
          "archive": 48,
          "total_inputs": 17276,
          "vrp_edges": 0,
          "base_edges": 0
        },
        {
          "archive": 49,
          "total_inputs": 17292,
          "vrp_edges": 0,
          "base_edges": 0
        },
        {
          "archive": 50,
          "total_inputs": 17315,
          "vrp_edges": 0,
          "base_edges": 0
        },
        {
          "archive": 51,
          "total_inputs": 17338,
          "vrp_edges": 0,
          "base_edges": 0
        },
        {
          "archive": 52,
          "total_inputs": 17357,
          "vrp_edges": 0,
          "base_edges": 0
        },
        {
          "archive": 53,
          "total_inputs": 17394,
          "vrp_edges": 0,
          "base_edges": 0
        },
        {
          "archive": 54,
          "total_inputs": 17421,
          "vrp_edges": 0,
          "base_edges": 0
        },
        {
          "archive": 55,
          "total_inputs": 17444,
          "vrp_edges": 0,
          "base_edges": 0
        },
        {
          "archive": 56,
          "total_inputs": 17459,
          "vrp_edges": 0,
          "base_edges": 0
        },
        {
          "archive": 57,
          "total_inputs": 17473,
          "vrp_edges": 0,
          "base_edges": 0
        },
        {
          "archive": 58,
          "total_inputs": 17538,
          "vrp_edges": 0,
          "base_edges": 0
        },
        {
          "archive": 59,
          "total_inputs": 17551,
          "vrp_edges": 0,
          "base_edges": 0
        },
        {
          "archive": 60,
          "total_inputs": 17575,
          "vrp_edges": 0,
          "base_edges": 0
        },
        {
          "archive": 61,
          "total_inputs": 17629,
          "vrp_edges": 0,
          "base_edges": 0
        },
        {
          "archive": 62,
          "total_inputs": 17658,
          "vrp_edges": 0,
          "base_edges": 0
        },
        {
          "archive": 63,
          "total_inputs": 17701,
          "vrp_edges": 0,
          "base_edges": 0
        },
        {
          "archive": 64,
          "total_inputs": 17730,
          "vrp_edges": 0,
          "base_edges": 0
        },
        {
          "archive": 65,
          "total_inputs": 17763,
          "vrp_edges": 0,
          "base_edges": 0
        },
        {
          "archive": 66,
          "total_inputs": 17786,
          "vrp_edges": 0,
          "base_edges": 0
        },
        {
          "archive": 67,
          "total_inputs": 17826,
          "vrp_edges": 0,
          "base_edges": 0
        },
        {
          "archive": 68,
          "total_inputs": 17852,
          "vrp_edges": 0,
          "base_edges": 0
        },
        {
          "archive": 69,
          "total_inputs": 17867,
          "vrp_edges": 0,
          "base_edges": 0
        },
        {
          "archive": 70,
          "total_inputs": 17887,
          "vrp_edges": 0,
          "base_edges": 0
        },
        {
          "archive": 71,
          "total_inputs": 17901,
          "vrp_edges": 0,
          "base_edges": 0
        },
        {
          "archive": 72,
          "total_inputs": 17917,
          "vrp_edges": 0,
          "base_edges": 0
        },
        {
          "archive": 73,
          "total_inputs": 17928,
          "vrp_edges": 0,
          "base_edges": 0
        },
        {
          "archive": 74,
          "total_inputs": 17937,
          "vrp_edges": 0,
          "base_edges": 0
        },
        {
          "archive": 75,
          "total_inputs": 17955,
          "vrp_edges": 0,
          "base_edges": 0
        },
        {
          "archive": 76,
          "total_inputs": 18169,
          "vrp_edges": 0,
          "base_edges": 0
        },
        {
          "archive": 77,
          "total_inputs": 18272,
          "vrp_edges": 0,
          "base_edges": 0
        },
        {
          "archive": 78,
          "total_inputs": 18362,
          "vrp_edges": 0,
          "base_edges": 0
        },
        {
          "archive": 79,
          "total_inputs": 18386,
          "vrp_edges": 0,
          "base_edges": 0
        },
        {
          "archive": 80,
          "total_inputs": 18426,
          "vrp_edges": 0,
          "base_edges": 0
        },
        {
          "archive": 81,
          "total_inputs": 18445,
          "vrp_edges": 0,
          "base_edges": 0
        },
        {
          "archive": 82,
          "total_inputs": 18460,
          "vrp_edges": 0,
          "base_edges": 0
        },
        {
          "archive": 83,
          "total_inputs": 18511,
          "vrp_edges": 0,
          "base_edges": 0
        },
        {
          "archive": 84,
          "total_inputs": 18552,
          "vrp_edges": 0,
          "base_edges": 0
        },
        {
          "archive": 85,
          "total_inputs": 18607,
          "vrp_edges": 0,
          "base_edges": 0
        },
        {
          "archive": 86,
          "total_inputs": 18650,
          "vrp_edges": 0,
          "base_edges": 0
        },
        {
          "archive": 87,
          "total_inputs": 18675,
          "vrp_edges": 0,
          "base_edges": 0
        },
        {
          "archive": 88,
          "total_inputs": 18693,
          "vrp_edges": 0,
          "base_edges": 0
        },
        {
          "archive": 89,
          "total_inputs": 18713,
          "vrp_edges": 0,
          "base_edges": 0
        },
        {
          "archive": 90,
          "total_inputs": 18769,
          "vrp_edges": 0,
          "base_edges": 0
        },
        {
          "archive": 91,
          "total_inputs": 18784,
          "vrp_edges": 0,
          "base_edges": 0
        },
        {
          "archive": 92,
          "total_inputs": 18795,
          "vrp_edges": 0,
          "base_edges": 0
        },
        {
          "archive": 93,
          "total_inputs": 18806,
          "vrp_edges": 0,
          "base_edges": 0
        },
        {
          "archive": 94,
          "total_inputs": 18812,
          "vrp_edges": 0,
          "base_edges": 0
        },
        {
          "archive": 95,
          "total_inputs": 18833,
          "vrp_edges": 0,
          "base_edges": 0
        },
        {
          "archive": 96,
          "total_inputs": 18833,
          "vrp_edges": 0,
          "base_edges": 0
        }
      ],
      "final_vrp_edges": 0,
      "final_base_edges": 0,
      "total_inputs": 18833
    },
    "speed": {
      "per_archive": [
        {
          "archive": 0,
          "inputs": 2,
          "mean_vrp_ms": 9.427,
          "mean_base_ms": 9.834,
          "overhead": 0.9586
        },
        {
          "archive": 1,
          "inputs": 6808,
          "mean_vrp_ms": 0.015,
          "mean_base_ms": 0.015,
          "overhead": 0.9982
        },
        {
          "archive": 2,
          "inputs": 1956,
          "mean_vrp_ms": 0.024,
          "mean_base_ms": 0.024,
          "overhead": 0.9977
        },
        {
          "archive": 3,
          "inputs": 1231,
          "mean_vrp_ms": 0.028,
          "mean_base_ms": 0.027,
          "overhead": 1.0033
        },
        {
          "archive": 4,
          "inputs": 1635,
          "mean_vrp_ms": 0.025,
          "mean_base_ms": 0.028,
          "overhead": 0.9165
        },
        {
          "archive": 5,
          "inputs": 923,
          "mean_vrp_ms": 0.029,
          "mean_base_ms": 0.032,
          "overhead": 0.9038
        },
        {
          "archive": 6,
          "inputs": 564,
          "mean_vrp_ms": 0.037,
          "mean_base_ms": 0.035,
          "overhead": 1.0616
        },
        {
          "archive": 7,
          "inputs": 375,
          "mean_vrp_ms": 0.049,
          "mean_base_ms": 0.046,
          "overhead": 1.0688
        },
        {
          "archive": 8,
          "inputs": 308,
          "mean_vrp_ms": 0.053,
          "mean_base_ms": 0.052,
          "overhead": 1.0178
        },
        {
          "archive": 9,
          "inputs": 229,
          "mean_vrp_ms": 0.075,
          "mean_base_ms": 0.081,
          "overhead": 0.9275
        },
        {
          "archive": 10,
          "inputs": 199,
          "mean_vrp_ms": 0.085,
          "mean_base_ms": 0.071,
          "overhead": 1.2033
        },
        {
          "archive": 11,
          "inputs": 280,
          "mean_vrp_ms": 0.055,
          "mean_base_ms": 0.056,
          "overhead": 0.9832
        },
        {
          "archive": 12,
          "inputs": 200,
          "mean_vrp_ms": 0.078,
          "mean_base_ms": 0.069,
          "overhead": 1.1321
        },
        {
          "archive": 13,
          "inputs": 323,
          "mean_vrp_ms": 0.045,
          "mean_base_ms": 0.05,
          "overhead": 0.8906
        },
        {
          "archive": 14,
          "inputs": 133,
          "mean_vrp_ms": 0.096,
          "mean_base_ms": 0.107,
          "overhead": 0.9024
        },
        {
          "archive": 15,
          "inputs": 135,
          "mean_vrp_ms": 0.096,
          "mean_base_ms": 0.099,
          "overhead": 0.9656
        },
        {
          "archive": 16,
          "inputs": 79,
          "mean_vrp_ms": 0.154,
          "mean_base_ms": 0.16,
          "overhead": 0.9659
        },
        {
          "archive": 17,
          "inputs": 65,
          "mean_vrp_ms": 0.181,
          "mean_base_ms": 0.195,
          "overhead": 0.9287
        },
        {
          "archive": 18,
          "inputs": 68,
          "mean_vrp_ms": 0.178,
          "mean_base_ms": 0.173,
          "overhead": 1.0257
        },
        {
          "archive": 19,
          "inputs": 70,
          "mean_vrp_ms": 0.164,
          "mean_base_ms": 0.172,
          "overhead": 0.9552
        },
        {
          "archive": 20,
          "inputs": 59,
          "mean_vrp_ms": 0.216,
          "mean_base_ms": 0.219,
          "overhead": 0.9861
        },
        {
          "archive": 21,
          "inputs": 174,
          "mean_vrp_ms": 0.083,
          "mean_base_ms": 0.091,
          "overhead": 0.9095
        },
        {
          "archive": 22,
          "inputs": 78,
          "mean_vrp_ms": 0.164,
          "mean_base_ms": 0.184,
          "overhead": 0.8886
        },
        {
          "archive": 23,
          "inputs": 130,
          "mean_vrp_ms": 0.102,
          "mean_base_ms": 0.092,
          "overhead": 1.1028
        },
        {
          "archive": 24,
          "inputs": 34,
          "mean_vrp_ms": 0.401,
          "mean_base_ms": 0.366,
          "overhead": 1.0941
        },
        {
          "archive": 25,
          "inputs": 99,
          "mean_vrp_ms": 0.125,
          "mean_base_ms": 0.129,
          "overhead": 0.9682
        },
        {
          "archive": 26,
          "inputs": 66,
          "mean_vrp_ms": 0.165,
          "mean_base_ms": 0.181,
          "overhead": 0.9127
        },
        {
          "archive": 27,
          "inputs": 78,
          "mean_vrp_ms": 0.149,
          "mean_base_ms": 0.156,
          "overhead": 0.9584
        },
        {
          "archive": 28,
          "inputs": 165,
          "mean_vrp_ms": 0.08,
          "mean_base_ms": 0.078,
          "overhead": 1.0138
        },
        {
          "archive": 29,
          "inputs": 51,
          "mean_vrp_ms": 0.25,
          "mean_base_ms": 0.23,
          "overhead": 1.0859
        },
        {
          "archive": 30,
          "inputs": 37,
          "mean_vrp_ms": 0.359,
          "mean_base_ms": 0.296,
          "overhead": 1.2123
        },
        {
          "archive": 31,
          "inputs": 43,
          "mean_vrp_ms": 0.239,
          "mean_base_ms": 0.259,
          "overhead": 0.9242
        },
        {
          "archive": 32,
          "inputs": 61,
          "mean_vrp_ms": 0.294,
          "mean_base_ms": 0.207,
          "overhead": 1.4196
        },
        {
          "archive": 33,
          "inputs": 70,
          "mean_vrp_ms": 0.506,
          "mean_base_ms": 0.504,
          "overhead": 1.0031
        },
        {
          "archive": 34,
          "inputs": 28,
          "mean_vrp_ms": 0.734,
          "mean_base_ms": 0.666,
          "overhead": 1.103
        },
        {
          "archive": 35,
          "inputs": 32,
          "mean_vrp_ms": 0.402,
          "mean_base_ms": 0.409,
          "overhead": 0.9839
        },
        {
          "archive": 36,
          "inputs": 56,
          "mean_vrp_ms": 0.229,
          "mean_base_ms": 0.249,
          "overhead": 0.9208
        },
        {
          "archive": 37,
          "inputs": 68,
          "mean_vrp_ms": 0.185,
          "mean_base_ms": 0.228,
          "overhead": 0.8122
        },
        {
          "archive": 38,
          "inputs": 98,
          "mean_vrp_ms": 0.138,
          "mean_base_ms": 0.13,
          "overhead": 1.0617
        },
        {
          "archive": 39,
          "inputs": 41,
          "mean_vrp_ms": 0.3,
          "mean_base_ms": 0.264,
          "overhead": 1.1367
        },
        {
          "archive": 40,
          "inputs": 33,
          "mean_vrp_ms": 0.406,
          "mean_base_ms": 0.38,
          "overhead": 1.0676
        },
        {
          "archive": 41,
          "inputs": 31,
          "mean_vrp_ms": 0.416,
          "mean_base_ms": 0.376,
          "overhead": 1.1049
        },
        {
          "archive": 42,
          "inputs": 44,
          "mean_vrp_ms": 0.311,
          "mean_base_ms": 0.254,
          "overhead": 1.2219
        },
        {
          "archive": 43,
          "inputs": 11,
          "mean_vrp_ms": 1.111,
          "mean_base_ms": 1.044,
          "overhead": 1.0638
        },
        {
          "archive": 44,
          "inputs": 14,
          "mean_vrp_ms": 0.876,
          "mean_base_ms": 0.838,
          "overhead": 1.0445
        },
        {
          "archive": 45,
          "inputs": 22,
          "mean_vrp_ms": 0.691,
          "mean_base_ms": 0.505,
          "overhead": 1.3698
        },
        {
          "archive": 46,
          "inputs": 14,
          "mean_vrp_ms": 0.838,
          "mean_base_ms": 0.847,
          "overhead": 0.9901
        },
        {
          "archive": 47,
          "inputs": 25,
          "mean_vrp_ms": 0.508,
          "mean_base_ms": 0.471,
          "overhead": 1.0792
        },
        {
          "archive": 48,
          "inputs": 31,
          "mean_vrp_ms": 0.406,
          "mean_base_ms": 0.465,
          "overhead": 0.8722
        },
        {
          "archive": 49,
          "inputs": 16,
          "mean_vrp_ms": 0.876,
          "mean_base_ms": 0.674,
          "overhead": 1.3004
        },
        {
          "archive": 50,
          "inputs": 23,
          "mean_vrp_ms": 0.624,
          "mean_base_ms": 0.605,
          "overhead": 1.032
        },
        {
          "archive": 51,
          "inputs": 23,
          "mean_vrp_ms": 0.454,
          "mean_base_ms": 0.453,
          "overhead": 1.0033
        },
        {
          "archive": 52,
          "inputs": 19,
          "mean_vrp_ms": 0.643,
          "mean_base_ms": 0.578,
          "overhead": 1.1134
        },
        {
          "archive": 53,
          "inputs": 37,
          "mean_vrp_ms": 0.33,
          "mean_base_ms": 0.307,
          "overhead": 1.0736
        },
        {
          "archive": 54,
          "inputs": 27,
          "mean_vrp_ms": 0.408,
          "mean_base_ms": 0.453,
          "overhead": 0.9018
        },
        {
          "archive": 55,
          "inputs": 23,
          "mean_vrp_ms": 0.57,
          "mean_base_ms": 0.566,
          "overhead": 1.0055
        },
        {
          "archive": 56,
          "inputs": 15,
          "mean_vrp_ms": 0.949,
          "mean_base_ms": 0.669,
          "overhead": 1.4177
        },
        {
          "archive": 57,
          "inputs": 14,
          "mean_vrp_ms": 0.85,
          "mean_base_ms": 0.781,
          "overhead": 1.0885
        },
        {
          "archive": 58,
          "inputs": 65,
          "mean_vrp_ms": 0.183,
          "mean_base_ms": 0.183,
          "overhead": 1.001
        },
        {
          "archive": 59,
          "inputs": 13,
          "mean_vrp_ms": 0.862,
          "mean_base_ms": 0.857,
          "overhead": 1.0056
        },
        {
          "archive": 60,
          "inputs": 24,
          "mean_vrp_ms": 0.544,
          "mean_base_ms": 0.587,
          "overhead": 0.9275
        },
        {
          "archive": 61,
          "inputs": 54,
          "mean_vrp_ms": 0.256,
          "mean_base_ms": 0.23,
          "overhead": 1.1129
        },
        {
          "archive": 62,
          "inputs": 29,
          "mean_vrp_ms": 0.427,
          "mean_base_ms": 0.479,
          "overhead": 0.8915
        },
        {
          "archive": 63,
          "inputs": 43,
          "mean_vrp_ms": 0.323,
          "mean_base_ms": 0.27,
          "overhead": 1.196
        },
        {
          "archive": 64,
          "inputs": 29,
          "mean_vrp_ms": 0.406,
          "mean_base_ms": 0.394,
          "overhead": 1.031
        },
        {
          "archive": 65,
          "inputs": 33,
          "mean_vrp_ms": 0.436,
          "mean_base_ms": 0.311,
          "overhead": 1.4029
        },
        {
          "archive": 66,
          "inputs": 23,
          "mean_vrp_ms": 0.566,
          "mean_base_ms": 0.61,
          "overhead": 0.9266
        },
        {
          "archive": 67,
          "inputs": 40,
          "mean_vrp_ms": 0.3,
          "mean_base_ms": 0.312,
          "overhead": 0.9614
        },
        {
          "archive": 68,
          "inputs": 26,
          "mean_vrp_ms": 0.409,
          "mean_base_ms": 0.41,
          "overhead": 0.9978
        },
        {
          "archive": 69,
          "inputs": 15,
          "mean_vrp_ms": 0.786,
          "mean_base_ms": 0.708,
          "overhead": 1.1101
        },
        {
          "archive": 70,
          "inputs": 20,
          "mean_vrp_ms": 0.519,
          "mean_base_ms": 0.624,
          "overhead": 0.8322
        },
        {
          "archive": 71,
          "inputs": 14,
          "mean_vrp_ms": 0.823,
          "mean_base_ms": 0.797,
          "overhead": 1.0329
        },
        {
          "archive": 72,
          "inputs": 16,
          "mean_vrp_ms": 0.719,
          "mean_base_ms": 0.879,
          "overhead": 0.8177
        },
        {
          "archive": 73,
          "inputs": 11,
          "mean_vrp_ms": 1.37,
          "mean_base_ms": 1.074,
          "overhead": 1.2758
        },
        {
          "archive": 74,
          "inputs": 9,
          "mean_vrp_ms": 1.544,
          "mean_base_ms": 1.309,
          "overhead": 1.1797
        },
        {
          "archive": 75,
          "inputs": 18,
          "mean_vrp_ms": 0.692,
          "mean_base_ms": 0.801,
          "overhead": 0.865
        },
        {
          "archive": 76,
          "inputs": 214,
          "mean_vrp_ms": 0.083,
          "mean_base_ms": 0.073,
          "overhead": 1.1484
        },
        {
          "archive": 77,
          "inputs": 103,
          "mean_vrp_ms": 0.119,
          "mean_base_ms": 0.115,
          "overhead": 1.0357
        },
        {
          "archive": 78,
          "inputs": 90,
          "mean_vrp_ms": 0.14,
          "mean_base_ms": 0.132,
          "overhead": 1.0586
        },
        {
          "archive": 79,
          "inputs": 24,
          "mean_vrp_ms": 0.461,
          "mean_base_ms": 0.476,
          "overhead": 0.9688
        },
        {
          "archive": 80,
          "inputs": 40,
          "mean_vrp_ms": 0.262,
          "mean_base_ms": 0.297,
          "overhead": 0.883
        },
        {
          "archive": 81,
          "inputs": 19,
          "mean_vrp_ms": 0.658,
          "mean_base_ms": 0.681,
          "overhead": 0.9667
        },
        {
          "archive": 82,
          "inputs": 15,
          "mean_vrp_ms": 0.862,
          "mean_base_ms": 0.689,
          "overhead": 1.2522
        },
        {
          "archive": 83,
          "inputs": 51,
          "mean_vrp_ms": 0.244,
          "mean_base_ms": 0.217,
          "overhead": 1.1213
        },
        {
          "archive": 84,
          "inputs": 41,
          "mean_vrp_ms": 0.377,
          "mean_base_ms": 0.32,
          "overhead": 1.1792
        },
        {
          "archive": 85,
          "inputs": 55,
          "mean_vrp_ms": 0.188,
          "mean_base_ms": 0.234,
          "overhead": 0.8052
        },
        {
          "archive": 86,
          "inputs": 43,
          "mean_vrp_ms": 0.281,
          "mean_base_ms": 0.289,
          "overhead": 0.9738
        },
        {
          "archive": 87,
          "inputs": 25,
          "mean_vrp_ms": 0.443,
          "mean_base_ms": 0.399,
          "overhead": 1.1098
        },
        {
          "archive": 88,
          "inputs": 18,
          "mean_vrp_ms": 0.697,
          "mean_base_ms": 0.765,
          "overhead": 0.9116
        },
        {
          "archive": 89,
          "inputs": 20,
          "mean_vrp_ms": 0.679,
          "mean_base_ms": 0.574,
          "overhead": 1.1833
        },
        {
          "archive": 90,
          "inputs": 56,
          "mean_vrp_ms": 0.187,
          "mean_base_ms": 0.198,
          "overhead": 0.9443
        },
        {
          "archive": 91,
          "inputs": 15,
          "mean_vrp_ms": 0.665,
          "mean_base_ms": 0.738,
          "overhead": 0.9018
        },
        {
          "archive": 92,
          "inputs": 11,
          "mean_vrp_ms": 1.05,
          "mean_base_ms": 1.01,
          "overhead": 1.0405
        },
        {
          "archive": 93,
          "inputs": 11,
          "mean_vrp_ms": 0.977,
          "mean_base_ms": 0.982,
          "overhead": 0.9954
        },
        {
          "archive": 94,
          "inputs": 6,
          "mean_vrp_ms": 1.722,
          "mean_base_ms": 1.693,
          "overhead": 1.0168
        },
        {
          "archive": 95,
          "inputs": 21,
          "mean_vrp_ms": 0.593,
          "mean_base_ms": 0.617,
          "overhead": 0.9609
        },
        {
          "archive": 96,
          "inputs": 0,
          "mean_vrp_ms": 0.0,
          "mean_base_ms": 0.0,
          "overhead": 0.0
        }
      ],
      "summary": {
        "total_inputs": 18833,
        "vrp_mean_ms": 0.078,
        "vrp_median_ms": 0.025,
        "vrp_p95_ms": 0.401,
        "vrp_p99_ms": 0.786,
        "base_mean_ms": 0.076,
        "base_median_ms": 0.027,
        "base_p95_ms": 0.32,
        "base_p99_ms": 0.738,
        "mean_overhead": 1.0184
      }
    }
  }
}