{
  "experiment": "vrp-unfold-eval-big04",
  "benchmark": "freetype2_ftfuzzer",
  "fuzzer": "aflplusplus_lto",
  "instance": "45857",
  "archives_processed": 97,
  "total_inputs": 17740,
  "elapsed_seconds": 17.8,
  "analyzer_results": {
    "vrp_hit_entanglement": {
      "per_archive": [
        {
          "archive": 0,
          "new_inputs": 2,
          "cumulative_inputs": 2,
          "new_vrp_edges": 0,
          "new_base_edges": 0,
          "cumulative_vrp_edges": 0,
          "cumulative_base_edges": 0,
          "classifications": {
            "vrp_only": 0,
            "both": 0,
            "base_only": 0,
            "neither": 2
          }
        },
        {
          "archive": 1,
          "new_inputs": 6828,
          "cumulative_inputs": 6830,
          "new_vrp_edges": 0,
          "new_base_edges": 0,
          "cumulative_vrp_edges": 0,
          "cumulative_base_edges": 0,
          "classifications": {
            "vrp_only": 0,
            "both": 0,
            "base_only": 0,
            "neither": 6828
          }
        },
        {
          "archive": 2,
          "new_inputs": 1948,
          "cumulative_inputs": 8778,
          "new_vrp_edges": 0,
          "new_base_edges": 0,
          "cumulative_vrp_edges": 0,
          "cumulative_base_edges": 0,
          "classifications": {
            "vrp_only": 0,
            "both": 0,
            "base_only": 0,
            "neither": 1948
          }
        },
        {
          "archive": 3,
          "new_inputs": 1417,
          "cumulative_inputs": 10195,
          "new_vrp_edges": 0,
          "new_base_edges": 0,
          "cumulative_vrp_edges": 0,
          "cumulative_base_edges": 0,
          "classifications": {
            "vrp_only": 0,
            "both": 0,
            "base_only": 0,
            "neither": 1417
          }
        },
        {
          "archive": 4,
          "new_inputs": 890,
          "cumulative_inputs": 11085,
          "new_vrp_edges": 0,
          "new_base_edges": 0,
          "cumulative_vrp_edges": 0,
          "cumulative_base_edges": 0,
          "classifications": {
            "vrp_only": 0,
            "both": 0,
            "base_only": 0,
            "neither": 890
          }
        },
        {
          "archive": 5,
          "new_inputs": 481,
          "cumulative_inputs": 11566,
          "new_vrp_edges": 0,
          "new_base_edges": 0,
          "cumulative_vrp_edges": 0,
          "cumulative_base_edges": 0,
          "classifications": {
            "vrp_only": 0,
            "both": 0,
            "base_only": 0,
            "neither": 481
          }
        },
        {
          "archive": 6,
          "new_inputs": 215,
          "cumulative_inputs": 11781,
          "new_vrp_edges": 0,
          "new_base_edges": 0,
          "cumulative_vrp_edges": 0,
          "cumulative_base_edges": 0,
          "classifications": {
            "vrp_only": 0,
            "both": 0,
            "base_only": 0,
            "neither": 215
          }
        },
        {
          "archive": 7,
          "new_inputs": 192,
          "cumulative_inputs": 11973,
          "new_vrp_edges": 0,
          "new_base_edges": 0,
          "cumulative_vrp_edges": 0,
          "cumulative_base_edges": 0,
          "classifications": {
            "vrp_only": 0,
            "both": 0,
            "base_only": 0,
            "neither": 192
          }
        },
        {
          "archive": 8,
          "new_inputs": 139,
          "cumulative_inputs": 12112,
          "new_vrp_edges": 0,
          "new_base_edges": 0,
          "cumulative_vrp_edges": 0,
          "cumulative_base_edges": 0,
          "classifications": {
            "vrp_only": 0,
            "both": 0,
            "base_only": 0,
            "neither": 139
          }
        },
        {
          "archive": 9,
          "new_inputs": 210,
          "cumulative_inputs": 12322,
          "new_vrp_edges": 0,
          "new_base_edges": 0,
          "cumulative_vrp_edges": 0,
          "cumulative_base_edges": 0,
          "classifications": {
            "vrp_only": 0,
            "both": 0,
            "base_only": 0,
            "neither": 210
          }
        },
        {
          "archive": 10,
          "new_inputs": 112,
          "cumulative_inputs": 12434,
          "new_vrp_edges": 0,
          "new_base_edges": 0,
          "cumulative_vrp_edges": 0,
          "cumulative_base_edges": 0,
          "classifications": {
            "vrp_only": 0,
            "both": 0,
            "base_only": 0,
            "neither": 112
          }
        },
        {
          "archive": 11,
          "new_inputs": 118,
          "cumulative_inputs": 12552,
          "new_vrp_edges": 0,
          "new_base_edges": 0,
          "cumulative_vrp_edges": 0,
          "cumulative_base_edges": 0,
          "classifications": {
            "vrp_only": 0,
            "both": 0,
            "base_only": 0,
            "neither": 118
          }
        },
        {
          "archive": 12,
          "new_inputs": 143,
          "cumulative_inputs": 12695,
          "new_vrp_edges": 0,
          "new_base_edges": 0,
          "cumulative_vrp_edges": 0,
          "cumulative_base_edges": 0,
          "classifications": {
            "vrp_only": 0,
            "both": 0,
            "base_only": 0,
            "neither": 143
          }
        },
        {
          "archive": 13,
          "new_inputs": 71,
          "cumulative_inputs": 12766,
          "new_vrp_edges": 0,
          "new_base_edges": 0,
          "cumulative_vrp_edges": 0,
          "cumulative_base_edges": 0,
          "classifications": {
            "vrp_only": 0,
            "both": 0,
            "base_only": 0,
            "neither": 71
          }
        },
        {
          "archive": 14,
          "new_inputs": 52,
          "cumulative_inputs": 12818,
          "new_vrp_edges": 0,
          "new_base_edges": 0,
          "cumulative_vrp_edges": 0,
          "cumulative_base_edges": 0,
          "classifications": {
            "vrp_only": 0,
            "both": 0,
            "base_only": 0,
            "neither": 52
          }
        },
        {
          "archive": 15,
          "new_inputs": 256,
          "cumulative_inputs": 13074,
          "new_vrp_edges": 0,
          "new_base_edges": 0,
          "cumulative_vrp_edges": 0,
          "cumulative_base_edges": 0,
          "classifications": {
            "vrp_only": 0,
            "both": 0,
            "base_only": 0,
            "neither": 256
          }
        },
        {
          "archive": 16,
          "new_inputs": 91,
          "cumulative_inputs": 13165,
          "new_vrp_edges": 0,
          "new_base_edges": 0,
          "cumulative_vrp_edges": 0,
          "cumulative_base_edges": 0,
          "classifications": {
            "vrp_only": 0,
            "both": 0,
            "base_only": 0,
            "neither": 91
          }
        },
        {
          "archive": 17,
          "new_inputs": 83,
          "cumulative_inputs": 13248,
          "new_vrp_edges": 0,
          "new_base_edges": 0,
          "cumulative_vrp_edges": 0,
          "cumulative_base_edges": 0,
          "classifications": {
            "vrp_only": 0,
            "both": 0,
            "base_only": 0,
            "neither": 83
          }
        },
        {
          "archive": 18,
          "new_inputs": 69,
          "cumulative_inputs": 13317,
          "new_vrp_edges": 0,
          "new_base_edges": 0,
          "cumulative_vrp_edges": 0,
          "cumulative_base_edges": 0,
          "classifications": {
            "vrp_only": 0,
            "both": 0,
            "base_only": 0,
            "neither": 69
          }
        },
        {
          "archive": 19,
          "new_inputs": 67,
          "cumulative_inputs": 13384,
          "new_vrp_edges": 0,
          "new_base_edges": 0,
          "cumulative_vrp_edges": 0,
          "cumulative_base_edges": 0,
          "classifications": {
            "vrp_only": 0,
            "both": 0,
            "base_only": 0,
            "neither": 67
          }
        },
        {
          "archive": 20,
          "new_inputs": 50,
          "cumulative_inputs": 13434,
          "new_vrp_edges": 0,
          "new_base_edges": 0,
          "cumulative_vrp_edges": 0,
          "cumulative_base_edges": 0,
          "classifications": {
            "vrp_only": 0,
            "both": 0,
            "base_only": 0,
            "neither": 50
          }
        },
        {
          "archive": 21,
          "new_inputs": 75,
          "cumulative_inputs": 13509,
          "new_vrp_edges": 0,
          "new_base_edges": 0,
          "cumulative_vrp_edges": 0,
          "cumulative_base_edges": 0,
          "classifications": {
            "vrp_only": 0,
            "both": 0,
            "base_only": 0,
            "neither": 75
          }
        },
        {
          "archive": 22,
          "new_inputs": 331,
          "cumulative_inputs": 13840,
          "new_vrp_edges": 0,
          "new_base_edges": 0,
          "cumulative_vrp_edges": 0,
          "cumulative_base_edges": 0,
          "classifications": {
            "vrp_only": 0,
            "both": 0,
            "base_only": 0,
            "neither": 331
          }
        },
        {
          "archive": 23,
          "new_inputs": 335,
          "cumulative_inputs": 14175,
          "new_vrp_edges": 0,
          "new_base_edges": 0,
          "cumulative_vrp_edges": 0,
          "cumulative_base_edges": 0,
          "classifications": {
            "vrp_only": 0,
            "both": 0,
            "base_only": 0,
            "neither": 335
          }
        },
        {
          "archive": 24,
          "new_inputs": 517,
          "cumulative_inputs": 14692,
          "new_vrp_edges": 0,
          "new_base_edges": 0,
          "cumulative_vrp_edges": 0,
          "cumulative_base_edges": 0,
          "classifications": {
            "vrp_only": 0,
            "both": 0,
            "base_only": 0,
            "neither": 517
          }
        },
        {
          "archive": 25,
          "new_inputs": 293,
          "cumulative_inputs": 14985,
          "new_vrp_edges": 0,
          "new_base_edges": 0,
          "cumulative_vrp_edges": 0,
          "cumulative_base_edges": 0,
          "classifications": {
            "vrp_only": 0,
            "both": 0,
            "base_only": 0,
            "neither": 293
          }
        },
        {
          "archive": 26,
          "new_inputs": 166,
          "cumulative_inputs": 15151,
          "new_vrp_edges": 0,
          "new_base_edges": 0,
          "cumulative_vrp_edges": 0,
          "cumulative_base_edges": 0,
          "classifications": {
            "vrp_only": 0,
            "both": 0,
            "base_only": 0,
            "neither": 166
          }
        },
        {
          "archive": 27,
          "new_inputs": 156,
          "cumulative_inputs": 15307,
          "new_vrp_edges": 0,
          "new_base_edges": 0,
          "cumulative_vrp_edges": 0,
          "cumulative_base_edges": 0,
          "classifications": {
            "vrp_only": 0,
            "both": 0,
            "base_only": 0,
            "neither": 156
          }
        },
        {
          "archive": 28,
          "new_inputs": 113,
          "cumulative_inputs": 15420,
          "new_vrp_edges": 0,
          "new_base_edges": 0,
          "cumulative_vrp_edges": 0,
          "cumulative_base_edges": 0,
          "classifications": {
            "vrp_only": 0,
            "both": 0,
            "base_only": 0,
            "neither": 113
          }
        },
        {
          "archive": 29,
          "new_inputs": 80,
          "cumulative_inputs": 15500,
          "new_vrp_edges": 0,
          "new_base_edges": 0,
          "cumulative_vrp_edges": 0,
          "cumulative_base_edges": 0,
          "classifications": {
            "vrp_only": 0,
            "both": 0,
            "base_only": 0,
            "neither": 80
          }
        },
        {
          "archive": 30,
          "new_inputs": 130,
          "cumulative_inputs": 15630,
          "new_vrp_edges": 0,
          "new_base_edges": 0,
          "cumulative_vrp_edges": 0,
          "cumulative_base_edges": 0,
          "classifications": {
            "vrp_only": 0,
            "both": 0,
            "base_only": 0,
            "neither": 130
          }
        },
        {
          "archive": 31,
          "new_inputs": 80,
          "cumulative_inputs": 15710,
          "new_vrp_edges": 0,
          "new_base_edges": 0,
          "cumulative_vrp_edges": 0,
          "cumulative_base_edges": 0,
          "classifications": {
            "vrp_only": 0,
            "both": 0,
            "base_only": 0,
            "neither": 80
          }
        },
        {
          "archive": 32,
          "new_inputs": 97,
          "cumulative_inputs": 15807,
          "new_vrp_edges": 0,
          "new_base_edges": 0,
          "cumulative_vrp_edges": 0,
          "cumulative_base_edges": 0,
          "classifications": {
            "vrp_only": 0,
            "both": 0,
            "base_only": 0,
            "neither": 97
          }
        },
        {
          "archive": 33,
          "new_inputs": 58,
          "cumulative_inputs": 15865,
          "new_vrp_edges": 0,
          "new_base_edges": 0,
          "cumulative_vrp_edges": 0,
          "cumulative_base_edges": 0,
          "classifications": {
            "vrp_only": 0,
            "both": 0,
            "base_only": 0,
            "neither": 58
          }
        },
        {
          "archive": 34,
          "new_inputs": 50,
          "cumulative_inputs": 15915,
          "new_vrp_edges": 0,
          "new_base_edges": 0,
          "cumulative_vrp_edges": 0,
          "cumulative_base_edges": 0,
          "classifications": {
            "vrp_only": 0,
            "both": 0,
            "base_only": 0,
            "neither": 50
          }
        },
        {
          "archive": 35,
          "new_inputs": 40,
          "cumulative_inputs": 15955,
          "new_vrp_edges": 0,
          "new_base_edges": 0,
          "cumulative_vrp_edges": 0,
          "cumulative_base_edges": 0,
          "classifications": {
            "vrp_only": 0,
            "both": 0,
            "base_only": 0,
            "neither": 40
          }
        },
        {
          "archive": 36,
          "new_inputs": 55,
          "cumulative_inputs": 16010,
          "new_vrp_edges": 0,
          "new_base_edges": 0,
          "cumulative_vrp_edges": 0,
          "cumulative_base_edges": 0,
          "classifications": {
            "vrp_only": 0,
            "both": 0,
            "base_only": 0,
            "neither": 55
          }
        },
        {
          "archive": 37,
          "new_inputs": 51,
          "cumulative_inputs": 16061,
          "new_vrp_edges": 0,
          "new_base_edges": 0,
          "cumulative_vrp_edges": 0,
          "cumulative_base_edges": 0,
          "classifications": {
            "vrp_only": 0,
            "both": 0,
            "base_only": 0,
            "neither": 51
          }
        },
        {
          "archive": 38,
          "new_inputs": 48,
          "cumulative_inputs": 16109,
          "new_vrp_edges": 0,
          "new_base_edges": 0,
          "cumulative_vrp_edges": 0,
          "cumulative_base_edges": 0,
          "classifications": {
            "vrp_only": 0,
            "both": 0,
            "base_only": 0,
            "neither": 48
          }
        },
        {
          "archive": 39,
          "new_inputs": 51,
          "cumulative_inputs": 16160,
          "new_vrp_edges": 0,
          "new_base_edges": 0,
          "cumulative_vrp_edges": 0,
          "cumulative_base_edges": 0,
          "classifications": {
            "vrp_only": 0,
            "both": 0,
            "base_only": 0,
            "neither": 51
          }
        },
        {
          "archive": 40,
          "new_inputs": 26,
          "cumulative_inputs": 16186,
          "new_vrp_edges": 0,
          "new_base_edges": 0,
          "cumulative_vrp_edges": 0,
          "cumulative_base_edges": 0,
          "classifications": {
            "vrp_only": 0,
            "both": 0,
            "base_only": 0,
            "neither": 26
          }
        },
        {
          "archive": 41,
          "new_inputs": 392,
          "cumulative_inputs": 16578,
          "new_vrp_edges": 0,
          "new_base_edges": 0,
          "cumulative_vrp_edges": 0,
          "cumulative_base_edges": 0,
          "classifications": {
            "vrp_only": 0,
            "both": 0,
            "base_only": 0,
            "neither": 392
          }
        },
        {
          "archive": 42,
          "new_inputs": 56,
          "cumulative_inputs": 16634,
          "new_vrp_edges": 0,
          "new_base_edges": 0,
          "cumulative_vrp_edges": 0,
          "cumulative_base_edges": 0,
          "classifications": {
            "vrp_only": 0,
            "both": 0,
            "base_only": 0,
            "neither": 56
          }
        },
        {
          "archive": 43,
          "new_inputs": 44,
          "cumulative_inputs": 16678,
          "new_vrp_edges": 0,
          "new_base_edges": 0,
          "cumulative_vrp_edges": 0,
          "cumulative_base_edges": 0,
          "classifications": {
            "vrp_only": 0,
            "both": 0,
            "base_only": 0,
            "neither": 44
          }
        },
        {
          "archive": 44,
          "new_inputs": 26,
          "cumulative_inputs": 16704,
          "new_vrp_edges": 0,
          "new_base_edges": 0,
          "cumulative_vrp_edges": 0,
          "cumulative_base_edges": 0,
          "classifications": {
            "vrp_only": 0,
            "both": 0,
            "base_only": 0,
            "neither": 26
          }
        },
        {
          "archive": 45,
          "new_inputs": 33,
          "cumulative_inputs": 16737,
          "new_vrp_edges": 0,
          "new_base_edges": 0,
          "cumulative_vrp_edges": 0,
          "cumulative_base_edges": 0,
          "classifications": {
            "vrp_only": 0,
            "both": 0,
            "base_only": 0,
            "neither": 33
          }
        },
        {
          "archive": 46,
          "new_inputs": 43,
          "cumulative_inputs": 16780,
          "new_vrp_edges": 0,
          "new_base_edges": 0,
          "cumulative_vrp_edges": 0,
          "cumulative_base_edges": 0,
          "classifications": {
            "vrp_only": 0,
            "both": 0,
            "base_only": 0,
            "neither": 43
          }
        },
        {
          "archive": 47,
          "new_inputs": 24,
          "cumulative_inputs": 16804,
          "new_vrp_edges": 0,
          "new_base_edges": 0,
          "cumulative_vrp_edges": 0,
          "cumulative_base_edges": 0,
          "classifications": {
            "vrp_only": 0,
            "both": 0,
            "base_only": 0,
            "neither": 24
          }
        },
        {
          "archive": 48,
          "new_inputs": 27,
          "cumulative_inputs": 16831,
          "new_vrp_edges": 0,
          "new_base_edges": 0,
          "cumulative_vrp_edges": 0,
          "cumulative_base_edges": 0,
          "classifications": {
            "vrp_only": 0,
            "both": 0,
            "base_only": 0,
            "neither": 27
          }
        },
        {
          "archive": 49,
          "new_inputs": 18,
          "cumulative_inputs": 16849,
          "new_vrp_edges": 0,
          "new_base_edges": 0,
          "cumulative_vrp_edges": 0,
          "cumulative_base_edges": 0,
          "classifications": {
            "vrp_only": 0,
            "both": 0,
            "base_only": 0,
            "neither": 18
          }
        },
        {
          "archive": 50,
          "new_inputs": 26,
          "cumulative_inputs": 16875,
          "new_vrp_edges": 0,
          "new_base_edges": 0,
          "cumulative_vrp_edges": 0,
          "cumulative_base_edges": 0,
          "classifications": {
            "vrp_only": 0,
            "both": 0,
            "base_only": 0,
            "neither": 26
          }
        },
        {
          "archive": 51,
          "new_inputs": 31,
          "cumulative_inputs": 16906,
          "new_vrp_edges": 0,
          "new_base_edges": 0,
          "cumulative_vrp_edges": 0,
          "cumulative_base_edges": 0,
          "classifications": {
            "vrp_only": 0,
            "both": 0,
            "base_only": 0,
            "neither": 31
          }
        },
        {
          "archive": 52,
          "new_inputs": 61,
          "cumulative_inputs": 16967,
          "new_vrp_edges": 0,
          "new_base_edges": 0,
          "cumulative_vrp_edges": 0,
          "cumulative_base_edges": 0,
          "classifications": {
            "vrp_only": 0,
            "both": 0,
            "base_only": 0,
            "neither": 61
          }
        },
        {
          "archive": 53,
          "new_inputs": 58,
          "cumulative_inputs": 17025,
          "new_vrp_edges": 0,
          "new_base_edges": 0,
          "cumulative_vrp_edges": 0,
          "cumulative_base_edges": 0,
          "classifications": {
            "vrp_only": 0,
            "both": 0,
            "base_only": 0,
            "neither": 58
          }
        },
        {
          "archive": 54,
          "new_inputs": 12,
          "cumulative_inputs": 17037,
          "new_vrp_edges": 0,
          "new_base_edges": 0,
          "cumulative_vrp_edges": 0,
          "cumulative_base_edges": 0,
          "classifications": {
            "vrp_only": 0,
            "both": 0,
            "base_only": 0,
            "neither": 12
          }
        },
        {
          "archive": 55,
          "new_inputs": 16,
          "cumulative_inputs": 17053,
          "new_vrp_edges": 0,
          "new_base_edges": 0,
          "cumulative_vrp_edges": 0,
          "cumulative_base_edges": 0,
          "classifications": {
            "vrp_only": 0,
            "both": 0,
            "base_only": 0,
            "neither": 16
          }
        },
        {
          "archive": 56,
          "new_inputs": 10,
          "cumulative_inputs": 17063,
          "new_vrp_edges": 0,
          "new_base_edges": 0,
          "cumulative_vrp_edges": 0,
          "cumulative_base_edges": 0,
          "classifications": {
            "vrp_only": 0,
            "both": 0,
            "base_only": 0,
            "neither": 10
          }
        },
        {
          "archive": 57,
          "new_inputs": 17,
          "cumulative_inputs": 17080,
          "new_vrp_edges": 0,
          "new_base_edges": 0,
          "cumulative_vrp_edges": 0,
          "cumulative_base_edges": 0,
          "classifications": {
            "vrp_only": 0,
            "both": 0,
            "base_only": 0,
            "neither": 17
          }
        },
        {
          "archive": 58,
          "new_inputs": 14,
          "cumulative_inputs": 17094,
          "new_vrp_edges": 0,
          "new_base_edges": 0,
          "cumulative_vrp_edges": 0,
          "cumulative_base_edges": 0,
          "classifications": {
            "vrp_only": 0,
            "both": 0,
            "base_only": 0,
            "neither": 14
          }
        },
        {
          "archive": 59,
          "new_inputs": 10,
          "cumulative_inputs": 17104,
          "new_vrp_edges": 0,
          "new_base_edges": 0,
          "cumulative_vrp_edges": 0,
          "cumulative_base_edges": 0,
          "classifications": {
            "vrp_only": 0,
            "both": 0,
            "base_only": 0,
            "neither": 10
          }
        },
        {
          "archive": 60,
          "new_inputs": 17,
          "cumulative_inputs": 17121,
          "new_vrp_edges": 0,
          "new_base_edges": 0,
          "cumulative_vrp_edges": 0,
          "cumulative_base_edges": 0,
          "classifications": {
            "vrp_only": 0,
            "both": 0,
            "base_only": 0,
            "neither": 17
          }
        },
        {
          "archive": 61,
          "new_inputs": 42,
          "cumulative_inputs": 17163,
          "new_vrp_edges": 0,
          "new_base_edges": 0,
          "cumulative_vrp_edges": 0,
          "cumulative_base_edges": 0,
          "classifications": {
            "vrp_only": 0,
            "both": 0,
            "base_only": 0,
            "neither": 42
          }
        },
        {
          "archive": 62,
          "new_inputs": 6,
          "cumulative_inputs": 17169,
          "new_vrp_edges": 0,
          "new_base_edges": 0,
          "cumulative_vrp_edges": 0,
          "cumulative_base_edges": 0,
          "classifications": {
            "vrp_only": 0,
            "both": 0,
            "base_only": 0,
            "neither": 6
          }
        },
        {
          "archive": 63,
          "new_inputs": 36,
          "cumulative_inputs": 17205,
          "new_vrp_edges": 0,
          "new_base_edges": 0,
          "cumulative_vrp_edges": 0,
          "cumulative_base_edges": 0,
          "classifications": {
            "vrp_only": 0,
            "both": 0,
            "base_only": 0,
            "neither": 36
          }
        },
        {
          "archive": 64,
          "new_inputs": 19,
          "cumulative_inputs": 17224,
          "new_vrp_edges": 0,
          "new_base_edges": 0,
          "cumulative_vrp_edges": 0,
          "cumulative_base_edges": 0,
          "classifications": {
            "vrp_only": 0,
            "both": 0,
            "base_only": 0,
            "neither": 19
          }
        },
        {
          "archive": 65,
          "new_inputs": 14,
          "cumulative_inputs": 17238,
          "new_vrp_edges": 0,
          "new_base_edges": 0,
          "cumulative_vrp_edges": 0,
          "cumulative_base_edges": 0,
          "classifications": {
            "vrp_only": 0,
            "both": 0,
            "base_only": 0,
            "neither": 14
          }
        },
        {
          "archive": 66,
          "new_inputs": 8,
          "cumulative_inputs": 17246,
          "new_vrp_edges": 0,
          "new_base_edges": 0,
          "cumulative_vrp_edges": 0,
          "cumulative_base_edges": 0,
          "classifications": {
            "vrp_only": 0,
            "both": 0,
            "base_only": 0,
            "neither": 8
          }
        },
        {
          "archive": 67,
          "new_inputs": 19,
          "cumulative_inputs": 17265,
          "new_vrp_edges": 0,
          "new_base_edges": 0,
          "cumulative_vrp_edges": 0,
          "cumulative_base_edges": 0,
          "classifications": {
            "vrp_only": 0,
            "both": 0,
            "base_only": 0,
            "neither": 19
          }
        },
        {
          "archive": 68,
          "new_inputs": 25,
          "cumulative_inputs": 17290,
          "new_vrp_edges": 0,
          "new_base_edges": 0,
          "cumulative_vrp_edges": 0,
          "cumulative_base_edges": 0,
          "classifications": {
            "vrp_only": 0,
            "both": 0,
            "base_only": 0,
            "neither": 25
          }
        },
        {
          "archive": 69,
          "new_inputs": 9,
          "cumulative_inputs": 17299,
          "new_vrp_edges": 0,
          "new_base_edges": 0,
          "cumulative_vrp_edges": 0,
          "cumulative_base_edges": 0,
          "classifications": {
            "vrp_only": 0,
            "both": 0,
            "base_only": 0,
            "neither": 9
          }
        },
        {
          "archive": 70,
          "new_inputs": 28,
          "cumulative_inputs": 17327,
          "new_vrp_edges": 0,
          "new_base_edges": 0,
          "cumulative_vrp_edges": 0,
          "cumulative_base_edges": 0,
          "classifications": {
            "vrp_only": 0,
            "both": 0,
            "base_only": 0,
            "neither": 28
          }
        },
        {
          "archive": 71,
          "new_inputs": 18,
          "cumulative_inputs": 17345,
          "new_vrp_edges": 0,
          "new_base_edges": 0,
          "cumulative_vrp_edges": 0,
          "cumulative_base_edges": 0,
          "classifications": {
            "vrp_only": 0,
            "both": 0,
            "base_only": 0,
            "neither": 18
          }
        },
        {
          "archive": 72,
          "new_inputs": 11,
          "cumulative_inputs": 17356,
          "new_vrp_edges": 0,
          "new_base_edges": 0,
          "cumulative_vrp_edges": 0,
          "cumulative_base_edges": 0,
          "classifications": {
            "vrp_only": 0,
            "both": 0,
            "base_only": 0,
            "neither": 11
          }
        },
        {
          "archive": 73,
          "new_inputs": 21,
          "cumulative_inputs": 17377,
          "new_vrp_edges": 0,
          "new_base_edges": 0,
          "cumulative_vrp_edges": 0,
          "cumulative_base_edges": 0,
          "classifications": {
            "vrp_only": 0,
            "both": 0,
            "base_only": 0,
            "neither": 21
          }
        },
        {
          "archive": 74,
          "new_inputs": 12,
          "cumulative_inputs": 17389,
          "new_vrp_edges": 0,
          "new_base_edges": 0,
          "cumulative_vrp_edges": 0,
          "cumulative_base_edges": 0,
          "classifications": {
            "vrp_only": 0,
            "both": 0,
            "base_only": 0,
            "neither": 12
          }
        },
        {
          "archive": 75,
          "new_inputs": 21,
          "cumulative_inputs": 17410,
          "new_vrp_edges": 0,
          "new_base_edges": 0,
          "cumulative_vrp_edges": 0,
          "cumulative_base_edges": 0,
          "classifications": {
            "vrp_only": 0,
            "both": 0,
            "base_only": 0,
            "neither": 21
          }
        },
        {
          "archive": 76,
          "new_inputs": 13,
          "cumulative_inputs": 17423,
          "new_vrp_edges": 0,
          "new_base_edges": 0,
          "cumulative_vrp_edges": 0,
          "cumulative_base_edges": 0,
          "classifications": {
            "vrp_only": 0,
            "both": 0,
            "base_only": 0,
            "neither": 13
          }
        },
        {
          "archive": 77,
          "new_inputs": 12,
          "cumulative_inputs": 17435,
          "new_vrp_edges": 0,
          "new_base_edges": 0,
          "cumulative_vrp_edges": 0,
          "cumulative_base_edges": 0,
          "classifications": {
            "vrp_only": 0,
            "both": 0,
            "base_only": 0,
            "neither": 12
          }
        },
        {
          "archive": 78,
          "new_inputs": 7,
          "cumulative_inputs": 17442,
          "new_vrp_edges": 0,
          "new_base_edges": 0,
          "cumulative_vrp_edges": 0,
          "cumulative_base_edges": 0,
          "classifications": {
            "vrp_only": 0,
            "both": 0,
            "base_only": 0,
            "neither": 7
          }
        },
        {
          "archive": 79,
          "new_inputs": 8,
          "cumulative_inputs": 17450,
          "new_vrp_edges": 0,
          "new_base_edges": 0,
          "cumulative_vrp_edges": 0,
          "cumulative_base_edges": 0,
          "classifications": {
            "vrp_only": 0,
            "both": 0,
            "base_only": 0,
            "neither": 8
          }
        },
        {
          "archive": 80,
          "new_inputs": 39,
          "cumulative_inputs": 17489,
          "new_vrp_edges": 0,
          "new_base_edges": 0,
          "cumulative_vrp_edges": 0,
          "cumulative_base_edges": 0,
          "classifications": {
            "vrp_only": 0,
            "both": 0,
            "base_only": 0,
            "neither": 39
          }
        },
        {
          "archive": 81,
          "new_inputs": 33,
          "cumulative_inputs": 17522,
          "new_vrp_edges": 0,
          "new_base_edges": 0,
          "cumulative_vrp_edges": 0,
          "cumulative_base_edges": 0,
          "classifications": {
            "vrp_only": 0,
            "both": 0,
            "base_only": 0,
            "neither": 33
          }
        },
        {
          "archive": 82,
          "new_inputs": 17,
          "cumulative_inputs": 17539,
          "new_vrp_edges": 0,
          "new_base_edges": 0,
          "cumulative_vrp_edges": 0,
          "cumulative_base_edges": 0,
          "classifications": {
            "vrp_only": 0,
            "both": 0,
            "base_only": 0,
            "neither": 17
          }
        },
        {
          "archive": 83,
          "new_inputs": 13,
          "cumulative_inputs": 17552,
          "new_vrp_edges": 0,
          "new_base_edges": 0,
          "cumulative_vrp_edges": 0,
          "cumulative_base_edges": 0,
          "classifications": {
            "vrp_only": 0,
            "both": 0,
            "base_only": 0,
            "neither": 13
          }
        },
        {
          "archive": 84,
          "new_inputs": 5,
          "cumulative_inputs": 17557,
          "new_vrp_edges": 0,
          "new_base_edges": 0,
          "cumulative_vrp_edges": 0,
          "cumulative_base_edges": 0,
          "classifications": {
            "vrp_only": 0,
            "both": 0,
            "base_only": 0,
            "neither": 5
          }
        },
        {
          "archive": 85,
          "new_inputs": 60,
          "cumulative_inputs": 17617,
          "new_vrp_edges": 0,
          "new_base_edges": 0,
          "cumulative_vrp_edges": 0,
          "cumulative_base_edges": 0,
          "classifications": {
            "vrp_only": 0,
            "both": 0,
            "base_only": 0,
            "neither": 60
          }
        },
        {
          "archive": 86,
          "new_inputs": 10,
          "cumulative_inputs": 17627,
          "new_vrp_edges": 0,
          "new_base_edges": 0,
          "cumulative_vrp_edges": 0,
          "cumulative_base_edges": 0,
          "classifications": {
            "vrp_only": 0,
            "both": 0,
            "base_only": 0,
            "neither": 10
          }
        },
        {
          "archive": 87,
          "new_inputs": 23,
          "cumulative_inputs": 17650,
          "new_vrp_edges": 0,
          "new_base_edges": 0,
          "cumulative_vrp_edges": 0,
          "cumulative_base_edges": 0,
          "classifications": {
            "vrp_only": 0,
            "both": 0,
            "base_only": 0,
            "neither": 23
          }
        },
        {
          "archive": 88,
          "new_inputs": 8,
          "cumulative_inputs": 17658,
          "new_vrp_edges": 0,
          "new_base_edges": 0,
          "cumulative_vrp_edges": 0,
          "cumulative_base_edges": 0,
          "classifications": {
            "vrp_only": 0,
            "both": 0,
            "base_only": 0,
            "neither": 8
          }
        },
        {
          "archive": 89,
          "new_inputs": 6,
          "cumulative_inputs": 17664,
          "new_vrp_edges": 0,
          "new_base_edges": 0,
          "cumulative_vrp_edges": 0,
          "cumulative_base_edges": 0,
          "classifications": {
            "vrp_only": 0,
            "both": 0,
            "base_only": 0,
            "neither": 6
          }
        },
        {
          "archive": 90,
          "new_inputs": 24,
          "cumulative_inputs": 17688,
          "new_vrp_edges": 0,
          "new_base_edges": 0,
          "cumulative_vrp_edges": 0,
          "cumulative_base_edges": 0,
          "classifications": {
            "vrp_only": 0,
            "both": 0,
            "base_only": 0,
            "neither": 24
          }
        },
        {
          "archive": 91,
          "new_inputs": 10,
          "cumulative_inputs": 17698,
          "new_vrp_edges": 0,
          "new_base_edges": 0,
          "cumulative_vrp_edges": 0,
          "cumulative_base_edges": 0,
          "classifications": {
            "vrp_only": 0,
            "both": 0,
            "base_only": 0,
            "neither": 10
          }
        },
        {
          "archive": 92,
          "new_inputs": 10,
          "cumulative_inputs": 17708,
          "new_vrp_edges": 0,
          "new_base_edges": 0,
          "cumulative_vrp_edges": 0,
          "cumulative_base_edges": 0,
          "classifications": {
            "vrp_only": 0,
            "both": 0,
            "base_only": 0,
            "neither": 10
          }
        },
        {
          "archive": 93,
          "new_inputs": 4,
          "cumulative_inputs": 17712,
          "new_vrp_edges": 0,
          "new_base_edges": 0,
          "cumulative_vrp_edges": 0,
          "cumulative_base_edges": 0,
          "classifications": {
            "vrp_only": 0,
            "both": 0,
            "base_only": 0,
            "neither": 4
          }
        },
        {
          "archive": 94,
          "new_inputs": 11,
          "cumulative_inputs": 17723,
          "new_vrp_edges": 0,
          "new_base_edges": 0,
          "cumulative_vrp_edges": 0,
          "cumulative_base_edges": 0,
          "classifications": {
            "vrp_only": 0,
            "both": 0,
            "base_only": 0,
            "neither": 11
          }
        },
        {
          "archive": 95,
          "new_inputs": 17,
          "cumulative_inputs": 17740,
          "new_vrp_edges": 0,
          "new_base_edges": 0,
          "cumulative_vrp_edges": 0,
          "cumulative_base_edges": 0,
          "classifications": {
            "vrp_only": 0,
            "both": 0,
            "base_only": 0,
            "neither": 17
          }
        },
        {
          "archive": 96,
          "new_inputs": 0,
          "cumulative_inputs": 17740,
          "new_vrp_edges": 0,
          "new_base_edges": 0,
          "cumulative_vrp_edges": 0,
          "cumulative_base_edges": 0,
          "classifications": {
            "vrp_only": 0,
            "both": 0,
            "base_only": 0,
            "neither": 0
          }
        }
      ],
      "summary": {
        "total_inputs": 17740,
        "total_vrp_edges": 0,
        "total_base_edges": 0,
        "entanglement_rate": 0.0,
        "vrp_only_count": 0,
        "both_count": 0,
        "base_only_count": 0,
        "neither_count": 17740
      }
    },
    "vrp_bucket_entanglement": {
      "summary": {
        "total_inputs": 17740,
        "bucket_entanglement_rate": 0.0,
        "vrp_only": 0,
        "both": 0,
        "base_only": 0,
        "neither": 17740,
        "edge_neither_but_bucket_interesting": 0
      }
    },
    "vrp_gradient": {
      "summary": {
        "total_vrp_edges_seen": 0,
        "singleton_edges": 0,
        "low_freq_edges": 0,
        "high_freq_edges": 0,
        "vrp_exclusive_singletons": 0,
        "hit_count_distribution": {
          "1": 0,
          "2-3": 0,
          "4-10": 0,
          "11-50": 0,
          "51-200": 0,
          "200+": 0
        }
      }
    },
    "edge_growth": {
      "growth_curve": [
        {
          "archive": 0,
          "total_inputs": 2,
          "vrp_edges": 0,
          "base_edges": 0
        },
        {
          "archive": 1,
          "total_inputs": 6830,
          "vrp_edges": 0,
          "base_edges": 0
        },
        {
          "archive": 2,
          "total_inputs": 8778,
          "vrp_edges": 0,
          "base_edges": 0
        },
        {
          "archive": 3,
          "total_inputs": 10195,
          "vrp_edges": 0,
          "base_edges": 0
        },
        {
          "archive": 4,
          "total_inputs": 11085,
          "vrp_edges": 0,
          "base_edges": 0
        },
        {
          "archive": 5,
          "total_inputs": 11566,
          "vrp_edges": 0,
          "base_edges": 0
        },
        {
          "archive": 6,
          "total_inputs": 11781,
          "vrp_edges": 0,
          "base_edges": 0
        },
        {
          "archive": 7,
          "total_inputs": 11973,
          "vrp_edges": 0,
          "base_edges": 0
        },
        {
          "archive": 8,
          "total_inputs": 12112,
          "vrp_edges": 0,
          "base_edges": 0
        },
        {
          "archive": 9,
          "total_inputs": 12322,
          "vrp_edges": 0,
          "base_edges": 0
        },
        {
          "archive": 10,
          "total_inputs": 12434,
          "vrp_edges": 0,
          "base_edges": 0
        },
        {
          "archive": 11,
          "total_inputs": 12552,
          "vrp_edges": 0,
          "base_edges": 0
        },
        {
          "archive": 12,
          "total_inputs": 12695,
          "vrp_edges": 0,
          "base_edges": 0
        },
        {
          "archive": 13,
          "total_inputs": 12766,
          "vrp_edges": 0,
          "base_edges": 0
        },
        {
          "archive": 14,
          "total_inputs": 12818,
          "vrp_edges": 0,
          "base_edges": 0
        },
        {
          "archive": 15,
          "total_inputs": 13074,
          "vrp_edges": 0,
          "base_edges": 0
        },
        {
          "archive": 16,
          "total_inputs": 13165,
          "vrp_edges": 0,
          "base_edges": 0
        },
        {
          "archive": 17,
          "total_inputs": 13248,
          "vrp_edges": 0,
          "base_edges": 0
        },
        {
          "archive": 18,
          "total_inputs": 13317,
          "vrp_edges": 0,
          "base_edges": 0
        },
        {
          "archive": 19,
          "total_inputs": 13384,
          "vrp_edges": 0,
          "base_edges": 0
        },
        {
          "archive": 20,
          "total_inputs": 13434,
          "vrp_edges": 0,
          "base_edges": 0
        },
        {
          "archive": 21,
          "total_inputs": 13509,
          "vrp_edges": 0,
          "base_edges": 0
        },
        {
          "archive": 22,
          "total_inputs": 13840,
          "vrp_edges": 0,
          "base_edges": 0
        },
        {
          "archive": 23,
          "total_inputs": 14175,
          "vrp_edges": 0,
          "base_edges": 0
        },
        {
          "archive": 24,
          "total_inputs": 14692,
          "vrp_edges": 0,
          "base_edges": 0
        },
        {
          "archive": 25,
          "total_inputs": 14985,
          "vrp_edges": 0,
          "base_edges": 0
        },
        {
          "archive": 26,
          "total_inputs": 15151,
          "vrp_edges": 0,
          "base_edges": 0
        },
        {
          "archive": 27,
          "total_inputs": 15307,
          "vrp_edges": 0,
          "base_edges": 0
        },
        {
          "archive": 28,
          "total_inputs": 15420,
          "vrp_edges": 0,
          "base_edges": 0
        },
        {
          "archive": 29,
          "total_inputs": 15500,
          "vrp_edges": 0,
          "base_edges": 0
        },
        {
          "archive": 30,
          "total_inputs": 15630,
          "vrp_edges": 0,
          "base_edges": 0
        },
        {
          "archive": 31,
          "total_inputs": 15710,
          "vrp_edges": 0,
          "base_edges": 0
        },
        {
          "archive": 32,
          "total_inputs": 15807,
          "vrp_edges": 0,
          "base_edges": 0
        },
        {
          "archive": 33,
          "total_inputs": 15865,
          "vrp_edges": 0,
          "base_edges": 0
        },
        {
          "archive": 34,
          "total_inputs": 15915,
          "vrp_edges": 0,
          "base_edges": 0
        },
        {
          "archive": 35,
          "total_inputs": 15955,
          "vrp_edges": 0,
          "base_edges": 0
        },
        {
          "archive": 36,
          "total_inputs": 16010,
          "vrp_edges": 0,
          "base_edges": 0
        },
        {
          "archive": 37,
          "total_inputs": 16061,
          "vrp_edges": 0,
          "base_edges": 0
        },
        {
          "archive": 38,
          "total_inputs": 16109,
          "vrp_edges": 0,
          "base_edges": 0
        },
        {
          "archive": 39,
          "total_inputs": 16160,
          "vrp_edges": 0,
          "base_edges": 0
        },
        {
          "archive": 40,
          "total_inputs": 16186,
          "vrp_edges": 0,
          "base_edges": 0
        },
        {
          "archive": 41,
          "total_inputs": 16578,
          "vrp_edges": 0,
          "base_edges": 0
        },
        {
          "archive": 42,
          "total_inputs": 16634,
          "vrp_edges": 0,
          "base_edges": 0
        },
        {
          "archive": 43,
          "total_inputs": 16678,
          "vrp_edges": 0,
          "base_edges": 0
        },
        {
          "archive": 44,
          "total_inputs": 16704,
          "vrp_edges": 0,
          "base_edges": 0
        },
        {
          "archive": 45,
          "total_inputs": 16737,
          "vrp_edges": 0,
          "base_edges": 0
        },
        {
          "archive": 46,
          "total_inputs": 16780,
          "vrp_edges": 0,
          "base_edges": 0
        },
        {
          "archive": 47,
          "total_inputs": 16804,
          "vrp_edges": 0,
          "base_edges": 0
        },
        {
          "archive": 48,
          "total_inputs": 16831,
          "vrp_edges": 0,
          "base_edges": 0
        },
        {
          "archive": 49,
          "total_inputs": 16849,
          "vrp_edges": 0,
          "base_edges": 0
        },
        {
          "archive": 50,
          "total_inputs": 16875,
          "vrp_edges": 0,
          "base_edges": 0
        },
        {
          "archive": 51,
          "total_inputs": 16906,
          "vrp_edges": 0,
          "base_edges": 0
        },
        {
          "archive": 52,
          "total_inputs": 16967,
          "vrp_edges": 0,
          "base_edges": 0
        },
        {
          "archive": 53,
          "total_inputs": 17025,
          "vrp_edges": 0,
          "base_edges": 0
        },
        {
          "archive": 54,
          "total_inputs": 17037,
          "vrp_edges": 0,
          "base_edges": 0
        },
        {
          "archive": 55,
          "total_inputs": 17053,
          "vrp_edges": 0,
          "base_edges": 0
        },
        {
          "archive": 56,
          "total_inputs": 17063,
          "vrp_edges": 0,
          "base_edges": 0
        },
        {
          "archive": 57,
          "total_inputs": 17080,
          "vrp_edges": 0,
          "base_edges": 0
        },
        {
          "archive": 58,
          "total_inputs": 17094,
          "vrp_edges": 0,
          "base_edges": 0
        },
        {
          "archive": 59,
          "total_inputs": 17104,
          "vrp_edges": 0,
          "base_edges": 0
        },
        {
          "archive": 60,
          "total_inputs": 17121,
          "vrp_edges": 0,
          "base_edges": 0
        },
        {
          "archive": 61,
          "total_inputs": 17163,
          "vrp_edges": 0,
          "base_edges": 0
        },
        {
          "archive": 62,
          "total_inputs": 17169,
          "vrp_edges": 0,
          "base_edges": 0
        },
        {
          "archive": 63,
          "total_inputs": 17205,
          "vrp_edges": 0,
          "base_edges": 0
        },
        {
          "archive": 64,
          "total_inputs": 17224,
          "vrp_edges": 0,
          "base_edges": 0
        },
        {
          "archive": 65,
          "total_inputs": 17238,
          "vrp_edges": 0,
          "base_edges": 0
        },
        {
          "archive": 66,
          "total_inputs": 17246,
          "vrp_edges": 0,
          "base_edges": 0
        },
        {
          "archive": 67,
          "total_inputs": 17265,
          "vrp_edges": 0,
          "base_edges": 0
        },
        {
          "archive": 68,
          "total_inputs": 17290,
          "vrp_edges": 0,
          "base_edges": 0
        },
        {
          "archive": 69,
          "total_inputs": 17299,
          "vrp_edges": 0,
          "base_edges": 0
        },
        {
          "archive": 70,
          "total_inputs": 17327,
          "vrp_edges": 0,
          "base_edges": 0
        },
        {
          "archive": 71,
          "total_inputs": 17345,
          "vrp_edges": 0,
          "base_edges": 0
        },
        {
          "archive": 72,
          "total_inputs": 17356,
          "vrp_edges": 0,
          "base_edges": 0
        },
        {
          "archive": 73,
          "total_inputs": 17377,
          "vrp_edges": 0,
          "base_edges": 0
        },
        {
          "archive": 74,
          "total_inputs": 17389,
          "vrp_edges": 0,
          "base_edges": 0
        },
        {
          "archive": 75,
          "total_inputs": 17410,
          "vrp_edges": 0,
          "base_edges": 0
        },
        {
          "archive": 76,
          "total_inputs": 17423,
          "vrp_edges": 0,
          "base_edges": 0
        },
        {
          "archive": 77,
          "total_inputs": 17435,
          "vrp_edges": 0,
          "base_edges": 0
        },
        {
          "archive": 78,
          "total_inputs": 17442,
          "vrp_edges": 0,
          "base_edges": 0
        },
        {
          "archive": 79,
          "total_inputs": 17450,
          "vrp_edges": 0,
          "base_edges": 0
        },
        {
          "archive": 80,
          "total_inputs": 17489,
          "vrp_edges": 0,
          "base_edges": 0
        },
        {
          "archive": 81,
          "total_inputs": 17522,
          "vrp_edges": 0,
          "base_edges": 0
        },
        {
          "archive": 82,
          "total_inputs": 17539,
          "vrp_edges": 0,
          "base_edges": 0
        },
        {
          "archive": 83,
          "total_inputs": 17552,
          "vrp_edges": 0,
          "base_edges": 0
        },
        {
          "archive": 84,
          "total_inputs": 17557,
          "vrp_edges": 0,
          "base_edges": 0
        },
        {
          "archive": 85,
          "total_inputs": 17617,
          "vrp_edges": 0,
          "base_edges": 0
        },
        {
          "archive": 86,
          "total_inputs": 17627,
          "vrp_edges": 0,
          "base_edges": 0
        },
        {
          "archive": 87,
          "total_inputs": 17650,
          "vrp_edges": 0,
          "base_edges": 0
        },
        {
          "archive": 88,
          "total_inputs": 17658,
          "vrp_edges": 0,
          "base_edges": 0
        },
        {
          "archive": 89,
          "total_inputs": 17664,
          "vrp_edges": 0,
          "base_edges": 0
        },
        {
          "archive": 90,
          "total_inputs": 17688,
          "vrp_edges": 0,
          "base_edges": 0
        },
        {
          "archive": 91,
          "total_inputs": 17698,
          "vrp_edges": 0,
          "base_edges": 0
        },
        {
          "archive": 92,
          "total_inputs": 17708,
          "vrp_edges": 0,
          "base_edges": 0
        },
        {
          "archive": 93,
          "total_inputs": 17712,
          "vrp_edges": 0,
          "base_edges": 0
        },
        {
          "archive": 94,
          "total_inputs": 17723,
          "vrp_edges": 0,
          "base_edges": 0
        },
        {
          "archive": 95,
          "total_inputs": 17740,
          "vrp_edges": 0,
          "base_edges": 0
        },
        {
          "archive": 96,
          "total_inputs": 17740,
          "vrp_edges": 0,
          "base_edges": 0
        }
      ],
      "final_vrp_edges": 0,
      "final_base_edges": 0,
      "total_inputs": 17740
    },
    "speed": {
      "per_archive": [
        {
          "archive": 0,
          "inputs": 2,
          "mean_vrp_ms": 11.803,
          "mean_base_ms": 12.149,
          "overhead": 0.9715
        },
        {
          "archive": 1,
          "inputs": 6828,
          "mean_vrp_ms": 0.02,
          "mean_base_ms": 0.02,
          "overhead": 0.9895
        },
        {
          "archive": 2,
          "inputs": 1948,
          "mean_vrp_ms": 0.02,
          "mean_base_ms": 0.022,
          "overhead": 0.8927
        },
        {
          "archive": 3,
          "inputs": 1417,
          "mean_vrp_ms": 0.021,
          "mean_base_ms": 0.024,
          "overhead": 0.8769
        },
        {
          "archive": 4,
          "inputs": 890,
          "mean_vrp_ms": 0.027,
          "mean_base_ms": 0.029,
          "overhead": 0.9295
        },
        {
          "archive": 5,
          "inputs": 481,
          "mean_vrp_ms": 0.036,
          "mean_base_ms": 0.036,
          "overhead": 1.0104
        },
        {
          "archive": 6,
          "inputs": 215,
          "mean_vrp_ms": 0.069,
          "mean_base_ms": 0.07,
          "overhead": 0.9777
        },
        {
          "archive": 7,
          "inputs": 192,
          "mean_vrp_ms": 0.076,
          "mean_base_ms": 0.071,
          "overhead": 1.0719
        },
        {
          "archive": 8,
          "inputs": 139,
          "mean_vrp_ms": 0.091,
          "mean_base_ms": 0.093,
          "overhead": 0.9721
        },
        {
          "archive": 9,
          "inputs": 210,
          "mean_vrp_ms": 0.064,
          "mean_base_ms": 0.062,
          "overhead": 1.0443
        },
        {
          "archive": 10,
          "inputs": 112,
          "mean_vrp_ms": 0.11,
          "mean_base_ms": 0.112,
          "overhead": 0.9805
        },
        {
          "archive": 11,
          "inputs": 118,
          "mean_vrp_ms": 0.113,
          "mean_base_ms": 0.108,
          "overhead": 1.0386
        },
        {
          "archive": 12,
          "inputs": 143,
          "mean_vrp_ms": 0.109,
          "mean_base_ms": 0.084,
          "overhead": 1.3034
        },
        {
          "archive": 13,
          "inputs": 71,
          "mean_vrp_ms": 0.194,
          "mean_base_ms": 0.2,
          "overhead": 0.9702
        },
        {
          "archive": 14,
          "inputs": 52,
          "mean_vrp_ms": 0.258,
          "mean_base_ms": 0.253,
          "overhead": 1.0198
        },
        {
          "archive": 15,
          "inputs": 256,
          "mean_vrp_ms": 0.06,
          "mean_base_ms": 0.063,
          "overhead": 0.9573
        },
        {
          "archive": 16,
          "inputs": 91,
          "mean_vrp_ms": 0.141,
          "mean_base_ms": 0.129,
          "overhead": 1.0926
        },
        {
          "archive": 17,
          "inputs": 83,
          "mean_vrp_ms": 0.148,
          "mean_base_ms": 0.142,
          "overhead": 1.042
        },
        {
          "archive": 18,
          "inputs": 69,
          "mean_vrp_ms": 0.156,
          "mean_base_ms": 0.176,
          "overhead": 0.8842
        },
        {
          "archive": 19,
          "inputs": 67,
          "mean_vrp_ms": 0.219,
          "mean_base_ms": 0.183,
          "overhead": 1.1941
        },
        {
          "archive": 20,
          "inputs": 50,
          "mean_vrp_ms": 0.283,
          "mean_base_ms": 0.252,
          "overhead": 1.1204
        },
        {
          "archive": 21,
          "inputs": 75,
          "mean_vrp_ms": 0.203,
          "mean_base_ms": 0.188,
          "overhead": 1.0798
        },
        {
          "archive": 22,
          "inputs": 331,
          "mean_vrp_ms": 0.046,
          "mean_base_ms": 0.05,
          "overhead": 0.9198
        },
        {
          "archive": 23,
          "inputs": 335,
          "mean_vrp_ms": 0.044,
          "mean_base_ms": 0.048,
          "overhead": 0.9124
        },
        {
          "archive": 24,
          "inputs": 517,
          "mean_vrp_ms": 0.039,
          "mean_base_ms": 0.034,
          "overhead": 1.142
        },
        {
          "archive": 25,
          "inputs": 293,
          "mean_vrp_ms": 0.055,
          "mean_base_ms": 0.053,
          "overhead": 1.0295
        },
        {
          "archive": 26,
          "inputs": 166,
          "mean_vrp_ms": 0.091,
          "mean_base_ms": 0.079,
          "overhead": 1.1535
        },
        {
          "archive": 27,
          "inputs": 156,
          "mean_vrp_ms": 0.096,
          "mean_base_ms": 0.086,
          "overhead": 1.1175
        },
        {
          "archive": 28,
          "inputs": 113,
          "mean_vrp_ms": 0.104,
          "mean_base_ms": 0.108,
          "overhead": 0.965
        },
        {
          "archive": 29,
          "inputs": 80,
          "mean_vrp_ms": 0.132,
          "mean_base_ms": 0.144,
          "overhead": 0.918
        },
        {
          "archive": 30,
          "inputs": 130,
          "mean_vrp_ms": 0.109,
          "mean_base_ms": 0.105,
          "overhead": 1.0425
        },
        {
          "archive": 31,
          "inputs": 80,
          "mean_vrp_ms": 0.149,
          "mean_base_ms": 0.14,
          "overhead": 1.0659
        },
        {
          "archive": 32,
          "inputs": 97,
          "mean_vrp_ms": 0.125,
          "mean_base_ms": 0.127,
          "overhead": 0.98
        },
        {
          "archive": 33,
          "inputs": 58,
          "mean_vrp_ms": 0.215,
          "mean_base_ms": 0.224,
          "overhead": 0.9606
        },
        {
          "archive": 34,
          "inputs": 50,
          "mean_vrp_ms": 0.207,
          "mean_base_ms": 0.228,
          "overhead": 0.9071
        },
        {
          "archive": 35,
          "inputs": 40,
          "mean_vrp_ms": 0.258,
          "mean_base_ms": 0.261,
          "overhead": 0.9882
        },
        {
          "archive": 36,
          "inputs": 55,
          "mean_vrp_ms": 0.366,
          "mean_base_ms": 0.365,
          "overhead": 1.0039
        },
        {
          "archive": 37,
          "inputs": 51,
          "mean_vrp_ms": 0.266,
          "mean_base_ms": 0.236,
          "overhead": 1.1271
        },
        {
          "archive": 38,
          "inputs": 48,
          "mean_vrp_ms": 0.274,
          "mean_base_ms": 0.235,
          "overhead": 1.1657
        },
        {
          "archive": 39,
          "inputs": 51,
          "mean_vrp_ms": 0.295,
          "mean_base_ms": 0.229,
          "overhead": 1.2873
        },
        {
          "archive": 40,
          "inputs": 26,
          "mean_vrp_ms": 0.396,
          "mean_base_ms": 0.435,
          "overhead": 0.9102
        },
        {
          "archive": 41,
          "inputs": 392,
          "mean_vrp_ms": 0.044,
          "mean_base_ms": 0.045,
          "overhead": 0.9772
        },
        {
          "archive": 42,
          "inputs": 56,
          "mean_vrp_ms": 0.236,
          "mean_base_ms": 0.217,
          "overhead": 1.0892
        },
        {
          "archive": 43,
          "inputs": 44,
          "mean_vrp_ms": 0.265,
          "mean_base_ms": 0.271,
          "overhead": 0.9762
        },
        {
          "archive": 44,
          "inputs": 26,
          "mean_vrp_ms": 0.455,
          "mean_base_ms": 0.448,
          "overhead": 1.0149
        },
        {
          "archive": 45,
          "inputs": 33,
          "mean_vrp_ms": 0.348,
          "mean_base_ms": 0.336,
          "overhead": 1.0354
        },
        {
          "archive": 46,
          "inputs": 43,
          "mean_vrp_ms": 0.371,
          "mean_base_ms": 0.287,
          "overhead": 1.295
        },
        {
          "archive": 47,
          "inputs": 24,
          "mean_vrp_ms": 0.51,
          "mean_base_ms": 0.488,
          "overhead": 1.0439
        },
        {
          "archive": 48,
          "inputs": 27,
          "mean_vrp_ms": 0.51,
          "mean_base_ms": 0.47,
          "overhead": 1.0852
        },
        {
          "archive": 49,
          "inputs": 18,
          "mean_vrp_ms": 0.751,
          "mean_base_ms": 0.709,
          "overhead": 1.059
        },
        {
          "archive": 50,
          "inputs": 26,
          "mean_vrp_ms": 0.479,
          "mean_base_ms": 0.448,
          "overhead": 1.0689
        },
        {
          "archive": 51,
          "inputs": 31,
          "mean_vrp_ms": 0.379,
          "mean_base_ms": 0.362,
          "overhead": 1.0449
        },
        {
          "archive": 52,
          "inputs": 61,
          "mean_vrp_ms": 0.192,
          "mean_base_ms": 0.193,
          "overhead": 0.9974
        },
        {
          "archive": 53,
          "inputs": 58,
          "mean_vrp_ms": 0.227,
          "mean_base_ms": 0.246,
          "overhead": 0.9239
        },
        {
          "archive": 54,
          "inputs": 12,
          "mean_vrp_ms": 1.221,
          "mean_base_ms": 0.88,
          "overhead": 1.387
        },
        {
          "archive": 55,
          "inputs": 16,
          "mean_vrp_ms": 0.716,
          "mean_base_ms": 0.981,
          "overhead": 0.7293
        },
        {
          "archive": 56,
          "inputs": 10,
          "mean_vrp_ms": 1.198,
          "mean_base_ms": 1.184,
          "overhead": 1.0126
        },
        {
          "archive": 57,
          "inputs": 17,
          "mean_vrp_ms": 0.652,
          "mean_base_ms": 0.619,
          "overhead": 1.0527
        },
        {
          "archive": 58,
          "inputs": 14,
          "mean_vrp_ms": 0.809,
          "mean_base_ms": 0.818,
          "overhead": 0.9892
        },
        {
          "archive": 59,
          "inputs": 10,
          "mean_vrp_ms": 0.986,
          "mean_base_ms": 1.107,
          "overhead": 0.8912
        },
        {
          "archive": 60,
          "inputs": 17,
          "mean_vrp_ms": 0.746,
          "mean_base_ms": 0.625,
          "overhead": 1.1945
        },
        {
          "archive": 61,
          "inputs": 42,
          "mean_vrp_ms": 0.248,
          "mean_base_ms": 0.252,
          "overhead": 0.9812
        },
        {
          "archive": 62,
          "inputs": 6,
          "mean_vrp_ms": 1.683,
          "mean_base_ms": 1.688,
          "overhead": 0.9966
        },
        {
          "archive": 63,
          "inputs": 36,
          "mean_vrp_ms": 0.318,
          "mean_base_ms": 0.327,
          "overhead": 0.972
        },
        {
          "archive": 64,
          "inputs": 19,
          "mean_vrp_ms": 0.631,
          "mean_base_ms": 0.676,
          "overhead": 0.9331
        },
        {
          "archive": 65,
          "inputs": 14,
          "mean_vrp_ms": 0.7,
          "mean_base_ms": 0.822,
          "overhead": 0.8517
        },
        {
          "archive": 66,
          "inputs": 8,
          "mean_vrp_ms": 1.289,
          "mean_base_ms": 1.397,
          "overhead": 0.9224
        },
        {
          "archive": 67,
          "inputs": 19,
          "mean_vrp_ms": 0.566,
          "mean_base_ms": 0.614,
          "overhead": 0.9208
        },
        {
          "archive": 68,
          "inputs": 25,
          "mean_vrp_ms": 0.516,
          "mean_base_ms": 0.518,
          "overhead": 0.9962
        },
        {
          "archive": 69,
          "inputs": 9,
          "mean_vrp_ms": 1.158,
          "mean_base_ms": 1.245,
          "overhead": 0.9296
        },
        {
          "archive": 70,
          "inputs": 28,
          "mean_vrp_ms": 0.456,
          "mean_base_ms": 0.39,
          "overhead": 1.167
        },
        {
          "archive": 71,
          "inputs": 18,
          "mean_vrp_ms": 0.653,
          "mean_base_ms": 0.632,
          "overhead": 1.0321
        },
        {
          "archive": 72,
          "inputs": 11,
          "mean_vrp_ms": 1.005,
          "mean_base_ms": 1.129,
          "overhead": 0.8901
        },
        {
          "archive": 73,
          "inputs": 21,
          "mean_vrp_ms": 0.594,
          "mean_base_ms": 0.561,
          "overhead": 1.059
        },
        {
          "archive": 74,
          "inputs": 12,
          "mean_vrp_ms": 1.097,
          "mean_base_ms": 0.827,
          "overhead": 1.326
        },
        {
          "archive": 75,
          "inputs": 21,
          "mean_vrp_ms": 0.579,
          "mean_base_ms": 0.497,
          "overhead": 1.1639
        },
        {
          "archive": 76,
          "inputs": 13,
          "mean_vrp_ms": 0.975,
          "mean_base_ms": 0.754,
          "overhead": 1.2923
        },
        {
          "archive": 77,
          "inputs": 12,
          "mean_vrp_ms": 1.019,
          "mean_base_ms": 0.919,
          "overhead": 1.1096
        },
        {
          "archive": 78,
          "inputs": 7,
          "mean_vrp_ms": 2.105,
          "mean_base_ms": 1.795,
          "overhead": 1.1732
        },
        {
          "archive": 79,
          "inputs": 8,
          "mean_vrp_ms": 1.578,
          "mean_base_ms": 1.821,
          "overhead": 0.8669
        },
        {
          "archive": 80,
          "inputs": 39,
          "mean_vrp_ms": 0.307,
          "mean_base_ms": 0.298,
          "overhead": 1.0311
        },
        {
          "archive": 81,
          "inputs": 33,
          "mean_vrp_ms": 0.43,
          "mean_base_ms": 0.347,
          "overhead": 1.2393
        },
        {
          "archive": 82,
          "inputs": 17,
          "mean_vrp_ms": 0.73,
          "mean_base_ms": 0.711,
          "overhead": 1.026
        },
        {
          "archive": 83,
          "inputs": 13,
          "mean_vrp_ms": 1.053,
          "mean_base_ms": 0.972,
          "overhead": 1.0832
        },
        {
          "archive": 84,
          "inputs": 5,
          "mean_vrp_ms": 2.594,
          "mean_base_ms": 2.244,
          "overhead": 1.1561
        },
        {
          "archive": 85,
          "inputs": 60,
          "mean_vrp_ms": 0.204,
          "mean_base_ms": 0.208,
          "overhead": 0.9809
        },
        {
          "archive": 86,
          "inputs": 10,
          "mean_vrp_ms": 1.545,
          "mean_base_ms": 1.108,
          "overhead": 1.3951
        },
        {
          "archive": 87,
          "inputs": 23,
          "mean_vrp_ms": 0.515,
          "mean_base_ms": 0.523,
          "overhead": 0.9847
        },
        {
          "archive": 88,
          "inputs": 8,
          "mean_vrp_ms": 1.298,
          "mean_base_ms": 1.207,
          "overhead": 1.0751
        },
        {
          "archive": 89,
          "inputs": 6,
          "mean_vrp_ms": 2.191,
          "mean_base_ms": 2.101,
          "overhead": 1.0425
        },
        {
          "archive": 90,
          "inputs": 24,
          "mean_vrp_ms": 0.438,
          "mean_base_ms": 0.454,
          "overhead": 0.9639
        },
        {
          "archive": 91,
          "inputs": 10,
          "mean_vrp_ms": 1.183,
          "mean_base_ms": 1.126,
          "overhead": 1.0507
        },
        {
          "archive": 92,
          "inputs": 10,
          "mean_vrp_ms": 1.137,
          "mean_base_ms": 1.068,
          "overhead": 1.0645
        },
        {
          "archive": 93,
          "inputs": 4,
          "mean_vrp_ms": 3.061,
          "mean_base_ms": 2.639,
          "overhead": 1.1599
        },
        {
          "archive": 94,
          "inputs": 11,
          "mean_vrp_ms": 0.926,
          "mean_base_ms": 1.041,
          "overhead": 0.8888
        },
        {
          "archive": 95,
          "inputs": 17,
          "mean_vrp_ms": 0.949,
          "mean_base_ms": 0.681,
          "overhead": 1.3924
        },
        {
          "archive": 96,
          "inputs": 0,
          "mean_vrp_ms": 0.0,
          "mean_base_ms": 0.0,
          "overhead": 0.0
        }
      ],
      "summary": {
        "total_inputs": 17740,
        "vrp_mean_ms": 0.08,
        "vrp_median_ms": 0.021,
        "vrp_p95_ms": 0.307,
        "vrp_p99_ms": 0.975,
        "base_mean_ms": 0.078,
        "base_median_ms": 0.024,
        "base_p95_ms": 0.287,
        "base_p99_ms": 0.88,
        "mean_overhead": 1.0251
      }
    }
  }
}