{
  "experiment": "vrp-unfold-eval-big04",
  "benchmark": "freetype2_ftfuzzer",
  "fuzzer": "aflplusplus",
  "instance": "46641",
  "archives_processed": 97,
  "total_inputs": 18556,
  "elapsed_seconds": 16.8,
  "analyzer_results": {
    "vrp_hit_entanglement": {
      "per_archive": [
        {
          "archive": 0,
          "new_inputs": 2,
          "cumulative_inputs": 2,
          "new_vrp_edges": 0,
          "new_base_edges": 0,
          "cumulative_vrp_edges": 0,
          "cumulative_base_edges": 0,
          "classifications": {
            "vrp_only": 0,
            "both": 0,
            "base_only": 0,
            "neither": 2
          }
        },
        {
          "archive": 1,
          "new_inputs": 6489,
          "cumulative_inputs": 6491,
          "new_vrp_edges": 0,
          "new_base_edges": 0,
          "cumulative_vrp_edges": 0,
          "cumulative_base_edges": 0,
          "classifications": {
            "vrp_only": 0,
            "both": 0,
            "base_only": 0,
            "neither": 6489
          }
        },
        {
          "archive": 2,
          "new_inputs": 2376,
          "cumulative_inputs": 8867,
          "new_vrp_edges": 0,
          "new_base_edges": 0,
          "cumulative_vrp_edges": 0,
          "cumulative_base_edges": 0,
          "classifications": {
            "vrp_only": 0,
            "both": 0,
            "base_only": 0,
            "neither": 2376
          }
        },
        {
          "archive": 3,
          "new_inputs": 1348,
          "cumulative_inputs": 10215,
          "new_vrp_edges": 0,
          "new_base_edges": 0,
          "cumulative_vrp_edges": 0,
          "cumulative_base_edges": 0,
          "classifications": {
            "vrp_only": 0,
            "both": 0,
            "base_only": 0,
            "neither": 1348
          }
        },
        {
          "archive": 4,
          "new_inputs": 928,
          "cumulative_inputs": 11143,
          "new_vrp_edges": 0,
          "new_base_edges": 0,
          "cumulative_vrp_edges": 0,
          "cumulative_base_edges": 0,
          "classifications": {
            "vrp_only": 0,
            "both": 0,
            "base_only": 0,
            "neither": 928
          }
        },
        {
          "archive": 5,
          "new_inputs": 563,
          "cumulative_inputs": 11706,
          "new_vrp_edges": 0,
          "new_base_edges": 0,
          "cumulative_vrp_edges": 0,
          "cumulative_base_edges": 0,
          "classifications": {
            "vrp_only": 0,
            "both": 0,
            "base_only": 0,
            "neither": 563
          }
        },
        {
          "archive": 6,
          "new_inputs": 347,
          "cumulative_inputs": 12053,
          "new_vrp_edges": 0,
          "new_base_edges": 0,
          "cumulative_vrp_edges": 0,
          "cumulative_base_edges": 0,
          "classifications": {
            "vrp_only": 0,
            "both": 0,
            "base_only": 0,
            "neither": 347
          }
        },
        {
          "archive": 7,
          "new_inputs": 331,
          "cumulative_inputs": 12384,
          "new_vrp_edges": 0,
          "new_base_edges": 0,
          "cumulative_vrp_edges": 0,
          "cumulative_base_edges": 0,
          "classifications": {
            "vrp_only": 0,
            "both": 0,
            "base_only": 0,
            "neither": 331
          }
        },
        {
          "archive": 8,
          "new_inputs": 309,
          "cumulative_inputs": 12693,
          "new_vrp_edges": 0,
          "new_base_edges": 0,
          "cumulative_vrp_edges": 0,
          "cumulative_base_edges": 0,
          "classifications": {
            "vrp_only": 0,
            "both": 0,
            "base_only": 0,
            "neither": 309
          }
        },
        {
          "archive": 9,
          "new_inputs": 239,
          "cumulative_inputs": 12932,
          "new_vrp_edges": 0,
          "new_base_edges": 0,
          "cumulative_vrp_edges": 0,
          "cumulative_base_edges": 0,
          "classifications": {
            "vrp_only": 0,
            "both": 0,
            "base_only": 0,
            "neither": 239
          }
        },
        {
          "archive": 10,
          "new_inputs": 159,
          "cumulative_inputs": 13091,
          "new_vrp_edges": 0,
          "new_base_edges": 0,
          "cumulative_vrp_edges": 0,
          "cumulative_base_edges": 0,
          "classifications": {
            "vrp_only": 0,
            "both": 0,
            "base_only": 0,
            "neither": 159
          }
        },
        {
          "archive": 11,
          "new_inputs": 235,
          "cumulative_inputs": 13326,
          "new_vrp_edges": 0,
          "new_base_edges": 0,
          "cumulative_vrp_edges": 0,
          "cumulative_base_edges": 0,
          "classifications": {
            "vrp_only": 0,
            "both": 0,
            "base_only": 0,
            "neither": 235
          }
        },
        {
          "archive": 12,
          "new_inputs": 137,
          "cumulative_inputs": 13463,
          "new_vrp_edges": 0,
          "new_base_edges": 0,
          "cumulative_vrp_edges": 0,
          "cumulative_base_edges": 0,
          "classifications": {
            "vrp_only": 0,
            "both": 0,
            "base_only": 0,
            "neither": 137
          }
        },
        {
          "archive": 13,
          "new_inputs": 121,
          "cumulative_inputs": 13584,
          "new_vrp_edges": 0,
          "new_base_edges": 0,
          "cumulative_vrp_edges": 0,
          "cumulative_base_edges": 0,
          "classifications": {
            "vrp_only": 0,
            "both": 0,
            "base_only": 0,
            "neither": 121
          }
        },
        {
          "archive": 14,
          "new_inputs": 636,
          "cumulative_inputs": 14220,
          "new_vrp_edges": 0,
          "new_base_edges": 0,
          "cumulative_vrp_edges": 0,
          "cumulative_base_edges": 0,
          "classifications": {
            "vrp_only": 0,
            "both": 0,
            "base_only": 0,
            "neither": 636
          }
        },
        {
          "archive": 15,
          "new_inputs": 596,
          "cumulative_inputs": 14816,
          "new_vrp_edges": 0,
          "new_base_edges": 0,
          "cumulative_vrp_edges": 0,
          "cumulative_base_edges": 0,
          "classifications": {
            "vrp_only": 0,
            "both": 0,
            "base_only": 0,
            "neither": 596
          }
        },
        {
          "archive": 16,
          "new_inputs": 161,
          "cumulative_inputs": 14977,
          "new_vrp_edges": 0,
          "new_base_edges": 0,
          "cumulative_vrp_edges": 0,
          "cumulative_base_edges": 0,
          "classifications": {
            "vrp_only": 0,
            "both": 0,
            "base_only": 0,
            "neither": 161
          }
        },
        {
          "archive": 17,
          "new_inputs": 70,
          "cumulative_inputs": 15047,
          "new_vrp_edges": 0,
          "new_base_edges": 0,
          "cumulative_vrp_edges": 0,
          "cumulative_base_edges": 0,
          "classifications": {
            "vrp_only": 0,
            "both": 0,
            "base_only": 0,
            "neither": 70
          }
        },
        {
          "archive": 18,
          "new_inputs": 203,
          "cumulative_inputs": 15250,
          "new_vrp_edges": 0,
          "new_base_edges": 0,
          "cumulative_vrp_edges": 0,
          "cumulative_base_edges": 0,
          "classifications": {
            "vrp_only": 0,
            "both": 0,
            "base_only": 0,
            "neither": 203
          }
        },
        {
          "archive": 19,
          "new_inputs": 130,
          "cumulative_inputs": 15380,
          "new_vrp_edges": 0,
          "new_base_edges": 0,
          "cumulative_vrp_edges": 0,
          "cumulative_base_edges": 0,
          "classifications": {
            "vrp_only": 0,
            "both": 0,
            "base_only": 0,
            "neither": 130
          }
        },
        {
          "archive": 20,
          "new_inputs": 52,
          "cumulative_inputs": 15432,
          "new_vrp_edges": 0,
          "new_base_edges": 0,
          "cumulative_vrp_edges": 0,
          "cumulative_base_edges": 0,
          "classifications": {
            "vrp_only": 0,
            "both": 0,
            "base_only": 0,
            "neither": 52
          }
        },
        {
          "archive": 21,
          "new_inputs": 52,
          "cumulative_inputs": 15484,
          "new_vrp_edges": 0,
          "new_base_edges": 0,
          "cumulative_vrp_edges": 0,
          "cumulative_base_edges": 0,
          "classifications": {
            "vrp_only": 0,
            "both": 0,
            "base_only": 0,
            "neither": 52
          }
        },
        {
          "archive": 22,
          "new_inputs": 103,
          "cumulative_inputs": 15587,
          "new_vrp_edges": 0,
          "new_base_edges": 0,
          "cumulative_vrp_edges": 0,
          "cumulative_base_edges": 0,
          "classifications": {
            "vrp_only": 0,
            "both": 0,
            "base_only": 0,
            "neither": 103
          }
        },
        {
          "archive": 23,
          "new_inputs": 58,
          "cumulative_inputs": 15645,
          "new_vrp_edges": 0,
          "new_base_edges": 0,
          "cumulative_vrp_edges": 0,
          "cumulative_base_edges": 0,
          "classifications": {
            "vrp_only": 0,
            "both": 0,
            "base_only": 0,
            "neither": 58
          }
        },
        {
          "archive": 24,
          "new_inputs": 41,
          "cumulative_inputs": 15686,
          "new_vrp_edges": 0,
          "new_base_edges": 0,
          "cumulative_vrp_edges": 0,
          "cumulative_base_edges": 0,
          "classifications": {
            "vrp_only": 0,
            "both": 0,
            "base_only": 0,
            "neither": 41
          }
        },
        {
          "archive": 25,
          "new_inputs": 31,
          "cumulative_inputs": 15717,
          "new_vrp_edges": 0,
          "new_base_edges": 0,
          "cumulative_vrp_edges": 0,
          "cumulative_base_edges": 0,
          "classifications": {
            "vrp_only": 0,
            "both": 0,
            "base_only": 0,
            "neither": 31
          }
        },
        {
          "archive": 26,
          "new_inputs": 57,
          "cumulative_inputs": 15774,
          "new_vrp_edges": 0,
          "new_base_edges": 0,
          "cumulative_vrp_edges": 0,
          "cumulative_base_edges": 0,
          "classifications": {
            "vrp_only": 0,
            "both": 0,
            "base_only": 0,
            "neither": 57
          }
        },
        {
          "archive": 27,
          "new_inputs": 41,
          "cumulative_inputs": 15815,
          "new_vrp_edges": 0,
          "new_base_edges": 0,
          "cumulative_vrp_edges": 0,
          "cumulative_base_edges": 0,
          "classifications": {
            "vrp_only": 0,
            "both": 0,
            "base_only": 0,
            "neither": 41
          }
        },
        {
          "archive": 28,
          "new_inputs": 46,
          "cumulative_inputs": 15861,
          "new_vrp_edges": 0,
          "new_base_edges": 0,
          "cumulative_vrp_edges": 0,
          "cumulative_base_edges": 0,
          "classifications": {
            "vrp_only": 0,
            "both": 0,
            "base_only": 0,
            "neither": 46
          }
        },
        {
          "archive": 29,
          "new_inputs": 58,
          "cumulative_inputs": 15919,
          "new_vrp_edges": 0,
          "new_base_edges": 0,
          "cumulative_vrp_edges": 0,
          "cumulative_base_edges": 0,
          "classifications": {
            "vrp_only": 0,
            "both": 0,
            "base_only": 0,
            "neither": 58
          }
        },
        {
          "archive": 30,
          "new_inputs": 130,
          "cumulative_inputs": 16049,
          "new_vrp_edges": 0,
          "new_base_edges": 0,
          "cumulative_vrp_edges": 0,
          "cumulative_base_edges": 0,
          "classifications": {
            "vrp_only": 0,
            "both": 0,
            "base_only": 0,
            "neither": 130
          }
        },
        {
          "archive": 31,
          "new_inputs": 125,
          "cumulative_inputs": 16174,
          "new_vrp_edges": 0,
          "new_base_edges": 0,
          "cumulative_vrp_edges": 0,
          "cumulative_base_edges": 0,
          "classifications": {
            "vrp_only": 0,
            "both": 0,
            "base_only": 0,
            "neither": 125
          }
        },
        {
          "archive": 32,
          "new_inputs": 52,
          "cumulative_inputs": 16226,
          "new_vrp_edges": 0,
          "new_base_edges": 0,
          "cumulative_vrp_edges": 0,
          "cumulative_base_edges": 0,
          "classifications": {
            "vrp_only": 0,
            "both": 0,
            "base_only": 0,
            "neither": 52
          }
        },
        {
          "archive": 33,
          "new_inputs": 43,
          "cumulative_inputs": 16269,
          "new_vrp_edges": 0,
          "new_base_edges": 0,
          "cumulative_vrp_edges": 0,
          "cumulative_base_edges": 0,
          "classifications": {
            "vrp_only": 0,
            "both": 0,
            "base_only": 0,
            "neither": 43
          }
        },
        {
          "archive": 34,
          "new_inputs": 43,
          "cumulative_inputs": 16312,
          "new_vrp_edges": 0,
          "new_base_edges": 0,
          "cumulative_vrp_edges": 0,
          "cumulative_base_edges": 0,
          "classifications": {
            "vrp_only": 0,
            "both": 0,
            "base_only": 0,
            "neither": 43
          }
        },
        {
          "archive": 35,
          "new_inputs": 23,
          "cumulative_inputs": 16335,
          "new_vrp_edges": 0,
          "new_base_edges": 0,
          "cumulative_vrp_edges": 0,
          "cumulative_base_edges": 0,
          "classifications": {
            "vrp_only": 0,
            "both": 0,
            "base_only": 0,
            "neither": 23
          }
        },
        {
          "archive": 36,
          "new_inputs": 85,
          "cumulative_inputs": 16420,
          "new_vrp_edges": 0,
          "new_base_edges": 0,
          "cumulative_vrp_edges": 0,
          "cumulative_base_edges": 0,
          "classifications": {
            "vrp_only": 0,
            "both": 0,
            "base_only": 0,
            "neither": 85
          }
        },
        {
          "archive": 37,
          "new_inputs": 51,
          "cumulative_inputs": 16471,
          "new_vrp_edges": 0,
          "new_base_edges": 0,
          "cumulative_vrp_edges": 0,
          "cumulative_base_edges": 0,
          "classifications": {
            "vrp_only": 0,
            "both": 0,
            "base_only": 0,
            "neither": 51
          }
        },
        {
          "archive": 38,
          "new_inputs": 31,
          "cumulative_inputs": 16502,
          "new_vrp_edges": 0,
          "new_base_edges": 0,
          "cumulative_vrp_edges": 0,
          "cumulative_base_edges": 0,
          "classifications": {
            "vrp_only": 0,
            "both": 0,
            "base_only": 0,
            "neither": 31
          }
        },
        {
          "archive": 39,
          "new_inputs": 22,
          "cumulative_inputs": 16524,
          "new_vrp_edges": 0,
          "new_base_edges": 0,
          "cumulative_vrp_edges": 0,
          "cumulative_base_edges": 0,
          "classifications": {
            "vrp_only": 0,
            "both": 0,
            "base_only": 0,
            "neither": 22
          }
        },
        {
          "archive": 40,
          "new_inputs": 43,
          "cumulative_inputs": 16567,
          "new_vrp_edges": 0,
          "new_base_edges": 0,
          "cumulative_vrp_edges": 0,
          "cumulative_base_edges": 0,
          "classifications": {
            "vrp_only": 0,
            "both": 0,
            "base_only": 0,
            "neither": 43
          }
        },
        {
          "archive": 41,
          "new_inputs": 32,
          "cumulative_inputs": 16599,
          "new_vrp_edges": 0,
          "new_base_edges": 0,
          "cumulative_vrp_edges": 0,
          "cumulative_base_edges": 0,
          "classifications": {
            "vrp_only": 0,
            "both": 0,
            "base_only": 0,
            "neither": 32
          }
        },
        {
          "archive": 42,
          "new_inputs": 41,
          "cumulative_inputs": 16640,
          "new_vrp_edges": 0,
          "new_base_edges": 0,
          "cumulative_vrp_edges": 0,
          "cumulative_base_edges": 0,
          "classifications": {
            "vrp_only": 0,
            "both": 0,
            "base_only": 0,
            "neither": 41
          }
        },
        {
          "archive": 43,
          "new_inputs": 10,
          "cumulative_inputs": 16650,
          "new_vrp_edges": 0,
          "new_base_edges": 0,
          "cumulative_vrp_edges": 0,
          "cumulative_base_edges": 0,
          "classifications": {
            "vrp_only": 0,
            "both": 0,
            "base_only": 0,
            "neither": 10
          }
        },
        {
          "archive": 44,
          "new_inputs": 34,
          "cumulative_inputs": 16684,
          "new_vrp_edges": 0,
          "new_base_edges": 0,
          "cumulative_vrp_edges": 0,
          "cumulative_base_edges": 0,
          "classifications": {
            "vrp_only": 0,
            "both": 0,
            "base_only": 0,
            "neither": 34
          }
        },
        {
          "archive": 45,
          "new_inputs": 27,
          "cumulative_inputs": 16711,
          "new_vrp_edges": 0,
          "new_base_edges": 0,
          "cumulative_vrp_edges": 0,
          "cumulative_base_edges": 0,
          "classifications": {
            "vrp_only": 0,
            "both": 0,
            "base_only": 0,
            "neither": 27
          }
        },
        {
          "archive": 46,
          "new_inputs": 77,
          "cumulative_inputs": 16788,
          "new_vrp_edges": 0,
          "new_base_edges": 0,
          "cumulative_vrp_edges": 0,
          "cumulative_base_edges": 0,
          "classifications": {
            "vrp_only": 0,
            "both": 0,
            "base_only": 0,
            "neither": 77
          }
        },
        {
          "archive": 47,
          "new_inputs": 18,
          "cumulative_inputs": 16806,
          "new_vrp_edges": 0,
          "new_base_edges": 0,
          "cumulative_vrp_edges": 0,
          "cumulative_base_edges": 0,
          "classifications": {
            "vrp_only": 0,
            "both": 0,
            "base_only": 0,
            "neither": 18
          }
        },
        {
          "archive": 48,
          "new_inputs": 26,
          "cumulative_inputs": 16832,
          "new_vrp_edges": 0,
          "new_base_edges": 0,
          "cumulative_vrp_edges": 0,
          "cumulative_base_edges": 0,
          "classifications": {
            "vrp_only": 0,
            "both": 0,
            "base_only": 0,
            "neither": 26
          }
        },
        {
          "archive": 49,
          "new_inputs": 20,
          "cumulative_inputs": 16852,
          "new_vrp_edges": 0,
          "new_base_edges": 0,
          "cumulative_vrp_edges": 0,
          "cumulative_base_edges": 0,
          "classifications": {
            "vrp_only": 0,
            "both": 0,
            "base_only": 0,
            "neither": 20
          }
        },
        {
          "archive": 50,
          "new_inputs": 6,
          "cumulative_inputs": 16858,
          "new_vrp_edges": 0,
          "new_base_edges": 0,
          "cumulative_vrp_edges": 0,
          "cumulative_base_edges": 0,
          "classifications": {
            "vrp_only": 0,
            "both": 0,
            "base_only": 0,
            "neither": 6
          }
        },
        {
          "archive": 51,
          "new_inputs": 14,
          "cumulative_inputs": 16872,
          "new_vrp_edges": 0,
          "new_base_edges": 0,
          "cumulative_vrp_edges": 0,
          "cumulative_base_edges": 0,
          "classifications": {
            "vrp_only": 0,
            "both": 0,
            "base_only": 0,
            "neither": 14
          }
        },
        {
          "archive": 52,
          "new_inputs": 34,
          "cumulative_inputs": 16906,
          "new_vrp_edges": 0,
          "new_base_edges": 0,
          "cumulative_vrp_edges": 0,
          "cumulative_base_edges": 0,
          "classifications": {
            "vrp_only": 0,
            "both": 0,
            "base_only": 0,
            "neither": 34
          }
        },
        {
          "archive": 53,
          "new_inputs": 85,
          "cumulative_inputs": 16991,
          "new_vrp_edges": 0,
          "new_base_edges": 0,
          "cumulative_vrp_edges": 0,
          "cumulative_base_edges": 0,
          "classifications": {
            "vrp_only": 0,
            "both": 0,
            "base_only": 0,
            "neither": 85
          }
        },
        {
          "archive": 54,
          "new_inputs": 20,
          "cumulative_inputs": 17011,
          "new_vrp_edges": 0,
          "new_base_edges": 0,
          "cumulative_vrp_edges": 0,
          "cumulative_base_edges": 0,
          "classifications": {
            "vrp_only": 0,
            "both": 0,
            "base_only": 0,
            "neither": 20
          }
        },
        {
          "archive": 55,
          "new_inputs": 47,
          "cumulative_inputs": 17058,
          "new_vrp_edges": 0,
          "new_base_edges": 0,
          "cumulative_vrp_edges": 0,
          "cumulative_base_edges": 0,
          "classifications": {
            "vrp_only": 0,
            "both": 0,
            "base_only": 0,
            "neither": 47
          }
        },
        {
          "archive": 56,
          "new_inputs": 33,
          "cumulative_inputs": 17091,
          "new_vrp_edges": 0,
          "new_base_edges": 0,
          "cumulative_vrp_edges": 0,
          "cumulative_base_edges": 0,
          "classifications": {
            "vrp_only": 0,
            "both": 0,
            "base_only": 0,
            "neither": 33
          }
        },
        {
          "archive": 57,
          "new_inputs": 49,
          "cumulative_inputs": 17140,
          "new_vrp_edges": 0,
          "new_base_edges": 0,
          "cumulative_vrp_edges": 0,
          "cumulative_base_edges": 0,
          "classifications": {
            "vrp_only": 0,
            "both": 0,
            "base_only": 0,
            "neither": 49
          }
        },
        {
          "archive": 58,
          "new_inputs": 12,
          "cumulative_inputs": 17152,
          "new_vrp_edges": 0,
          "new_base_edges": 0,
          "cumulative_vrp_edges": 0,
          "cumulative_base_edges": 0,
          "classifications": {
            "vrp_only": 0,
            "both": 0,
            "base_only": 0,
            "neither": 12
          }
        },
        {
          "archive": 59,
          "new_inputs": 18,
          "cumulative_inputs": 17170,
          "new_vrp_edges": 0,
          "new_base_edges": 0,
          "cumulative_vrp_edges": 0,
          "cumulative_base_edges": 0,
          "classifications": {
            "vrp_only": 0,
            "both": 0,
            "base_only": 0,
            "neither": 18
          }
        },
        {
          "archive": 60,
          "new_inputs": 321,
          "cumulative_inputs": 17491,
          "new_vrp_edges": 0,
          "new_base_edges": 0,
          "cumulative_vrp_edges": 0,
          "cumulative_base_edges": 0,
          "classifications": {
            "vrp_only": 0,
            "both": 0,
            "base_only": 0,
            "neither": 321
          }
        },
        {
          "archive": 61,
          "new_inputs": 62,
          "cumulative_inputs": 17553,
          "new_vrp_edges": 0,
          "new_base_edges": 0,
          "cumulative_vrp_edges": 0,
          "cumulative_base_edges": 0,
          "classifications": {
            "vrp_only": 0,
            "both": 0,
            "base_only": 0,
            "neither": 62
          }
        },
        {
          "archive": 62,
          "new_inputs": 35,
          "cumulative_inputs": 17588,
          "new_vrp_edges": 0,
          "new_base_edges": 0,
          "cumulative_vrp_edges": 0,
          "cumulative_base_edges": 0,
          "classifications": {
            "vrp_only": 0,
            "both": 0,
            "base_only": 0,
            "neither": 35
          }
        },
        {
          "archive": 63,
          "new_inputs": 47,
          "cumulative_inputs": 17635,
          "new_vrp_edges": 0,
          "new_base_edges": 0,
          "cumulative_vrp_edges": 0,
          "cumulative_base_edges": 0,
          "classifications": {
            "vrp_only": 0,
            "both": 0,
            "base_only": 0,
            "neither": 47
          }
        },
        {
          "archive": 64,
          "new_inputs": 23,
          "cumulative_inputs": 17658,
          "new_vrp_edges": 0,
          "new_base_edges": 0,
          "cumulative_vrp_edges": 0,
          "cumulative_base_edges": 0,
          "classifications": {
            "vrp_only": 0,
            "both": 0,
            "base_only": 0,
            "neither": 23
          }
        },
        {
          "archive": 65,
          "new_inputs": 20,
          "cumulative_inputs": 17678,
          "new_vrp_edges": 0,
          "new_base_edges": 0,
          "cumulative_vrp_edges": 0,
          "cumulative_base_edges": 0,
          "classifications": {
            "vrp_only": 0,
            "both": 0,
            "base_only": 0,
            "neither": 20
          }
        },
        {
          "archive": 66,
          "new_inputs": 12,
          "cumulative_inputs": 17690,
          "new_vrp_edges": 0,
          "new_base_edges": 0,
          "cumulative_vrp_edges": 0,
          "cumulative_base_edges": 0,
          "classifications": {
            "vrp_only": 0,
            "both": 0,
            "base_only": 0,
            "neither": 12
          }
        },
        {
          "archive": 67,
          "new_inputs": 12,
          "cumulative_inputs": 17702,
          "new_vrp_edges": 0,
          "new_base_edges": 0,
          "cumulative_vrp_edges": 0,
          "cumulative_base_edges": 0,
          "classifications": {
            "vrp_only": 0,
            "both": 0,
            "base_only": 0,
            "neither": 12
          }
        },
        {
          "archive": 68,
          "new_inputs": 16,
          "cumulative_inputs": 17718,
          "new_vrp_edges": 0,
          "new_base_edges": 0,
          "cumulative_vrp_edges": 0,
          "cumulative_base_edges": 0,
          "classifications": {
            "vrp_only": 0,
            "both": 0,
            "base_only": 0,
            "neither": 16
          }
        },
        {
          "archive": 69,
          "new_inputs": 8,
          "cumulative_inputs": 17726,
          "new_vrp_edges": 0,
          "new_base_edges": 0,
          "cumulative_vrp_edges": 0,
          "cumulative_base_edges": 0,
          "classifications": {
            "vrp_only": 0,
            "both": 0,
            "base_only": 0,
            "neither": 8
          }
        },
        {
          "archive": 70,
          "new_inputs": 16,
          "cumulative_inputs": 17742,
          "new_vrp_edges": 0,
          "new_base_edges": 0,
          "cumulative_vrp_edges": 0,
          "cumulative_base_edges": 0,
          "classifications": {
            "vrp_only": 0,
            "both": 0,
            "base_only": 0,
            "neither": 16
          }
        },
        {
          "archive": 71,
          "new_inputs": 13,
          "cumulative_inputs": 17755,
          "new_vrp_edges": 0,
          "new_base_edges": 0,
          "cumulative_vrp_edges": 0,
          "cumulative_base_edges": 0,
          "classifications": {
            "vrp_only": 0,
            "both": 0,
            "base_only": 0,
            "neither": 13
          }
        },
        {
          "archive": 72,
          "new_inputs": 12,
          "cumulative_inputs": 17767,
          "new_vrp_edges": 0,
          "new_base_edges": 0,
          "cumulative_vrp_edges": 0,
          "cumulative_base_edges": 0,
          "classifications": {
            "vrp_only": 0,
            "both": 0,
            "base_only": 0,
            "neither": 12
          }
        },
        {
          "archive": 73,
          "new_inputs": 18,
          "cumulative_inputs": 17785,
          "new_vrp_edges": 0,
          "new_base_edges": 0,
          "cumulative_vrp_edges": 0,
          "cumulative_base_edges": 0,
          "classifications": {
            "vrp_only": 0,
            "both": 0,
            "base_only": 0,
            "neither": 18
          }
        },
        {
          "archive": 74,
          "new_inputs": 13,
          "cumulative_inputs": 17798,
          "new_vrp_edges": 0,
          "new_base_edges": 0,
          "cumulative_vrp_edges": 0,
          "cumulative_base_edges": 0,
          "classifications": {
            "vrp_only": 0,
            "both": 0,
            "base_only": 0,
            "neither": 13
          }
        },
        {
          "archive": 75,
          "new_inputs": 13,
          "cumulative_inputs": 17811,
          "new_vrp_edges": 0,
          "new_base_edges": 0,
          "cumulative_vrp_edges": 0,
          "cumulative_base_edges": 0,
          "classifications": {
            "vrp_only": 0,
            "both": 0,
            "base_only": 0,
            "neither": 13
          }
        },
        {
          "archive": 76,
          "new_inputs": 17,
          "cumulative_inputs": 17828,
          "new_vrp_edges": 0,
          "new_base_edges": 0,
          "cumulative_vrp_edges": 0,
          "cumulative_base_edges": 0,
          "classifications": {
            "vrp_only": 0,
            "both": 0,
            "base_only": 0,
            "neither": 17
          }
        },
        {
          "archive": 77,
          "new_inputs": 9,
          "cumulative_inputs": 17837,
          "new_vrp_edges": 0,
          "new_base_edges": 0,
          "cumulative_vrp_edges": 0,
          "cumulative_base_edges": 0,
          "classifications": {
            "vrp_only": 0,
            "both": 0,
            "base_only": 0,
            "neither": 9
          }
        },
        {
          "archive": 78,
          "new_inputs": 7,
          "cumulative_inputs": 17844,
          "new_vrp_edges": 0,
          "new_base_edges": 0,
          "cumulative_vrp_edges": 0,
          "cumulative_base_edges": 0,
          "classifications": {
            "vrp_only": 0,
            "both": 0,
            "base_only": 0,
            "neither": 7
          }
        },
        {
          "archive": 79,
          "new_inputs": 27,
          "cumulative_inputs": 17871,
          "new_vrp_edges": 0,
          "new_base_edges": 0,
          "cumulative_vrp_edges": 0,
          "cumulative_base_edges": 0,
          "classifications": {
            "vrp_only": 0,
            "both": 0,
            "base_only": 0,
            "neither": 27
          }
        },
        {
          "archive": 80,
          "new_inputs": 14,
          "cumulative_inputs": 17885,
          "new_vrp_edges": 0,
          "new_base_edges": 0,
          "cumulative_vrp_edges": 0,
          "cumulative_base_edges": 0,
          "classifications": {
            "vrp_only": 0,
            "both": 0,
            "base_only": 0,
            "neither": 14
          }
        },
        {
          "archive": 81,
          "new_inputs": 239,
          "cumulative_inputs": 18124,
          "new_vrp_edges": 0,
          "new_base_edges": 0,
          "cumulative_vrp_edges": 0,
          "cumulative_base_edges": 0,
          "classifications": {
            "vrp_only": 0,
            "both": 0,
            "base_only": 0,
            "neither": 239
          }
        },
        {
          "archive": 82,
          "new_inputs": 55,
          "cumulative_inputs": 18179,
          "new_vrp_edges": 0,
          "new_base_edges": 0,
          "cumulative_vrp_edges": 0,
          "cumulative_base_edges": 0,
          "classifications": {
            "vrp_only": 0,
            "both": 0,
            "base_only": 0,
            "neither": 55
          }
        },
        {
          "archive": 83,
          "new_inputs": 71,
          "cumulative_inputs": 18250,
          "new_vrp_edges": 0,
          "new_base_edges": 0,
          "cumulative_vrp_edges": 0,
          "cumulative_base_edges": 0,
          "classifications": {
            "vrp_only": 0,
            "both": 0,
            "base_only": 0,
            "neither": 71
          }
        },
        {
          "archive": 84,
          "new_inputs": 54,
          "cumulative_inputs": 18304,
          "new_vrp_edges": 0,
          "new_base_edges": 0,
          "cumulative_vrp_edges": 0,
          "cumulative_base_edges": 0,
          "classifications": {
            "vrp_only": 0,
            "both": 0,
            "base_only": 0,
            "neither": 54
          }
        },
        {
          "archive": 85,
          "new_inputs": 23,
          "cumulative_inputs": 18327,
          "new_vrp_edges": 0,
          "new_base_edges": 0,
          "cumulative_vrp_edges": 0,
          "cumulative_base_edges": 0,
          "classifications": {
            "vrp_only": 0,
            "both": 0,
            "base_only": 0,
            "neither": 23
          }
        },
        {
          "archive": 86,
          "new_inputs": 30,
          "cumulative_inputs": 18357,
          "new_vrp_edges": 0,
          "new_base_edges": 0,
          "cumulative_vrp_edges": 0,
          "cumulative_base_edges": 0,
          "classifications": {
            "vrp_only": 0,
            "both": 0,
            "base_only": 0,
            "neither": 30
          }
        },
        {
          "archive": 87,
          "new_inputs": 37,
          "cumulative_inputs": 18394,
          "new_vrp_edges": 0,
          "new_base_edges": 0,
          "cumulative_vrp_edges": 0,
          "cumulative_base_edges": 0,
          "classifications": {
            "vrp_only": 0,
            "both": 0,
            "base_only": 0,
            "neither": 37
          }
        },
        {
          "archive": 88,
          "new_inputs": 21,
          "cumulative_inputs": 18415,
          "new_vrp_edges": 0,
          "new_base_edges": 0,
          "cumulative_vrp_edges": 0,
          "cumulative_base_edges": 0,
          "classifications": {
            "vrp_only": 0,
            "both": 0,
            "base_only": 0,
            "neither": 21
          }
        },
        {
          "archive": 89,
          "new_inputs": 14,
          "cumulative_inputs": 18429,
          "new_vrp_edges": 0,
          "new_base_edges": 0,
          "cumulative_vrp_edges": 0,
          "cumulative_base_edges": 0,
          "classifications": {
            "vrp_only": 0,
            "both": 0,
            "base_only": 0,
            "neither": 14
          }
        },
        {
          "archive": 90,
          "new_inputs": 15,
          "cumulative_inputs": 18444,
          "new_vrp_edges": 0,
          "new_base_edges": 0,
          "cumulative_vrp_edges": 0,
          "cumulative_base_edges": 0,
          "classifications": {
            "vrp_only": 0,
            "both": 0,
            "base_only": 0,
            "neither": 15
          }
        },
        {
          "archive": 91,
          "new_inputs": 19,
          "cumulative_inputs": 18463,
          "new_vrp_edges": 0,
          "new_base_edges": 0,
          "cumulative_vrp_edges": 0,
          "cumulative_base_edges": 0,
          "classifications": {
            "vrp_only": 0,
            "both": 0,
            "base_only": 0,
            "neither": 19
          }
        },
        {
          "archive": 92,
          "new_inputs": 38,
          "cumulative_inputs": 18501,
          "new_vrp_edges": 0,
          "new_base_edges": 0,
          "cumulative_vrp_edges": 0,
          "cumulative_base_edges": 0,
          "classifications": {
            "vrp_only": 0,
            "both": 0,
            "base_only": 0,
            "neither": 38
          }
        },
        {
          "archive": 93,
          "new_inputs": 19,
          "cumulative_inputs": 18520,
          "new_vrp_edges": 0,
          "new_base_edges": 0,
          "cumulative_vrp_edges": 0,
          "cumulative_base_edges": 0,
          "classifications": {
            "vrp_only": 0,
            "both": 0,
            "base_only": 0,
            "neither": 19
          }
        },
        {
          "archive": 94,
          "new_inputs": 19,
          "cumulative_inputs": 18539,
          "new_vrp_edges": 0,
          "new_base_edges": 0,
          "cumulative_vrp_edges": 0,
          "cumulative_base_edges": 0,
          "classifications": {
            "vrp_only": 0,
            "both": 0,
            "base_only": 0,
            "neither": 19
          }
        },
        {
          "archive": 95,
          "new_inputs": 17,
          "cumulative_inputs": 18556,
          "new_vrp_edges": 0,
          "new_base_edges": 0,
          "cumulative_vrp_edges": 0,
          "cumulative_base_edges": 0,
          "classifications": {
            "vrp_only": 0,
            "both": 0,
            "base_only": 0,
            "neither": 17
          }
        },
        {
          "archive": 96,
          "new_inputs": 0,
          "cumulative_inputs": 18556,
          "new_vrp_edges": 0,
          "new_base_edges": 0,
          "cumulative_vrp_edges": 0,
          "cumulative_base_edges": 0,
          "classifications": {
            "vrp_only": 0,
            "both": 0,
            "base_only": 0,
            "neither": 0
          }
        }
      ],
      "summary": {
        "total_inputs": 18556,
        "total_vrp_edges": 0,
        "total_base_edges": 0,
        "entanglement_rate": 0.0,
        "vrp_only_count": 0,
        "both_count": 0,
        "base_only_count": 0,
        "neither_count": 18556
      }
    },
    "vrp_bucket_entanglement": {
      "summary": {
        "total_inputs": 18556,
        "bucket_entanglement_rate": 0.0,
        "vrp_only": 0,
        "both": 0,
        "base_only": 0,
        "neither": 18556,
        "edge_neither_but_bucket_interesting": 0
      }
    },
    "vrp_gradient": {
      "summary": {
        "total_vrp_edges_seen": 0,
        "singleton_edges": 0,
        "low_freq_edges": 0,
        "high_freq_edges": 0,
        "vrp_exclusive_singletons": 0,
        "hit_count_distribution": {
          "1": 0,
          "2-3": 0,
          "4-10": 0,
          "11-50": 0,
          "51-200": 0,
          "200+": 0
        }
      }
    },
    "edge_growth": {
      "growth_curve": [
        {
          "archive": 0,
          "total_inputs": 2,
          "vrp_edges": 0,
          "base_edges": 0
        },
        {
          "archive": 1,
          "total_inputs": 6491,
          "vrp_edges": 0,
          "base_edges": 0
        },
        {
          "archive": 2,
          "total_inputs": 8867,
          "vrp_edges": 0,
          "base_edges": 0
        },
        {
          "archive": 3,
          "total_inputs": 10215,
          "vrp_edges": 0,
          "base_edges": 0
        },
        {
          "archive": 4,
          "total_inputs": 11143,
          "vrp_edges": 0,
          "base_edges": 0
        },
        {
          "archive": 5,
          "total_inputs": 11706,
          "vrp_edges": 0,
          "base_edges": 0
        },
        {
          "archive": 6,
          "total_inputs": 12053,
          "vrp_edges": 0,
          "base_edges": 0
        },
        {
          "archive": 7,
          "total_inputs": 12384,
          "vrp_edges": 0,
          "base_edges": 0
        },
        {
          "archive": 8,
          "total_inputs": 12693,
          "vrp_edges": 0,
          "base_edges": 0
        },
        {
          "archive": 9,
          "total_inputs": 12932,
          "vrp_edges": 0,
          "base_edges": 0
        },
        {
          "archive": 10,
          "total_inputs": 13091,
          "vrp_edges": 0,
          "base_edges": 0
        },
        {
          "archive": 11,
          "total_inputs": 13326,
          "vrp_edges": 0,
          "base_edges": 0
        },
        {
          "archive": 12,
          "total_inputs": 13463,
          "vrp_edges": 0,
          "base_edges": 0
        },
        {
          "archive": 13,
          "total_inputs": 13584,
          "vrp_edges": 0,
          "base_edges": 0
        },
        {
          "archive": 14,
          "total_inputs": 14220,
          "vrp_edges": 0,
          "base_edges": 0
        },
        {
          "archive": 15,
          "total_inputs": 14816,
          "vrp_edges": 0,
          "base_edges": 0
        },
        {
          "archive": 16,
          "total_inputs": 14977,
          "vrp_edges": 0,
          "base_edges": 0
        },
        {
          "archive": 17,
          "total_inputs": 15047,
          "vrp_edges": 0,
          "base_edges": 0
        },
        {
          "archive": 18,
          "total_inputs": 15250,
          "vrp_edges": 0,
          "base_edges": 0
        },
        {
          "archive": 19,
          "total_inputs": 15380,
          "vrp_edges": 0,
          "base_edges": 0
        },
        {
          "archive": 20,
          "total_inputs": 15432,
          "vrp_edges": 0,
          "base_edges": 0
        },
        {
          "archive": 21,
          "total_inputs": 15484,
          "vrp_edges": 0,
          "base_edges": 0
        },
        {
          "archive": 22,
          "total_inputs": 15587,
          "vrp_edges": 0,
          "base_edges": 0
        },
        {
          "archive": 23,
          "total_inputs": 15645,
          "vrp_edges": 0,
          "base_edges": 0
        },
        {
          "archive": 24,
          "total_inputs": 15686,
          "vrp_edges": 0,
          "base_edges": 0
        },
        {
          "archive": 25,
          "total_inputs": 15717,
          "vrp_edges": 0,
          "base_edges": 0
        },
        {
          "archive": 26,
          "total_inputs": 15774,
          "vrp_edges": 0,
          "base_edges": 0
        },
        {
          "archive": 27,
          "total_inputs": 15815,
          "vrp_edges": 0,
          "base_edges": 0
        },
        {
          "archive": 28,
          "total_inputs": 15861,
          "vrp_edges": 0,
          "base_edges": 0
        },
        {
          "archive": 29,
          "total_inputs": 15919,
          "vrp_edges": 0,
          "base_edges": 0
        },
        {
          "archive": 30,
          "total_inputs": 16049,
          "vrp_edges": 0,
          "base_edges": 0
        },
        {
          "archive": 31,
          "total_inputs": 16174,
          "vrp_edges": 0,
          "base_edges": 0
        },
        {
          "archive": 32,
          "total_inputs": 16226,
          "vrp_edges": 0,
          "base_edges": 0
        },
        {
          "archive": 33,
          "total_inputs": 16269,
          "vrp_edges": 0,
          "base_edges": 0
        },
        {
          "archive": 34,
          "total_inputs": 16312,
          "vrp_edges": 0,
          "base_edges": 0
        },
        {
          "archive": 35,
          "total_inputs": 16335,
          "vrp_edges": 0,
          "base_edges": 0
        },
        {
          "archive": 36,
          "total_inputs": 16420,
          "vrp_edges": 0,
          "base_edges": 0
        },
        {
          "archive": 37,
          "total_inputs": 16471,
          "vrp_edges": 0,
          "base_edges": 0
        },
        {
          "archive": 38,
          "total_inputs": 16502,
          "vrp_edges": 0,
          "base_edges": 0
        },
        {
          "archive": 39,
          "total_inputs": 16524,
          "vrp_edges": 0,
          "base_edges": 0
        },
        {
          "archive": 40,
          "total_inputs": 16567,
          "vrp_edges": 0,
          "base_edges": 0
        },
        {
          "archive": 41,
          "total_inputs": 16599,
          "vrp_edges": 0,
          "base_edges": 0
        },
        {
          "archive": 42,
          "total_inputs": 16640,
          "vrp_edges": 0,
          "base_edges": 0
        },
        {
          "archive": 43,
          "total_inputs": 16650,
          "vrp_edges": 0,
          "base_edges": 0
        },
        {
          "archive": 44,
          "total_inputs": 16684,
          "vrp_edges": 0,
          "base_edges": 0
        },
        {
          "archive": 45,
          "total_inputs": 16711,
          "vrp_edges": 0,
          "base_edges": 0
        },
        {
          "archive": 46,
          "total_inputs": 16788,
          "vrp_edges": 0,
          "base_edges": 0
        },
        {
          "archive": 47,
          "total_inputs": 16806,
          "vrp_edges": 0,
          "base_edges": 0
        },
        {
          "archive": 48,
          "total_inputs": 16832,
          "vrp_edges": 0,
          "base_edges": 0
        },
        {
          "archive": 49,
          "total_inputs": 16852,
          "vrp_edges": 0,
          "base_edges": 0
        },
        {
          "archive": 50,
          "total_inputs": 16858,
          "vrp_edges": 0,
          "base_edges": 0
        },
        {
          "archive": 51,
          "total_inputs": 16872,
          "vrp_edges": 0,
          "base_edges": 0
        },
        {
          "archive": 52,
          "total_inputs": 16906,
          "vrp_edges": 0,
          "base_edges": 0
        },
        {
          "archive": 53,
          "total_inputs": 16991,
          "vrp_edges": 0,
          "base_edges": 0
        },
        {
          "archive": 54,
          "total_inputs": 17011,
          "vrp_edges": 0,
          "base_edges": 0
        },
        {
          "archive": 55,
          "total_inputs": 17058,
          "vrp_edges": 0,
          "base_edges": 0
        },
        {
          "archive": 56,
          "total_inputs": 17091,
          "vrp_edges": 0,
          "base_edges": 0
        },
        {
          "archive": 57,
          "total_inputs": 17140,
          "vrp_edges": 0,
          "base_edges": 0
        },
        {
          "archive": 58,
          "total_inputs": 17152,
          "vrp_edges": 0,
          "base_edges": 0
        },
        {
          "archive": 59,
          "total_inputs": 17170,
          "vrp_edges": 0,
          "base_edges": 0
        },
        {
          "archive": 60,
          "total_inputs": 17491,
          "vrp_edges": 0,
          "base_edges": 0
        },
        {
          "archive": 61,
          "total_inputs": 17553,
          "vrp_edges": 0,
          "base_edges": 0
        },
        {
          "archive": 62,
          "total_inputs": 17588,
          "vrp_edges": 0,
          "base_edges": 0
        },
        {
          "archive": 63,
          "total_inputs": 17635,
          "vrp_edges": 0,
          "base_edges": 0
        },
        {
          "archive": 64,
          "total_inputs": 17658,
          "vrp_edges": 0,
          "base_edges": 0
        },
        {
          "archive": 65,
          "total_inputs": 17678,
          "vrp_edges": 0,
          "base_edges": 0
        },
        {
          "archive": 66,
          "total_inputs": 17690,
          "vrp_edges": 0,
          "base_edges": 0
        },
        {
          "archive": 67,
          "total_inputs": 17702,
          "vrp_edges": 0,
          "base_edges": 0
        },
        {
          "archive": 68,
          "total_inputs": 17718,
          "vrp_edges": 0,
          "base_edges": 0
        },
        {
          "archive": 69,
          "total_inputs": 17726,
          "vrp_edges": 0,
          "base_edges": 0
        },
        {
          "archive": 70,
          "total_inputs": 17742,
          "vrp_edges": 0,
          "base_edges": 0
        },
        {
          "archive": 71,
          "total_inputs": 17755,
          "vrp_edges": 0,
          "base_edges": 0
        },
        {
          "archive": 72,
          "total_inputs": 17767,
          "vrp_edges": 0,
          "base_edges": 0
        },
        {
          "archive": 73,
          "total_inputs": 17785,
          "vrp_edges": 0,
          "base_edges": 0
        },
        {
          "archive": 74,
          "total_inputs": 17798,
          "vrp_edges": 0,
          "base_edges": 0
        },
        {
          "archive": 75,
          "total_inputs": 17811,
          "vrp_edges": 0,
          "base_edges": 0
        },
        {
          "archive": 76,
          "total_inputs": 17828,
          "vrp_edges": 0,
          "base_edges": 0
        },
        {
          "archive": 77,
          "total_inputs": 17837,
          "vrp_edges": 0,
          "base_edges": 0
        },
        {
          "archive": 78,
          "total_inputs": 17844,
          "vrp_edges": 0,
          "base_edges": 0
        },
        {
          "archive": 79,
          "total_inputs": 17871,
          "vrp_edges": 0,
          "base_edges": 0
        },
        {
          "archive": 80,
          "total_inputs": 17885,
          "vrp_edges": 0,
          "base_edges": 0
        },
        {
          "archive": 81,
          "total_inputs": 18124,
          "vrp_edges": 0,
          "base_edges": 0
        },
        {
          "archive": 82,
          "total_inputs": 18179,
          "vrp_edges": 0,
          "base_edges": 0
        },
        {
          "archive": 83,
          "total_inputs": 18250,
          "vrp_edges": 0,
          "base_edges": 0
        },
        {
          "archive": 84,
          "total_inputs": 18304,
          "vrp_edges": 0,
          "base_edges": 0
        },
        {
          "archive": 85,
          "total_inputs": 18327,
          "vrp_edges": 0,
          "base_edges": 0
        },
        {
          "archive": 86,
          "total_inputs": 18357,
          "vrp_edges": 0,
          "base_edges": 0
        },
        {
          "archive": 87,
          "total_inputs": 18394,
          "vrp_edges": 0,
          "base_edges": 0
        },
        {
          "archive": 88,
          "total_inputs": 18415,
          "vrp_edges": 0,
          "base_edges": 0
        },
        {
          "archive": 89,
          "total_inputs": 18429,
          "vrp_edges": 0,
          "base_edges": 0
        },
        {
          "archive": 90,
          "total_inputs": 18444,
          "vrp_edges": 0,
          "base_edges": 0
        },
        {
          "archive": 91,
          "total_inputs": 18463,
          "vrp_edges": 0,
          "base_edges": 0
        },
        {
          "archive": 92,
          "total_inputs": 18501,
          "vrp_edges": 0,
          "base_edges": 0
        },
        {
          "archive": 93,
          "total_inputs": 18520,
          "vrp_edges": 0,
          "base_edges": 0
        },
        {
          "archive": 94,
          "total_inputs": 18539,
          "vrp_edges": 0,
          "base_edges": 0
        },
        {
          "archive": 95,
          "total_inputs": 18556,
          "vrp_edges": 0,
          "base_edges": 0
        },
        {
          "archive": 96,
          "total_inputs": 18556,
          "vrp_edges": 0,
          "base_edges": 0
        }
      ],
      "final_vrp_edges": 0,
      "final_base_edges": 0,
      "total_inputs": 18556
    },
    "speed": {
      "per_archive": [
        {
          "archive": 0,
          "inputs": 2,
          "mean_vrp_ms": 7.443,
          "mean_base_ms": 7.336,
          "overhead": 1.0145
        },
        {
          "archive": 1,
          "inputs": 6489,
          "mean_vrp_ms": 0.018,
          "mean_base_ms": 0.018,
          "overhead": 0.9829
        },
        {
          "archive": 2,
          "inputs": 2376,
          "mean_vrp_ms": 0.02,
          "mean_base_ms": 0.022,
          "overhead": 0.916
        },
        {
          "archive": 3,
          "inputs": 1348,
          "mean_vrp_ms": 0.022,
          "mean_base_ms": 0.025,
          "overhead": 0.8564
        },
        {
          "archive": 4,
          "inputs": 928,
          "mean_vrp_ms": 0.028,
          "mean_base_ms": 0.029,
          "overhead": 0.9479
        },
        {
          "archive": 5,
          "inputs": 563,
          "mean_vrp_ms": 0.037,
          "mean_base_ms": 0.034,
          "overhead": 1.0642
        },
        {
          "archive": 6,
          "inputs": 347,
          "mean_vrp_ms": 0.049,
          "mean_base_ms": 0.063,
          "overhead": 0.7829
        },
        {
          "archive": 7,
          "inputs": 331,
          "mean_vrp_ms": 0.055,
          "mean_base_ms": 0.051,
          "overhead": 1.0867
        },
        {
          "archive": 8,
          "inputs": 309,
          "mean_vrp_ms": 0.063,
          "mean_base_ms": 0.053,
          "overhead": 1.1883
        },
        {
          "archive": 9,
          "inputs": 239,
          "mean_vrp_ms": 0.083,
          "mean_base_ms": 0.076,
          "overhead": 1.0872
        },
        {
          "archive": 10,
          "inputs": 159,
          "mean_vrp_ms": 0.102,
          "mean_base_ms": 0.088,
          "overhead": 1.1483
        },
        {
          "archive": 11,
          "inputs": 235,
          "mean_vrp_ms": 0.07,
          "mean_base_ms": 0.076,
          "overhead": 0.9264
        },
        {
          "archive": 12,
          "inputs": 137,
          "mean_vrp_ms": 0.1,
          "mean_base_ms": 0.102,
          "overhead": 0.9865
        },
        {
          "archive": 13,
          "inputs": 121,
          "mean_vrp_ms": 0.119,
          "mean_base_ms": 0.112,
          "overhead": 1.063
        },
        {
          "archive": 14,
          "inputs": 636,
          "mean_vrp_ms": 0.03,
          "mean_base_ms": 0.034,
          "overhead": 0.8758
        },
        {
          "archive": 15,
          "inputs": 596,
          "mean_vrp_ms": 0.039,
          "mean_base_ms": 0.036,
          "overhead": 1.0711
        },
        {
          "archive": 16,
          "inputs": 161,
          "mean_vrp_ms": 0.081,
          "mean_base_ms": 0.085,
          "overhead": 0.955
        },
        {
          "archive": 17,
          "inputs": 70,
          "mean_vrp_ms": 0.192,
          "mean_base_ms": 0.213,
          "overhead": 0.9049
        },
        {
          "archive": 18,
          "inputs": 203,
          "mean_vrp_ms": 0.07,
          "mean_base_ms": 0.073,
          "overhead": 0.9469
        },
        {
          "archive": 19,
          "inputs": 130,
          "mean_vrp_ms": 0.113,
          "mean_base_ms": 0.125,
          "overhead": 0.9008
        },
        {
          "archive": 20,
          "inputs": 52,
          "mean_vrp_ms": 0.226,
          "mean_base_ms": 0.223,
          "overhead": 1.0138
        },
        {
          "archive": 21,
          "inputs": 52,
          "mean_vrp_ms": 0.412,
          "mean_base_ms": 0.421,
          "overhead": 0.9791
        },
        {
          "archive": 22,
          "inputs": 103,
          "mean_vrp_ms": 0.125,
          "mean_base_ms": 0.116,
          "overhead": 1.0771
        },
        {
          "archive": 23,
          "inputs": 58,
          "mean_vrp_ms": 0.208,
          "mean_base_ms": 0.217,
          "overhead": 0.9576
        },
        {
          "archive": 24,
          "inputs": 41,
          "mean_vrp_ms": 0.292,
          "mean_base_ms": 0.283,
          "overhead": 1.0322
        },
        {
          "archive": 25,
          "inputs": 31,
          "mean_vrp_ms": 0.401,
          "mean_base_ms": 0.446,
          "overhead": 0.8983
        },
        {
          "archive": 26,
          "inputs": 57,
          "mean_vrp_ms": 0.218,
          "mean_base_ms": 0.222,
          "overhead": 0.9822
        },
        {
          "archive": 27,
          "inputs": 41,
          "mean_vrp_ms": 0.297,
          "mean_base_ms": 0.296,
          "overhead": 1.0063
        },
        {
          "archive": 28,
          "inputs": 46,
          "mean_vrp_ms": 0.274,
          "mean_base_ms": 0.278,
          "overhead": 0.983
        },
        {
          "archive": 29,
          "inputs": 58,
          "mean_vrp_ms": 0.226,
          "mean_base_ms": 0.217,
          "overhead": 1.0411
        },
        {
          "archive": 30,
          "inputs": 130,
          "mean_vrp_ms": 0.12,
          "mean_base_ms": 0.109,
          "overhead": 1.1041
        },
        {
          "archive": 31,
          "inputs": 125,
          "mean_vrp_ms": 0.13,
          "mean_base_ms": 0.125,
          "overhead": 1.038
        },
        {
          "archive": 32,
          "inputs": 52,
          "mean_vrp_ms": 0.288,
          "mean_base_ms": 0.242,
          "overhead": 1.1894
        },
        {
          "archive": 33,
          "inputs": 43,
          "mean_vrp_ms": 0.272,
          "mean_base_ms": 0.278,
          "overhead": 0.9757
        },
        {
          "archive": 34,
          "inputs": 43,
          "mean_vrp_ms": 0.296,
          "mean_base_ms": 0.296,
          "overhead": 0.9984
        },
        {
          "archive": 35,
          "inputs": 23,
          "mean_vrp_ms": 0.544,
          "mean_base_ms": 0.52,
          "overhead": 1.0469
        },
        {
          "archive": 36,
          "inputs": 85,
          "mean_vrp_ms": 0.188,
          "mean_base_ms": 0.157,
          "overhead": 1.2004
        },
        {
          "archive": 37,
          "inputs": 51,
          "mean_vrp_ms": 0.238,
          "mean_base_ms": 0.243,
          "overhead": 0.9794
        },
        {
          "archive": 38,
          "inputs": 31,
          "mean_vrp_ms": 0.429,
          "mean_base_ms": 0.497,
          "overhead": 0.863
        },
        {
          "archive": 39,
          "inputs": 22,
          "mean_vrp_ms": 0.643,
          "mean_base_ms": 0.51,
          "overhead": 1.262
        },
        {
          "archive": 40,
          "inputs": 43,
          "mean_vrp_ms": 0.356,
          "mean_base_ms": 0.311,
          "overhead": 1.1437
        },
        {
          "archive": 41,
          "inputs": 32,
          "mean_vrp_ms": 0.444,
          "mean_base_ms": 0.38,
          "overhead": 1.1676
        },
        {
          "archive": 42,
          "inputs": 41,
          "mean_vrp_ms": 0.379,
          "mean_base_ms": 0.302,
          "overhead": 1.2543
        },
        {
          "archive": 43,
          "inputs": 10,
          "mean_vrp_ms": 1.406,
          "mean_base_ms": 1.186,
          "overhead": 1.1856
        },
        {
          "archive": 44,
          "inputs": 34,
          "mean_vrp_ms": 0.397,
          "mean_base_ms": 0.351,
          "overhead": 1.1317
        },
        {
          "archive": 45,
          "inputs": 27,
          "mean_vrp_ms": 0.52,
          "mean_base_ms": 0.428,
          "overhead": 1.2127
        },
        {
          "archive": 46,
          "inputs": 77,
          "mean_vrp_ms": 0.211,
          "mean_base_ms": 0.169,
          "overhead": 1.2491
        },
        {
          "archive": 47,
          "inputs": 18,
          "mean_vrp_ms": 0.76,
          "mean_base_ms": 0.606,
          "overhead": 1.254
        },
        {
          "archive": 48,
          "inputs": 26,
          "mean_vrp_ms": 0.546,
          "mean_base_ms": 0.423,
          "overhead": 1.2897
        },
        {
          "archive": 49,
          "inputs": 20,
          "mean_vrp_ms": 0.617,
          "mean_base_ms": 0.548,
          "overhead": 1.1254
        },
        {
          "archive": 50,
          "inputs": 6,
          "mean_vrp_ms": 2.22,
          "mean_base_ms": 2.442,
          "overhead": 0.9089
        },
        {
          "archive": 51,
          "inputs": 14,
          "mean_vrp_ms": 0.822,
          "mean_base_ms": 0.75,
          "overhead": 1.0964
        },
        {
          "archive": 52,
          "inputs": 34,
          "mean_vrp_ms": 0.465,
          "mean_base_ms": 0.352,
          "overhead": 1.3226
        },
        {
          "archive": 53,
          "inputs": 85,
          "mean_vrp_ms": 0.153,
          "mean_base_ms": 0.152,
          "overhead": 1.0062
        },
        {
          "archive": 54,
          "inputs": 20,
          "mean_vrp_ms": 0.597,
          "mean_base_ms": 0.56,
          "overhead": 1.0671
        },
        {
          "archive": 55,
          "inputs": 47,
          "mean_vrp_ms": 0.333,
          "mean_base_ms": 0.263,
          "overhead": 1.2656
        },
        {
          "archive": 56,
          "inputs": 33,
          "mean_vrp_ms": 0.381,
          "mean_base_ms": 0.366,
          "overhead": 1.039
        },
        {
          "archive": 57,
          "inputs": 49,
          "mean_vrp_ms": 0.325,
          "mean_base_ms": 0.264,
          "overhead": 1.2326
        },
        {
          "archive": 58,
          "inputs": 12,
          "mean_vrp_ms": 1.319,
          "mean_base_ms": 1.026,
          "overhead": 1.2849
        },
        {
          "archive": 59,
          "inputs": 18,
          "mean_vrp_ms": 0.819,
          "mean_base_ms": 0.618,
          "overhead": 1.3236
        },
        {
          "archive": 60,
          "inputs": 321,
          "mean_vrp_ms": 0.052,
          "mean_base_ms": 0.054,
          "overhead": 0.9573
        },
        {
          "archive": 61,
          "inputs": 62,
          "mean_vrp_ms": 0.209,
          "mean_base_ms": 0.219,
          "overhead": 0.9578
        },
        {
          "archive": 62,
          "inputs": 35,
          "mean_vrp_ms": 0.366,
          "mean_base_ms": 0.415,
          "overhead": 0.8825
        },
        {
          "archive": 63,
          "inputs": 47,
          "mean_vrp_ms": 0.329,
          "mean_base_ms": 0.261,
          "overhead": 1.2621
        },
        {
          "archive": 64,
          "inputs": 23,
          "mean_vrp_ms": 0.54,
          "mean_base_ms": 0.538,
          "overhead": 1.0033
        },
        {
          "archive": 65,
          "inputs": 20,
          "mean_vrp_ms": 0.57,
          "mean_base_ms": 0.545,
          "overhead": 1.0468
        },
        {
          "archive": 66,
          "inputs": 12,
          "mean_vrp_ms": 0.994,
          "mean_base_ms": 0.964,
          "overhead": 1.0308
        },
        {
          "archive": 67,
          "inputs": 12,
          "mean_vrp_ms": 1.04,
          "mean_base_ms": 0.96,
          "overhead": 1.0833
        },
        {
          "archive": 68,
          "inputs": 16,
          "mean_vrp_ms": 0.741,
          "mean_base_ms": 0.766,
          "overhead": 0.9672
        },
        {
          "archive": 69,
          "inputs": 8,
          "mean_vrp_ms": 1.537,
          "mean_base_ms": 1.522,
          "overhead": 1.0098
        },
        {
          "archive": 70,
          "inputs": 16,
          "mean_vrp_ms": 0.735,
          "mean_base_ms": 0.704,
          "overhead": 1.0452
        },
        {
          "archive": 71,
          "inputs": 13,
          "mean_vrp_ms": 0.96,
          "mean_base_ms": 0.84,
          "overhead": 1.1428
        },
        {
          "archive": 72,
          "inputs": 12,
          "mean_vrp_ms": 0.991,
          "mean_base_ms": 0.896,
          "overhead": 1.1062
        },
        {
          "archive": 73,
          "inputs": 18,
          "mean_vrp_ms": 0.657,
          "mean_base_ms": 0.659,
          "overhead": 0.997
        },
        {
          "archive": 74,
          "inputs": 13,
          "mean_vrp_ms": 1.068,
          "mean_base_ms": 0.872,
          "overhead": 1.2255
        },
        {
          "archive": 75,
          "inputs": 13,
          "mean_vrp_ms": 0.913,
          "mean_base_ms": 0.861,
          "overhead": 1.0613
        },
        {
          "archive": 76,
          "inputs": 17,
          "mean_vrp_ms": 0.706,
          "mean_base_ms": 0.664,
          "overhead": 1.0632
        },
        {
          "archive": 77,
          "inputs": 9,
          "mean_vrp_ms": 1.377,
          "mean_base_ms": 1.464,
          "overhead": 0.9405
        },
        {
          "archive": 78,
          "inputs": 7,
          "mean_vrp_ms": 1.849,
          "mean_base_ms": 1.729,
          "overhead": 1.0694
        },
        {
          "archive": 79,
          "inputs": 27,
          "mean_vrp_ms": 0.448,
          "mean_base_ms": 0.438,
          "overhead": 1.0225
        },
        {
          "archive": 80,
          "inputs": 14,
          "mean_vrp_ms": 0.925,
          "mean_base_ms": 0.959,
          "overhead": 0.9647
        },
        {
          "archive": 81,
          "inputs": 239,
          "mean_vrp_ms": 0.066,
          "mean_base_ms": 0.075,
          "overhead": 0.8808
        },
        {
          "archive": 82,
          "inputs": 55,
          "mean_vrp_ms": 0.2,
          "mean_base_ms": 0.217,
          "overhead": 0.9214
        },
        {
          "archive": 83,
          "inputs": 71,
          "mean_vrp_ms": 0.22,
          "mean_base_ms": 0.19,
          "overhead": 1.1573
        },
        {
          "archive": 84,
          "inputs": 54,
          "mean_vrp_ms": 0.244,
          "mean_base_ms": 0.271,
          "overhead": 0.8999
        },
        {
          "archive": 85,
          "inputs": 23,
          "mean_vrp_ms": 0.594,
          "mean_base_ms": 0.512,
          "overhead": 1.1599
        },
        {
          "archive": 86,
          "inputs": 30,
          "mean_vrp_ms": 0.394,
          "mean_base_ms": 0.372,
          "overhead": 1.06
        },
        {
          "archive": 87,
          "inputs": 37,
          "mean_vrp_ms": 0.4,
          "mean_base_ms": 0.376,
          "overhead": 1.0637
        },
        {
          "archive": 88,
          "inputs": 21,
          "mean_vrp_ms": 0.632,
          "mean_base_ms": 0.552,
          "overhead": 1.1448
        },
        {
          "archive": 89,
          "inputs": 14,
          "mean_vrp_ms": 1.031,
          "mean_base_ms": 0.961,
          "overhead": 1.0734
        },
        {
          "archive": 90,
          "inputs": 15,
          "mean_vrp_ms": 0.874,
          "mean_base_ms": 0.709,
          "overhead": 1.2321
        },
        {
          "archive": 91,
          "inputs": 19,
          "mean_vrp_ms": 0.635,
          "mean_base_ms": 0.586,
          "overhead": 1.0846
        },
        {
          "archive": 92,
          "inputs": 38,
          "mean_vrp_ms": 0.33,
          "mean_base_ms": 0.331,
          "overhead": 0.9967
        },
        {
          "archive": 93,
          "inputs": 19,
          "mean_vrp_ms": 0.858,
          "mean_base_ms": 0.633,
          "overhead": 1.3538
        },
        {
          "archive": 94,
          "inputs": 19,
          "mean_vrp_ms": 0.794,
          "mean_base_ms": 0.722,
          "overhead": 1.1
        },
        {
          "archive": 95,
          "inputs": 17,
          "mean_vrp_ms": 0.777,
          "mean_base_ms": 0.658,
          "overhead": 1.1812
        },
        {
          "archive": 96,
          "inputs": 0,
          "mean_vrp_ms": 0.0,
          "mean_base_ms": 0.0,
          "overhead": 0.0
        }
      ],
      "summary": {
        "total_inputs": 18556,
        "vrp_mean_ms": 0.082,
        "vrp_median_ms": 0.022,
        "vrp_p95_ms": 0.381,
        "vrp_p99_ms": 0.858,
        "base_mean_ms": 0.079,
        "base_median_ms": 0.025,
        "base_p95_ms": 0.352,
        "base_p99_ms": 0.75,
        "mean_overhead": 1.0402
      }
    }
  }
}