{
  "experiment": "vrp-unfold-eval-big04",
  "benchmark": "freetype2_ftfuzzer",
  "fuzzer": "aflplusplus_vrp_lto",
  "instance": "47015",
  "archives_processed": 97,
  "total_inputs": 17013,
  "elapsed_seconds": 19.4,
  "analyzer_results": {
    "vrp_hit_entanglement": {
      "per_archive": [
        {
          "archive": 0,
          "new_inputs": 2,
          "cumulative_inputs": 2,
          "new_vrp_edges": 0,
          "new_base_edges": 0,
          "cumulative_vrp_edges": 0,
          "cumulative_base_edges": 0,
          "classifications": {
            "vrp_only": 0,
            "both": 0,
            "base_only": 0,
            "neither": 2
          }
        },
        {
          "archive": 1,
          "new_inputs": 7126,
          "cumulative_inputs": 7128,
          "new_vrp_edges": 0,
          "new_base_edges": 0,
          "cumulative_vrp_edges": 0,
          "cumulative_base_edges": 0,
          "classifications": {
            "vrp_only": 0,
            "both": 0,
            "base_only": 0,
            "neither": 7126
          }
        },
        {
          "archive": 2,
          "new_inputs": 1741,
          "cumulative_inputs": 8869,
          "new_vrp_edges": 0,
          "new_base_edges": 0,
          "cumulative_vrp_edges": 0,
          "cumulative_base_edges": 0,
          "classifications": {
            "vrp_only": 0,
            "both": 0,
            "base_only": 0,
            "neither": 1741
          }
        },
        {
          "archive": 3,
          "new_inputs": 1446,
          "cumulative_inputs": 10315,
          "new_vrp_edges": 0,
          "new_base_edges": 0,
          "cumulative_vrp_edges": 0,
          "cumulative_base_edges": 0,
          "classifications": {
            "vrp_only": 0,
            "both": 0,
            "base_only": 0,
            "neither": 1446
          }
        },
        {
          "archive": 4,
          "new_inputs": 1508,
          "cumulative_inputs": 11823,
          "new_vrp_edges": 0,
          "new_base_edges": 0,
          "cumulative_vrp_edges": 0,
          "cumulative_base_edges": 0,
          "classifications": {
            "vrp_only": 0,
            "both": 0,
            "base_only": 0,
            "neither": 1508
          }
        },
        {
          "archive": 5,
          "new_inputs": 846,
          "cumulative_inputs": 12669,
          "new_vrp_edges": 0,
          "new_base_edges": 0,
          "cumulative_vrp_edges": 0,
          "cumulative_base_edges": 0,
          "classifications": {
            "vrp_only": 0,
            "both": 0,
            "base_only": 0,
            "neither": 846
          }
        },
        {
          "archive": 6,
          "new_inputs": 593,
          "cumulative_inputs": 13262,
          "new_vrp_edges": 0,
          "new_base_edges": 0,
          "cumulative_vrp_edges": 0,
          "cumulative_base_edges": 0,
          "classifications": {
            "vrp_only": 0,
            "both": 0,
            "base_only": 0,
            "neither": 593
          }
        },
        {
          "archive": 7,
          "new_inputs": 239,
          "cumulative_inputs": 13501,
          "new_vrp_edges": 0,
          "new_base_edges": 0,
          "cumulative_vrp_edges": 0,
          "cumulative_base_edges": 0,
          "classifications": {
            "vrp_only": 0,
            "both": 0,
            "base_only": 0,
            "neither": 239
          }
        },
        {
          "archive": 8,
          "new_inputs": 292,
          "cumulative_inputs": 13793,
          "new_vrp_edges": 0,
          "new_base_edges": 0,
          "cumulative_vrp_edges": 0,
          "cumulative_base_edges": 0,
          "classifications": {
            "vrp_only": 0,
            "both": 0,
            "base_only": 0,
            "neither": 292
          }
        },
        {
          "archive": 9,
          "new_inputs": 199,
          "cumulative_inputs": 13992,
          "new_vrp_edges": 0,
          "new_base_edges": 0,
          "cumulative_vrp_edges": 0,
          "cumulative_base_edges": 0,
          "classifications": {
            "vrp_only": 0,
            "both": 0,
            "base_only": 0,
            "neither": 199
          }
        },
        {
          "archive": 10,
          "new_inputs": 182,
          "cumulative_inputs": 14174,
          "new_vrp_edges": 0,
          "new_base_edges": 0,
          "cumulative_vrp_edges": 0,
          "cumulative_base_edges": 0,
          "classifications": {
            "vrp_only": 0,
            "both": 0,
            "base_only": 0,
            "neither": 182
          }
        },
        {
          "archive": 11,
          "new_inputs": 129,
          "cumulative_inputs": 14303,
          "new_vrp_edges": 0,
          "new_base_edges": 0,
          "cumulative_vrp_edges": 0,
          "cumulative_base_edges": 0,
          "classifications": {
            "vrp_only": 0,
            "both": 0,
            "base_only": 0,
            "neither": 129
          }
        },
        {
          "archive": 12,
          "new_inputs": 94,
          "cumulative_inputs": 14397,
          "new_vrp_edges": 0,
          "new_base_edges": 0,
          "cumulative_vrp_edges": 0,
          "cumulative_base_edges": 0,
          "classifications": {
            "vrp_only": 0,
            "both": 0,
            "base_only": 0,
            "neither": 94
          }
        },
        {
          "archive": 13,
          "new_inputs": 76,
          "cumulative_inputs": 14473,
          "new_vrp_edges": 0,
          "new_base_edges": 0,
          "cumulative_vrp_edges": 0,
          "cumulative_base_edges": 0,
          "classifications": {
            "vrp_only": 0,
            "both": 0,
            "base_only": 0,
            "neither": 76
          }
        },
        {
          "archive": 14,
          "new_inputs": 83,
          "cumulative_inputs": 14556,
          "new_vrp_edges": 0,
          "new_base_edges": 0,
          "cumulative_vrp_edges": 0,
          "cumulative_base_edges": 0,
          "classifications": {
            "vrp_only": 0,
            "both": 0,
            "base_only": 0,
            "neither": 83
          }
        },
        {
          "archive": 15,
          "new_inputs": 57,
          "cumulative_inputs": 14613,
          "new_vrp_edges": 0,
          "new_base_edges": 0,
          "cumulative_vrp_edges": 0,
          "cumulative_base_edges": 0,
          "classifications": {
            "vrp_only": 0,
            "both": 0,
            "base_only": 0,
            "neither": 57
          }
        },
        {
          "archive": 16,
          "new_inputs": 60,
          "cumulative_inputs": 14673,
          "new_vrp_edges": 0,
          "new_base_edges": 0,
          "cumulative_vrp_edges": 0,
          "cumulative_base_edges": 0,
          "classifications": {
            "vrp_only": 0,
            "both": 0,
            "base_only": 0,
            "neither": 60
          }
        },
        {
          "archive": 17,
          "new_inputs": 58,
          "cumulative_inputs": 14731,
          "new_vrp_edges": 0,
          "new_base_edges": 0,
          "cumulative_vrp_edges": 0,
          "cumulative_base_edges": 0,
          "classifications": {
            "vrp_only": 0,
            "both": 0,
            "base_only": 0,
            "neither": 58
          }
        },
        {
          "archive": 18,
          "new_inputs": 54,
          "cumulative_inputs": 14785,
          "new_vrp_edges": 0,
          "new_base_edges": 0,
          "cumulative_vrp_edges": 0,
          "cumulative_base_edges": 0,
          "classifications": {
            "vrp_only": 0,
            "both": 0,
            "base_only": 0,
            "neither": 54
          }
        },
        {
          "archive": 19,
          "new_inputs": 45,
          "cumulative_inputs": 14830,
          "new_vrp_edges": 0,
          "new_base_edges": 0,
          "cumulative_vrp_edges": 0,
          "cumulative_base_edges": 0,
          "classifications": {
            "vrp_only": 0,
            "both": 0,
            "base_only": 0,
            "neither": 45
          }
        },
        {
          "archive": 20,
          "new_inputs": 64,
          "cumulative_inputs": 14894,
          "new_vrp_edges": 0,
          "new_base_edges": 0,
          "cumulative_vrp_edges": 0,
          "cumulative_base_edges": 0,
          "classifications": {
            "vrp_only": 0,
            "both": 0,
            "base_only": 0,
            "neither": 64
          }
        },
        {
          "archive": 21,
          "new_inputs": 59,
          "cumulative_inputs": 14953,
          "new_vrp_edges": 0,
          "new_base_edges": 0,
          "cumulative_vrp_edges": 0,
          "cumulative_base_edges": 0,
          "classifications": {
            "vrp_only": 0,
            "both": 0,
            "base_only": 0,
            "neither": 59
          }
        },
        {
          "archive": 22,
          "new_inputs": 44,
          "cumulative_inputs": 14997,
          "new_vrp_edges": 0,
          "new_base_edges": 0,
          "cumulative_vrp_edges": 0,
          "cumulative_base_edges": 0,
          "classifications": {
            "vrp_only": 0,
            "both": 0,
            "base_only": 0,
            "neither": 44
          }
        },
        {
          "archive": 23,
          "new_inputs": 50,
          "cumulative_inputs": 15047,
          "new_vrp_edges": 0,
          "new_base_edges": 0,
          "cumulative_vrp_edges": 0,
          "cumulative_base_edges": 0,
          "classifications": {
            "vrp_only": 0,
            "both": 0,
            "base_only": 0,
            "neither": 50
          }
        },
        {
          "archive": 24,
          "new_inputs": 63,
          "cumulative_inputs": 15110,
          "new_vrp_edges": 0,
          "new_base_edges": 0,
          "cumulative_vrp_edges": 0,
          "cumulative_base_edges": 0,
          "classifications": {
            "vrp_only": 0,
            "both": 0,
            "base_only": 0,
            "neither": 63
          }
        },
        {
          "archive": 25,
          "new_inputs": 105,
          "cumulative_inputs": 15215,
          "new_vrp_edges": 0,
          "new_base_edges": 0,
          "cumulative_vrp_edges": 0,
          "cumulative_base_edges": 0,
          "classifications": {
            "vrp_only": 0,
            "both": 0,
            "base_only": 0,
            "neither": 105
          }
        },
        {
          "archive": 26,
          "new_inputs": 31,
          "cumulative_inputs": 15246,
          "new_vrp_edges": 0,
          "new_base_edges": 0,
          "cumulative_vrp_edges": 0,
          "cumulative_base_edges": 0,
          "classifications": {
            "vrp_only": 0,
            "both": 0,
            "base_only": 0,
            "neither": 31
          }
        },
        {
          "archive": 27,
          "new_inputs": 28,
          "cumulative_inputs": 15274,
          "new_vrp_edges": 0,
          "new_base_edges": 0,
          "cumulative_vrp_edges": 0,
          "cumulative_base_edges": 0,
          "classifications": {
            "vrp_only": 0,
            "both": 0,
            "base_only": 0,
            "neither": 28
          }
        },
        {
          "archive": 28,
          "new_inputs": 25,
          "cumulative_inputs": 15299,
          "new_vrp_edges": 0,
          "new_base_edges": 0,
          "cumulative_vrp_edges": 0,
          "cumulative_base_edges": 0,
          "classifications": {
            "vrp_only": 0,
            "both": 0,
            "base_only": 0,
            "neither": 25
          }
        },
        {
          "archive": 29,
          "new_inputs": 31,
          "cumulative_inputs": 15330,
          "new_vrp_edges": 0,
          "new_base_edges": 0,
          "cumulative_vrp_edges": 0,
          "cumulative_base_edges": 0,
          "classifications": {
            "vrp_only": 0,
            "both": 0,
            "base_only": 0,
            "neither": 31
          }
        },
        {
          "archive": 30,
          "new_inputs": 17,
          "cumulative_inputs": 15347,
          "new_vrp_edges": 0,
          "new_base_edges": 0,
          "cumulative_vrp_edges": 0,
          "cumulative_base_edges": 0,
          "classifications": {
            "vrp_only": 0,
            "both": 0,
            "base_only": 0,
            "neither": 17
          }
        },
        {
          "archive": 31,
          "new_inputs": 56,
          "cumulative_inputs": 15403,
          "new_vrp_edges": 0,
          "new_base_edges": 0,
          "cumulative_vrp_edges": 0,
          "cumulative_base_edges": 0,
          "classifications": {
            "vrp_only": 0,
            "both": 0,
            "base_only": 0,
            "neither": 56
          }
        },
        {
          "archive": 32,
          "new_inputs": 18,
          "cumulative_inputs": 15421,
          "new_vrp_edges": 0,
          "new_base_edges": 0,
          "cumulative_vrp_edges": 0,
          "cumulative_base_edges": 0,
          "classifications": {
            "vrp_only": 0,
            "both": 0,
            "base_only": 0,
            "neither": 18
          }
        },
        {
          "archive": 33,
          "new_inputs": 69,
          "cumulative_inputs": 15490,
          "new_vrp_edges": 0,
          "new_base_edges": 0,
          "cumulative_vrp_edges": 0,
          "cumulative_base_edges": 0,
          "classifications": {
            "vrp_only": 0,
            "both": 0,
            "base_only": 0,
            "neither": 69
          }
        },
        {
          "archive": 34,
          "new_inputs": 75,
          "cumulative_inputs": 15565,
          "new_vrp_edges": 0,
          "new_base_edges": 0,
          "cumulative_vrp_edges": 0,
          "cumulative_base_edges": 0,
          "classifications": {
            "vrp_only": 0,
            "both": 0,
            "base_only": 0,
            "neither": 75
          }
        },
        {
          "archive": 35,
          "new_inputs": 18,
          "cumulative_inputs": 15583,
          "new_vrp_edges": 0,
          "new_base_edges": 0,
          "cumulative_vrp_edges": 0,
          "cumulative_base_edges": 0,
          "classifications": {
            "vrp_only": 0,
            "both": 0,
            "base_only": 0,
            "neither": 18
          }
        },
        {
          "archive": 36,
          "new_inputs": 32,
          "cumulative_inputs": 15615,
          "new_vrp_edges": 0,
          "new_base_edges": 0,
          "cumulative_vrp_edges": 0,
          "cumulative_base_edges": 0,
          "classifications": {
            "vrp_only": 0,
            "both": 0,
            "base_only": 0,
            "neither": 32
          }
        },
        {
          "archive": 37,
          "new_inputs": 109,
          "cumulative_inputs": 15724,
          "new_vrp_edges": 0,
          "new_base_edges": 0,
          "cumulative_vrp_edges": 0,
          "cumulative_base_edges": 0,
          "classifications": {
            "vrp_only": 0,
            "both": 0,
            "base_only": 0,
            "neither": 109
          }
        },
        {
          "archive": 38,
          "new_inputs": 35,
          "cumulative_inputs": 15759,
          "new_vrp_edges": 0,
          "new_base_edges": 0,
          "cumulative_vrp_edges": 0,
          "cumulative_base_edges": 0,
          "classifications": {
            "vrp_only": 0,
            "both": 0,
            "base_only": 0,
            "neither": 35
          }
        },
        {
          "archive": 39,
          "new_inputs": 24,
          "cumulative_inputs": 15783,
          "new_vrp_edges": 0,
          "new_base_edges": 0,
          "cumulative_vrp_edges": 0,
          "cumulative_base_edges": 0,
          "classifications": {
            "vrp_only": 0,
            "both": 0,
            "base_only": 0,
            "neither": 24
          }
        },
        {
          "archive": 40,
          "new_inputs": 33,
          "cumulative_inputs": 15816,
          "new_vrp_edges": 0,
          "new_base_edges": 0,
          "cumulative_vrp_edges": 0,
          "cumulative_base_edges": 0,
          "classifications": {
            "vrp_only": 0,
            "both": 0,
            "base_only": 0,
            "neither": 33
          }
        },
        {
          "archive": 41,
          "new_inputs": 17,
          "cumulative_inputs": 15833,
          "new_vrp_edges": 0,
          "new_base_edges": 0,
          "cumulative_vrp_edges": 0,
          "cumulative_base_edges": 0,
          "classifications": {
            "vrp_only": 0,
            "both": 0,
            "base_only": 0,
            "neither": 17
          }
        },
        {
          "archive": 42,
          "new_inputs": 15,
          "cumulative_inputs": 15848,
          "new_vrp_edges": 0,
          "new_base_edges": 0,
          "cumulative_vrp_edges": 0,
          "cumulative_base_edges": 0,
          "classifications": {
            "vrp_only": 0,
            "both": 0,
            "base_only": 0,
            "neither": 15
          }
        },
        {
          "archive": 43,
          "new_inputs": 34,
          "cumulative_inputs": 15882,
          "new_vrp_edges": 0,
          "new_base_edges": 0,
          "cumulative_vrp_edges": 0,
          "cumulative_base_edges": 0,
          "classifications": {
            "vrp_only": 0,
            "both": 0,
            "base_only": 0,
            "neither": 34
          }
        },
        {
          "archive": 44,
          "new_inputs": 28,
          "cumulative_inputs": 15910,
          "new_vrp_edges": 0,
          "new_base_edges": 0,
          "cumulative_vrp_edges": 0,
          "cumulative_base_edges": 0,
          "classifications": {
            "vrp_only": 0,
            "both": 0,
            "base_only": 0,
            "neither": 28
          }
        },
        {
          "archive": 45,
          "new_inputs": 21,
          "cumulative_inputs": 15931,
          "new_vrp_edges": 0,
          "new_base_edges": 0,
          "cumulative_vrp_edges": 0,
          "cumulative_base_edges": 0,
          "classifications": {
            "vrp_only": 0,
            "both": 0,
            "base_only": 0,
            "neither": 21
          }
        },
        {
          "archive": 46,
          "new_inputs": 73,
          "cumulative_inputs": 16004,
          "new_vrp_edges": 0,
          "new_base_edges": 0,
          "cumulative_vrp_edges": 0,
          "cumulative_base_edges": 0,
          "classifications": {
            "vrp_only": 0,
            "both": 0,
            "base_only": 0,
            "neither": 73
          }
        },
        {
          "archive": 47,
          "new_inputs": 24,
          "cumulative_inputs": 16028,
          "new_vrp_edges": 0,
          "new_base_edges": 0,
          "cumulative_vrp_edges": 0,
          "cumulative_base_edges": 0,
          "classifications": {
            "vrp_only": 0,
            "both": 0,
            "base_only": 0,
            "neither": 24
          }
        },
        {
          "archive": 48,
          "new_inputs": 15,
          "cumulative_inputs": 16043,
          "new_vrp_edges": 0,
          "new_base_edges": 0,
          "cumulative_vrp_edges": 0,
          "cumulative_base_edges": 0,
          "classifications": {
            "vrp_only": 0,
            "both": 0,
            "base_only": 0,
            "neither": 15
          }
        },
        {
          "archive": 49,
          "new_inputs": 30,
          "cumulative_inputs": 16073,
          "new_vrp_edges": 0,
          "new_base_edges": 0,
          "cumulative_vrp_edges": 0,
          "cumulative_base_edges": 0,
          "classifications": {
            "vrp_only": 0,
            "both": 0,
            "base_only": 0,
            "neither": 30
          }
        },
        {
          "archive": 50,
          "new_inputs": 30,
          "cumulative_inputs": 16103,
          "new_vrp_edges": 0,
          "new_base_edges": 0,
          "cumulative_vrp_edges": 0,
          "cumulative_base_edges": 0,
          "classifications": {
            "vrp_only": 0,
            "both": 0,
            "base_only": 0,
            "neither": 30
          }
        },
        {
          "archive": 51,
          "new_inputs": 14,
          "cumulative_inputs": 16117,
          "new_vrp_edges": 0,
          "new_base_edges": 0,
          "cumulative_vrp_edges": 0,
          "cumulative_base_edges": 0,
          "classifications": {
            "vrp_only": 0,
            "both": 0,
            "base_only": 0,
            "neither": 14
          }
        },
        {
          "archive": 52,
          "new_inputs": 12,
          "cumulative_inputs": 16129,
          "new_vrp_edges": 0,
          "new_base_edges": 0,
          "cumulative_vrp_edges": 0,
          "cumulative_base_edges": 0,
          "classifications": {
            "vrp_only": 0,
            "both": 0,
            "base_only": 0,
            "neither": 12
          }
        },
        {
          "archive": 53,
          "new_inputs": 40,
          "cumulative_inputs": 16169,
          "new_vrp_edges": 0,
          "new_base_edges": 0,
          "cumulative_vrp_edges": 0,
          "cumulative_base_edges": 0,
          "classifications": {
            "vrp_only": 0,
            "both": 0,
            "base_only": 0,
            "neither": 40
          }
        },
        {
          "archive": 54,
          "new_inputs": 9,
          "cumulative_inputs": 16178,
          "new_vrp_edges": 0,
          "new_base_edges": 0,
          "cumulative_vrp_edges": 0,
          "cumulative_base_edges": 0,
          "classifications": {
            "vrp_only": 0,
            "both": 0,
            "base_only": 0,
            "neither": 9
          }
        },
        {
          "archive": 55,
          "new_inputs": 5,
          "cumulative_inputs": 16183,
          "new_vrp_edges": 0,
          "new_base_edges": 0,
          "cumulative_vrp_edges": 0,
          "cumulative_base_edges": 0,
          "classifications": {
            "vrp_only": 0,
            "both": 0,
            "base_only": 0,
            "neither": 5
          }
        },
        {
          "archive": 56,
          "new_inputs": 9,
          "cumulative_inputs": 16192,
          "new_vrp_edges": 0,
          "new_base_edges": 0,
          "cumulative_vrp_edges": 0,
          "cumulative_base_edges": 0,
          "classifications": {
            "vrp_only": 0,
            "both": 0,
            "base_only": 0,
            "neither": 9
          }
        },
        {
          "archive": 57,
          "new_inputs": 12,
          "cumulative_inputs": 16204,
          "new_vrp_edges": 0,
          "new_base_edges": 0,
          "cumulative_vrp_edges": 0,
          "cumulative_base_edges": 0,
          "classifications": {
            "vrp_only": 0,
            "both": 0,
            "base_only": 0,
            "neither": 12
          }
        },
        {
          "archive": 58,
          "new_inputs": 8,
          "cumulative_inputs": 16212,
          "new_vrp_edges": 0,
          "new_base_edges": 0,
          "cumulative_vrp_edges": 0,
          "cumulative_base_edges": 0,
          "classifications": {
            "vrp_only": 0,
            "both": 0,
            "base_only": 0,
            "neither": 8
          }
        },
        {
          "archive": 59,
          "new_inputs": 7,
          "cumulative_inputs": 16219,
          "new_vrp_edges": 0,
          "new_base_edges": 0,
          "cumulative_vrp_edges": 0,
          "cumulative_base_edges": 0,
          "classifications": {
            "vrp_only": 0,
            "both": 0,
            "base_only": 0,
            "neither": 7
          }
        },
        {
          "archive": 60,
          "new_inputs": 33,
          "cumulative_inputs": 16252,
          "new_vrp_edges": 0,
          "new_base_edges": 0,
          "cumulative_vrp_edges": 0,
          "cumulative_base_edges": 0,
          "classifications": {
            "vrp_only": 0,
            "both": 0,
            "base_only": 0,
            "neither": 33
          }
        },
        {
          "archive": 61,
          "new_inputs": 12,
          "cumulative_inputs": 16264,
          "new_vrp_edges": 0,
          "new_base_edges": 0,
          "cumulative_vrp_edges": 0,
          "cumulative_base_edges": 0,
          "classifications": {
            "vrp_only": 0,
            "both": 0,
            "base_only": 0,
            "neither": 12
          }
        },
        {
          "archive": 62,
          "new_inputs": 17,
          "cumulative_inputs": 16281,
          "new_vrp_edges": 0,
          "new_base_edges": 0,
          "cumulative_vrp_edges": 0,
          "cumulative_base_edges": 0,
          "classifications": {
            "vrp_only": 0,
            "both": 0,
            "base_only": 0,
            "neither": 17
          }
        },
        {
          "archive": 63,
          "new_inputs": 9,
          "cumulative_inputs": 16290,
          "new_vrp_edges": 0,
          "new_base_edges": 0,
          "cumulative_vrp_edges": 0,
          "cumulative_base_edges": 0,
          "classifications": {
            "vrp_only": 0,
            "both": 0,
            "base_only": 0,
            "neither": 9
          }
        },
        {
          "archive": 64,
          "new_inputs": 59,
          "cumulative_inputs": 16349,
          "new_vrp_edges": 0,
          "new_base_edges": 0,
          "cumulative_vrp_edges": 0,
          "cumulative_base_edges": 0,
          "classifications": {
            "vrp_only": 0,
            "both": 0,
            "base_only": 0,
            "neither": 59
          }
        },
        {
          "archive": 65,
          "new_inputs": 136,
          "cumulative_inputs": 16485,
          "new_vrp_edges": 0,
          "new_base_edges": 0,
          "cumulative_vrp_edges": 0,
          "cumulative_base_edges": 0,
          "classifications": {
            "vrp_only": 0,
            "both": 0,
            "base_only": 0,
            "neither": 136
          }
        },
        {
          "archive": 66,
          "new_inputs": 18,
          "cumulative_inputs": 16503,
          "new_vrp_edges": 0,
          "new_base_edges": 0,
          "cumulative_vrp_edges": 0,
          "cumulative_base_edges": 0,
          "classifications": {
            "vrp_only": 0,
            "both": 0,
            "base_only": 0,
            "neither": 18
          }
        },
        {
          "archive": 67,
          "new_inputs": 17,
          "cumulative_inputs": 16520,
          "new_vrp_edges": 0,
          "new_base_edges": 0,
          "cumulative_vrp_edges": 0,
          "cumulative_base_edges": 0,
          "classifications": {
            "vrp_only": 0,
            "both": 0,
            "base_only": 0,
            "neither": 17
          }
        },
        {
          "archive": 68,
          "new_inputs": 25,
          "cumulative_inputs": 16545,
          "new_vrp_edges": 0,
          "new_base_edges": 0,
          "cumulative_vrp_edges": 0,
          "cumulative_base_edges": 0,
          "classifications": {
            "vrp_only": 0,
            "both": 0,
            "base_only": 0,
            "neither": 25
          }
        },
        {
          "archive": 69,
          "new_inputs": 33,
          "cumulative_inputs": 16578,
          "new_vrp_edges": 0,
          "new_base_edges": 0,
          "cumulative_vrp_edges": 0,
          "cumulative_base_edges": 0,
          "classifications": {
            "vrp_only": 0,
            "both": 0,
            "base_only": 0,
            "neither": 33
          }
        },
        {
          "archive": 70,
          "new_inputs": 10,
          "cumulative_inputs": 16588,
          "new_vrp_edges": 0,
          "new_base_edges": 0,
          "cumulative_vrp_edges": 0,
          "cumulative_base_edges": 0,
          "classifications": {
            "vrp_only": 0,
            "both": 0,
            "base_only": 0,
            "neither": 10
          }
        },
        {
          "archive": 71,
          "new_inputs": 22,
          "cumulative_inputs": 16610,
          "new_vrp_edges": 0,
          "new_base_edges": 0,
          "cumulative_vrp_edges": 0,
          "cumulative_base_edges": 0,
          "classifications": {
            "vrp_only": 0,
            "both": 0,
            "base_only": 0,
            "neither": 22
          }
        },
        {
          "archive": 72,
          "new_inputs": 15,
          "cumulative_inputs": 16625,
          "new_vrp_edges": 0,
          "new_base_edges": 0,
          "cumulative_vrp_edges": 0,
          "cumulative_base_edges": 0,
          "classifications": {
            "vrp_only": 0,
            "both": 0,
            "base_only": 0,
            "neither": 15
          }
        },
        {
          "archive": 73,
          "new_inputs": 14,
          "cumulative_inputs": 16639,
          "new_vrp_edges": 0,
          "new_base_edges": 0,
          "cumulative_vrp_edges": 0,
          "cumulative_base_edges": 0,
          "classifications": {
            "vrp_only": 0,
            "both": 0,
            "base_only": 0,
            "neither": 14
          }
        },
        {
          "archive": 74,
          "new_inputs": 7,
          "cumulative_inputs": 16646,
          "new_vrp_edges": 0,
          "new_base_edges": 0,
          "cumulative_vrp_edges": 0,
          "cumulative_base_edges": 0,
          "classifications": {
            "vrp_only": 0,
            "both": 0,
            "base_only": 0,
            "neither": 7
          }
        },
        {
          "archive": 75,
          "new_inputs": 12,
          "cumulative_inputs": 16658,
          "new_vrp_edges": 0,
          "new_base_edges": 0,
          "cumulative_vrp_edges": 0,
          "cumulative_base_edges": 0,
          "classifications": {
            "vrp_only": 0,
            "both": 0,
            "base_only": 0,
            "neither": 12
          }
        },
        {
          "archive": 76,
          "new_inputs": 15,
          "cumulative_inputs": 16673,
          "new_vrp_edges": 0,
          "new_base_edges": 0,
          "cumulative_vrp_edges": 0,
          "cumulative_base_edges": 0,
          "classifications": {
            "vrp_only": 0,
            "both": 0,
            "base_only": 0,
            "neither": 15
          }
        },
        {
          "archive": 77,
          "new_inputs": 38,
          "cumulative_inputs": 16711,
          "new_vrp_edges": 0,
          "new_base_edges": 0,
          "cumulative_vrp_edges": 0,
          "cumulative_base_edges": 0,
          "classifications": {
            "vrp_only": 0,
            "both": 0,
            "base_only": 0,
            "neither": 38
          }
        },
        {
          "archive": 78,
          "new_inputs": 14,
          "cumulative_inputs": 16725,
          "new_vrp_edges": 0,
          "new_base_edges": 0,
          "cumulative_vrp_edges": 0,
          "cumulative_base_edges": 0,
          "classifications": {
            "vrp_only": 0,
            "both": 0,
            "base_only": 0,
            "neither": 14
          }
        },
        {
          "archive": 79,
          "new_inputs": 6,
          "cumulative_inputs": 16731,
          "new_vrp_edges": 0,
          "new_base_edges": 0,
          "cumulative_vrp_edges": 0,
          "cumulative_base_edges": 0,
          "classifications": {
            "vrp_only": 0,
            "both": 0,
            "base_only": 0,
            "neither": 6
          }
        },
        {
          "archive": 80,
          "new_inputs": 17,
          "cumulative_inputs": 16748,
          "new_vrp_edges": 0,
          "new_base_edges": 0,
          "cumulative_vrp_edges": 0,
          "cumulative_base_edges": 0,
          "classifications": {
            "vrp_only": 0,
            "both": 0,
            "base_only": 0,
            "neither": 17
          }
        },
        {
          "archive": 81,
          "new_inputs": 8,
          "cumulative_inputs": 16756,
          "new_vrp_edges": 0,
          "new_base_edges": 0,
          "cumulative_vrp_edges": 0,
          "cumulative_base_edges": 0,
          "classifications": {
            "vrp_only": 0,
            "both": 0,
            "base_only": 0,
            "neither": 8
          }
        },
        {
          "archive": 82,
          "new_inputs": 97,
          "cumulative_inputs": 16853,
          "new_vrp_edges": 0,
          "new_base_edges": 0,
          "cumulative_vrp_edges": 0,
          "cumulative_base_edges": 0,
          "classifications": {
            "vrp_only": 0,
            "both": 0,
            "base_only": 0,
            "neither": 97
          }
        },
        {
          "archive": 83,
          "new_inputs": 19,
          "cumulative_inputs": 16872,
          "new_vrp_edges": 0,
          "new_base_edges": 0,
          "cumulative_vrp_edges": 0,
          "cumulative_base_edges": 0,
          "classifications": {
            "vrp_only": 0,
            "both": 0,
            "base_only": 0,
            "neither": 19
          }
        },
        {
          "archive": 84,
          "new_inputs": 11,
          "cumulative_inputs": 16883,
          "new_vrp_edges": 0,
          "new_base_edges": 0,
          "cumulative_vrp_edges": 0,
          "cumulative_base_edges": 0,
          "classifications": {
            "vrp_only": 0,
            "both": 0,
            "base_only": 0,
            "neither": 11
          }
        },
        {
          "archive": 85,
          "new_inputs": 11,
          "cumulative_inputs": 16894,
          "new_vrp_edges": 0,
          "new_base_edges": 0,
          "cumulative_vrp_edges": 0,
          "cumulative_base_edges": 0,
          "classifications": {
            "vrp_only": 0,
            "both": 0,
            "base_only": 0,
            "neither": 11
          }
        },
        {
          "archive": 86,
          "new_inputs": 16,
          "cumulative_inputs": 16910,
          "new_vrp_edges": 0,
          "new_base_edges": 0,
          "cumulative_vrp_edges": 0,
          "cumulative_base_edges": 0,
          "classifications": {
            "vrp_only": 0,
            "both": 0,
            "base_only": 0,
            "neither": 16
          }
        },
        {
          "archive": 87,
          "new_inputs": 9,
          "cumulative_inputs": 16919,
          "new_vrp_edges": 0,
          "new_base_edges": 0,
          "cumulative_vrp_edges": 0,
          "cumulative_base_edges": 0,
          "classifications": {
            "vrp_only": 0,
            "both": 0,
            "base_only": 0,
            "neither": 9
          }
        },
        {
          "archive": 88,
          "new_inputs": 9,
          "cumulative_inputs": 16928,
          "new_vrp_edges": 0,
          "new_base_edges": 0,
          "cumulative_vrp_edges": 0,
          "cumulative_base_edges": 0,
          "classifications": {
            "vrp_only": 0,
            "both": 0,
            "base_only": 0,
            "neither": 9
          }
        },
        {
          "archive": 89,
          "new_inputs": 22,
          "cumulative_inputs": 16950,
          "new_vrp_edges": 0,
          "new_base_edges": 0,
          "cumulative_vrp_edges": 0,
          "cumulative_base_edges": 0,
          "classifications": {
            "vrp_only": 0,
            "both": 0,
            "base_only": 0,
            "neither": 22
          }
        },
        {
          "archive": 90,
          "new_inputs": 10,
          "cumulative_inputs": 16960,
          "new_vrp_edges": 0,
          "new_base_edges": 0,
          "cumulative_vrp_edges": 0,
          "cumulative_base_edges": 0,
          "classifications": {
            "vrp_only": 0,
            "both": 0,
            "base_only": 0,
            "neither": 10
          }
        },
        {
          "archive": 91,
          "new_inputs": 23,
          "cumulative_inputs": 16983,
          "new_vrp_edges": 0,
          "new_base_edges": 0,
          "cumulative_vrp_edges": 0,
          "cumulative_base_edges": 0,
          "classifications": {
            "vrp_only": 0,
            "both": 0,
            "base_only": 0,
            "neither": 23
          }
        },
        {
          "archive": 92,
          "new_inputs": 5,
          "cumulative_inputs": 16988,
          "new_vrp_edges": 0,
          "new_base_edges": 0,
          "cumulative_vrp_edges": 0,
          "cumulative_base_edges": 0,
          "classifications": {
            "vrp_only": 0,
            "both": 0,
            "base_only": 0,
            "neither": 5
          }
        },
        {
          "archive": 93,
          "new_inputs": 6,
          "cumulative_inputs": 16994,
          "new_vrp_edges": 0,
          "new_base_edges": 0,
          "cumulative_vrp_edges": 0,
          "cumulative_base_edges": 0,
          "classifications": {
            "vrp_only": 0,
            "both": 0,
            "base_only": 0,
            "neither": 6
          }
        },
        {
          "archive": 94,
          "new_inputs": 7,
          "cumulative_inputs": 17001,
          "new_vrp_edges": 0,
          "new_base_edges": 0,
          "cumulative_vrp_edges": 0,
          "cumulative_base_edges": 0,
          "classifications": {
            "vrp_only": 0,
            "both": 0,
            "base_only": 0,
            "neither": 7
          }
        },
        {
          "archive": 95,
          "new_inputs": 12,
          "cumulative_inputs": 17013,
          "new_vrp_edges": 0,
          "new_base_edges": 0,
          "cumulative_vrp_edges": 0,
          "cumulative_base_edges": 0,
          "classifications": {
            "vrp_only": 0,
            "both": 0,
            "base_only": 0,
            "neither": 12
          }
        },
        {
          "archive": 96,
          "new_inputs": 0,
          "cumulative_inputs": 17013,
          "new_vrp_edges": 0,
          "new_base_edges": 0,
          "cumulative_vrp_edges": 0,
          "cumulative_base_edges": 0,
          "classifications": {
            "vrp_only": 0,
            "both": 0,
            "base_only": 0,
            "neither": 0
          }
        }
      ],
      "summary": {
        "total_inputs": 17013,
        "total_vrp_edges": 0,
        "total_base_edges": 0,
        "entanglement_rate": 0.0,
        "vrp_only_count": 0,
        "both_count": 0,
        "base_only_count": 0,
        "neither_count": 17013
      }
    },
    "vrp_bucket_entanglement": {
      "summary": {
        "total_inputs": 17013,
        "bucket_entanglement_rate": 0.0,
        "vrp_only": 0,
        "both": 0,
        "base_only": 0,
        "neither": 17013,
        "edge_neither_but_bucket_interesting": 0
      }
    },
    "vrp_gradient": {
      "summary": {
        "total_vrp_edges_seen": 0,
        "singleton_edges": 0,
        "low_freq_edges": 0,
        "high_freq_edges": 0,
        "vrp_exclusive_singletons": 0,
        "hit_count_distribution": {
          "1": 0,
          "2-3": 0,
          "4-10": 0,
          "11-50": 0,
          "51-200": 0,
          "200+": 0
        }
      }
    },
    "edge_growth": {
      "growth_curve": [
        {
          "archive": 0,
          "total_inputs": 2,
          "vrp_edges": 0,
          "base_edges": 0
        },
        {
          "archive": 1,
          "total_inputs": 7128,
          "vrp_edges": 0,
          "base_edges": 0
        },
        {
          "archive": 2,
          "total_inputs": 8869,
          "vrp_edges": 0,
          "base_edges": 0
        },
        {
          "archive": 3,
          "total_inputs": 10315,
          "vrp_edges": 0,
          "base_edges": 0
        },
        {
          "archive": 4,
          "total_inputs": 11823,
          "vrp_edges": 0,
          "base_edges": 0
        },
        {
          "archive": 5,
          "total_inputs": 12669,
          "vrp_edges": 0,
          "base_edges": 0
        },
        {
          "archive": 6,
          "total_inputs": 13262,
          "vrp_edges": 0,
          "base_edges": 0
        },
        {
          "archive": 7,
          "total_inputs": 13501,
          "vrp_edges": 0,
          "base_edges": 0
        },
        {
          "archive": 8,
          "total_inputs": 13793,
          "vrp_edges": 0,
          "base_edges": 0
        },
        {
          "archive": 9,
          "total_inputs": 13992,
          "vrp_edges": 0,
          "base_edges": 0
        },
        {
          "archive": 10,
          "total_inputs": 14174,
          "vrp_edges": 0,
          "base_edges": 0
        },
        {
          "archive": 11,
          "total_inputs": 14303,
          "vrp_edges": 0,
          "base_edges": 0
        },
        {
          "archive": 12,
          "total_inputs": 14397,
          "vrp_edges": 0,
          "base_edges": 0
        },
        {
          "archive": 13,
          "total_inputs": 14473,
          "vrp_edges": 0,
          "base_edges": 0
        },
        {
          "archive": 14,
          "total_inputs": 14556,
          "vrp_edges": 0,
          "base_edges": 0
        },
        {
          "archive": 15,
          "total_inputs": 14613,
          "vrp_edges": 0,
          "base_edges": 0
        },
        {
          "archive": 16,
          "total_inputs": 14673,
          "vrp_edges": 0,
          "base_edges": 0
        },
        {
          "archive": 17,
          "total_inputs": 14731,
          "vrp_edges": 0,
          "base_edges": 0
        },
        {
          "archive": 18,
          "total_inputs": 14785,
          "vrp_edges": 0,
          "base_edges": 0
        },
        {
          "archive": 19,
          "total_inputs": 14830,
          "vrp_edges": 0,
          "base_edges": 0
        },
        {
          "archive": 20,
          "total_inputs": 14894,
          "vrp_edges": 0,
          "base_edges": 0
        },
        {
          "archive": 21,
          "total_inputs": 14953,
          "vrp_edges": 0,
          "base_edges": 0
        },
        {
          "archive": 22,
          "total_inputs": 14997,
          "vrp_edges": 0,
          "base_edges": 0
        },
        {
          "archive": 23,
          "total_inputs": 15047,
          "vrp_edges": 0,
          "base_edges": 0
        },
        {
          "archive": 24,
          "total_inputs": 15110,
          "vrp_edges": 0,
          "base_edges": 0
        },
        {
          "archive": 25,
          "total_inputs": 15215,
          "vrp_edges": 0,
          "base_edges": 0
        },
        {
          "archive": 26,
          "total_inputs": 15246,
          "vrp_edges": 0,
          "base_edges": 0
        },
        {
          "archive": 27,
          "total_inputs": 15274,
          "vrp_edges": 0,
          "base_edges": 0
        },
        {
          "archive": 28,
          "total_inputs": 15299,
          "vrp_edges": 0,
          "base_edges": 0
        },
        {
          "archive": 29,
          "total_inputs": 15330,
          "vrp_edges": 0,
          "base_edges": 0
        },
        {
          "archive": 30,
          "total_inputs": 15347,
          "vrp_edges": 0,
          "base_edges": 0
        },
        {
          "archive": 31,
          "total_inputs": 15403,
          "vrp_edges": 0,
          "base_edges": 0
        },
        {
          "archive": 32,
          "total_inputs": 15421,
          "vrp_edges": 0,
          "base_edges": 0
        },
        {
          "archive": 33,
          "total_inputs": 15490,
          "vrp_edges": 0,
          "base_edges": 0
        },
        {
          "archive": 34,
          "total_inputs": 15565,
          "vrp_edges": 0,
          "base_edges": 0
        },
        {
          "archive": 35,
          "total_inputs": 15583,
          "vrp_edges": 0,
          "base_edges": 0
        },
        {
          "archive": 36,
          "total_inputs": 15615,
          "vrp_edges": 0,
          "base_edges": 0
        },
        {
          "archive": 37,
          "total_inputs": 15724,
          "vrp_edges": 0,
          "base_edges": 0
        },
        {
          "archive": 38,
          "total_inputs": 15759,
          "vrp_edges": 0,
          "base_edges": 0
        },
        {
          "archive": 39,
          "total_inputs": 15783,
          "vrp_edges": 0,
          "base_edges": 0
        },
        {
          "archive": 40,
          "total_inputs": 15816,
          "vrp_edges": 0,
          "base_edges": 0
        },
        {
          "archive": 41,
          "total_inputs": 15833,
          "vrp_edges": 0,
          "base_edges": 0
        },
        {
          "archive": 42,
          "total_inputs": 15848,
          "vrp_edges": 0,
          "base_edges": 0
        },
        {
          "archive": 43,
          "total_inputs": 15882,
          "vrp_edges": 0,
          "base_edges": 0
        },
        {
          "archive": 44,
          "total_inputs": 15910,
          "vrp_edges": 0,
          "base_edges": 0
        },
        {
          "archive": 45,
          "total_inputs": 15931,
          "vrp_edges": 0,
          "base_edges": 0
        },
        {
          "archive": 46,
          "total_inputs": 16004,
          "vrp_edges": 0,
          "base_edges": 0
        },
        {
          "archive": 47,
          "total_inputs": 16028,
          "vrp_edges": 0,
          "base_edges": 0
        },
        {
          "archive": 48,
          "total_inputs": 16043,
          "vrp_edges": 0,
          "base_edges": 0
        },
        {
          "archive": 49,
          "total_inputs": 16073,
          "vrp_edges": 0,
          "base_edges": 0
        },
        {
          "archive": 50,
          "total_inputs": 16103,
          "vrp_edges": 0,
          "base_edges": 0
        },
        {
          "archive": 51,
          "total_inputs": 16117,
          "vrp_edges": 0,
          "base_edges": 0
        },
        {
          "archive": 52,
          "total_inputs": 16129,
          "vrp_edges": 0,
          "base_edges": 0
        },
        {
          "archive": 53,
          "total_inputs": 16169,
          "vrp_edges": 0,
          "base_edges": 0
        },
        {
          "archive": 54,
          "total_inputs": 16178,
          "vrp_edges": 0,
          "base_edges": 0
        },
        {
          "archive": 55,
          "total_inputs": 16183,
          "vrp_edges": 0,
          "base_edges": 0
        },
        {
          "archive": 56,
          "total_inputs": 16192,
          "vrp_edges": 0,
          "base_edges": 0
        },
        {
          "archive": 57,
          "total_inputs": 16204,
          "vrp_edges": 0,
          "base_edges": 0
        },
        {
          "archive": 58,
          "total_inputs": 16212,
          "vrp_edges": 0,
          "base_edges": 0
        },
        {
          "archive": 59,
          "total_inputs": 16219,
          "vrp_edges": 0,
          "base_edges": 0
        },
        {
          "archive": 60,
          "total_inputs": 16252,
          "vrp_edges": 0,
          "base_edges": 0
        },
        {
          "archive": 61,
          "total_inputs": 16264,
          "vrp_edges": 0,
          "base_edges": 0
        },
        {
          "archive": 62,
          "total_inputs": 16281,
          "vrp_edges": 0,
          "base_edges": 0
        },
        {
          "archive": 63,
          "total_inputs": 16290,
          "vrp_edges": 0,
          "base_edges": 0
        },
        {
          "archive": 64,
          "total_inputs": 16349,
          "vrp_edges": 0,
          "base_edges": 0
        },
        {
          "archive": 65,
          "total_inputs": 16485,
          "vrp_edges": 0,
          "base_edges": 0
        },
        {
          "archive": 66,
          "total_inputs": 16503,
          "vrp_edges": 0,
          "base_edges": 0
        },
        {
          "archive": 67,
          "total_inputs": 16520,
          "vrp_edges": 0,
          "base_edges": 0
        },
        {
          "archive": 68,
          "total_inputs": 16545,
          "vrp_edges": 0,
          "base_edges": 0
        },
        {
          "archive": 69,
          "total_inputs": 16578,
          "vrp_edges": 0,
          "base_edges": 0
        },
        {
          "archive": 70,
          "total_inputs": 16588,
          "vrp_edges": 0,
          "base_edges": 0
        },
        {
          "archive": 71,
          "total_inputs": 16610,
          "vrp_edges": 0,
          "base_edges": 0
        },
        {
          "archive": 72,
          "total_inputs": 16625,
          "vrp_edges": 0,
          "base_edges": 0
        },
        {
          "archive": 73,
          "total_inputs": 16639,
          "vrp_edges": 0,
          "base_edges": 0
        },
        {
          "archive": 74,
          "total_inputs": 16646,
          "vrp_edges": 0,
          "base_edges": 0
        },
        {
          "archive": 75,
          "total_inputs": 16658,
          "vrp_edges": 0,
          "base_edges": 0
        },
        {
          "archive": 76,
          "total_inputs": 16673,
          "vrp_edges": 0,
          "base_edges": 0
        },
        {
          "archive": 77,
          "total_inputs": 16711,
          "vrp_edges": 0,
          "base_edges": 0
        },
        {
          "archive": 78,
          "total_inputs": 16725,
          "vrp_edges": 0,
          "base_edges": 0
        },
        {
          "archive": 79,
          "total_inputs": 16731,
          "vrp_edges": 0,
          "base_edges": 0
        },
        {
          "archive": 80,
          "total_inputs": 16748,
          "vrp_edges": 0,
          "base_edges": 0
        },
        {
          "archive": 81,
          "total_inputs": 16756,
          "vrp_edges": 0,
          "base_edges": 0
        },
        {
          "archive": 82,
          "total_inputs": 16853,
          "vrp_edges": 0,
          "base_edges": 0
        },
        {
          "archive": 83,
          "total_inputs": 16872,
          "vrp_edges": 0,
          "base_edges": 0
        },
        {
          "archive": 84,
          "total_inputs": 16883,
          "vrp_edges": 0,
          "base_edges": 0
        },
        {
          "archive": 85,
          "total_inputs": 16894,
          "vrp_edges": 0,
          "base_edges": 0
        },
        {
          "archive": 86,
          "total_inputs": 16910,
          "vrp_edges": 0,
          "base_edges": 0
        },
        {
          "archive": 87,
          "total_inputs": 16919,
          "vrp_edges": 0,
          "base_edges": 0
        },
        {
          "archive": 88,
          "total_inputs": 16928,
          "vrp_edges": 0,
          "base_edges": 0
        },
        {
          "archive": 89,
          "total_inputs": 16950,
          "vrp_edges": 0,
          "base_edges": 0
        },
        {
          "archive": 90,
          "total_inputs": 16960,
          "vrp_edges": 0,
          "base_edges": 0
        },
        {
          "archive": 91,
          "total_inputs": 16983,
          "vrp_edges": 0,
          "base_edges": 0
        },
        {
          "archive": 92,
          "total_inputs": 16988,
          "vrp_edges": 0,
          "base_edges": 0
        },
        {
          "archive": 93,
          "total_inputs": 16994,
          "vrp_edges": 0,
          "base_edges": 0
        },
        {
          "archive": 94,
          "total_inputs": 17001,
          "vrp_edges": 0,
          "base_edges": 0
        },
        {
          "archive": 95,
          "total_inputs": 17013,
          "vrp_edges": 0,
          "base_edges": 0
        },
        {
          "archive": 96,
          "total_inputs": 17013,
          "vrp_edges": 0,
          "base_edges": 0
        }
      ],
      "final_vrp_edges": 0,
      "final_base_edges": 0,
      "total_inputs": 17013
    },
    "speed": {
      "per_archive": [
        {
          "archive": 0,
          "inputs": 2,
          "mean_vrp_ms": 12.92,
          "mean_base_ms": 11.332,
          "overhead": 1.1401
        },
        {
          "archive": 1,
          "inputs": 7126,
          "mean_vrp_ms": 0.019,
          "mean_base_ms": 0.02,
          "overhead": 0.9789
        },
        {
          "archive": 2,
          "inputs": 1741,
          "mean_vrp_ms": 0.024,
          "mean_base_ms": 0.027,
          "overhead": 0.8962
        },
        {
          "archive": 3,
          "inputs": 1446,
          "mean_vrp_ms": 0.022,
          "mean_base_ms": 0.024,
          "overhead": 0.9292
        },
        {
          "archive": 4,
          "inputs": 1508,
          "mean_vrp_ms": 0.024,
          "mean_base_ms": 0.023,
          "overhead": 1.0155
        },
        {
          "archive": 5,
          "inputs": 846,
          "mean_vrp_ms": 0.027,
          "mean_base_ms": 0.031,
          "overhead": 0.8854
        },
        {
          "archive": 6,
          "inputs": 593,
          "mean_vrp_ms": 0.034,
          "mean_base_ms": 0.036,
          "overhead": 0.9333
        },
        {
          "archive": 7,
          "inputs": 239,
          "mean_vrp_ms": 0.081,
          "mean_base_ms": 0.083,
          "overhead": 0.9766
        },
        {
          "archive": 8,
          "inputs": 292,
          "mean_vrp_ms": 0.063,
          "mean_base_ms": 0.06,
          "overhead": 1.0547
        },
        {
          "archive": 9,
          "inputs": 199,
          "mean_vrp_ms": 0.088,
          "mean_base_ms": 0.071,
          "overhead": 1.2413
        },
        {
          "archive": 10,
          "inputs": 182,
          "mean_vrp_ms": 0.086,
          "mean_base_ms": 0.08,
          "overhead": 1.0731
        },
        {
          "archive": 11,
          "inputs": 129,
          "mean_vrp_ms": 0.186,
          "mean_base_ms": 0.174,
          "overhead": 1.0644
        },
        {
          "archive": 12,
          "inputs": 94,
          "mean_vrp_ms": 0.146,
          "mean_base_ms": 0.157,
          "overhead": 0.9293
        },
        {
          "archive": 13,
          "inputs": 76,
          "mean_vrp_ms": 0.174,
          "mean_base_ms": 0.177,
          "overhead": 0.9844
        },
        {
          "archive": 14,
          "inputs": 83,
          "mean_vrp_ms": 0.145,
          "mean_base_ms": 0.174,
          "overhead": 0.8329
        },
        {
          "archive": 15,
          "inputs": 57,
          "mean_vrp_ms": 0.238,
          "mean_base_ms": 0.234,
          "overhead": 1.0158
        },
        {
          "archive": 16,
          "inputs": 60,
          "mean_vrp_ms": 0.209,
          "mean_base_ms": 0.223,
          "overhead": 0.9351
        },
        {
          "archive": 17,
          "inputs": 58,
          "mean_vrp_ms": 0.28,
          "mean_base_ms": 0.258,
          "overhead": 1.0856
        },
        {
          "archive": 18,
          "inputs": 54,
          "mean_vrp_ms": 0.209,
          "mean_base_ms": 0.212,
          "overhead": 0.983
        },
        {
          "archive": 19,
          "inputs": 45,
          "mean_vrp_ms": 0.332,
          "mean_base_ms": 0.275,
          "overhead": 1.2105
        },
        {
          "archive": 20,
          "inputs": 64,
          "mean_vrp_ms": 0.205,
          "mean_base_ms": 0.201,
          "overhead": 1.0205
        },
        {
          "archive": 21,
          "inputs": 59,
          "mean_vrp_ms": 0.201,
          "mean_base_ms": 0.198,
          "overhead": 1.0144
        },
        {
          "archive": 22,
          "inputs": 44,
          "mean_vrp_ms": 0.285,
          "mean_base_ms": 0.286,
          "overhead": 0.9958
        },
        {
          "archive": 23,
          "inputs": 50,
          "mean_vrp_ms": 0.24,
          "mean_base_ms": 0.276,
          "overhead": 0.8684
        },
        {
          "archive": 24,
          "inputs": 63,
          "mean_vrp_ms": 0.22,
          "mean_base_ms": 0.197,
          "overhead": 1.1161
        },
        {
          "archive": 25,
          "inputs": 105,
          "mean_vrp_ms": 0.157,
          "mean_base_ms": 0.134,
          "overhead": 1.17
        },
        {
          "archive": 26,
          "inputs": 31,
          "mean_vrp_ms": 0.385,
          "mean_base_ms": 0.388,
          "overhead": 0.9919
        },
        {
          "archive": 27,
          "inputs": 28,
          "mean_vrp_ms": 0.496,
          "mean_base_ms": 0.413,
          "overhead": 1.2018
        },
        {
          "archive": 28,
          "inputs": 25,
          "mean_vrp_ms": 0.47,
          "mean_base_ms": 0.464,
          "overhead": 1.0127
        },
        {
          "archive": 29,
          "inputs": 31,
          "mean_vrp_ms": 0.46,
          "mean_base_ms": 0.392,
          "overhead": 1.1711
        },
        {
          "archive": 30,
          "inputs": 17,
          "mean_vrp_ms": 0.734,
          "mean_base_ms": 0.648,
          "overhead": 1.1335
        },
        {
          "archive": 31,
          "inputs": 56,
          "mean_vrp_ms": 0.264,
          "mean_base_ms": 0.228,
          "overhead": 1.159
        },
        {
          "archive": 32,
          "inputs": 18,
          "mean_vrp_ms": 0.868,
          "mean_base_ms": 0.77,
          "overhead": 1.1282
        },
        {
          "archive": 33,
          "inputs": 69,
          "mean_vrp_ms": 0.205,
          "mean_base_ms": 0.17,
          "overhead": 1.2018
        },
        {
          "archive": 34,
          "inputs": 75,
          "mean_vrp_ms": 0.211,
          "mean_base_ms": 0.173,
          "overhead": 1.2221
        },
        {
          "archive": 35,
          "inputs": 18,
          "mean_vrp_ms": 0.655,
          "mean_base_ms": 0.598,
          "overhead": 1.0945
        },
        {
          "archive": 36,
          "inputs": 32,
          "mean_vrp_ms": 0.328,
          "mean_base_ms": 0.367,
          "overhead": 0.8938
        },
        {
          "archive": 37,
          "inputs": 109,
          "mean_vrp_ms": 0.141,
          "mean_base_ms": 0.119,
          "overhead": 1.1825
        },
        {
          "archive": 38,
          "inputs": 35,
          "mean_vrp_ms": 0.384,
          "mean_base_ms": 0.35,
          "overhead": 1.0946
        },
        {
          "archive": 39,
          "inputs": 24,
          "mean_vrp_ms": 0.522,
          "mean_base_ms": 0.483,
          "overhead": 1.0822
        },
        {
          "archive": 40,
          "inputs": 33,
          "mean_vrp_ms": 0.326,
          "mean_base_ms": 0.372,
          "overhead": 0.8755
        },
        {
          "archive": 41,
          "inputs": 17,
          "mean_vrp_ms": 0.602,
          "mean_base_ms": 0.678,
          "overhead": 0.8877
        },
        {
          "archive": 42,
          "inputs": 15,
          "mean_vrp_ms": 0.734,
          "mean_base_ms": 0.792,
          "overhead": 0.9274
        },
        {
          "archive": 43,
          "inputs": 34,
          "mean_vrp_ms": 0.34,
          "mean_base_ms": 0.359,
          "overhead": 0.9466
        },
        {
          "archive": 44,
          "inputs": 28,
          "mean_vrp_ms": 0.51,
          "mean_base_ms": 0.45,
          "overhead": 1.1343
        },
        {
          "archive": 45,
          "inputs": 21,
          "mean_vrp_ms": 0.509,
          "mean_base_ms": 0.554,
          "overhead": 0.9184
        },
        {
          "archive": 46,
          "inputs": 73,
          "mean_vrp_ms": 0.161,
          "mean_base_ms": 0.167,
          "overhead": 0.9637
        },
        {
          "archive": 47,
          "inputs": 24,
          "mean_vrp_ms": 0.519,
          "mean_base_ms": 0.467,
          "overhead": 1.1109
        },
        {
          "archive": 48,
          "inputs": 15,
          "mean_vrp_ms": 0.74,
          "mean_base_ms": 0.874,
          "overhead": 0.8463
        },
        {
          "archive": 49,
          "inputs": 30,
          "mean_vrp_ms": 0.38,
          "mean_base_ms": 0.407,
          "overhead": 0.9342
        },
        {
          "archive": 50,
          "inputs": 30,
          "mean_vrp_ms": 0.42,
          "mean_base_ms": 0.423,
          "overhead": 0.9945
        },
        {
          "archive": 51,
          "inputs": 14,
          "mean_vrp_ms": 0.8,
          "mean_base_ms": 0.843,
          "overhead": 0.949
        },
        {
          "archive": 52,
          "inputs": 12,
          "mean_vrp_ms": 1.205,
          "mean_base_ms": 1.12,
          "overhead": 1.0766
        },
        {
          "archive": 53,
          "inputs": 40,
          "mean_vrp_ms": 0.347,
          "mean_base_ms": 0.271,
          "overhead": 1.2808
        },
        {
          "archive": 54,
          "inputs": 9,
          "mean_vrp_ms": 1.397,
          "mean_base_ms": 1.236,
          "overhead": 1.1302
        },
        {
          "archive": 55,
          "inputs": 5,
          "mean_vrp_ms": 2.367,
          "mean_base_ms": 2.447,
          "overhead": 0.967
        },
        {
          "archive": 56,
          "inputs": 9,
          "mean_vrp_ms": 1.589,
          "mean_base_ms": 1.271,
          "overhead": 1.2501
        },
        {
          "archive": 57,
          "inputs": 12,
          "mean_vrp_ms": 0.864,
          "mean_base_ms": 0.869,
          "overhead": 0.9945
        },
        {
          "archive": 58,
          "inputs": 8,
          "mean_vrp_ms": 1.292,
          "mean_base_ms": 1.477,
          "overhead": 0.8752
        },
        {
          "archive": 59,
          "inputs": 7,
          "mean_vrp_ms": 1.883,
          "mean_base_ms": 1.516,
          "overhead": 1.2419
        },
        {
          "archive": 60,
          "inputs": 33,
          "mean_vrp_ms": 0.399,
          "mean_base_ms": 0.342,
          "overhead": 1.1637
        },
        {
          "archive": 61,
          "inputs": 12,
          "mean_vrp_ms": 1.155,
          "mean_base_ms": 1.021,
          "overhead": 1.1319
        },
        {
          "archive": 62,
          "inputs": 17,
          "mean_vrp_ms": 0.812,
          "mean_base_ms": 0.726,
          "overhead": 1.1192
        },
        {
          "archive": 63,
          "inputs": 9,
          "mean_vrp_ms": 1.503,
          "mean_base_ms": 1.219,
          "overhead": 1.2336
        },
        {
          "archive": 64,
          "inputs": 59,
          "mean_vrp_ms": 0.245,
          "mean_base_ms": 0.2,
          "overhead": 1.2238
        },
        {
          "archive": 65,
          "inputs": 136,
          "mean_vrp_ms": 0.125,
          "mean_base_ms": 0.112,
          "overhead": 1.1143
        },
        {
          "archive": 66,
          "inputs": 18,
          "mean_vrp_ms": 0.668,
          "mean_base_ms": 0.663,
          "overhead": 1.0069
        },
        {
          "archive": 67,
          "inputs": 17,
          "mean_vrp_ms": 0.589,
          "mean_base_ms": 0.633,
          "overhead": 0.9301
        },
        {
          "archive": 68,
          "inputs": 25,
          "mean_vrp_ms": 0.494,
          "mean_base_ms": 0.5,
          "overhead": 0.9871
        },
        {
          "archive": 69,
          "inputs": 33,
          "mean_vrp_ms": 0.34,
          "mean_base_ms": 0.364,
          "overhead": 0.9347
        },
        {
          "archive": 70,
          "inputs": 10,
          "mean_vrp_ms": 1.315,
          "mean_base_ms": 1.207,
          "overhead": 1.0896
        },
        {
          "archive": 71,
          "inputs": 22,
          "mean_vrp_ms": 0.592,
          "mean_base_ms": 0.537,
          "overhead": 1.1022
        },
        {
          "archive": 72,
          "inputs": 15,
          "mean_vrp_ms": 0.77,
          "mean_base_ms": 0.817,
          "overhead": 0.9433
        },
        {
          "archive": 73,
          "inputs": 14,
          "mean_vrp_ms": 0.811,
          "mean_base_ms": 0.814,
          "overhead": 0.9969
        },
        {
          "archive": 74,
          "inputs": 7,
          "mean_vrp_ms": 1.938,
          "mean_base_ms": 1.718,
          "overhead": 1.1277
        },
        {
          "archive": 75,
          "inputs": 12,
          "mean_vrp_ms": 0.858,
          "mean_base_ms": 0.992,
          "overhead": 0.8649
        },
        {
          "archive": 76,
          "inputs": 15,
          "mean_vrp_ms": 0.942,
          "mean_base_ms": 0.812,
          "overhead": 1.1601
        },
        {
          "archive": 77,
          "inputs": 38,
          "mean_vrp_ms": 0.359,
          "mean_base_ms": 0.298,
          "overhead": 1.204
        },
        {
          "archive": 78,
          "inputs": 14,
          "mean_vrp_ms": 0.894,
          "mean_base_ms": 0.893,
          "overhead": 1.0008
        },
        {
          "archive": 79,
          "inputs": 6,
          "mean_vrp_ms": 1.953,
          "mean_base_ms": 1.408,
          "overhead": 1.387
        },
        {
          "archive": 80,
          "inputs": 17,
          "mean_vrp_ms": 0.793,
          "mean_base_ms": 0.695,
          "overhead": 1.1409
        },
        {
          "archive": 81,
          "inputs": 8,
          "mean_vrp_ms": 2.185,
          "mean_base_ms": 2.056,
          "overhead": 1.0628
        },
        {
          "archive": 82,
          "inputs": 97,
          "mean_vrp_ms": 0.139,
          "mean_base_ms": 0.147,
          "overhead": 0.949
        },
        {
          "archive": 83,
          "inputs": 19,
          "mean_vrp_ms": 0.618,
          "mean_base_ms": 0.553,
          "overhead": 1.1182
        },
        {
          "archive": 84,
          "inputs": 11,
          "mean_vrp_ms": 0.929,
          "mean_base_ms": 1.07,
          "overhead": 0.8685
        },
        {
          "archive": 85,
          "inputs": 11,
          "mean_vrp_ms": 1.466,
          "mean_base_ms": 1.221,
          "overhead": 1.2008
        },
        {
          "archive": 86,
          "inputs": 16,
          "mean_vrp_ms": 0.769,
          "mean_base_ms": 0.712,
          "overhead": 1.0797
        },
        {
          "archive": 87,
          "inputs": 9,
          "mean_vrp_ms": 1.349,
          "mean_base_ms": 1.365,
          "overhead": 0.9889
        },
        {
          "archive": 88,
          "inputs": 9,
          "mean_vrp_ms": 1.394,
          "mean_base_ms": 1.241,
          "overhead": 1.1232
        },
        {
          "archive": 89,
          "inputs": 22,
          "mean_vrp_ms": 0.531,
          "mean_base_ms": 0.525,
          "overhead": 1.0118
        },
        {
          "archive": 90,
          "inputs": 10,
          "mean_vrp_ms": 1.5,
          "mean_base_ms": 1.077,
          "overhead": 1.3922
        },
        {
          "archive": 91,
          "inputs": 23,
          "mean_vrp_ms": 0.455,
          "mean_base_ms": 0.469,
          "overhead": 0.97
        },
        {
          "archive": 92,
          "inputs": 5,
          "mean_vrp_ms": 2.212,
          "mean_base_ms": 2.234,
          "overhead": 0.9902
        },
        {
          "archive": 93,
          "inputs": 6,
          "mean_vrp_ms": 1.939,
          "mean_base_ms": 2.303,
          "overhead": 0.8417
        },
        {
          "archive": 94,
          "inputs": 7,
          "mean_vrp_ms": 1.572,
          "mean_base_ms": 1.336,
          "overhead": 1.1767
        },
        {
          "archive": 95,
          "inputs": 12,
          "mean_vrp_ms": 0.979,
          "mean_base_ms": 1.036,
          "overhead": 0.9454
        },
        {
          "archive": 96,
          "inputs": 0,
          "mean_vrp_ms": 0.0,
          "mean_base_ms": 0.0,
          "overhead": 0.0
        }
      ],
      "summary": {
        "total_inputs": 17013,
        "vrp_mean_ms": 0.087,
        "vrp_median_ms": 0.022,
        "vrp_p95_ms": 0.385,
        "vrp_p99_ms": 0.979,
        "base_mean_ms": 0.084,
        "base_median_ms": 0.023,
        "base_p95_ms": 0.372,
        "base_p99_ms": 1.036,
        "mean_overhead": 1.0332
      }
    }
  }
}