{
  "experiment": "vrp-unfold-eval-big04",
  "benchmark": "freetype2_ftfuzzer",
  "fuzzer": "aflplusplus_unfold_all",
  "instance": "48795",
  "archives_processed": 97,
  "total_inputs": 18566,
  "elapsed_seconds": 20.1,
  "analyzer_results": {
    "vrp_hit_entanglement": {
      "per_archive": [
        {
          "archive": 0,
          "new_inputs": 2,
          "cumulative_inputs": 2,
          "new_vrp_edges": 0,
          "new_base_edges": 0,
          "cumulative_vrp_edges": 0,
          "cumulative_base_edges": 0,
          "classifications": {
            "vrp_only": 0,
            "both": 0,
            "base_only": 0,
            "neither": 2
          }
        },
        {
          "archive": 1,
          "new_inputs": 6043,
          "cumulative_inputs": 6045,
          "new_vrp_edges": 0,
          "new_base_edges": 0,
          "cumulative_vrp_edges": 0,
          "cumulative_base_edges": 0,
          "classifications": {
            "vrp_only": 0,
            "both": 0,
            "base_only": 0,
            "neither": 6043
          }
        },
        {
          "archive": 2,
          "new_inputs": 2207,
          "cumulative_inputs": 8252,
          "new_vrp_edges": 0,
          "new_base_edges": 0,
          "cumulative_vrp_edges": 0,
          "cumulative_base_edges": 0,
          "classifications": {
            "vrp_only": 0,
            "both": 0,
            "base_only": 0,
            "neither": 2207
          }
        },
        {
          "archive": 3,
          "new_inputs": 1711,
          "cumulative_inputs": 9963,
          "new_vrp_edges": 0,
          "new_base_edges": 0,
          "cumulative_vrp_edges": 0,
          "cumulative_base_edges": 0,
          "classifications": {
            "vrp_only": 0,
            "both": 0,
            "base_only": 0,
            "neither": 1711
          }
        },
        {
          "archive": 4,
          "new_inputs": 1511,
          "cumulative_inputs": 11474,
          "new_vrp_edges": 0,
          "new_base_edges": 0,
          "cumulative_vrp_edges": 0,
          "cumulative_base_edges": 0,
          "classifications": {
            "vrp_only": 0,
            "both": 0,
            "base_only": 0,
            "neither": 1511
          }
        },
        {
          "archive": 5,
          "new_inputs": 644,
          "cumulative_inputs": 12118,
          "new_vrp_edges": 0,
          "new_base_edges": 0,
          "cumulative_vrp_edges": 0,
          "cumulative_base_edges": 0,
          "classifications": {
            "vrp_only": 0,
            "both": 0,
            "base_only": 0,
            "neither": 644
          }
        },
        {
          "archive": 6,
          "new_inputs": 586,
          "cumulative_inputs": 12704,
          "new_vrp_edges": 0,
          "new_base_edges": 0,
          "cumulative_vrp_edges": 0,
          "cumulative_base_edges": 0,
          "classifications": {
            "vrp_only": 0,
            "both": 0,
            "base_only": 0,
            "neither": 586
          }
        },
        {
          "archive": 7,
          "new_inputs": 798,
          "cumulative_inputs": 13502,
          "new_vrp_edges": 0,
          "new_base_edges": 0,
          "cumulative_vrp_edges": 0,
          "cumulative_base_edges": 0,
          "classifications": {
            "vrp_only": 0,
            "both": 0,
            "base_only": 0,
            "neither": 798
          }
        },
        {
          "archive": 8,
          "new_inputs": 459,
          "cumulative_inputs": 13961,
          "new_vrp_edges": 0,
          "new_base_edges": 0,
          "cumulative_vrp_edges": 0,
          "cumulative_base_edges": 0,
          "classifications": {
            "vrp_only": 0,
            "both": 0,
            "base_only": 0,
            "neither": 459
          }
        },
        {
          "archive": 9,
          "new_inputs": 275,
          "cumulative_inputs": 14236,
          "new_vrp_edges": 0,
          "new_base_edges": 0,
          "cumulative_vrp_edges": 0,
          "cumulative_base_edges": 0,
          "classifications": {
            "vrp_only": 0,
            "both": 0,
            "base_only": 0,
            "neither": 275
          }
        },
        {
          "archive": 10,
          "new_inputs": 105,
          "cumulative_inputs": 14341,
          "new_vrp_edges": 0,
          "new_base_edges": 0,
          "cumulative_vrp_edges": 0,
          "cumulative_base_edges": 0,
          "classifications": {
            "vrp_only": 0,
            "both": 0,
            "base_only": 0,
            "neither": 105
          }
        },
        {
          "archive": 11,
          "new_inputs": 92,
          "cumulative_inputs": 14433,
          "new_vrp_edges": 0,
          "new_base_edges": 0,
          "cumulative_vrp_edges": 0,
          "cumulative_base_edges": 0,
          "classifications": {
            "vrp_only": 0,
            "both": 0,
            "base_only": 0,
            "neither": 92
          }
        },
        {
          "archive": 12,
          "new_inputs": 71,
          "cumulative_inputs": 14504,
          "new_vrp_edges": 0,
          "new_base_edges": 0,
          "cumulative_vrp_edges": 0,
          "cumulative_base_edges": 0,
          "classifications": {
            "vrp_only": 0,
            "both": 0,
            "base_only": 0,
            "neither": 71
          }
        },
        {
          "archive": 13,
          "new_inputs": 74,
          "cumulative_inputs": 14578,
          "new_vrp_edges": 0,
          "new_base_edges": 0,
          "cumulative_vrp_edges": 0,
          "cumulative_base_edges": 0,
          "classifications": {
            "vrp_only": 0,
            "both": 0,
            "base_only": 0,
            "neither": 74
          }
        },
        {
          "archive": 14,
          "new_inputs": 104,
          "cumulative_inputs": 14682,
          "new_vrp_edges": 0,
          "new_base_edges": 0,
          "cumulative_vrp_edges": 0,
          "cumulative_base_edges": 0,
          "classifications": {
            "vrp_only": 0,
            "both": 0,
            "base_only": 0,
            "neither": 104
          }
        },
        {
          "archive": 15,
          "new_inputs": 65,
          "cumulative_inputs": 14747,
          "new_vrp_edges": 0,
          "new_base_edges": 0,
          "cumulative_vrp_edges": 0,
          "cumulative_base_edges": 0,
          "classifications": {
            "vrp_only": 0,
            "both": 0,
            "base_only": 0,
            "neither": 65
          }
        },
        {
          "archive": 16,
          "new_inputs": 58,
          "cumulative_inputs": 14805,
          "new_vrp_edges": 0,
          "new_base_edges": 0,
          "cumulative_vrp_edges": 0,
          "cumulative_base_edges": 0,
          "classifications": {
            "vrp_only": 0,
            "both": 0,
            "base_only": 0,
            "neither": 58
          }
        },
        {
          "archive": 17,
          "new_inputs": 131,
          "cumulative_inputs": 14936,
          "new_vrp_edges": 0,
          "new_base_edges": 0,
          "cumulative_vrp_edges": 0,
          "cumulative_base_edges": 0,
          "classifications": {
            "vrp_only": 0,
            "both": 0,
            "base_only": 0,
            "neither": 131
          }
        },
        {
          "archive": 18,
          "new_inputs": 84,
          "cumulative_inputs": 15020,
          "new_vrp_edges": 0,
          "new_base_edges": 0,
          "cumulative_vrp_edges": 0,
          "cumulative_base_edges": 0,
          "classifications": {
            "vrp_only": 0,
            "both": 0,
            "base_only": 0,
            "neither": 84
          }
        },
        {
          "archive": 19,
          "new_inputs": 56,
          "cumulative_inputs": 15076,
          "new_vrp_edges": 0,
          "new_base_edges": 0,
          "cumulative_vrp_edges": 0,
          "cumulative_base_edges": 0,
          "classifications": {
            "vrp_only": 0,
            "both": 0,
            "base_only": 0,
            "neither": 56
          }
        },
        {
          "archive": 20,
          "new_inputs": 77,
          "cumulative_inputs": 15153,
          "new_vrp_edges": 0,
          "new_base_edges": 0,
          "cumulative_vrp_edges": 0,
          "cumulative_base_edges": 0,
          "classifications": {
            "vrp_only": 0,
            "both": 0,
            "base_only": 0,
            "neither": 77
          }
        },
        {
          "archive": 21,
          "new_inputs": 48,
          "cumulative_inputs": 15201,
          "new_vrp_edges": 0,
          "new_base_edges": 0,
          "cumulative_vrp_edges": 0,
          "cumulative_base_edges": 0,
          "classifications": {
            "vrp_only": 0,
            "both": 0,
            "base_only": 0,
            "neither": 48
          }
        },
        {
          "archive": 22,
          "new_inputs": 85,
          "cumulative_inputs": 15286,
          "new_vrp_edges": 0,
          "new_base_edges": 0,
          "cumulative_vrp_edges": 0,
          "cumulative_base_edges": 0,
          "classifications": {
            "vrp_only": 0,
            "both": 0,
            "base_only": 0,
            "neither": 85
          }
        },
        {
          "archive": 23,
          "new_inputs": 64,
          "cumulative_inputs": 15350,
          "new_vrp_edges": 0,
          "new_base_edges": 0,
          "cumulative_vrp_edges": 0,
          "cumulative_base_edges": 0,
          "classifications": {
            "vrp_only": 0,
            "both": 0,
            "base_only": 0,
            "neither": 64
          }
        },
        {
          "archive": 24,
          "new_inputs": 113,
          "cumulative_inputs": 15463,
          "new_vrp_edges": 0,
          "new_base_edges": 0,
          "cumulative_vrp_edges": 0,
          "cumulative_base_edges": 0,
          "classifications": {
            "vrp_only": 0,
            "both": 0,
            "base_only": 0,
            "neither": 113
          }
        },
        {
          "archive": 25,
          "new_inputs": 149,
          "cumulative_inputs": 15612,
          "new_vrp_edges": 0,
          "new_base_edges": 0,
          "cumulative_vrp_edges": 0,
          "cumulative_base_edges": 0,
          "classifications": {
            "vrp_only": 0,
            "both": 0,
            "base_only": 0,
            "neither": 149
          }
        },
        {
          "archive": 26,
          "new_inputs": 129,
          "cumulative_inputs": 15741,
          "new_vrp_edges": 0,
          "new_base_edges": 0,
          "cumulative_vrp_edges": 0,
          "cumulative_base_edges": 0,
          "classifications": {
            "vrp_only": 0,
            "both": 0,
            "base_only": 0,
            "neither": 129
          }
        },
        {
          "archive": 27,
          "new_inputs": 124,
          "cumulative_inputs": 15865,
          "new_vrp_edges": 0,
          "new_base_edges": 0,
          "cumulative_vrp_edges": 0,
          "cumulative_base_edges": 0,
          "classifications": {
            "vrp_only": 0,
            "both": 0,
            "base_only": 0,
            "neither": 124
          }
        },
        {
          "archive": 28,
          "new_inputs": 78,
          "cumulative_inputs": 15943,
          "new_vrp_edges": 0,
          "new_base_edges": 0,
          "cumulative_vrp_edges": 0,
          "cumulative_base_edges": 0,
          "classifications": {
            "vrp_only": 0,
            "both": 0,
            "base_only": 0,
            "neither": 78
          }
        },
        {
          "archive": 29,
          "new_inputs": 65,
          "cumulative_inputs": 16008,
          "new_vrp_edges": 0,
          "new_base_edges": 0,
          "cumulative_vrp_edges": 0,
          "cumulative_base_edges": 0,
          "classifications": {
            "vrp_only": 0,
            "both": 0,
            "base_only": 0,
            "neither": 65
          }
        },
        {
          "archive": 30,
          "new_inputs": 54,
          "cumulative_inputs": 16062,
          "new_vrp_edges": 0,
          "new_base_edges": 0,
          "cumulative_vrp_edges": 0,
          "cumulative_base_edges": 0,
          "classifications": {
            "vrp_only": 0,
            "both": 0,
            "base_only": 0,
            "neither": 54
          }
        },
        {
          "archive": 31,
          "new_inputs": 122,
          "cumulative_inputs": 16184,
          "new_vrp_edges": 0,
          "new_base_edges": 0,
          "cumulative_vrp_edges": 0,
          "cumulative_base_edges": 0,
          "classifications": {
            "vrp_only": 0,
            "both": 0,
            "base_only": 0,
            "neither": 122
          }
        },
        {
          "archive": 32,
          "new_inputs": 62,
          "cumulative_inputs": 16246,
          "new_vrp_edges": 0,
          "new_base_edges": 0,
          "cumulative_vrp_edges": 0,
          "cumulative_base_edges": 0,
          "classifications": {
            "vrp_only": 0,
            "both": 0,
            "base_only": 0,
            "neither": 62
          }
        },
        {
          "archive": 33,
          "new_inputs": 57,
          "cumulative_inputs": 16303,
          "new_vrp_edges": 0,
          "new_base_edges": 0,
          "cumulative_vrp_edges": 0,
          "cumulative_base_edges": 0,
          "classifications": {
            "vrp_only": 0,
            "both": 0,
            "base_only": 0,
            "neither": 57
          }
        },
        {
          "archive": 34,
          "new_inputs": 34,
          "cumulative_inputs": 16337,
          "new_vrp_edges": 0,
          "new_base_edges": 0,
          "cumulative_vrp_edges": 0,
          "cumulative_base_edges": 0,
          "classifications": {
            "vrp_only": 0,
            "both": 0,
            "base_only": 0,
            "neither": 34
          }
        },
        {
          "archive": 35,
          "new_inputs": 104,
          "cumulative_inputs": 16441,
          "new_vrp_edges": 0,
          "new_base_edges": 0,
          "cumulative_vrp_edges": 0,
          "cumulative_base_edges": 0,
          "classifications": {
            "vrp_only": 0,
            "both": 0,
            "base_only": 0,
            "neither": 104
          }
        },
        {
          "archive": 36,
          "new_inputs": 61,
          "cumulative_inputs": 16502,
          "new_vrp_edges": 0,
          "new_base_edges": 0,
          "cumulative_vrp_edges": 0,
          "cumulative_base_edges": 0,
          "classifications": {
            "vrp_only": 0,
            "both": 0,
            "base_only": 0,
            "neither": 61
          }
        },
        {
          "archive": 37,
          "new_inputs": 46,
          "cumulative_inputs": 16548,
          "new_vrp_edges": 0,
          "new_base_edges": 0,
          "cumulative_vrp_edges": 0,
          "cumulative_base_edges": 0,
          "classifications": {
            "vrp_only": 0,
            "both": 0,
            "base_only": 0,
            "neither": 46
          }
        },
        {
          "archive": 38,
          "new_inputs": 28,
          "cumulative_inputs": 16576,
          "new_vrp_edges": 0,
          "new_base_edges": 0,
          "cumulative_vrp_edges": 0,
          "cumulative_base_edges": 0,
          "classifications": {
            "vrp_only": 0,
            "both": 0,
            "base_only": 0,
            "neither": 28
          }
        },
        {
          "archive": 39,
          "new_inputs": 63,
          "cumulative_inputs": 16639,
          "new_vrp_edges": 0,
          "new_base_edges": 0,
          "cumulative_vrp_edges": 0,
          "cumulative_base_edges": 0,
          "classifications": {
            "vrp_only": 0,
            "both": 0,
            "base_only": 0,
            "neither": 63
          }
        },
        {
          "archive": 40,
          "new_inputs": 61,
          "cumulative_inputs": 16700,
          "new_vrp_edges": 0,
          "new_base_edges": 0,
          "cumulative_vrp_edges": 0,
          "cumulative_base_edges": 0,
          "classifications": {
            "vrp_only": 0,
            "both": 0,
            "base_only": 0,
            "neither": 61
          }
        },
        {
          "archive": 41,
          "new_inputs": 36,
          "cumulative_inputs": 16736,
          "new_vrp_edges": 0,
          "new_base_edges": 0,
          "cumulative_vrp_edges": 0,
          "cumulative_base_edges": 0,
          "classifications": {
            "vrp_only": 0,
            "both": 0,
            "base_only": 0,
            "neither": 36
          }
        },
        {
          "archive": 42,
          "new_inputs": 38,
          "cumulative_inputs": 16774,
          "new_vrp_edges": 0,
          "new_base_edges": 0,
          "cumulative_vrp_edges": 0,
          "cumulative_base_edges": 0,
          "classifications": {
            "vrp_only": 0,
            "both": 0,
            "base_only": 0,
            "neither": 38
          }
        },
        {
          "archive": 43,
          "new_inputs": 38,
          "cumulative_inputs": 16812,
          "new_vrp_edges": 0,
          "new_base_edges": 0,
          "cumulative_vrp_edges": 0,
          "cumulative_base_edges": 0,
          "classifications": {
            "vrp_only": 0,
            "both": 0,
            "base_only": 0,
            "neither": 38
          }
        },
        {
          "archive": 44,
          "new_inputs": 20,
          "cumulative_inputs": 16832,
          "new_vrp_edges": 0,
          "new_base_edges": 0,
          "cumulative_vrp_edges": 0,
          "cumulative_base_edges": 0,
          "classifications": {
            "vrp_only": 0,
            "both": 0,
            "base_only": 0,
            "neither": 20
          }
        },
        {
          "archive": 45,
          "new_inputs": 30,
          "cumulative_inputs": 16862,
          "new_vrp_edges": 0,
          "new_base_edges": 0,
          "cumulative_vrp_edges": 0,
          "cumulative_base_edges": 0,
          "classifications": {
            "vrp_only": 0,
            "both": 0,
            "base_only": 0,
            "neither": 30
          }
        },
        {
          "archive": 46,
          "new_inputs": 24,
          "cumulative_inputs": 16886,
          "new_vrp_edges": 0,
          "new_base_edges": 0,
          "cumulative_vrp_edges": 0,
          "cumulative_base_edges": 0,
          "classifications": {
            "vrp_only": 0,
            "both": 0,
            "base_only": 0,
            "neither": 24
          }
        },
        {
          "archive": 47,
          "new_inputs": 479,
          "cumulative_inputs": 17365,
          "new_vrp_edges": 0,
          "new_base_edges": 0,
          "cumulative_vrp_edges": 0,
          "cumulative_base_edges": 0,
          "classifications": {
            "vrp_only": 0,
            "both": 0,
            "base_only": 0,
            "neither": 479
          }
        },
        {
          "archive": 48,
          "new_inputs": 149,
          "cumulative_inputs": 17514,
          "new_vrp_edges": 0,
          "new_base_edges": 0,
          "cumulative_vrp_edges": 0,
          "cumulative_base_edges": 0,
          "classifications": {
            "vrp_only": 0,
            "both": 0,
            "base_only": 0,
            "neither": 149
          }
        },
        {
          "archive": 49,
          "new_inputs": 57,
          "cumulative_inputs": 17571,
          "new_vrp_edges": 0,
          "new_base_edges": 0,
          "cumulative_vrp_edges": 0,
          "cumulative_base_edges": 0,
          "classifications": {
            "vrp_only": 0,
            "both": 0,
            "base_only": 0,
            "neither": 57
          }
        },
        {
          "archive": 50,
          "new_inputs": 51,
          "cumulative_inputs": 17622,
          "new_vrp_edges": 0,
          "new_base_edges": 0,
          "cumulative_vrp_edges": 0,
          "cumulative_base_edges": 0,
          "classifications": {
            "vrp_only": 0,
            "both": 0,
            "base_only": 0,
            "neither": 51
          }
        },
        {
          "archive": 51,
          "new_inputs": 53,
          "cumulative_inputs": 17675,
          "new_vrp_edges": 0,
          "new_base_edges": 0,
          "cumulative_vrp_edges": 0,
          "cumulative_base_edges": 0,
          "classifications": {
            "vrp_only": 0,
            "both": 0,
            "base_only": 0,
            "neither": 53
          }
        },
        {
          "archive": 52,
          "new_inputs": 35,
          "cumulative_inputs": 17710,
          "new_vrp_edges": 0,
          "new_base_edges": 0,
          "cumulative_vrp_edges": 0,
          "cumulative_base_edges": 0,
          "classifications": {
            "vrp_only": 0,
            "both": 0,
            "base_only": 0,
            "neither": 35
          }
        },
        {
          "archive": 53,
          "new_inputs": 32,
          "cumulative_inputs": 17742,
          "new_vrp_edges": 0,
          "new_base_edges": 0,
          "cumulative_vrp_edges": 0,
          "cumulative_base_edges": 0,
          "classifications": {
            "vrp_only": 0,
            "both": 0,
            "base_only": 0,
            "neither": 32
          }
        },
        {
          "archive": 54,
          "new_inputs": 19,
          "cumulative_inputs": 17761,
          "new_vrp_edges": 0,
          "new_base_edges": 0,
          "cumulative_vrp_edges": 0,
          "cumulative_base_edges": 0,
          "classifications": {
            "vrp_only": 0,
            "both": 0,
            "base_only": 0,
            "neither": 19
          }
        },
        {
          "archive": 55,
          "new_inputs": 29,
          "cumulative_inputs": 17790,
          "new_vrp_edges": 0,
          "new_base_edges": 0,
          "cumulative_vrp_edges": 0,
          "cumulative_base_edges": 0,
          "classifications": {
            "vrp_only": 0,
            "both": 0,
            "base_only": 0,
            "neither": 29
          }
        },
        {
          "archive": 56,
          "new_inputs": 34,
          "cumulative_inputs": 17824,
          "new_vrp_edges": 0,
          "new_base_edges": 0,
          "cumulative_vrp_edges": 0,
          "cumulative_base_edges": 0,
          "classifications": {
            "vrp_only": 0,
            "both": 0,
            "base_only": 0,
            "neither": 34
          }
        },
        {
          "archive": 57,
          "new_inputs": 23,
          "cumulative_inputs": 17847,
          "new_vrp_edges": 0,
          "new_base_edges": 0,
          "cumulative_vrp_edges": 0,
          "cumulative_base_edges": 0,
          "classifications": {
            "vrp_only": 0,
            "both": 0,
            "base_only": 0,
            "neither": 23
          }
        },
        {
          "archive": 58,
          "new_inputs": 19,
          "cumulative_inputs": 17866,
          "new_vrp_edges": 0,
          "new_base_edges": 0,
          "cumulative_vrp_edges": 0,
          "cumulative_base_edges": 0,
          "classifications": {
            "vrp_only": 0,
            "both": 0,
            "base_only": 0,
            "neither": 19
          }
        },
        {
          "archive": 59,
          "new_inputs": 6,
          "cumulative_inputs": 17872,
          "new_vrp_edges": 0,
          "new_base_edges": 0,
          "cumulative_vrp_edges": 0,
          "cumulative_base_edges": 0,
          "classifications": {
            "vrp_only": 0,
            "both": 0,
            "base_only": 0,
            "neither": 6
          }
        },
        {
          "archive": 60,
          "new_inputs": 42,
          "cumulative_inputs": 17914,
          "new_vrp_edges": 0,
          "new_base_edges": 0,
          "cumulative_vrp_edges": 0,
          "cumulative_base_edges": 0,
          "classifications": {
            "vrp_only": 0,
            "both": 0,
            "base_only": 0,
            "neither": 42
          }
        },
        {
          "archive": 61,
          "new_inputs": 14,
          "cumulative_inputs": 17928,
          "new_vrp_edges": 0,
          "new_base_edges": 0,
          "cumulative_vrp_edges": 0,
          "cumulative_base_edges": 0,
          "classifications": {
            "vrp_only": 0,
            "both": 0,
            "base_only": 0,
            "neither": 14
          }
        },
        {
          "archive": 62,
          "new_inputs": 16,
          "cumulative_inputs": 17944,
          "new_vrp_edges": 0,
          "new_base_edges": 0,
          "cumulative_vrp_edges": 0,
          "cumulative_base_edges": 0,
          "classifications": {
            "vrp_only": 0,
            "both": 0,
            "base_only": 0,
            "neither": 16
          }
        },
        {
          "archive": 63,
          "new_inputs": 15,
          "cumulative_inputs": 17959,
          "new_vrp_edges": 0,
          "new_base_edges": 0,
          "cumulative_vrp_edges": 0,
          "cumulative_base_edges": 0,
          "classifications": {
            "vrp_only": 0,
            "both": 0,
            "base_only": 0,
            "neither": 15
          }
        },
        {
          "archive": 64,
          "new_inputs": 14,
          "cumulative_inputs": 17973,
          "new_vrp_edges": 0,
          "new_base_edges": 0,
          "cumulative_vrp_edges": 0,
          "cumulative_base_edges": 0,
          "classifications": {
            "vrp_only": 0,
            "both": 0,
            "base_only": 0,
            "neither": 14
          }
        },
        {
          "archive": 65,
          "new_inputs": 152,
          "cumulative_inputs": 18125,
          "new_vrp_edges": 0,
          "new_base_edges": 0,
          "cumulative_vrp_edges": 0,
          "cumulative_base_edges": 0,
          "classifications": {
            "vrp_only": 0,
            "both": 0,
            "base_only": 0,
            "neither": 152
          }
        },
        {
          "archive": 66,
          "new_inputs": 44,
          "cumulative_inputs": 18169,
          "new_vrp_edges": 0,
          "new_base_edges": 0,
          "cumulative_vrp_edges": 0,
          "cumulative_base_edges": 0,
          "classifications": {
            "vrp_only": 0,
            "both": 0,
            "base_only": 0,
            "neither": 44
          }
        },
        {
          "archive": 67,
          "new_inputs": 37,
          "cumulative_inputs": 18206,
          "new_vrp_edges": 0,
          "new_base_edges": 0,
          "cumulative_vrp_edges": 0,
          "cumulative_base_edges": 0,
          "classifications": {
            "vrp_only": 0,
            "both": 0,
            "base_only": 0,
            "neither": 37
          }
        },
        {
          "archive": 68,
          "new_inputs": 21,
          "cumulative_inputs": 18227,
          "new_vrp_edges": 0,
          "new_base_edges": 0,
          "cumulative_vrp_edges": 0,
          "cumulative_base_edges": 0,
          "classifications": {
            "vrp_only": 0,
            "both": 0,
            "base_only": 0,
            "neither": 21
          }
        },
        {
          "archive": 69,
          "new_inputs": 18,
          "cumulative_inputs": 18245,
          "new_vrp_edges": 0,
          "new_base_edges": 0,
          "cumulative_vrp_edges": 0,
          "cumulative_base_edges": 0,
          "classifications": {
            "vrp_only": 0,
            "both": 0,
            "base_only": 0,
            "neither": 18
          }
        },
        {
          "archive": 70,
          "new_inputs": 28,
          "cumulative_inputs": 18273,
          "new_vrp_edges": 0,
          "new_base_edges": 0,
          "cumulative_vrp_edges": 0,
          "cumulative_base_edges": 0,
          "classifications": {
            "vrp_only": 0,
            "both": 0,
            "base_only": 0,
            "neither": 28
          }
        },
        {
          "archive": 71,
          "new_inputs": 18,
          "cumulative_inputs": 18291,
          "new_vrp_edges": 0,
          "new_base_edges": 0,
          "cumulative_vrp_edges": 0,
          "cumulative_base_edges": 0,
          "classifications": {
            "vrp_only": 0,
            "both": 0,
            "base_only": 0,
            "neither": 18
          }
        },
        {
          "archive": 72,
          "new_inputs": 9,
          "cumulative_inputs": 18300,
          "new_vrp_edges": 0,
          "new_base_edges": 0,
          "cumulative_vrp_edges": 0,
          "cumulative_base_edges": 0,
          "classifications": {
            "vrp_only": 0,
            "both": 0,
            "base_only": 0,
            "neither": 9
          }
        },
        {
          "archive": 73,
          "new_inputs": 7,
          "cumulative_inputs": 18307,
          "new_vrp_edges": 0,
          "new_base_edges": 0,
          "cumulative_vrp_edges": 0,
          "cumulative_base_edges": 0,
          "classifications": {
            "vrp_only": 0,
            "both": 0,
            "base_only": 0,
            "neither": 7
          }
        },
        {
          "archive": 74,
          "new_inputs": 12,
          "cumulative_inputs": 18319,
          "new_vrp_edges": 0,
          "new_base_edges": 0,
          "cumulative_vrp_edges": 0,
          "cumulative_base_edges": 0,
          "classifications": {
            "vrp_only": 0,
            "both": 0,
            "base_only": 0,
            "neither": 12
          }
        },
        {
          "archive": 75,
          "new_inputs": 12,
          "cumulative_inputs": 18331,
          "new_vrp_edges": 0,
          "new_base_edges": 0,
          "cumulative_vrp_edges": 0,
          "cumulative_base_edges": 0,
          "classifications": {
            "vrp_only": 0,
            "both": 0,
            "base_only": 0,
            "neither": 12
          }
        },
        {
          "archive": 76,
          "new_inputs": 16,
          "cumulative_inputs": 18347,
          "new_vrp_edges": 0,
          "new_base_edges": 0,
          "cumulative_vrp_edges": 0,
          "cumulative_base_edges": 0,
          "classifications": {
            "vrp_only": 0,
            "both": 0,
            "base_only": 0,
            "neither": 16
          }
        },
        {
          "archive": 77,
          "new_inputs": 7,
          "cumulative_inputs": 18354,
          "new_vrp_edges": 0,
          "new_base_edges": 0,
          "cumulative_vrp_edges": 0,
          "cumulative_base_edges": 0,
          "classifications": {
            "vrp_only": 0,
            "both": 0,
            "base_only": 0,
            "neither": 7
          }
        },
        {
          "archive": 78,
          "new_inputs": 9,
          "cumulative_inputs": 18363,
          "new_vrp_edges": 0,
          "new_base_edges": 0,
          "cumulative_vrp_edges": 0,
          "cumulative_base_edges": 0,
          "classifications": {
            "vrp_only": 0,
            "both": 0,
            "base_only": 0,
            "neither": 9
          }
        },
        {
          "archive": 79,
          "new_inputs": 24,
          "cumulative_inputs": 18387,
          "new_vrp_edges": 0,
          "new_base_edges": 0,
          "cumulative_vrp_edges": 0,
          "cumulative_base_edges": 0,
          "classifications": {
            "vrp_only": 0,
            "both": 0,
            "base_only": 0,
            "neither": 24
          }
        },
        {
          "archive": 80,
          "new_inputs": 6,
          "cumulative_inputs": 18393,
          "new_vrp_edges": 0,
          "new_base_edges": 0,
          "cumulative_vrp_edges": 0,
          "cumulative_base_edges": 0,
          "classifications": {
            "vrp_only": 0,
            "both": 0,
            "base_only": 0,
            "neither": 6
          }
        },
        {
          "archive": 81,
          "new_inputs": 11,
          "cumulative_inputs": 18404,
          "new_vrp_edges": 0,
          "new_base_edges": 0,
          "cumulative_vrp_edges": 0,
          "cumulative_base_edges": 0,
          "classifications": {
            "vrp_only": 0,
            "both": 0,
            "base_only": 0,
            "neither": 11
          }
        },
        {
          "archive": 82,
          "new_inputs": 9,
          "cumulative_inputs": 18413,
          "new_vrp_edges": 0,
          "new_base_edges": 0,
          "cumulative_vrp_edges": 0,
          "cumulative_base_edges": 0,
          "classifications": {
            "vrp_only": 0,
            "both": 0,
            "base_only": 0,
            "neither": 9
          }
        },
        {
          "archive": 83,
          "new_inputs": 9,
          "cumulative_inputs": 18422,
          "new_vrp_edges": 0,
          "new_base_edges": 0,
          "cumulative_vrp_edges": 0,
          "cumulative_base_edges": 0,
          "classifications": {
            "vrp_only": 0,
            "both": 0,
            "base_only": 0,
            "neither": 9
          }
        },
        {
          "archive": 84,
          "new_inputs": 16,
          "cumulative_inputs": 18438,
          "new_vrp_edges": 0,
          "new_base_edges": 0,
          "cumulative_vrp_edges": 0,
          "cumulative_base_edges": 0,
          "classifications": {
            "vrp_only": 0,
            "both": 0,
            "base_only": 0,
            "neither": 16
          }
        },
        {
          "archive": 85,
          "new_inputs": 16,
          "cumulative_inputs": 18454,
          "new_vrp_edges": 0,
          "new_base_edges": 0,
          "cumulative_vrp_edges": 0,
          "cumulative_base_edges": 0,
          "classifications": {
            "vrp_only": 0,
            "both": 0,
            "base_only": 0,
            "neither": 16
          }
        },
        {
          "archive": 86,
          "new_inputs": 12,
          "cumulative_inputs": 18466,
          "new_vrp_edges": 0,
          "new_base_edges": 0,
          "cumulative_vrp_edges": 0,
          "cumulative_base_edges": 0,
          "classifications": {
            "vrp_only": 0,
            "both": 0,
            "base_only": 0,
            "neither": 12
          }
        },
        {
          "archive": 87,
          "new_inputs": 12,
          "cumulative_inputs": 18478,
          "new_vrp_edges": 0,
          "new_base_edges": 0,
          "cumulative_vrp_edges": 0,
          "cumulative_base_edges": 0,
          "classifications": {
            "vrp_only": 0,
            "both": 0,
            "base_only": 0,
            "neither": 12
          }
        },
        {
          "archive": 88,
          "new_inputs": 10,
          "cumulative_inputs": 18488,
          "new_vrp_edges": 0,
          "new_base_edges": 0,
          "cumulative_vrp_edges": 0,
          "cumulative_base_edges": 0,
          "classifications": {
            "vrp_only": 0,
            "both": 0,
            "base_only": 0,
            "neither": 10
          }
        },
        {
          "archive": 89,
          "new_inputs": 3,
          "cumulative_inputs": 18491,
          "new_vrp_edges": 0,
          "new_base_edges": 0,
          "cumulative_vrp_edges": 0,
          "cumulative_base_edges": 0,
          "classifications": {
            "vrp_only": 0,
            "both": 0,
            "base_only": 0,
            "neither": 3
          }
        },
        {
          "archive": 90,
          "new_inputs": 9,
          "cumulative_inputs": 18500,
          "new_vrp_edges": 0,
          "new_base_edges": 0,
          "cumulative_vrp_edges": 0,
          "cumulative_base_edges": 0,
          "classifications": {
            "vrp_only": 0,
            "both": 0,
            "base_only": 0,
            "neither": 9
          }
        },
        {
          "archive": 91,
          "new_inputs": 11,
          "cumulative_inputs": 18511,
          "new_vrp_edges": 0,
          "new_base_edges": 0,
          "cumulative_vrp_edges": 0,
          "cumulative_base_edges": 0,
          "classifications": {
            "vrp_only": 0,
            "both": 0,
            "base_only": 0,
            "neither": 11
          }
        },
        {
          "archive": 92,
          "new_inputs": 10,
          "cumulative_inputs": 18521,
          "new_vrp_edges": 0,
          "new_base_edges": 0,
          "cumulative_vrp_edges": 0,
          "cumulative_base_edges": 0,
          "classifications": {
            "vrp_only": 0,
            "both": 0,
            "base_only": 0,
            "neither": 10
          }
        },
        {
          "archive": 93,
          "new_inputs": 31,
          "cumulative_inputs": 18552,
          "new_vrp_edges": 0,
          "new_base_edges": 0,
          "cumulative_vrp_edges": 0,
          "cumulative_base_edges": 0,
          "classifications": {
            "vrp_only": 0,
            "both": 0,
            "base_only": 0,
            "neither": 31
          }
        },
        {
          "archive": 94,
          "new_inputs": 8,
          "cumulative_inputs": 18560,
          "new_vrp_edges": 0,
          "new_base_edges": 0,
          "cumulative_vrp_edges": 0,
          "cumulative_base_edges": 0,
          "classifications": {
            "vrp_only": 0,
            "both": 0,
            "base_only": 0,
            "neither": 8
          }
        },
        {
          "archive": 95,
          "new_inputs": 6,
          "cumulative_inputs": 18566,
          "new_vrp_edges": 0,
          "new_base_edges": 0,
          "cumulative_vrp_edges": 0,
          "cumulative_base_edges": 0,
          "classifications": {
            "vrp_only": 0,
            "both": 0,
            "base_only": 0,
            "neither": 6
          }
        },
        {
          "archive": 96,
          "new_inputs": 0,
          "cumulative_inputs": 18566,
          "new_vrp_edges": 0,
          "new_base_edges": 0,
          "cumulative_vrp_edges": 0,
          "cumulative_base_edges": 0,
          "classifications": {
            "vrp_only": 0,
            "both": 0,
            "base_only": 0,
            "neither": 0
          }
        }
      ],
      "summary": {
        "total_inputs": 18566,
        "total_vrp_edges": 0,
        "total_base_edges": 0,
        "entanglement_rate": 0.0,
        "vrp_only_count": 0,
        "both_count": 0,
        "base_only_count": 0,
        "neither_count": 18566
      }
    },
    "vrp_bucket_entanglement": {
      "summary": {
        "total_inputs": 18566,
        "bucket_entanglement_rate": 0.0,
        "vrp_only": 0,
        "both": 0,
        "base_only": 0,
        "neither": 18566,
        "edge_neither_but_bucket_interesting": 0
      }
    },
    "vrp_gradient": {
      "summary": {
        "total_vrp_edges_seen": 0,
        "singleton_edges": 0,
        "low_freq_edges": 0,
        "high_freq_edges": 0,
        "vrp_exclusive_singletons": 0,
        "hit_count_distribution": {
          "1": 0,
          "2-3": 0,
          "4-10": 0,
          "11-50": 0,
          "51-200": 0,
          "200+": 0
        }
      }
    },
    "edge_growth": {
      "growth_curve": [
        {
          "archive": 0,
          "total_inputs": 2,
          "vrp_edges": 0,
          "base_edges": 0
        },
        {
          "archive": 1,
          "total_inputs": 6045,
          "vrp_edges": 0,
          "base_edges": 0
        },
        {
          "archive": 2,
          "total_inputs": 8252,
          "vrp_edges": 0,
          "base_edges": 0
        },
        {
          "archive": 3,
          "total_inputs": 9963,
          "vrp_edges": 0,
          "base_edges": 0
        },
        {
          "archive": 4,
          "total_inputs": 11474,
          "vrp_edges": 0,
          "base_edges": 0
        },
        {
          "archive": 5,
          "total_inputs": 12118,
          "vrp_edges": 0,
          "base_edges": 0
        },
        {
          "archive": 6,
          "total_inputs": 12704,
          "vrp_edges": 0,
          "base_edges": 0
        },
        {
          "archive": 7,
          "total_inputs": 13502,
          "vrp_edges": 0,
          "base_edges": 0
        },
        {
          "archive": 8,
          "total_inputs": 13961,
          "vrp_edges": 0,
          "base_edges": 0
        },
        {
          "archive": 9,
          "total_inputs": 14236,
          "vrp_edges": 0,
          "base_edges": 0
        },
        {
          "archive": 10,
          "total_inputs": 14341,
          "vrp_edges": 0,
          "base_edges": 0
        },
        {
          "archive": 11,
          "total_inputs": 14433,
          "vrp_edges": 0,
          "base_edges": 0
        },
        {
          "archive": 12,
          "total_inputs": 14504,
          "vrp_edges": 0,
          "base_edges": 0
        },
        {
          "archive": 13,
          "total_inputs": 14578,
          "vrp_edges": 0,
          "base_edges": 0
        },
        {
          "archive": 14,
          "total_inputs": 14682,
          "vrp_edges": 0,
          "base_edges": 0
        },
        {
          "archive": 15,
          "total_inputs": 14747,
          "vrp_edges": 0,
          "base_edges": 0
        },
        {
          "archive": 16,
          "total_inputs": 14805,
          "vrp_edges": 0,
          "base_edges": 0
        },
        {
          "archive": 17,
          "total_inputs": 14936,
          "vrp_edges": 0,
          "base_edges": 0
        },
        {
          "archive": 18,
          "total_inputs": 15020,
          "vrp_edges": 0,
          "base_edges": 0
        },
        {
          "archive": 19,
          "total_inputs": 15076,
          "vrp_edges": 0,
          "base_edges": 0
        },
        {
          "archive": 20,
          "total_inputs": 15153,
          "vrp_edges": 0,
          "base_edges": 0
        },
        {
          "archive": 21,
          "total_inputs": 15201,
          "vrp_edges": 0,
          "base_edges": 0
        },
        {
          "archive": 22,
          "total_inputs": 15286,
          "vrp_edges": 0,
          "base_edges": 0
        },
        {
          "archive": 23,
          "total_inputs": 15350,
          "vrp_edges": 0,
          "base_edges": 0
        },
        {
          "archive": 24,
          "total_inputs": 15463,
          "vrp_edges": 0,
          "base_edges": 0
        },
        {
          "archive": 25,
          "total_inputs": 15612,
          "vrp_edges": 0,
          "base_edges": 0
        },
        {
          "archive": 26,
          "total_inputs": 15741,
          "vrp_edges": 0,
          "base_edges": 0
        },
        {
          "archive": 27,
          "total_inputs": 15865,
          "vrp_edges": 0,
          "base_edges": 0
        },
        {
          "archive": 28,
          "total_inputs": 15943,
          "vrp_edges": 0,
          "base_edges": 0
        },
        {
          "archive": 29,
          "total_inputs": 16008,
          "vrp_edges": 0,
          "base_edges": 0
        },
        {
          "archive": 30,
          "total_inputs": 16062,
          "vrp_edges": 0,
          "base_edges": 0
        },
        {
          "archive": 31,
          "total_inputs": 16184,
          "vrp_edges": 0,
          "base_edges": 0
        },
        {
          "archive": 32,
          "total_inputs": 16246,
          "vrp_edges": 0,
          "base_edges": 0
        },
        {
          "archive": 33,
          "total_inputs": 16303,
          "vrp_edges": 0,
          "base_edges": 0
        },
        {
          "archive": 34,
          "total_inputs": 16337,
          "vrp_edges": 0,
          "base_edges": 0
        },
        {
          "archive": 35,
          "total_inputs": 16441,
          "vrp_edges": 0,
          "base_edges": 0
        },
        {
          "archive": 36,
          "total_inputs": 16502,
          "vrp_edges": 0,
          "base_edges": 0
        },
        {
          "archive": 37,
          "total_inputs": 16548,
          "vrp_edges": 0,
          "base_edges": 0
        },
        {
          "archive": 38,
          "total_inputs": 16576,
          "vrp_edges": 0,
          "base_edges": 0
        },
        {
          "archive": 39,
          "total_inputs": 16639,
          "vrp_edges": 0,
          "base_edges": 0
        },
        {
          "archive": 40,
          "total_inputs": 16700,
          "vrp_edges": 0,
          "base_edges": 0
        },
        {
          "archive": 41,
          "total_inputs": 16736,
          "vrp_edges": 0,
          "base_edges": 0
        },
        {
          "archive": 42,
          "total_inputs": 16774,
          "vrp_edges": 0,
          "base_edges": 0
        },
        {
          "archive": 43,
          "total_inputs": 16812,
          "vrp_edges": 0,
          "base_edges": 0
        },
        {
          "archive": 44,
          "total_inputs": 16832,
          "vrp_edges": 0,
          "base_edges": 0
        },
        {
          "archive": 45,
          "total_inputs": 16862,
          "vrp_edges": 0,
          "base_edges": 0
        },
        {
          "archive": 46,
          "total_inputs": 16886,
          "vrp_edges": 0,
          "base_edges": 0
        },
        {
          "archive": 47,
          "total_inputs": 17365,
          "vrp_edges": 0,
          "base_edges": 0
        },
        {
          "archive": 48,
          "total_inputs": 17514,
          "vrp_edges": 0,
          "base_edges": 0
        },
        {
          "archive": 49,
          "total_inputs": 17571,
          "vrp_edges": 0,
          "base_edges": 0
        },
        {
          "archive": 50,
          "total_inputs": 17622,
          "vrp_edges": 0,
          "base_edges": 0
        },
        {
          "archive": 51,
          "total_inputs": 17675,
          "vrp_edges": 0,
          "base_edges": 0
        },
        {
          "archive": 52,
          "total_inputs": 17710,
          "vrp_edges": 0,
          "base_edges": 0
        },
        {
          "archive": 53,
          "total_inputs": 17742,
          "vrp_edges": 0,
          "base_edges": 0
        },
        {
          "archive": 54,
          "total_inputs": 17761,
          "vrp_edges": 0,
          "base_edges": 0
        },
        {
          "archive": 55,
          "total_inputs": 17790,
          "vrp_edges": 0,
          "base_edges": 0
        },
        {
          "archive": 56,
          "total_inputs": 17824,
          "vrp_edges": 0,
          "base_edges": 0
        },
        {
          "archive": 57,
          "total_inputs": 17847,
          "vrp_edges": 0,
          "base_edges": 0
        },
        {
          "archive": 58,
          "total_inputs": 17866,
          "vrp_edges": 0,
          "base_edges": 0
        },
        {
          "archive": 59,
          "total_inputs": 17872,
          "vrp_edges": 0,
          "base_edges": 0
        },
        {
          "archive": 60,
          "total_inputs": 17914,
          "vrp_edges": 0,
          "base_edges": 0
        },
        {
          "archive": 61,
          "total_inputs": 17928,
          "vrp_edges": 0,
          "base_edges": 0
        },
        {
          "archive": 62,
          "total_inputs": 17944,
          "vrp_edges": 0,
          "base_edges": 0
        },
        {
          "archive": 63,
          "total_inputs": 17959,
          "vrp_edges": 0,
          "base_edges": 0
        },
        {
          "archive": 64,
          "total_inputs": 17973,
          "vrp_edges": 0,
          "base_edges": 0
        },
        {
          "archive": 65,
          "total_inputs": 18125,
          "vrp_edges": 0,
          "base_edges": 0
        },
        {
          "archive": 66,
          "total_inputs": 18169,
          "vrp_edges": 0,
          "base_edges": 0
        },
        {
          "archive": 67,
          "total_inputs": 18206,
          "vrp_edges": 0,
          "base_edges": 0
        },
        {
          "archive": 68,
          "total_inputs": 18227,
          "vrp_edges": 0,
          "base_edges": 0
        },
        {
          "archive": 69,
          "total_inputs": 18245,
          "vrp_edges": 0,
          "base_edges": 0
        },
        {
          "archive": 70,
          "total_inputs": 18273,
          "vrp_edges": 0,
          "base_edges": 0
        },
        {
          "archive": 71,
          "total_inputs": 18291,
          "vrp_edges": 0,
          "base_edges": 0
        },
        {
          "archive": 72,
          "total_inputs": 18300,
          "vrp_edges": 0,
          "base_edges": 0
        },
        {
          "archive": 73,
          "total_inputs": 18307,
          "vrp_edges": 0,
          "base_edges": 0
        },
        {
          "archive": 74,
          "total_inputs": 18319,
          "vrp_edges": 0,
          "base_edges": 0
        },
        {
          "archive": 75,
          "total_inputs": 18331,
          "vrp_edges": 0,
          "base_edges": 0
        },
        {
          "archive": 76,
          "total_inputs": 18347,
          "vrp_edges": 0,
          "base_edges": 0
        },
        {
          "archive": 77,
          "total_inputs": 18354,
          "vrp_edges": 0,
          "base_edges": 0
        },
        {
          "archive": 78,
          "total_inputs": 18363,
          "vrp_edges": 0,
          "base_edges": 0
        },
        {
          "archive": 79,
          "total_inputs": 18387,
          "vrp_edges": 0,
          "base_edges": 0
        },
        {
          "archive": 80,
          "total_inputs": 18393,
          "vrp_edges": 0,
          "base_edges": 0
        },
        {
          "archive": 81,
          "total_inputs": 18404,
          "vrp_edges": 0,
          "base_edges": 0
        },
        {
          "archive": 82,
          "total_inputs": 18413,
          "vrp_edges": 0,
          "base_edges": 0
        },
        {
          "archive": 83,
          "total_inputs": 18422,
          "vrp_edges": 0,
          "base_edges": 0
        },
        {
          "archive": 84,
          "total_inputs": 18438,
          "vrp_edges": 0,
          "base_edges": 0
        },
        {
          "archive": 85,
          "total_inputs": 18454,
          "vrp_edges": 0,
          "base_edges": 0
        },
        {
          "archive": 86,
          "total_inputs": 18466,
          "vrp_edges": 0,
          "base_edges": 0
        },
        {
          "archive": 87,
          "total_inputs": 18478,
          "vrp_edges": 0,
          "base_edges": 0
        },
        {
          "archive": 88,
          "total_inputs": 18488,
          "vrp_edges": 0,
          "base_edges": 0
        },
        {
          "archive": 89,
          "total_inputs": 18491,
          "vrp_edges": 0,
          "base_edges": 0
        },
        {
          "archive": 90,
          "total_inputs": 18500,
          "vrp_edges": 0,
          "base_edges": 0
        },
        {
          "archive": 91,
          "total_inputs": 18511,
          "vrp_edges": 0,
          "base_edges": 0
        },
        {
          "archive": 92,
          "total_inputs": 18521,
          "vrp_edges": 0,
          "base_edges": 0
        },
        {
          "archive": 93,
          "total_inputs": 18552,
          "vrp_edges": 0,
          "base_edges": 0
        },
        {
          "archive": 94,
          "total_inputs": 18560,
          "vrp_edges": 0,
          "base_edges": 0
        },
        {
          "archive": 95,
          "total_inputs": 18566,
          "vrp_edges": 0,
          "base_edges": 0
        },
        {
          "archive": 96,
          "total_inputs": 18566,
          "vrp_edges": 0,
          "base_edges": 0
        }
      ],
      "final_vrp_edges": 0,
      "final_base_edges": 0,
      "total_inputs": 18566
    },
    "speed": {
      "per_archive": [
        {
          "archive": 0,
          "inputs": 2,
          "mean_vrp_ms": 7.339,
          "mean_base_ms": 7.28,
          "overhead": 1.0081
        },
        {
          "archive": 1,
          "inputs": 6043,
          "mean_vrp_ms": 0.018,
          "mean_base_ms": 0.019,
          "overhead": 0.9734
        },
        {
          "archive": 2,
          "inputs": 2207,
          "mean_vrp_ms": 0.02,
          "mean_base_ms": 0.021,
          "overhead": 0.9453
        },
        {
          "archive": 3,
          "inputs": 1711,
          "mean_vrp_ms": 0.023,
          "mean_base_ms": 0.027,
          "overhead": 0.8848
        },
        {
          "archive": 4,
          "inputs": 1511,
          "mean_vrp_ms": 0.025,
          "mean_base_ms": 0.026,
          "overhead": 0.9575
        },
        {
          "archive": 5,
          "inputs": 644,
          "mean_vrp_ms": 0.039,
          "mean_base_ms": 0.036,
          "overhead": 1.083
        },
        {
          "archive": 6,
          "inputs": 586,
          "mean_vrp_ms": 0.036,
          "mean_base_ms": 0.036,
          "overhead": 0.9921
        },
        {
          "archive": 7,
          "inputs": 798,
          "mean_vrp_ms": 0.033,
          "mean_base_ms": 0.032,
          "overhead": 1.0294
        },
        {
          "archive": 8,
          "inputs": 459,
          "mean_vrp_ms": 0.043,
          "mean_base_ms": 0.043,
          "overhead": 0.9911
        },
        {
          "archive": 9,
          "inputs": 275,
          "mean_vrp_ms": 0.057,
          "mean_base_ms": 0.056,
          "overhead": 1.0179
        },
        {
          "archive": 10,
          "inputs": 105,
          "mean_vrp_ms": 0.135,
          "mean_base_ms": 0.138,
          "overhead": 0.9764
        },
        {
          "archive": 11,
          "inputs": 92,
          "mean_vrp_ms": 0.167,
          "mean_base_ms": 0.189,
          "overhead": 0.8832
        },
        {
          "archive": 12,
          "inputs": 71,
          "mean_vrp_ms": 0.2,
          "mean_base_ms": 0.17,
          "overhead": 1.1739
        },
        {
          "archive": 13,
          "inputs": 74,
          "mean_vrp_ms": 0.211,
          "mean_base_ms": 0.229,
          "overhead": 0.9184
        },
        {
          "archive": 14,
          "inputs": 104,
          "mean_vrp_ms": 0.139,
          "mean_base_ms": 0.14,
          "overhead": 0.9874
        },
        {
          "archive": 15,
          "inputs": 65,
          "mean_vrp_ms": 0.2,
          "mean_base_ms": 0.207,
          "overhead": 0.9671
        },
        {
          "archive": 16,
          "inputs": 58,
          "mean_vrp_ms": 0.213,
          "mean_base_ms": 0.218,
          "overhead": 0.9743
        },
        {
          "archive": 17,
          "inputs": 131,
          "mean_vrp_ms": 0.123,
          "mean_base_ms": 0.098,
          "overhead": 1.2662
        },
        {
          "archive": 18,
          "inputs": 84,
          "mean_vrp_ms": 0.16,
          "mean_base_ms": 0.151,
          "overhead": 1.0599
        },
        {
          "archive": 19,
          "inputs": 56,
          "mean_vrp_ms": 0.243,
          "mean_base_ms": 0.243,
          "overhead": 0.9988
        },
        {
          "archive": 20,
          "inputs": 77,
          "mean_vrp_ms": 0.226,
          "mean_base_ms": 0.173,
          "overhead": 1.3042
        },
        {
          "archive": 21,
          "inputs": 48,
          "mean_vrp_ms": 0.283,
          "mean_base_ms": 0.279,
          "overhead": 1.0145
        },
        {
          "archive": 22,
          "inputs": 85,
          "mean_vrp_ms": 0.163,
          "mean_base_ms": 0.154,
          "overhead": 1.057
        },
        {
          "archive": 23,
          "inputs": 64,
          "mean_vrp_ms": 0.248,
          "mean_base_ms": 0.205,
          "overhead": 1.2102
        },
        {
          "archive": 24,
          "inputs": 113,
          "mean_vrp_ms": 0.122,
          "mean_base_ms": 0.136,
          "overhead": 0.8969
        },
        {
          "archive": 25,
          "inputs": 149,
          "mean_vrp_ms": 0.124,
          "mean_base_ms": 0.107,
          "overhead": 1.156
        },
        {
          "archive": 26,
          "inputs": 129,
          "mean_vrp_ms": 0.114,
          "mean_base_ms": 0.112,
          "overhead": 1.0228
        },
        {
          "archive": 27,
          "inputs": 124,
          "mean_vrp_ms": 0.138,
          "mean_base_ms": 0.148,
          "overhead": 0.9324
        },
        {
          "archive": 28,
          "inputs": 78,
          "mean_vrp_ms": 0.177,
          "mean_base_ms": 0.175,
          "overhead": 1.0117
        },
        {
          "archive": 29,
          "inputs": 65,
          "mean_vrp_ms": 0.213,
          "mean_base_ms": 0.195,
          "overhead": 1.0936
        },
        {
          "archive": 30,
          "inputs": 54,
          "mean_vrp_ms": 0.34,
          "mean_base_ms": 0.241,
          "overhead": 1.4134
        },
        {
          "archive": 31,
          "inputs": 122,
          "mean_vrp_ms": 0.117,
          "mean_base_ms": 0.121,
          "overhead": 0.9646
        },
        {
          "archive": 32,
          "inputs": 62,
          "mean_vrp_ms": 0.224,
          "mean_base_ms": 0.204,
          "overhead": 1.0986
        },
        {
          "archive": 33,
          "inputs": 57,
          "mean_vrp_ms": 0.23,
          "mean_base_ms": 0.247,
          "overhead": 0.9318
        },
        {
          "archive": 34,
          "inputs": 34,
          "mean_vrp_ms": 0.456,
          "mean_base_ms": 0.393,
          "overhead": 1.1609
        },
        {
          "archive": 35,
          "inputs": 104,
          "mean_vrp_ms": 0.152,
          "mean_base_ms": 0.17,
          "overhead": 0.8962
        },
        {
          "archive": 36,
          "inputs": 61,
          "mean_vrp_ms": 0.228,
          "mean_base_ms": 0.221,
          "overhead": 1.03
        },
        {
          "archive": 37,
          "inputs": 46,
          "mean_vrp_ms": 0.283,
          "mean_base_ms": 0.273,
          "overhead": 1.0375
        },
        {
          "archive": 38,
          "inputs": 28,
          "mean_vrp_ms": 0.468,
          "mean_base_ms": 0.517,
          "overhead": 0.9057
        },
        {
          "archive": 39,
          "inputs": 63,
          "mean_vrp_ms": 0.267,
          "mean_base_ms": 0.218,
          "overhead": 1.2256
        },
        {
          "archive": 40,
          "inputs": 61,
          "mean_vrp_ms": 0.279,
          "mean_base_ms": 0.227,
          "overhead": 1.2291
        },
        {
          "archive": 41,
          "inputs": 36,
          "mean_vrp_ms": 0.454,
          "mean_base_ms": 0.43,
          "overhead": 1.0541
        },
        {
          "archive": 42,
          "inputs": 38,
          "mean_vrp_ms": 0.356,
          "mean_base_ms": 0.344,
          "overhead": 1.0352
        },
        {
          "archive": 43,
          "inputs": 38,
          "mean_vrp_ms": 0.403,
          "mean_base_ms": 0.354,
          "overhead": 1.1374
        },
        {
          "archive": 44,
          "inputs": 20,
          "mean_vrp_ms": 0.652,
          "mean_base_ms": 0.604,
          "overhead": 1.0783
        },
        {
          "archive": 45,
          "inputs": 30,
          "mean_vrp_ms": 0.541,
          "mean_base_ms": 0.425,
          "overhead": 1.2747
        },
        {
          "archive": 46,
          "inputs": 24,
          "mean_vrp_ms": 0.575,
          "mean_base_ms": 0.511,
          "overhead": 1.1259
        },
        {
          "archive": 47,
          "inputs": 479,
          "mean_vrp_ms": 0.046,
          "mean_base_ms": 0.043,
          "overhead": 1.0762
        },
        {
          "archive": 48,
          "inputs": 149,
          "mean_vrp_ms": 0.116,
          "mean_base_ms": 0.125,
          "overhead": 0.9294
        },
        {
          "archive": 49,
          "inputs": 57,
          "mean_vrp_ms": 0.308,
          "mean_base_ms": 0.227,
          "overhead": 1.3549
        },
        {
          "archive": 50,
          "inputs": 51,
          "mean_vrp_ms": 0.307,
          "mean_base_ms": 0.282,
          "overhead": 1.0864
        },
        {
          "archive": 51,
          "inputs": 53,
          "mean_vrp_ms": 0.236,
          "mean_base_ms": 0.245,
          "overhead": 0.9618
        },
        {
          "archive": 52,
          "inputs": 35,
          "mean_vrp_ms": 0.454,
          "mean_base_ms": 0.374,
          "overhead": 1.212
        },
        {
          "archive": 53,
          "inputs": 32,
          "mean_vrp_ms": 0.517,
          "mean_base_ms": 0.375,
          "overhead": 1.379
        },
        {
          "archive": 54,
          "inputs": 19,
          "mean_vrp_ms": 0.823,
          "mean_base_ms": 0.646,
          "overhead": 1.2735
        },
        {
          "archive": 55,
          "inputs": 29,
          "mean_vrp_ms": 0.429,
          "mean_base_ms": 0.419,
          "overhead": 1.0235
        },
        {
          "archive": 56,
          "inputs": 34,
          "mean_vrp_ms": 0.449,
          "mean_base_ms": 0.427,
          "overhead": 1.051
        },
        {
          "archive": 57,
          "inputs": 23,
          "mean_vrp_ms": 0.546,
          "mean_base_ms": 0.551,
          "overhead": 0.9916
        },
        {
          "archive": 58,
          "inputs": 19,
          "mean_vrp_ms": 0.847,
          "mean_base_ms": 0.579,
          "overhead": 1.4637
        },
        {
          "archive": 59,
          "inputs": 6,
          "mean_vrp_ms": 2.194,
          "mean_base_ms": 2.296,
          "overhead": 0.9555
        },
        {
          "archive": 60,
          "inputs": 42,
          "mean_vrp_ms": 0.352,
          "mean_base_ms": 0.35,
          "overhead": 1.0061
        },
        {
          "archive": 61,
          "inputs": 14,
          "mean_vrp_ms": 0.967,
          "mean_base_ms": 0.927,
          "overhead": 1.0426
        },
        {
          "archive": 62,
          "inputs": 16,
          "mean_vrp_ms": 0.851,
          "mean_base_ms": 0.738,
          "overhead": 1.1526
        },
        {
          "archive": 63,
          "inputs": 15,
          "mean_vrp_ms": 0.846,
          "mean_base_ms": 0.939,
          "overhead": 0.9007
        },
        {
          "archive": 64,
          "inputs": 14,
          "mean_vrp_ms": 0.945,
          "mean_base_ms": 0.916,
          "overhead": 1.0313
        },
        {
          "archive": 65,
          "inputs": 152,
          "mean_vrp_ms": 0.105,
          "mean_base_ms": 0.093,
          "overhead": 1.131
        },
        {
          "archive": 66,
          "inputs": 44,
          "mean_vrp_ms": 0.299,
          "mean_base_ms": 0.27,
          "overhead": 1.1068
        },
        {
          "archive": 67,
          "inputs": 37,
          "mean_vrp_ms": 0.36,
          "mean_base_ms": 0.366,
          "overhead": 0.9818
        },
        {
          "archive": 68,
          "inputs": 21,
          "mean_vrp_ms": 0.729,
          "mean_base_ms": 0.59,
          "overhead": 1.235
        },
        {
          "archive": 69,
          "inputs": 18,
          "mean_vrp_ms": 0.775,
          "mean_base_ms": 0.673,
          "overhead": 1.1512
        },
        {
          "archive": 70,
          "inputs": 28,
          "mean_vrp_ms": 0.504,
          "mean_base_ms": 0.561,
          "overhead": 0.8996
        },
        {
          "archive": 71,
          "inputs": 18,
          "mean_vrp_ms": 0.672,
          "mean_base_ms": 0.728,
          "overhead": 0.9227
        },
        {
          "archive": 72,
          "inputs": 9,
          "mean_vrp_ms": 1.589,
          "mean_base_ms": 1.409,
          "overhead": 1.1278
        },
        {
          "archive": 73,
          "inputs": 7,
          "mean_vrp_ms": 1.943,
          "mean_base_ms": 2.264,
          "overhead": 0.858
        },
        {
          "archive": 74,
          "inputs": 12,
          "mean_vrp_ms": 1.069,
          "mean_base_ms": 1.098,
          "overhead": 0.973
        },
        {
          "archive": 75,
          "inputs": 12,
          "mean_vrp_ms": 1.044,
          "mean_base_ms": 0.989,
          "overhead": 1.0554
        },
        {
          "archive": 76,
          "inputs": 16,
          "mean_vrp_ms": 0.956,
          "mean_base_ms": 0.784,
          "overhead": 1.2199
        },
        {
          "archive": 77,
          "inputs": 7,
          "mean_vrp_ms": 2.36,
          "mean_base_ms": 1.941,
          "overhead": 1.2158
        },
        {
          "archive": 78,
          "inputs": 9,
          "mean_vrp_ms": 1.445,
          "mean_base_ms": 1.505,
          "overhead": 0.9601
        },
        {
          "archive": 79,
          "inputs": 24,
          "mean_vrp_ms": 0.545,
          "mean_base_ms": 0.517,
          "overhead": 1.0548
        },
        {
          "archive": 80,
          "inputs": 6,
          "mean_vrp_ms": 1.975,
          "mean_base_ms": 2.068,
          "overhead": 0.955
        },
        {
          "archive": 81,
          "inputs": 11,
          "mean_vrp_ms": 1.089,
          "mean_base_ms": 1.088,
          "overhead": 1.0012
        },
        {
          "archive": 82,
          "inputs": 9,
          "mean_vrp_ms": 1.63,
          "mean_base_ms": 1.349,
          "overhead": 1.2085
        },
        {
          "archive": 83,
          "inputs": 9,
          "mean_vrp_ms": 1.641,
          "mean_base_ms": 1.204,
          "overhead": 1.3632
        },
        {
          "archive": 84,
          "inputs": 16,
          "mean_vrp_ms": 0.864,
          "mean_base_ms": 0.975,
          "overhead": 0.8857
        },
        {
          "archive": 85,
          "inputs": 16,
          "mean_vrp_ms": 0.846,
          "mean_base_ms": 0.781,
          "overhead": 1.0836
        },
        {
          "archive": 86,
          "inputs": 12,
          "mean_vrp_ms": 1.098,
          "mean_base_ms": 1.24,
          "overhead": 0.8856
        },
        {
          "archive": 87,
          "inputs": 12,
          "mean_vrp_ms": 1.47,
          "mean_base_ms": 1.075,
          "overhead": 1.3676
        },
        {
          "archive": 88,
          "inputs": 10,
          "mean_vrp_ms": 1.349,
          "mean_base_ms": 1.087,
          "overhead": 1.2409
        },
        {
          "archive": 89,
          "inputs": 3,
          "mean_vrp_ms": 4.575,
          "mean_base_ms": 4.695,
          "overhead": 0.9744
        },
        {
          "archive": 90,
          "inputs": 9,
          "mean_vrp_ms": 1.464,
          "mean_base_ms": 1.513,
          "overhead": 0.9671
        },
        {
          "archive": 91,
          "inputs": 11,
          "mean_vrp_ms": 1.136,
          "mean_base_ms": 1.129,
          "overhead": 1.0055
        },
        {
          "archive": 92,
          "inputs": 10,
          "mean_vrp_ms": 1.337,
          "mean_base_ms": 1.422,
          "overhead": 0.9403
        },
        {
          "archive": 93,
          "inputs": 31,
          "mean_vrp_ms": 0.404,
          "mean_base_ms": 0.389,
          "overhead": 1.0393
        },
        {
          "archive": 94,
          "inputs": 8,
          "mean_vrp_ms": 1.534,
          "mean_base_ms": 1.814,
          "overhead": 0.8457
        },
        {
          "archive": 95,
          "inputs": 6,
          "mean_vrp_ms": 2.128,
          "mean_base_ms": 2.286,
          "overhead": 0.9308
        },
        {
          "archive": 96,
          "inputs": 0,
          "mean_vrp_ms": 0.0,
          "mean_base_ms": 0.0,
          "overhead": 0.0
        }
      ],
      "summary": {
        "total_inputs": 18566,
        "vrp_mean_ms": 0.086,
        "vrp_median_ms": 0.023,
        "vrp_p95_ms": 0.352,
        "vrp_p99_ms": 0.967,
        "base_mean_ms": 0.083,
        "base_median_ms": 0.026,
        "base_p95_ms": 0.344,
        "base_p99_ms": 0.975,
        "mean_overhead": 1.04
      }
    }
  }
}