{
  "experiment": "vrp-unfold-eval-big04",
  "benchmark": "freetype2_ftfuzzer",
  "fuzzer": "aflplusplus_vrp_lto",
  "instance": "44945",
  "archives_processed": 97,
  "total_inputs": 16508,
  "elapsed_seconds": 15.4,
  "analyzer_results": {
    "vrp_hit_entanglement": {
      "per_archive": [
        {
          "archive": 0,
          "new_inputs": 2,
          "cumulative_inputs": 2,
          "new_vrp_edges": 0,
          "new_base_edges": 0,
          "cumulative_vrp_edges": 0,
          "cumulative_base_edges": 0,
          "classifications": {
            "vrp_only": 0,
            "both": 0,
            "base_only": 0,
            "neither": 2
          }
        },
        {
          "archive": 1,
          "new_inputs": 6165,
          "cumulative_inputs": 6167,
          "new_vrp_edges": 0,
          "new_base_edges": 0,
          "cumulative_vrp_edges": 0,
          "cumulative_base_edges": 0,
          "classifications": {
            "vrp_only": 0,
            "both": 0,
            "base_only": 0,
            "neither": 6165
          }
        },
        {
          "archive": 2,
          "new_inputs": 2431,
          "cumulative_inputs": 8598,
          "new_vrp_edges": 0,
          "new_base_edges": 0,
          "cumulative_vrp_edges": 0,
          "cumulative_base_edges": 0,
          "classifications": {
            "vrp_only": 0,
            "both": 0,
            "base_only": 0,
            "neither": 2431
          }
        },
        {
          "archive": 3,
          "new_inputs": 1139,
          "cumulative_inputs": 9737,
          "new_vrp_edges": 0,
          "new_base_edges": 0,
          "cumulative_vrp_edges": 0,
          "cumulative_base_edges": 0,
          "classifications": {
            "vrp_only": 0,
            "both": 0,
            "base_only": 0,
            "neither": 1139
          }
        },
        {
          "archive": 4,
          "new_inputs": 1000,
          "cumulative_inputs": 10737,
          "new_vrp_edges": 0,
          "new_base_edges": 0,
          "cumulative_vrp_edges": 0,
          "cumulative_base_edges": 0,
          "classifications": {
            "vrp_only": 0,
            "both": 0,
            "base_only": 0,
            "neither": 1000
          }
        },
        {
          "archive": 5,
          "new_inputs": 778,
          "cumulative_inputs": 11515,
          "new_vrp_edges": 0,
          "new_base_edges": 0,
          "cumulative_vrp_edges": 0,
          "cumulative_base_edges": 0,
          "classifications": {
            "vrp_only": 0,
            "both": 0,
            "base_only": 0,
            "neither": 778
          }
        },
        {
          "archive": 6,
          "new_inputs": 521,
          "cumulative_inputs": 12036,
          "new_vrp_edges": 0,
          "new_base_edges": 0,
          "cumulative_vrp_edges": 0,
          "cumulative_base_edges": 0,
          "classifications": {
            "vrp_only": 0,
            "both": 0,
            "base_only": 0,
            "neither": 521
          }
        },
        {
          "archive": 7,
          "new_inputs": 364,
          "cumulative_inputs": 12400,
          "new_vrp_edges": 0,
          "new_base_edges": 0,
          "cumulative_vrp_edges": 0,
          "cumulative_base_edges": 0,
          "classifications": {
            "vrp_only": 0,
            "both": 0,
            "base_only": 0,
            "neither": 364
          }
        },
        {
          "archive": 8,
          "new_inputs": 441,
          "cumulative_inputs": 12841,
          "new_vrp_edges": 0,
          "new_base_edges": 0,
          "cumulative_vrp_edges": 0,
          "cumulative_base_edges": 0,
          "classifications": {
            "vrp_only": 0,
            "both": 0,
            "base_only": 0,
            "neither": 441
          }
        },
        {
          "archive": 9,
          "new_inputs": 209,
          "cumulative_inputs": 13050,
          "new_vrp_edges": 0,
          "new_base_edges": 0,
          "cumulative_vrp_edges": 0,
          "cumulative_base_edges": 0,
          "classifications": {
            "vrp_only": 0,
            "both": 0,
            "base_only": 0,
            "neither": 209
          }
        },
        {
          "archive": 10,
          "new_inputs": 201,
          "cumulative_inputs": 13251,
          "new_vrp_edges": 0,
          "new_base_edges": 0,
          "cumulative_vrp_edges": 0,
          "cumulative_base_edges": 0,
          "classifications": {
            "vrp_only": 0,
            "both": 0,
            "base_only": 0,
            "neither": 201
          }
        },
        {
          "archive": 11,
          "new_inputs": 221,
          "cumulative_inputs": 13472,
          "new_vrp_edges": 0,
          "new_base_edges": 0,
          "cumulative_vrp_edges": 0,
          "cumulative_base_edges": 0,
          "classifications": {
            "vrp_only": 0,
            "both": 0,
            "base_only": 0,
            "neither": 221
          }
        },
        {
          "archive": 12,
          "new_inputs": 143,
          "cumulative_inputs": 13615,
          "new_vrp_edges": 0,
          "new_base_edges": 0,
          "cumulative_vrp_edges": 0,
          "cumulative_base_edges": 0,
          "classifications": {
            "vrp_only": 0,
            "both": 0,
            "base_only": 0,
            "neither": 143
          }
        },
        {
          "archive": 13,
          "new_inputs": 163,
          "cumulative_inputs": 13778,
          "new_vrp_edges": 0,
          "new_base_edges": 0,
          "cumulative_vrp_edges": 0,
          "cumulative_base_edges": 0,
          "classifications": {
            "vrp_only": 0,
            "both": 0,
            "base_only": 0,
            "neither": 163
          }
        },
        {
          "archive": 14,
          "new_inputs": 124,
          "cumulative_inputs": 13902,
          "new_vrp_edges": 0,
          "new_base_edges": 0,
          "cumulative_vrp_edges": 0,
          "cumulative_base_edges": 0,
          "classifications": {
            "vrp_only": 0,
            "both": 0,
            "base_only": 0,
            "neither": 124
          }
        },
        {
          "archive": 15,
          "new_inputs": 88,
          "cumulative_inputs": 13990,
          "new_vrp_edges": 0,
          "new_base_edges": 0,
          "cumulative_vrp_edges": 0,
          "cumulative_base_edges": 0,
          "classifications": {
            "vrp_only": 0,
            "both": 0,
            "base_only": 0,
            "neither": 88
          }
        },
        {
          "archive": 16,
          "new_inputs": 125,
          "cumulative_inputs": 14115,
          "new_vrp_edges": 0,
          "new_base_edges": 0,
          "cumulative_vrp_edges": 0,
          "cumulative_base_edges": 0,
          "classifications": {
            "vrp_only": 0,
            "both": 0,
            "base_only": 0,
            "neither": 125
          }
        },
        {
          "archive": 17,
          "new_inputs": 74,
          "cumulative_inputs": 14189,
          "new_vrp_edges": 0,
          "new_base_edges": 0,
          "cumulative_vrp_edges": 0,
          "cumulative_base_edges": 0,
          "classifications": {
            "vrp_only": 0,
            "both": 0,
            "base_only": 0,
            "neither": 74
          }
        },
        {
          "archive": 18,
          "new_inputs": 80,
          "cumulative_inputs": 14269,
          "new_vrp_edges": 0,
          "new_base_edges": 0,
          "cumulative_vrp_edges": 0,
          "cumulative_base_edges": 0,
          "classifications": {
            "vrp_only": 0,
            "both": 0,
            "base_only": 0,
            "neither": 80
          }
        },
        {
          "archive": 19,
          "new_inputs": 126,
          "cumulative_inputs": 14395,
          "new_vrp_edges": 0,
          "new_base_edges": 0,
          "cumulative_vrp_edges": 0,
          "cumulative_base_edges": 0,
          "classifications": {
            "vrp_only": 0,
            "both": 0,
            "base_only": 0,
            "neither": 126
          }
        },
        {
          "archive": 20,
          "new_inputs": 46,
          "cumulative_inputs": 14441,
          "new_vrp_edges": 0,
          "new_base_edges": 0,
          "cumulative_vrp_edges": 0,
          "cumulative_base_edges": 0,
          "classifications": {
            "vrp_only": 0,
            "both": 0,
            "base_only": 0,
            "neither": 46
          }
        },
        {
          "archive": 21,
          "new_inputs": 22,
          "cumulative_inputs": 14463,
          "new_vrp_edges": 0,
          "new_base_edges": 0,
          "cumulative_vrp_edges": 0,
          "cumulative_base_edges": 0,
          "classifications": {
            "vrp_only": 0,
            "both": 0,
            "base_only": 0,
            "neither": 22
          }
        },
        {
          "archive": 22,
          "new_inputs": 82,
          "cumulative_inputs": 14545,
          "new_vrp_edges": 0,
          "new_base_edges": 0,
          "cumulative_vrp_edges": 0,
          "cumulative_base_edges": 0,
          "classifications": {
            "vrp_only": 0,
            "both": 0,
            "base_only": 0,
            "neither": 82
          }
        },
        {
          "archive": 23,
          "new_inputs": 174,
          "cumulative_inputs": 14719,
          "new_vrp_edges": 0,
          "new_base_edges": 0,
          "cumulative_vrp_edges": 0,
          "cumulative_base_edges": 0,
          "classifications": {
            "vrp_only": 0,
            "both": 0,
            "base_only": 0,
            "neither": 174
          }
        },
        {
          "archive": 24,
          "new_inputs": 36,
          "cumulative_inputs": 14755,
          "new_vrp_edges": 0,
          "new_base_edges": 0,
          "cumulative_vrp_edges": 0,
          "cumulative_base_edges": 0,
          "classifications": {
            "vrp_only": 0,
            "both": 0,
            "base_only": 0,
            "neither": 36
          }
        },
        {
          "archive": 25,
          "new_inputs": 60,
          "cumulative_inputs": 14815,
          "new_vrp_edges": 0,
          "new_base_edges": 0,
          "cumulative_vrp_edges": 0,
          "cumulative_base_edges": 0,
          "classifications": {
            "vrp_only": 0,
            "both": 0,
            "base_only": 0,
            "neither": 60
          }
        },
        {
          "archive": 26,
          "new_inputs": 34,
          "cumulative_inputs": 14849,
          "new_vrp_edges": 0,
          "new_base_edges": 0,
          "cumulative_vrp_edges": 0,
          "cumulative_base_edges": 0,
          "classifications": {
            "vrp_only": 0,
            "both": 0,
            "base_only": 0,
            "neither": 34
          }
        },
        {
          "archive": 27,
          "new_inputs": 94,
          "cumulative_inputs": 14943,
          "new_vrp_edges": 0,
          "new_base_edges": 0,
          "cumulative_vrp_edges": 0,
          "cumulative_base_edges": 0,
          "classifications": {
            "vrp_only": 0,
            "both": 0,
            "base_only": 0,
            "neither": 94
          }
        },
        {
          "archive": 28,
          "new_inputs": 34,
          "cumulative_inputs": 14977,
          "new_vrp_edges": 0,
          "new_base_edges": 0,
          "cumulative_vrp_edges": 0,
          "cumulative_base_edges": 0,
          "classifications": {
            "vrp_only": 0,
            "both": 0,
            "base_only": 0,
            "neither": 34
          }
        },
        {
          "archive": 29,
          "new_inputs": 24,
          "cumulative_inputs": 15001,
          "new_vrp_edges": 0,
          "new_base_edges": 0,
          "cumulative_vrp_edges": 0,
          "cumulative_base_edges": 0,
          "classifications": {
            "vrp_only": 0,
            "both": 0,
            "base_only": 0,
            "neither": 24
          }
        },
        {
          "archive": 30,
          "new_inputs": 38,
          "cumulative_inputs": 15039,
          "new_vrp_edges": 0,
          "new_base_edges": 0,
          "cumulative_vrp_edges": 0,
          "cumulative_base_edges": 0,
          "classifications": {
            "vrp_only": 0,
            "both": 0,
            "base_only": 0,
            "neither": 38
          }
        },
        {
          "archive": 31,
          "new_inputs": 24,
          "cumulative_inputs": 15063,
          "new_vrp_edges": 0,
          "new_base_edges": 0,
          "cumulative_vrp_edges": 0,
          "cumulative_base_edges": 0,
          "classifications": {
            "vrp_only": 0,
            "both": 0,
            "base_only": 0,
            "neither": 24
          }
        },
        {
          "archive": 32,
          "new_inputs": 33,
          "cumulative_inputs": 15096,
          "new_vrp_edges": 0,
          "new_base_edges": 0,
          "cumulative_vrp_edges": 0,
          "cumulative_base_edges": 0,
          "classifications": {
            "vrp_only": 0,
            "both": 0,
            "base_only": 0,
            "neither": 33
          }
        },
        {
          "archive": 33,
          "new_inputs": 27,
          "cumulative_inputs": 15123,
          "new_vrp_edges": 0,
          "new_base_edges": 0,
          "cumulative_vrp_edges": 0,
          "cumulative_base_edges": 0,
          "classifications": {
            "vrp_only": 0,
            "both": 0,
            "base_only": 0,
            "neither": 27
          }
        },
        {
          "archive": 34,
          "new_inputs": 4,
          "cumulative_inputs": 15127,
          "new_vrp_edges": 0,
          "new_base_edges": 0,
          "cumulative_vrp_edges": 0,
          "cumulative_base_edges": 0,
          "classifications": {
            "vrp_only": 0,
            "both": 0,
            "base_only": 0,
            "neither": 4
          }
        },
        {
          "archive": 35,
          "new_inputs": 14,
          "cumulative_inputs": 15141,
          "new_vrp_edges": 0,
          "new_base_edges": 0,
          "cumulative_vrp_edges": 0,
          "cumulative_base_edges": 0,
          "classifications": {
            "vrp_only": 0,
            "both": 0,
            "base_only": 0,
            "neither": 14
          }
        },
        {
          "archive": 36,
          "new_inputs": 22,
          "cumulative_inputs": 15163,
          "new_vrp_edges": 0,
          "new_base_edges": 0,
          "cumulative_vrp_edges": 0,
          "cumulative_base_edges": 0,
          "classifications": {
            "vrp_only": 0,
            "both": 0,
            "base_only": 0,
            "neither": 22
          }
        },
        {
          "archive": 37,
          "new_inputs": 51,
          "cumulative_inputs": 15214,
          "new_vrp_edges": 0,
          "new_base_edges": 0,
          "cumulative_vrp_edges": 0,
          "cumulative_base_edges": 0,
          "classifications": {
            "vrp_only": 0,
            "both": 0,
            "base_only": 0,
            "neither": 51
          }
        },
        {
          "archive": 38,
          "new_inputs": 24,
          "cumulative_inputs": 15238,
          "new_vrp_edges": 0,
          "new_base_edges": 0,
          "cumulative_vrp_edges": 0,
          "cumulative_base_edges": 0,
          "classifications": {
            "vrp_only": 0,
            "both": 0,
            "base_only": 0,
            "neither": 24
          }
        },
        {
          "archive": 39,
          "new_inputs": 25,
          "cumulative_inputs": 15263,
          "new_vrp_edges": 0,
          "new_base_edges": 0,
          "cumulative_vrp_edges": 0,
          "cumulative_base_edges": 0,
          "classifications": {
            "vrp_only": 0,
            "both": 0,
            "base_only": 0,
            "neither": 25
          }
        },
        {
          "archive": 40,
          "new_inputs": 12,
          "cumulative_inputs": 15275,
          "new_vrp_edges": 0,
          "new_base_edges": 0,
          "cumulative_vrp_edges": 0,
          "cumulative_base_edges": 0,
          "classifications": {
            "vrp_only": 0,
            "both": 0,
            "base_only": 0,
            "neither": 12
          }
        },
        {
          "archive": 41,
          "new_inputs": 80,
          "cumulative_inputs": 15355,
          "new_vrp_edges": 0,
          "new_base_edges": 0,
          "cumulative_vrp_edges": 0,
          "cumulative_base_edges": 0,
          "classifications": {
            "vrp_only": 0,
            "both": 0,
            "base_only": 0,
            "neither": 80
          }
        },
        {
          "archive": 42,
          "new_inputs": 15,
          "cumulative_inputs": 15370,
          "new_vrp_edges": 0,
          "new_base_edges": 0,
          "cumulative_vrp_edges": 0,
          "cumulative_base_edges": 0,
          "classifications": {
            "vrp_only": 0,
            "both": 0,
            "base_only": 0,
            "neither": 15
          }
        },
        {
          "archive": 43,
          "new_inputs": 14,
          "cumulative_inputs": 15384,
          "new_vrp_edges": 0,
          "new_base_edges": 0,
          "cumulative_vrp_edges": 0,
          "cumulative_base_edges": 0,
          "classifications": {
            "vrp_only": 0,
            "both": 0,
            "base_only": 0,
            "neither": 14
          }
        },
        {
          "archive": 44,
          "new_inputs": 27,
          "cumulative_inputs": 15411,
          "new_vrp_edges": 0,
          "new_base_edges": 0,
          "cumulative_vrp_edges": 0,
          "cumulative_base_edges": 0,
          "classifications": {
            "vrp_only": 0,
            "both": 0,
            "base_only": 0,
            "neither": 27
          }
        },
        {
          "archive": 45,
          "new_inputs": 28,
          "cumulative_inputs": 15439,
          "new_vrp_edges": 0,
          "new_base_edges": 0,
          "cumulative_vrp_edges": 0,
          "cumulative_base_edges": 0,
          "classifications": {
            "vrp_only": 0,
            "both": 0,
            "base_only": 0,
            "neither": 28
          }
        },
        {
          "archive": 46,
          "new_inputs": 15,
          "cumulative_inputs": 15454,
          "new_vrp_edges": 0,
          "new_base_edges": 0,
          "cumulative_vrp_edges": 0,
          "cumulative_base_edges": 0,
          "classifications": {
            "vrp_only": 0,
            "both": 0,
            "base_only": 0,
            "neither": 15
          }
        },
        {
          "archive": 47,
          "new_inputs": 45,
          "cumulative_inputs": 15499,
          "new_vrp_edges": 0,
          "new_base_edges": 0,
          "cumulative_vrp_edges": 0,
          "cumulative_base_edges": 0,
          "classifications": {
            "vrp_only": 0,
            "both": 0,
            "base_only": 0,
            "neither": 45
          }
        },
        {
          "archive": 48,
          "new_inputs": 16,
          "cumulative_inputs": 15515,
          "new_vrp_edges": 0,
          "new_base_edges": 0,
          "cumulative_vrp_edges": 0,
          "cumulative_base_edges": 0,
          "classifications": {
            "vrp_only": 0,
            "both": 0,
            "base_only": 0,
            "neither": 16
          }
        },
        {
          "archive": 49,
          "new_inputs": 20,
          "cumulative_inputs": 15535,
          "new_vrp_edges": 0,
          "new_base_edges": 0,
          "cumulative_vrp_edges": 0,
          "cumulative_base_edges": 0,
          "classifications": {
            "vrp_only": 0,
            "both": 0,
            "base_only": 0,
            "neither": 20
          }
        },
        {
          "archive": 50,
          "new_inputs": 32,
          "cumulative_inputs": 15567,
          "new_vrp_edges": 0,
          "new_base_edges": 0,
          "cumulative_vrp_edges": 0,
          "cumulative_base_edges": 0,
          "classifications": {
            "vrp_only": 0,
            "both": 0,
            "base_only": 0,
            "neither": 32
          }
        },
        {
          "archive": 51,
          "new_inputs": 23,
          "cumulative_inputs": 15590,
          "new_vrp_edges": 0,
          "new_base_edges": 0,
          "cumulative_vrp_edges": 0,
          "cumulative_base_edges": 0,
          "classifications": {
            "vrp_only": 0,
            "both": 0,
            "base_only": 0,
            "neither": 23
          }
        },
        {
          "archive": 52,
          "new_inputs": 11,
          "cumulative_inputs": 15601,
          "new_vrp_edges": 0,
          "new_base_edges": 0,
          "cumulative_vrp_edges": 0,
          "cumulative_base_edges": 0,
          "classifications": {
            "vrp_only": 0,
            "both": 0,
            "base_only": 0,
            "neither": 11
          }
        },
        {
          "archive": 53,
          "new_inputs": 22,
          "cumulative_inputs": 15623,
          "new_vrp_edges": 0,
          "new_base_edges": 0,
          "cumulative_vrp_edges": 0,
          "cumulative_base_edges": 0,
          "classifications": {
            "vrp_only": 0,
            "both": 0,
            "base_only": 0,
            "neither": 22
          }
        },
        {
          "archive": 54,
          "new_inputs": 12,
          "cumulative_inputs": 15635,
          "new_vrp_edges": 0,
          "new_base_edges": 0,
          "cumulative_vrp_edges": 0,
          "cumulative_base_edges": 0,
          "classifications": {
            "vrp_only": 0,
            "both": 0,
            "base_only": 0,
            "neither": 12
          }
        },
        {
          "archive": 55,
          "new_inputs": 10,
          "cumulative_inputs": 15645,
          "new_vrp_edges": 0,
          "new_base_edges": 0,
          "cumulative_vrp_edges": 0,
          "cumulative_base_edges": 0,
          "classifications": {
            "vrp_only": 0,
            "both": 0,
            "base_only": 0,
            "neither": 10
          }
        },
        {
          "archive": 56,
          "new_inputs": 33,
          "cumulative_inputs": 15678,
          "new_vrp_edges": 0,
          "new_base_edges": 0,
          "cumulative_vrp_edges": 0,
          "cumulative_base_edges": 0,
          "classifications": {
            "vrp_only": 0,
            "both": 0,
            "base_only": 0,
            "neither": 33
          }
        },
        {
          "archive": 57,
          "new_inputs": 108,
          "cumulative_inputs": 15786,
          "new_vrp_edges": 0,
          "new_base_edges": 0,
          "cumulative_vrp_edges": 0,
          "cumulative_base_edges": 0,
          "classifications": {
            "vrp_only": 0,
            "both": 0,
            "base_only": 0,
            "neither": 108
          }
        },
        {
          "archive": 58,
          "new_inputs": 19,
          "cumulative_inputs": 15805,
          "new_vrp_edges": 0,
          "new_base_edges": 0,
          "cumulative_vrp_edges": 0,
          "cumulative_base_edges": 0,
          "classifications": {
            "vrp_only": 0,
            "both": 0,
            "base_only": 0,
            "neither": 19
          }
        },
        {
          "archive": 59,
          "new_inputs": 11,
          "cumulative_inputs": 15816,
          "new_vrp_edges": 0,
          "new_base_edges": 0,
          "cumulative_vrp_edges": 0,
          "cumulative_base_edges": 0,
          "classifications": {
            "vrp_only": 0,
            "both": 0,
            "base_only": 0,
            "neither": 11
          }
        },
        {
          "archive": 60,
          "new_inputs": 18,
          "cumulative_inputs": 15834,
          "new_vrp_edges": 0,
          "new_base_edges": 0,
          "cumulative_vrp_edges": 0,
          "cumulative_base_edges": 0,
          "classifications": {
            "vrp_only": 0,
            "both": 0,
            "base_only": 0,
            "neither": 18
          }
        },
        {
          "archive": 61,
          "new_inputs": 9,
          "cumulative_inputs": 15843,
          "new_vrp_edges": 0,
          "new_base_edges": 0,
          "cumulative_vrp_edges": 0,
          "cumulative_base_edges": 0,
          "classifications": {
            "vrp_only": 0,
            "both": 0,
            "base_only": 0,
            "neither": 9
          }
        },
        {
          "archive": 62,
          "new_inputs": 11,
          "cumulative_inputs": 15854,
          "new_vrp_edges": 0,
          "new_base_edges": 0,
          "cumulative_vrp_edges": 0,
          "cumulative_base_edges": 0,
          "classifications": {
            "vrp_only": 0,
            "both": 0,
            "base_only": 0,
            "neither": 11
          }
        },
        {
          "archive": 63,
          "new_inputs": 24,
          "cumulative_inputs": 15878,
          "new_vrp_edges": 0,
          "new_base_edges": 0,
          "cumulative_vrp_edges": 0,
          "cumulative_base_edges": 0,
          "classifications": {
            "vrp_only": 0,
            "both": 0,
            "base_only": 0,
            "neither": 24
          }
        },
        {
          "archive": 64,
          "new_inputs": 12,
          "cumulative_inputs": 15890,
          "new_vrp_edges": 0,
          "new_base_edges": 0,
          "cumulative_vrp_edges": 0,
          "cumulative_base_edges": 0,
          "classifications": {
            "vrp_only": 0,
            "both": 0,
            "base_only": 0,
            "neither": 12
          }
        },
        {
          "archive": 65,
          "new_inputs": 13,
          "cumulative_inputs": 15903,
          "new_vrp_edges": 0,
          "new_base_edges": 0,
          "cumulative_vrp_edges": 0,
          "cumulative_base_edges": 0,
          "classifications": {
            "vrp_only": 0,
            "both": 0,
            "base_only": 0,
            "neither": 13
          }
        },
        {
          "archive": 66,
          "new_inputs": 10,
          "cumulative_inputs": 15913,
          "new_vrp_edges": 0,
          "new_base_edges": 0,
          "cumulative_vrp_edges": 0,
          "cumulative_base_edges": 0,
          "classifications": {
            "vrp_only": 0,
            "both": 0,
            "base_only": 0,
            "neither": 10
          }
        },
        {
          "archive": 67,
          "new_inputs": 8,
          "cumulative_inputs": 15921,
          "new_vrp_edges": 0,
          "new_base_edges": 0,
          "cumulative_vrp_edges": 0,
          "cumulative_base_edges": 0,
          "classifications": {
            "vrp_only": 0,
            "both": 0,
            "base_only": 0,
            "neither": 8
          }
        },
        {
          "archive": 68,
          "new_inputs": 14,
          "cumulative_inputs": 15935,
          "new_vrp_edges": 0,
          "new_base_edges": 0,
          "cumulative_vrp_edges": 0,
          "cumulative_base_edges": 0,
          "classifications": {
            "vrp_only": 0,
            "both": 0,
            "base_only": 0,
            "neither": 14
          }
        },
        {
          "archive": 69,
          "new_inputs": 8,
          "cumulative_inputs": 15943,
          "new_vrp_edges": 0,
          "new_base_edges": 0,
          "cumulative_vrp_edges": 0,
          "cumulative_base_edges": 0,
          "classifications": {
            "vrp_only": 0,
            "both": 0,
            "base_only": 0,
            "neither": 8
          }
        },
        {
          "archive": 70,
          "new_inputs": 17,
          "cumulative_inputs": 15960,
          "new_vrp_edges": 0,
          "new_base_edges": 0,
          "cumulative_vrp_edges": 0,
          "cumulative_base_edges": 0,
          "classifications": {
            "vrp_only": 0,
            "both": 0,
            "base_only": 0,
            "neither": 17
          }
        },
        {
          "archive": 71,
          "new_inputs": 17,
          "cumulative_inputs": 15977,
          "new_vrp_edges": 0,
          "new_base_edges": 0,
          "cumulative_vrp_edges": 0,
          "cumulative_base_edges": 0,
          "classifications": {
            "vrp_only": 0,
            "both": 0,
            "base_only": 0,
            "neither": 17
          }
        },
        {
          "archive": 72,
          "new_inputs": 6,
          "cumulative_inputs": 15983,
          "new_vrp_edges": 0,
          "new_base_edges": 0,
          "cumulative_vrp_edges": 0,
          "cumulative_base_edges": 0,
          "classifications": {
            "vrp_only": 0,
            "both": 0,
            "base_only": 0,
            "neither": 6
          }
        },
        {
          "archive": 73,
          "new_inputs": 7,
          "cumulative_inputs": 15990,
          "new_vrp_edges": 0,
          "new_base_edges": 0,
          "cumulative_vrp_edges": 0,
          "cumulative_base_edges": 0,
          "classifications": {
            "vrp_only": 0,
            "both": 0,
            "base_only": 0,
            "neither": 7
          }
        },
        {
          "archive": 74,
          "new_inputs": 2,
          "cumulative_inputs": 15992,
          "new_vrp_edges": 0,
          "new_base_edges": 0,
          "cumulative_vrp_edges": 0,
          "cumulative_base_edges": 0,
          "classifications": {
            "vrp_only": 0,
            "both": 0,
            "base_only": 0,
            "neither": 2
          }
        },
        {
          "archive": 75,
          "new_inputs": 17,
          "cumulative_inputs": 16009,
          "new_vrp_edges": 0,
          "new_base_edges": 0,
          "cumulative_vrp_edges": 0,
          "cumulative_base_edges": 0,
          "classifications": {
            "vrp_only": 0,
            "both": 0,
            "base_only": 0,
            "neither": 17
          }
        },
        {
          "archive": 76,
          "new_inputs": 9,
          "cumulative_inputs": 16018,
          "new_vrp_edges": 0,
          "new_base_edges": 0,
          "cumulative_vrp_edges": 0,
          "cumulative_base_edges": 0,
          "classifications": {
            "vrp_only": 0,
            "both": 0,
            "base_only": 0,
            "neither": 9
          }
        },
        {
          "archive": 77,
          "new_inputs": 24,
          "cumulative_inputs": 16042,
          "new_vrp_edges": 0,
          "new_base_edges": 0,
          "cumulative_vrp_edges": 0,
          "cumulative_base_edges": 0,
          "classifications": {
            "vrp_only": 0,
            "both": 0,
            "base_only": 0,
            "neither": 24
          }
        },
        {
          "archive": 78,
          "new_inputs": 5,
          "cumulative_inputs": 16047,
          "new_vrp_edges": 0,
          "new_base_edges": 0,
          "cumulative_vrp_edges": 0,
          "cumulative_base_edges": 0,
          "classifications": {
            "vrp_only": 0,
            "both": 0,
            "base_only": 0,
            "neither": 5
          }
        },
        {
          "archive": 79,
          "new_inputs": 14,
          "cumulative_inputs": 16061,
          "new_vrp_edges": 0,
          "new_base_edges": 0,
          "cumulative_vrp_edges": 0,
          "cumulative_base_edges": 0,
          "classifications": {
            "vrp_only": 0,
            "both": 0,
            "base_only": 0,
            "neither": 14
          }
        },
        {
          "archive": 80,
          "new_inputs": 18,
          "cumulative_inputs": 16079,
          "new_vrp_edges": 0,
          "new_base_edges": 0,
          "cumulative_vrp_edges": 0,
          "cumulative_base_edges": 0,
          "classifications": {
            "vrp_only": 0,
            "both": 0,
            "base_only": 0,
            "neither": 18
          }
        },
        {
          "archive": 81,
          "new_inputs": 13,
          "cumulative_inputs": 16092,
          "new_vrp_edges": 0,
          "new_base_edges": 0,
          "cumulative_vrp_edges": 0,
          "cumulative_base_edges": 0,
          "classifications": {
            "vrp_only": 0,
            "both": 0,
            "base_only": 0,
            "neither": 13
          }
        },
        {
          "archive": 82,
          "new_inputs": 3,
          "cumulative_inputs": 16095,
          "new_vrp_edges": 0,
          "new_base_edges": 0,
          "cumulative_vrp_edges": 0,
          "cumulative_base_edges": 0,
          "classifications": {
            "vrp_only": 0,
            "both": 0,
            "base_only": 0,
            "neither": 3
          }
        },
        {
          "archive": 83,
          "new_inputs": 10,
          "cumulative_inputs": 16105,
          "new_vrp_edges": 0,
          "new_base_edges": 0,
          "cumulative_vrp_edges": 0,
          "cumulative_base_edges": 0,
          "classifications": {
            "vrp_only": 0,
            "both": 0,
            "base_only": 0,
            "neither": 10
          }
        },
        {
          "archive": 84,
          "new_inputs": 7,
          "cumulative_inputs": 16112,
          "new_vrp_edges": 0,
          "new_base_edges": 0,
          "cumulative_vrp_edges": 0,
          "cumulative_base_edges": 0,
          "classifications": {
            "vrp_only": 0,
            "both": 0,
            "base_only": 0,
            "neither": 7
          }
        },
        {
          "archive": 85,
          "new_inputs": 25,
          "cumulative_inputs": 16137,
          "new_vrp_edges": 0,
          "new_base_edges": 0,
          "cumulative_vrp_edges": 0,
          "cumulative_base_edges": 0,
          "classifications": {
            "vrp_only": 0,
            "both": 0,
            "base_only": 0,
            "neither": 25
          }
        },
        {
          "archive": 86,
          "new_inputs": 4,
          "cumulative_inputs": 16141,
          "new_vrp_edges": 0,
          "new_base_edges": 0,
          "cumulative_vrp_edges": 0,
          "cumulative_base_edges": 0,
          "classifications": {
            "vrp_only": 0,
            "both": 0,
            "base_only": 0,
            "neither": 4
          }
        },
        {
          "archive": 87,
          "new_inputs": 4,
          "cumulative_inputs": 16145,
          "new_vrp_edges": 0,
          "new_base_edges": 0,
          "cumulative_vrp_edges": 0,
          "cumulative_base_edges": 0,
          "classifications": {
            "vrp_only": 0,
            "both": 0,
            "base_only": 0,
            "neither": 4
          }
        },
        {
          "archive": 88,
          "new_inputs": 9,
          "cumulative_inputs": 16154,
          "new_vrp_edges": 0,
          "new_base_edges": 0,
          "cumulative_vrp_edges": 0,
          "cumulative_base_edges": 0,
          "classifications": {
            "vrp_only": 0,
            "both": 0,
            "base_only": 0,
            "neither": 9
          }
        },
        {
          "archive": 89,
          "new_inputs": 71,
          "cumulative_inputs": 16225,
          "new_vrp_edges": 0,
          "new_base_edges": 0,
          "cumulative_vrp_edges": 0,
          "cumulative_base_edges": 0,
          "classifications": {
            "vrp_only": 0,
            "both": 0,
            "base_only": 0,
            "neither": 71
          }
        },
        {
          "archive": 90,
          "new_inputs": 26,
          "cumulative_inputs": 16251,
          "new_vrp_edges": 0,
          "new_base_edges": 0,
          "cumulative_vrp_edges": 0,
          "cumulative_base_edges": 0,
          "classifications": {
            "vrp_only": 0,
            "both": 0,
            "base_only": 0,
            "neither": 26
          }
        },
        {
          "archive": 91,
          "new_inputs": 56,
          "cumulative_inputs": 16307,
          "new_vrp_edges": 0,
          "new_base_edges": 0,
          "cumulative_vrp_edges": 0,
          "cumulative_base_edges": 0,
          "classifications": {
            "vrp_only": 0,
            "both": 0,
            "base_only": 0,
            "neither": 56
          }
        },
        {
          "archive": 92,
          "new_inputs": 11,
          "cumulative_inputs": 16318,
          "new_vrp_edges": 0,
          "new_base_edges": 0,
          "cumulative_vrp_edges": 0,
          "cumulative_base_edges": 0,
          "classifications": {
            "vrp_only": 0,
            "both": 0,
            "base_only": 0,
            "neither": 11
          }
        },
        {
          "archive": 93,
          "new_inputs": 16,
          "cumulative_inputs": 16334,
          "new_vrp_edges": 0,
          "new_base_edges": 0,
          "cumulative_vrp_edges": 0,
          "cumulative_base_edges": 0,
          "classifications": {
            "vrp_only": 0,
            "both": 0,
            "base_only": 0,
            "neither": 16
          }
        },
        {
          "archive": 94,
          "new_inputs": 9,
          "cumulative_inputs": 16343,
          "new_vrp_edges": 0,
          "new_base_edges": 0,
          "cumulative_vrp_edges": 0,
          "cumulative_base_edges": 0,
          "classifications": {
            "vrp_only": 0,
            "both": 0,
            "base_only": 0,
            "neither": 9
          }
        },
        {
          "archive": 95,
          "new_inputs": 165,
          "cumulative_inputs": 16508,
          "new_vrp_edges": 0,
          "new_base_edges": 0,
          "cumulative_vrp_edges": 0,
          "cumulative_base_edges": 0,
          "classifications": {
            "vrp_only": 0,
            "both": 0,
            "base_only": 0,
            "neither": 165
          }
        },
        {
          "archive": 96,
          "new_inputs": 0,
          "cumulative_inputs": 16508,
          "new_vrp_edges": 0,
          "new_base_edges": 0,
          "cumulative_vrp_edges": 0,
          "cumulative_base_edges": 0,
          "classifications": {
            "vrp_only": 0,
            "both": 0,
            "base_only": 0,
            "neither": 0
          }
        }
      ],
      "summary": {
        "total_inputs": 16508,
        "total_vrp_edges": 0,
        "total_base_edges": 0,
        "entanglement_rate": 0.0,
        "vrp_only_count": 0,
        "both_count": 0,
        "base_only_count": 0,
        "neither_count": 16508
      }
    },
    "vrp_bucket_entanglement": {
      "summary": {
        "total_inputs": 16508,
        "bucket_entanglement_rate": 0.0,
        "vrp_only": 0,
        "both": 0,
        "base_only": 0,
        "neither": 16508,
        "edge_neither_but_bucket_interesting": 0
      }
    },
    "vrp_gradient": {
      "summary": {
        "total_vrp_edges_seen": 0,
        "singleton_edges": 0,
        "low_freq_edges": 0,
        "high_freq_edges": 0,
        "vrp_exclusive_singletons": 0,
        "hit_count_distribution": {
          "1": 0,
          "2-3": 0,
          "4-10": 0,
          "11-50": 0,
          "51-200": 0,
          "200+": 0
        }
      }
    },
    "edge_growth": {
      "growth_curve": [
        {
          "archive": 0,
          "total_inputs": 2,
          "vrp_edges": 0,
          "base_edges": 0
        },
        {
          "archive": 1,
          "total_inputs": 6167,
          "vrp_edges": 0,
          "base_edges": 0
        },
        {
          "archive": 2,
          "total_inputs": 8598,
          "vrp_edges": 0,
          "base_edges": 0
        },
        {
          "archive": 3,
          "total_inputs": 9737,
          "vrp_edges": 0,
          "base_edges": 0
        },
        {
          "archive": 4,
          "total_inputs": 10737,
          "vrp_edges": 0,
          "base_edges": 0
        },
        {
          "archive": 5,
          "total_inputs": 11515,
          "vrp_edges": 0,
          "base_edges": 0
        },
        {
          "archive": 6,
          "total_inputs": 12036,
          "vrp_edges": 0,
          "base_edges": 0
        },
        {
          "archive": 7,
          "total_inputs": 12400,
          "vrp_edges": 0,
          "base_edges": 0
        },
        {
          "archive": 8,
          "total_inputs": 12841,
          "vrp_edges": 0,
          "base_edges": 0
        },
        {
          "archive": 9,
          "total_inputs": 13050,
          "vrp_edges": 0,
          "base_edges": 0
        },
        {
          "archive": 10,
          "total_inputs": 13251,
          "vrp_edges": 0,
          "base_edges": 0
        },
        {
          "archive": 11,
          "total_inputs": 13472,
          "vrp_edges": 0,
          "base_edges": 0
        },
        {
          "archive": 12,
          "total_inputs": 13615,
          "vrp_edges": 0,
          "base_edges": 0
        },
        {
          "archive": 13,
          "total_inputs": 13778,
          "vrp_edges": 0,
          "base_edges": 0
        },
        {
          "archive": 14,
          "total_inputs": 13902,
          "vrp_edges": 0,
          "base_edges": 0
        },
        {
          "archive": 15,
          "total_inputs": 13990,
          "vrp_edges": 0,
          "base_edges": 0
        },
        {
          "archive": 16,
          "total_inputs": 14115,
          "vrp_edges": 0,
          "base_edges": 0
        },
        {
          "archive": 17,
          "total_inputs": 14189,
          "vrp_edges": 0,
          "base_edges": 0
        },
        {
          "archive": 18,
          "total_inputs": 14269,
          "vrp_edges": 0,
          "base_edges": 0
        },
        {
          "archive": 19,
          "total_inputs": 14395,
          "vrp_edges": 0,
          "base_edges": 0
        },
        {
          "archive": 20,
          "total_inputs": 14441,
          "vrp_edges": 0,
          "base_edges": 0
        },
        {
          "archive": 21,
          "total_inputs": 14463,
          "vrp_edges": 0,
          "base_edges": 0
        },
        {
          "archive": 22,
          "total_inputs": 14545,
          "vrp_edges": 0,
          "base_edges": 0
        },
        {
          "archive": 23,
          "total_inputs": 14719,
          "vrp_edges": 0,
          "base_edges": 0
        },
        {
          "archive": 24,
          "total_inputs": 14755,
          "vrp_edges": 0,
          "base_edges": 0
        },
        {
          "archive": 25,
          "total_inputs": 14815,
          "vrp_edges": 0,
          "base_edges": 0
        },
        {
          "archive": 26,
          "total_inputs": 14849,
          "vrp_edges": 0,
          "base_edges": 0
        },
        {
          "archive": 27,
          "total_inputs": 14943,
          "vrp_edges": 0,
          "base_edges": 0
        },
        {
          "archive": 28,
          "total_inputs": 14977,
          "vrp_edges": 0,
          "base_edges": 0
        },
        {
          "archive": 29,
          "total_inputs": 15001,
          "vrp_edges": 0,
          "base_edges": 0
        },
        {
          "archive": 30,
          "total_inputs": 15039,
          "vrp_edges": 0,
          "base_edges": 0
        },
        {
          "archive": 31,
          "total_inputs": 15063,
          "vrp_edges": 0,
          "base_edges": 0
        },
        {
          "archive": 32,
          "total_inputs": 15096,
          "vrp_edges": 0,
          "base_edges": 0
        },
        {
          "archive": 33,
          "total_inputs": 15123,
          "vrp_edges": 0,
          "base_edges": 0
        },
        {
          "archive": 34,
          "total_inputs": 15127,
          "vrp_edges": 0,
          "base_edges": 0
        },
        {
          "archive": 35,
          "total_inputs": 15141,
          "vrp_edges": 0,
          "base_edges": 0
        },
        {
          "archive": 36,
          "total_inputs": 15163,
          "vrp_edges": 0,
          "base_edges": 0
        },
        {
          "archive": 37,
          "total_inputs": 15214,
          "vrp_edges": 0,
          "base_edges": 0
        },
        {
          "archive": 38,
          "total_inputs": 15238,
          "vrp_edges": 0,
          "base_edges": 0
        },
        {
          "archive": 39,
          "total_inputs": 15263,
          "vrp_edges": 0,
          "base_edges": 0
        },
        {
          "archive": 40,
          "total_inputs": 15275,
          "vrp_edges": 0,
          "base_edges": 0
        },
        {
          "archive": 41,
          "total_inputs": 15355,
          "vrp_edges": 0,
          "base_edges": 0
        },
        {
          "archive": 42,
          "total_inputs": 15370,
          "vrp_edges": 0,
          "base_edges": 0
        },
        {
          "archive": 43,
          "total_inputs": 15384,
          "vrp_edges": 0,
          "base_edges": 0
        },
        {
          "archive": 44,
          "total_inputs": 15411,
          "vrp_edges": 0,
          "base_edges": 0
        },
        {
          "archive": 45,
          "total_inputs": 15439,
          "vrp_edges": 0,
          "base_edges": 0
        },
        {
          "archive": 46,
          "total_inputs": 15454,
          "vrp_edges": 0,
          "base_edges": 0
        },
        {
          "archive": 47,
          "total_inputs": 15499,
          "vrp_edges": 0,
          "base_edges": 0
        },
        {
          "archive": 48,
          "total_inputs": 15515,
          "vrp_edges": 0,
          "base_edges": 0
        },
        {
          "archive": 49,
          "total_inputs": 15535,
          "vrp_edges": 0,
          "base_edges": 0
        },
        {
          "archive": 50,
          "total_inputs": 15567,
          "vrp_edges": 0,
          "base_edges": 0
        },
        {
          "archive": 51,
          "total_inputs": 15590,
          "vrp_edges": 0,
          "base_edges": 0
        },
        {
          "archive": 52,
          "total_inputs": 15601,
          "vrp_edges": 0,
          "base_edges": 0
        },
        {
          "archive": 53,
          "total_inputs": 15623,
          "vrp_edges": 0,
          "base_edges": 0
        },
        {
          "archive": 54,
          "total_inputs": 15635,
          "vrp_edges": 0,
          "base_edges": 0
        },
        {
          "archive": 55,
          "total_inputs": 15645,
          "vrp_edges": 0,
          "base_edges": 0
        },
        {
          "archive": 56,
          "total_inputs": 15678,
          "vrp_edges": 0,
          "base_edges": 0
        },
        {
          "archive": 57,
          "total_inputs": 15786,
          "vrp_edges": 0,
          "base_edges": 0
        },
        {
          "archive": 58,
          "total_inputs": 15805,
          "vrp_edges": 0,
          "base_edges": 0
        },
        {
          "archive": 59,
          "total_inputs": 15816,
          "vrp_edges": 0,
          "base_edges": 0
        },
        {
          "archive": 60,
          "total_inputs": 15834,
          "vrp_edges": 0,
          "base_edges": 0
        },
        {
          "archive": 61,
          "total_inputs": 15843,
          "vrp_edges": 0,
          "base_edges": 0
        },
        {
          "archive": 62,
          "total_inputs": 15854,
          "vrp_edges": 0,
          "base_edges": 0
        },
        {
          "archive": 63,
          "total_inputs": 15878,
          "vrp_edges": 0,
          "base_edges": 0
        },
        {
          "archive": 64,
          "total_inputs": 15890,
          "vrp_edges": 0,
          "base_edges": 0
        },
        {
          "archive": 65,
          "total_inputs": 15903,
          "vrp_edges": 0,
          "base_edges": 0
        },
        {
          "archive": 66,
          "total_inputs": 15913,
          "vrp_edges": 0,
          "base_edges": 0
        },
        {
          "archive": 67,
          "total_inputs": 15921,
          "vrp_edges": 0,
          "base_edges": 0
        },
        {
          "archive": 68,
          "total_inputs": 15935,
          "vrp_edges": 0,
          "base_edges": 0
        },
        {
          "archive": 69,
          "total_inputs": 15943,
          "vrp_edges": 0,
          "base_edges": 0
        },
        {
          "archive": 70,
          "total_inputs": 15960,
          "vrp_edges": 0,
          "base_edges": 0
        },
        {
          "archive": 71,
          "total_inputs": 15977,
          "vrp_edges": 0,
          "base_edges": 0
        },
        {
          "archive": 72,
          "total_inputs": 15983,
          "vrp_edges": 0,
          "base_edges": 0
        },
        {
          "archive": 73,
          "total_inputs": 15990,
          "vrp_edges": 0,
          "base_edges": 0
        },
        {
          "archive": 74,
          "total_inputs": 15992,
          "vrp_edges": 0,
          "base_edges": 0
        },
        {
          "archive": 75,
          "total_inputs": 16009,
          "vrp_edges": 0,
          "base_edges": 0
        },
        {
          "archive": 76,
          "total_inputs": 16018,
          "vrp_edges": 0,
          "base_edges": 0
        },
        {
          "archive": 77,
          "total_inputs": 16042,
          "vrp_edges": 0,
          "base_edges": 0
        },
        {
          "archive": 78,
          "total_inputs": 16047,
          "vrp_edges": 0,
          "base_edges": 0
        },
        {
          "archive": 79,
          "total_inputs": 16061,
          "vrp_edges": 0,
          "base_edges": 0
        },
        {
          "archive": 80,
          "total_inputs": 16079,
          "vrp_edges": 0,
          "base_edges": 0
        },
        {
          "archive": 81,
          "total_inputs": 16092,
          "vrp_edges": 0,
          "base_edges": 0
        },
        {
          "archive": 82,
          "total_inputs": 16095,
          "vrp_edges": 0,
          "base_edges": 0
        },
        {
          "archive": 83,
          "total_inputs": 16105,
          "vrp_edges": 0,
          "base_edges": 0
        },
        {
          "archive": 84,
          "total_inputs": 16112,
          "vrp_edges": 0,
          "base_edges": 0
        },
        {
          "archive": 85,
          "total_inputs": 16137,
          "vrp_edges": 0,
          "base_edges": 0
        },
        {
          "archive": 86,
          "total_inputs": 16141,
          "vrp_edges": 0,
          "base_edges": 0
        },
        {
          "archive": 87,
          "total_inputs": 16145,
          "vrp_edges": 0,
          "base_edges": 0
        },
        {
          "archive": 88,
          "total_inputs": 16154,
          "vrp_edges": 0,
          "base_edges": 0
        },
        {
          "archive": 89,
          "total_inputs": 16225,
          "vrp_edges": 0,
          "base_edges": 0
        },
        {
          "archive": 90,
          "total_inputs": 16251,
          "vrp_edges": 0,
          "base_edges": 0
        },
        {
          "archive": 91,
          "total_inputs": 16307,
          "vrp_edges": 0,
          "base_edges": 0
        },
        {
          "archive": 92,
          "total_inputs": 16318,
          "vrp_edges": 0,
          "base_edges": 0
        },
        {
          "archive": 93,
          "total_inputs": 16334,
          "vrp_edges": 0,
          "base_edges": 0
        },
        {
          "archive": 94,
          "total_inputs": 16343,
          "vrp_edges": 0,
          "base_edges": 0
        },
        {
          "archive": 95,
          "total_inputs": 16508,
          "vrp_edges": 0,
          "base_edges": 0
        },
        {
          "archive": 96,
          "total_inputs": 16508,
          "vrp_edges": 0,
          "base_edges": 0
        }
      ],
      "final_vrp_edges": 0,
      "final_base_edges": 0,
      "total_inputs": 16508
    },
    "speed": {
      "per_archive": [
        {
          "archive": 0,
          "inputs": 2,
          "mean_vrp_ms": 11.178,
          "mean_base_ms": 10.468,
          "overhead": 1.0678
        },
        {
          "archive": 1,
          "inputs": 6165,
          "mean_vrp_ms": 0.018,
          "mean_base_ms": 0.019,
          "overhead": 0.9401
        },
        {
          "archive": 2,
          "inputs": 2431,
          "mean_vrp_ms": 0.019,
          "mean_base_ms": 0.02,
          "overhead": 0.9618
        },
        {
          "archive": 3,
          "inputs": 1139,
          "mean_vrp_ms": 0.023,
          "mean_base_ms": 0.028,
          "overhead": 0.852
        },
        {
          "archive": 4,
          "inputs": 1000,
          "mean_vrp_ms": 0.024,
          "mean_base_ms": 0.026,
          "overhead": 0.8952
        },
        {
          "archive": 5,
          "inputs": 778,
          "mean_vrp_ms": 0.032,
          "mean_base_ms": 0.033,
          "overhead": 0.9719
        },
        {
          "archive": 6,
          "inputs": 521,
          "mean_vrp_ms": 0.033,
          "mean_base_ms": 0.036,
          "overhead": 0.9104
        },
        {
          "archive": 7,
          "inputs": 364,
          "mean_vrp_ms": 0.055,
          "mean_base_ms": 0.053,
          "overhead": 1.0315
        },
        {
          "archive": 8,
          "inputs": 441,
          "mean_vrp_ms": 0.046,
          "mean_base_ms": 0.05,
          "overhead": 0.9298
        },
        {
          "archive": 9,
          "inputs": 209,
          "mean_vrp_ms": 0.089,
          "mean_base_ms": 0.072,
          "overhead": 1.2353
        },
        {
          "archive": 10,
          "inputs": 201,
          "mean_vrp_ms": 0.065,
          "mean_base_ms": 0.069,
          "overhead": 0.9347
        },
        {
          "archive": 11,
          "inputs": 221,
          "mean_vrp_ms": 0.062,
          "mean_base_ms": 0.062,
          "overhead": 1.0112
        },
        {
          "archive": 12,
          "inputs": 143,
          "mean_vrp_ms": 0.11,
          "mean_base_ms": 0.097,
          "overhead": 1.1278
        },
        {
          "archive": 13,
          "inputs": 163,
          "mean_vrp_ms": 0.076,
          "mean_base_ms": 0.087,
          "overhead": 0.8716
        },
        {
          "archive": 14,
          "inputs": 124,
          "mean_vrp_ms": 0.107,
          "mean_base_ms": 0.106,
          "overhead": 1.011
        },
        {
          "archive": 15,
          "inputs": 88,
          "mean_vrp_ms": 0.183,
          "mean_base_ms": 0.145,
          "overhead": 1.2569
        },
        {
          "archive": 16,
          "inputs": 125,
          "mean_vrp_ms": 0.106,
          "mean_base_ms": 0.106,
          "overhead": 0.9977
        },
        {
          "archive": 17,
          "inputs": 74,
          "mean_vrp_ms": 0.166,
          "mean_base_ms": 0.159,
          "overhead": 1.0385
        },
        {
          "archive": 18,
          "inputs": 80,
          "mean_vrp_ms": 0.159,
          "mean_base_ms": 0.173,
          "overhead": 0.9154
        },
        {
          "archive": 19,
          "inputs": 126,
          "mean_vrp_ms": 0.129,
          "mean_base_ms": 0.108,
          "overhead": 1.1991
        },
        {
          "archive": 20,
          "inputs": 46,
          "mean_vrp_ms": 0.243,
          "mean_base_ms": 0.344,
          "overhead": 0.7062
        },
        {
          "archive": 21,
          "inputs": 22,
          "mean_vrp_ms": 0.522,
          "mean_base_ms": 0.527,
          "overhead": 0.9901
        },
        {
          "archive": 22,
          "inputs": 82,
          "mean_vrp_ms": 0.18,
          "mean_base_ms": 0.164,
          "overhead": 1.0973
        },
        {
          "archive": 23,
          "inputs": 174,
          "mean_vrp_ms": 0.089,
          "mean_base_ms": 0.082,
          "overhead": 1.0802
        },
        {
          "archive": 24,
          "inputs": 36,
          "mean_vrp_ms": 0.381,
          "mean_base_ms": 0.357,
          "overhead": 1.0677
        },
        {
          "archive": 25,
          "inputs": 60,
          "mean_vrp_ms": 0.236,
          "mean_base_ms": 0.224,
          "overhead": 1.0559
        },
        {
          "archive": 26,
          "inputs": 34,
          "mean_vrp_ms": 0.468,
          "mean_base_ms": 0.394,
          "overhead": 1.1866
        },
        {
          "archive": 27,
          "inputs": 94,
          "mean_vrp_ms": 0.16,
          "mean_base_ms": 0.151,
          "overhead": 1.0607
        },
        {
          "archive": 28,
          "inputs": 34,
          "mean_vrp_ms": 0.43,
          "mean_base_ms": 0.38,
          "overhead": 1.1322
        },
        {
          "archive": 29,
          "inputs": 24,
          "mean_vrp_ms": 0.458,
          "mean_base_ms": 0.483,
          "overhead": 0.9489
        },
        {
          "archive": 30,
          "inputs": 38,
          "mean_vrp_ms": 0.348,
          "mean_base_ms": 0.336,
          "overhead": 1.0349
        },
        {
          "archive": 31,
          "inputs": 24,
          "mean_vrp_ms": 0.57,
          "mean_base_ms": 0.61,
          "overhead": 0.9338
        },
        {
          "archive": 32,
          "inputs": 33,
          "mean_vrp_ms": 0.402,
          "mean_base_ms": 0.404,
          "overhead": 0.996
        },
        {
          "archive": 33,
          "inputs": 27,
          "mean_vrp_ms": 0.495,
          "mean_base_ms": 0.358,
          "overhead": 1.3834
        },
        {
          "archive": 34,
          "inputs": 4,
          "mean_vrp_ms": 2.694,
          "mean_base_ms": 3.023,
          "overhead": 0.8911
        },
        {
          "archive": 35,
          "inputs": 14,
          "mean_vrp_ms": 0.828,
          "mean_base_ms": 0.877,
          "overhead": 0.9434
        },
        {
          "archive": 36,
          "inputs": 22,
          "mean_vrp_ms": 0.467,
          "mean_base_ms": 0.514,
          "overhead": 0.9096
        },
        {
          "archive": 37,
          "inputs": 51,
          "mean_vrp_ms": 0.214,
          "mean_base_ms": 0.262,
          "overhead": 0.8165
        },
        {
          "archive": 38,
          "inputs": 24,
          "mean_vrp_ms": 0.566,
          "mean_base_ms": 0.631,
          "overhead": 0.8979
        },
        {
          "archive": 39,
          "inputs": 25,
          "mean_vrp_ms": 0.605,
          "mean_base_ms": 0.406,
          "overhead": 1.4883
        },
        {
          "archive": 40,
          "inputs": 12,
          "mean_vrp_ms": 1.171,
          "mean_base_ms": 1.017,
          "overhead": 1.1519
        },
        {
          "archive": 41,
          "inputs": 80,
          "mean_vrp_ms": 0.186,
          "mean_base_ms": 0.155,
          "overhead": 1.1987
        },
        {
          "archive": 42,
          "inputs": 15,
          "mean_vrp_ms": 0.954,
          "mean_base_ms": 0.711,
          "overhead": 1.3421
        },
        {
          "archive": 43,
          "inputs": 14,
          "mean_vrp_ms": 0.835,
          "mean_base_ms": 0.814,
          "overhead": 1.0262
        },
        {
          "archive": 44,
          "inputs": 27,
          "mean_vrp_ms": 0.406,
          "mean_base_ms": 0.407,
          "overhead": 0.9954
        },
        {
          "archive": 45,
          "inputs": 28,
          "mean_vrp_ms": 0.408,
          "mean_base_ms": 0.41,
          "overhead": 0.9947
        },
        {
          "archive": 46,
          "inputs": 15,
          "mean_vrp_ms": 0.716,
          "mean_base_ms": 0.765,
          "overhead": 0.9351
        },
        {
          "archive": 47,
          "inputs": 45,
          "mean_vrp_ms": 0.324,
          "mean_base_ms": 0.31,
          "overhead": 1.0474
        },
        {
          "archive": 48,
          "inputs": 16,
          "mean_vrp_ms": 0.706,
          "mean_base_ms": 0.664,
          "overhead": 1.0628
        },
        {
          "archive": 49,
          "inputs": 20,
          "mean_vrp_ms": 0.622,
          "mean_base_ms": 0.567,
          "overhead": 1.0962
        },
        {
          "archive": 50,
          "inputs": 32,
          "mean_vrp_ms": 0.405,
          "mean_base_ms": 0.41,
          "overhead": 0.9879
        },
        {
          "archive": 51,
          "inputs": 23,
          "mean_vrp_ms": 0.631,
          "mean_base_ms": 0.471,
          "overhead": 1.3405
        },
        {
          "archive": 52,
          "inputs": 11,
          "mean_vrp_ms": 1.1,
          "mean_base_ms": 1.295,
          "overhead": 0.8497
        },
        {
          "archive": 53,
          "inputs": 22,
          "mean_vrp_ms": 0.534,
          "mean_base_ms": 0.4,
          "overhead": 1.3333
        },
        {
          "archive": 54,
          "inputs": 12,
          "mean_vrp_ms": 0.825,
          "mean_base_ms": 0.959,
          "overhead": 0.8604
        },
        {
          "archive": 55,
          "inputs": 10,
          "mean_vrp_ms": 1.003,
          "mean_base_ms": 1.059,
          "overhead": 0.9476
        },
        {
          "archive": 56,
          "inputs": 33,
          "mean_vrp_ms": 0.378,
          "mean_base_ms": 0.373,
          "overhead": 1.0151
        },
        {
          "archive": 57,
          "inputs": 108,
          "mean_vrp_ms": 0.15,
          "mean_base_ms": 0.129,
          "overhead": 1.1644
        },
        {
          "archive": 58,
          "inputs": 19,
          "mean_vrp_ms": 0.721,
          "mean_base_ms": 0.605,
          "overhead": 1.1932
        },
        {
          "archive": 59,
          "inputs": 11,
          "mean_vrp_ms": 0.969,
          "mean_base_ms": 1.029,
          "overhead": 0.942
        },
        {
          "archive": 60,
          "inputs": 18,
          "mean_vrp_ms": 0.776,
          "mean_base_ms": 0.744,
          "overhead": 1.0426
        },
        {
          "archive": 61,
          "inputs": 9,
          "mean_vrp_ms": 1.409,
          "mean_base_ms": 1.267,
          "overhead": 1.1119
        },
        {
          "archive": 62,
          "inputs": 11,
          "mean_vrp_ms": 1.322,
          "mean_base_ms": 1.116,
          "overhead": 1.1845
        },
        {
          "archive": 63,
          "inputs": 24,
          "mean_vrp_ms": 0.471,
          "mean_base_ms": 0.492,
          "overhead": 0.9574
        },
        {
          "archive": 64,
          "inputs": 12,
          "mean_vrp_ms": 1.144,
          "mean_base_ms": 1.061,
          "overhead": 1.0784
        },
        {
          "archive": 65,
          "inputs": 13,
          "mean_vrp_ms": 0.894,
          "mean_base_ms": 0.892,
          "overhead": 1.0016
        },
        {
          "archive": 66,
          "inputs": 10,
          "mean_vrp_ms": 1.244,
          "mean_base_ms": 1.118,
          "overhead": 1.1129
        },
        {
          "archive": 67,
          "inputs": 8,
          "mean_vrp_ms": 1.87,
          "mean_base_ms": 1.403,
          "overhead": 1.3329
        },
        {
          "archive": 68,
          "inputs": 14,
          "mean_vrp_ms": 0.864,
          "mean_base_ms": 0.793,
          "overhead": 1.0889
        },
        {
          "archive": 69,
          "inputs": 8,
          "mean_vrp_ms": 1.897,
          "mean_base_ms": 1.547,
          "overhead": 1.2264
        },
        {
          "archive": 70,
          "inputs": 17,
          "mean_vrp_ms": 0.629,
          "mean_base_ms": 0.714,
          "overhead": 0.8816
        },
        {
          "archive": 71,
          "inputs": 17,
          "mean_vrp_ms": 0.684,
          "mean_base_ms": 0.624,
          "overhead": 1.0952
        },
        {
          "archive": 72,
          "inputs": 6,
          "mean_vrp_ms": 2.395,
          "mean_base_ms": 1.939,
          "overhead": 1.2354
        },
        {
          "archive": 73,
          "inputs": 7,
          "mean_vrp_ms": 1.867,
          "mean_base_ms": 1.816,
          "overhead": 1.0281
        },
        {
          "archive": 74,
          "inputs": 2,
          "mean_vrp_ms": 6.034,
          "mean_base_ms": 5.979,
          "overhead": 1.0091
        },
        {
          "archive": 75,
          "inputs": 17,
          "mean_vrp_ms": 0.592,
          "mean_base_ms": 0.679,
          "overhead": 0.8716
        },
        {
          "archive": 76,
          "inputs": 9,
          "mean_vrp_ms": 1.727,
          "mean_base_ms": 1.271,
          "overhead": 1.3588
        },
        {
          "archive": 77,
          "inputs": 24,
          "mean_vrp_ms": 0.554,
          "mean_base_ms": 0.551,
          "overhead": 1.004
        },
        {
          "archive": 78,
          "inputs": 5,
          "mean_vrp_ms": 2.598,
          "mean_base_ms": 2.805,
          "overhead": 0.9262
        },
        {
          "archive": 79,
          "inputs": 14,
          "mean_vrp_ms": 0.8,
          "mean_base_ms": 0.795,
          "overhead": 1.0057
        },
        {
          "archive": 80,
          "inputs": 18,
          "mean_vrp_ms": 0.697,
          "mean_base_ms": 0.752,
          "overhead": 0.9271
        },
        {
          "archive": 81,
          "inputs": 13,
          "mean_vrp_ms": 1.091,
          "mean_base_ms": 0.877,
          "overhead": 1.2438
        },
        {
          "archive": 82,
          "inputs": 3,
          "mean_vrp_ms": 3.632,
          "mean_base_ms": 3.941,
          "overhead": 0.9217
        },
        {
          "archive": 83,
          "inputs": 10,
          "mean_vrp_ms": 1.112,
          "mean_base_ms": 1.246,
          "overhead": 0.8921
        },
        {
          "archive": 84,
          "inputs": 7,
          "mean_vrp_ms": 1.938,
          "mean_base_ms": 2.192,
          "overhead": 0.8843
        },
        {
          "archive": 85,
          "inputs": 25,
          "mean_vrp_ms": 0.509,
          "mean_base_ms": 0.489,
          "overhead": 1.0404
        },
        {
          "archive": 86,
          "inputs": 4,
          "mean_vrp_ms": 2.994,
          "mean_base_ms": 2.733,
          "overhead": 1.0957
        },
        {
          "archive": 87,
          "inputs": 4,
          "mean_vrp_ms": 2.741,
          "mean_base_ms": 2.888,
          "overhead": 0.9494
        },
        {
          "archive": 88,
          "inputs": 9,
          "mean_vrp_ms": 1.41,
          "mean_base_ms": 1.21,
          "overhead": 1.1649
        },
        {
          "archive": 89,
          "inputs": 71,
          "mean_vrp_ms": 0.21,
          "mean_base_ms": 0.174,
          "overhead": 1.2069
        },
        {
          "archive": 90,
          "inputs": 26,
          "mean_vrp_ms": 0.529,
          "mean_base_ms": 0.483,
          "overhead": 1.0966
        },
        {
          "archive": 91,
          "inputs": 56,
          "mean_vrp_ms": 0.224,
          "mean_base_ms": 0.233,
          "overhead": 0.9601
        },
        {
          "archive": 92,
          "inputs": 11,
          "mean_vrp_ms": 1.109,
          "mean_base_ms": 1.21,
          "overhead": 0.9167
        },
        {
          "archive": 93,
          "inputs": 16,
          "mean_vrp_ms": 0.747,
          "mean_base_ms": 0.732,
          "overhead": 1.0211
        },
        {
          "archive": 94,
          "inputs": 9,
          "mean_vrp_ms": 1.374,
          "mean_base_ms": 1.195,
          "overhead": 1.1497
        },
        {
          "archive": 95,
          "inputs": 165,
          "mean_vrp_ms": 0.075,
          "mean_base_ms": 0.081,
          "overhead": 0.9365
        },
        {
          "archive": 96,
          "inputs": 0,
          "mean_vrp_ms": 0.0,
          "mean_base_ms": 0.0,
          "overhead": 0.0
        }
      ],
      "summary": {
        "total_inputs": 16508,
        "vrp_mean_ms": 0.087,
        "vrp_median_ms": 0.019,
        "vrp_p95_ms": 0.43,
        "vrp_p99_ms": 1.1,
        "base_mean_ms": 0.085,
        "base_median_ms": 0.02,
        "base_p95_ms": 0.406,
        "base_p99_ms": 1.059,
        "mean_overhead": 1.023
      }
    }
  }
}