{
  "experiment": "vrp-unfold-eval-big04",
  "benchmark": "freetype2_ftfuzzer",
  "fuzzer": "aflplusplus_lto",
  "instance": "47306",
  "archives_processed": 97,
  "total_inputs": 17605,
  "elapsed_seconds": 15.5,
  "analyzer_results": {
    "vrp_hit_entanglement": {
      "per_archive": [
        {
          "archive": 0,
          "new_inputs": 2,
          "cumulative_inputs": 2,
          "new_vrp_edges": 0,
          "new_base_edges": 0,
          "cumulative_vrp_edges": 0,
          "cumulative_base_edges": 0,
          "classifications": {
            "vrp_only": 0,
            "both": 0,
            "base_only": 0,
            "neither": 2
          }
        },
        {
          "archive": 1,
          "new_inputs": 6391,
          "cumulative_inputs": 6393,
          "new_vrp_edges": 0,
          "new_base_edges": 0,
          "cumulative_vrp_edges": 0,
          "cumulative_base_edges": 0,
          "classifications": {
            "vrp_only": 0,
            "both": 0,
            "base_only": 0,
            "neither": 6391
          }
        },
        {
          "archive": 2,
          "new_inputs": 2085,
          "cumulative_inputs": 8478,
          "new_vrp_edges": 0,
          "new_base_edges": 0,
          "cumulative_vrp_edges": 0,
          "cumulative_base_edges": 0,
          "classifications": {
            "vrp_only": 0,
            "both": 0,
            "base_only": 0,
            "neither": 2085
          }
        },
        {
          "archive": 3,
          "new_inputs": 1507,
          "cumulative_inputs": 9985,
          "new_vrp_edges": 0,
          "new_base_edges": 0,
          "cumulative_vrp_edges": 0,
          "cumulative_base_edges": 0,
          "classifications": {
            "vrp_only": 0,
            "both": 0,
            "base_only": 0,
            "neither": 1507
          }
        },
        {
          "archive": 4,
          "new_inputs": 1392,
          "cumulative_inputs": 11377,
          "new_vrp_edges": 0,
          "new_base_edges": 0,
          "cumulative_vrp_edges": 0,
          "cumulative_base_edges": 0,
          "classifications": {
            "vrp_only": 0,
            "both": 0,
            "base_only": 0,
            "neither": 1392
          }
        },
        {
          "archive": 5,
          "new_inputs": 533,
          "cumulative_inputs": 11910,
          "new_vrp_edges": 0,
          "new_base_edges": 0,
          "cumulative_vrp_edges": 0,
          "cumulative_base_edges": 0,
          "classifications": {
            "vrp_only": 0,
            "both": 0,
            "base_only": 0,
            "neither": 533
          }
        },
        {
          "archive": 6,
          "new_inputs": 275,
          "cumulative_inputs": 12185,
          "new_vrp_edges": 0,
          "new_base_edges": 0,
          "cumulative_vrp_edges": 0,
          "cumulative_base_edges": 0,
          "classifications": {
            "vrp_only": 0,
            "both": 0,
            "base_only": 0,
            "neither": 275
          }
        },
        {
          "archive": 7,
          "new_inputs": 284,
          "cumulative_inputs": 12469,
          "new_vrp_edges": 0,
          "new_base_edges": 0,
          "cumulative_vrp_edges": 0,
          "cumulative_base_edges": 0,
          "classifications": {
            "vrp_only": 0,
            "both": 0,
            "base_only": 0,
            "neither": 284
          }
        },
        {
          "archive": 8,
          "new_inputs": 219,
          "cumulative_inputs": 12688,
          "new_vrp_edges": 0,
          "new_base_edges": 0,
          "cumulative_vrp_edges": 0,
          "cumulative_base_edges": 0,
          "classifications": {
            "vrp_only": 0,
            "both": 0,
            "base_only": 0,
            "neither": 219
          }
        },
        {
          "archive": 9,
          "new_inputs": 179,
          "cumulative_inputs": 12867,
          "new_vrp_edges": 0,
          "new_base_edges": 0,
          "cumulative_vrp_edges": 0,
          "cumulative_base_edges": 0,
          "classifications": {
            "vrp_only": 0,
            "both": 0,
            "base_only": 0,
            "neither": 179
          }
        },
        {
          "archive": 10,
          "new_inputs": 163,
          "cumulative_inputs": 13030,
          "new_vrp_edges": 0,
          "new_base_edges": 0,
          "cumulative_vrp_edges": 0,
          "cumulative_base_edges": 0,
          "classifications": {
            "vrp_only": 0,
            "both": 0,
            "base_only": 0,
            "neither": 163
          }
        },
        {
          "archive": 11,
          "new_inputs": 134,
          "cumulative_inputs": 13164,
          "new_vrp_edges": 0,
          "new_base_edges": 0,
          "cumulative_vrp_edges": 0,
          "cumulative_base_edges": 0,
          "classifications": {
            "vrp_only": 0,
            "both": 0,
            "base_only": 0,
            "neither": 134
          }
        },
        {
          "archive": 12,
          "new_inputs": 109,
          "cumulative_inputs": 13273,
          "new_vrp_edges": 0,
          "new_base_edges": 0,
          "cumulative_vrp_edges": 0,
          "cumulative_base_edges": 0,
          "classifications": {
            "vrp_only": 0,
            "both": 0,
            "base_only": 0,
            "neither": 109
          }
        },
        {
          "archive": 13,
          "new_inputs": 186,
          "cumulative_inputs": 13459,
          "new_vrp_edges": 0,
          "new_base_edges": 0,
          "cumulative_vrp_edges": 0,
          "cumulative_base_edges": 0,
          "classifications": {
            "vrp_only": 0,
            "both": 0,
            "base_only": 0,
            "neither": 186
          }
        },
        {
          "archive": 14,
          "new_inputs": 108,
          "cumulative_inputs": 13567,
          "new_vrp_edges": 0,
          "new_base_edges": 0,
          "cumulative_vrp_edges": 0,
          "cumulative_base_edges": 0,
          "classifications": {
            "vrp_only": 0,
            "both": 0,
            "base_only": 0,
            "neither": 108
          }
        },
        {
          "archive": 15,
          "new_inputs": 136,
          "cumulative_inputs": 13703,
          "new_vrp_edges": 0,
          "new_base_edges": 0,
          "cumulative_vrp_edges": 0,
          "cumulative_base_edges": 0,
          "classifications": {
            "vrp_only": 0,
            "both": 0,
            "base_only": 0,
            "neither": 136
          }
        },
        {
          "archive": 16,
          "new_inputs": 215,
          "cumulative_inputs": 13918,
          "new_vrp_edges": 0,
          "new_base_edges": 0,
          "cumulative_vrp_edges": 0,
          "cumulative_base_edges": 0,
          "classifications": {
            "vrp_only": 0,
            "both": 0,
            "base_only": 0,
            "neither": 215
          }
        },
        {
          "archive": 17,
          "new_inputs": 115,
          "cumulative_inputs": 14033,
          "new_vrp_edges": 0,
          "new_base_edges": 0,
          "cumulative_vrp_edges": 0,
          "cumulative_base_edges": 0,
          "classifications": {
            "vrp_only": 0,
            "both": 0,
            "base_only": 0,
            "neither": 115
          }
        },
        {
          "archive": 18,
          "new_inputs": 67,
          "cumulative_inputs": 14100,
          "new_vrp_edges": 0,
          "new_base_edges": 0,
          "cumulative_vrp_edges": 0,
          "cumulative_base_edges": 0,
          "classifications": {
            "vrp_only": 0,
            "both": 0,
            "base_only": 0,
            "neither": 67
          }
        },
        {
          "archive": 19,
          "new_inputs": 77,
          "cumulative_inputs": 14177,
          "new_vrp_edges": 0,
          "new_base_edges": 0,
          "cumulative_vrp_edges": 0,
          "cumulative_base_edges": 0,
          "classifications": {
            "vrp_only": 0,
            "both": 0,
            "base_only": 0,
            "neither": 77
          }
        },
        {
          "archive": 20,
          "new_inputs": 56,
          "cumulative_inputs": 14233,
          "new_vrp_edges": 0,
          "new_base_edges": 0,
          "cumulative_vrp_edges": 0,
          "cumulative_base_edges": 0,
          "classifications": {
            "vrp_only": 0,
            "both": 0,
            "base_only": 0,
            "neither": 56
          }
        },
        {
          "archive": 21,
          "new_inputs": 52,
          "cumulative_inputs": 14285,
          "new_vrp_edges": 0,
          "new_base_edges": 0,
          "cumulative_vrp_edges": 0,
          "cumulative_base_edges": 0,
          "classifications": {
            "vrp_only": 0,
            "both": 0,
            "base_only": 0,
            "neither": 52
          }
        },
        {
          "archive": 22,
          "new_inputs": 49,
          "cumulative_inputs": 14334,
          "new_vrp_edges": 0,
          "new_base_edges": 0,
          "cumulative_vrp_edges": 0,
          "cumulative_base_edges": 0,
          "classifications": {
            "vrp_only": 0,
            "both": 0,
            "base_only": 0,
            "neither": 49
          }
        },
        {
          "archive": 23,
          "new_inputs": 48,
          "cumulative_inputs": 14382,
          "new_vrp_edges": 0,
          "new_base_edges": 0,
          "cumulative_vrp_edges": 0,
          "cumulative_base_edges": 0,
          "classifications": {
            "vrp_only": 0,
            "both": 0,
            "base_only": 0,
            "neither": 48
          }
        },
        {
          "archive": 24,
          "new_inputs": 45,
          "cumulative_inputs": 14427,
          "new_vrp_edges": 0,
          "new_base_edges": 0,
          "cumulative_vrp_edges": 0,
          "cumulative_base_edges": 0,
          "classifications": {
            "vrp_only": 0,
            "both": 0,
            "base_only": 0,
            "neither": 45
          }
        },
        {
          "archive": 25,
          "new_inputs": 47,
          "cumulative_inputs": 14474,
          "new_vrp_edges": 0,
          "new_base_edges": 0,
          "cumulative_vrp_edges": 0,
          "cumulative_base_edges": 0,
          "classifications": {
            "vrp_only": 0,
            "both": 0,
            "base_only": 0,
            "neither": 47
          }
        },
        {
          "archive": 26,
          "new_inputs": 53,
          "cumulative_inputs": 14527,
          "new_vrp_edges": 0,
          "new_base_edges": 0,
          "cumulative_vrp_edges": 0,
          "cumulative_base_edges": 0,
          "classifications": {
            "vrp_only": 0,
            "both": 0,
            "base_only": 0,
            "neither": 53
          }
        },
        {
          "archive": 27,
          "new_inputs": 37,
          "cumulative_inputs": 14564,
          "new_vrp_edges": 0,
          "new_base_edges": 0,
          "cumulative_vrp_edges": 0,
          "cumulative_base_edges": 0,
          "classifications": {
            "vrp_only": 0,
            "both": 0,
            "base_only": 0,
            "neither": 37
          }
        },
        {
          "archive": 28,
          "new_inputs": 38,
          "cumulative_inputs": 14602,
          "new_vrp_edges": 0,
          "new_base_edges": 0,
          "cumulative_vrp_edges": 0,
          "cumulative_base_edges": 0,
          "classifications": {
            "vrp_only": 0,
            "both": 0,
            "base_only": 0,
            "neither": 38
          }
        },
        {
          "archive": 29,
          "new_inputs": 16,
          "cumulative_inputs": 14618,
          "new_vrp_edges": 0,
          "new_base_edges": 0,
          "cumulative_vrp_edges": 0,
          "cumulative_base_edges": 0,
          "classifications": {
            "vrp_only": 0,
            "both": 0,
            "base_only": 0,
            "neither": 16
          }
        },
        {
          "archive": 30,
          "new_inputs": 42,
          "cumulative_inputs": 14660,
          "new_vrp_edges": 0,
          "new_base_edges": 0,
          "cumulative_vrp_edges": 0,
          "cumulative_base_edges": 0,
          "classifications": {
            "vrp_only": 0,
            "both": 0,
            "base_only": 0,
            "neither": 42
          }
        },
        {
          "archive": 31,
          "new_inputs": 41,
          "cumulative_inputs": 14701,
          "new_vrp_edges": 0,
          "new_base_edges": 0,
          "cumulative_vrp_edges": 0,
          "cumulative_base_edges": 0,
          "classifications": {
            "vrp_only": 0,
            "both": 0,
            "base_only": 0,
            "neither": 41
          }
        },
        {
          "archive": 32,
          "new_inputs": 85,
          "cumulative_inputs": 14786,
          "new_vrp_edges": 0,
          "new_base_edges": 0,
          "cumulative_vrp_edges": 0,
          "cumulative_base_edges": 0,
          "classifications": {
            "vrp_only": 0,
            "both": 0,
            "base_only": 0,
            "neither": 85
          }
        },
        {
          "archive": 33,
          "new_inputs": 45,
          "cumulative_inputs": 14831,
          "new_vrp_edges": 0,
          "new_base_edges": 0,
          "cumulative_vrp_edges": 0,
          "cumulative_base_edges": 0,
          "classifications": {
            "vrp_only": 0,
            "both": 0,
            "base_only": 0,
            "neither": 45
          }
        },
        {
          "archive": 34,
          "new_inputs": 33,
          "cumulative_inputs": 14864,
          "new_vrp_edges": 0,
          "new_base_edges": 0,
          "cumulative_vrp_edges": 0,
          "cumulative_base_edges": 0,
          "classifications": {
            "vrp_only": 0,
            "both": 0,
            "base_only": 0,
            "neither": 33
          }
        },
        {
          "archive": 35,
          "new_inputs": 28,
          "cumulative_inputs": 14892,
          "new_vrp_edges": 0,
          "new_base_edges": 0,
          "cumulative_vrp_edges": 0,
          "cumulative_base_edges": 0,
          "classifications": {
            "vrp_only": 0,
            "both": 0,
            "base_only": 0,
            "neither": 28
          }
        },
        {
          "archive": 36,
          "new_inputs": 28,
          "cumulative_inputs": 14920,
          "new_vrp_edges": 0,
          "new_base_edges": 0,
          "cumulative_vrp_edges": 0,
          "cumulative_base_edges": 0,
          "classifications": {
            "vrp_only": 0,
            "both": 0,
            "base_only": 0,
            "neither": 28
          }
        },
        {
          "archive": 37,
          "new_inputs": 69,
          "cumulative_inputs": 14989,
          "new_vrp_edges": 0,
          "new_base_edges": 0,
          "cumulative_vrp_edges": 0,
          "cumulative_base_edges": 0,
          "classifications": {
            "vrp_only": 0,
            "both": 0,
            "base_only": 0,
            "neither": 69
          }
        },
        {
          "archive": 38,
          "new_inputs": 75,
          "cumulative_inputs": 15064,
          "new_vrp_edges": 0,
          "new_base_edges": 0,
          "cumulative_vrp_edges": 0,
          "cumulative_base_edges": 0,
          "classifications": {
            "vrp_only": 0,
            "both": 0,
            "base_only": 0,
            "neither": 75
          }
        },
        {
          "archive": 39,
          "new_inputs": 41,
          "cumulative_inputs": 15105,
          "new_vrp_edges": 0,
          "new_base_edges": 0,
          "cumulative_vrp_edges": 0,
          "cumulative_base_edges": 0,
          "classifications": {
            "vrp_only": 0,
            "both": 0,
            "base_only": 0,
            "neither": 41
          }
        },
        {
          "archive": 40,
          "new_inputs": 23,
          "cumulative_inputs": 15128,
          "new_vrp_edges": 0,
          "new_base_edges": 0,
          "cumulative_vrp_edges": 0,
          "cumulative_base_edges": 0,
          "classifications": {
            "vrp_only": 0,
            "both": 0,
            "base_only": 0,
            "neither": 23
          }
        },
        {
          "archive": 41,
          "new_inputs": 19,
          "cumulative_inputs": 15147,
          "new_vrp_edges": 0,
          "new_base_edges": 0,
          "cumulative_vrp_edges": 0,
          "cumulative_base_edges": 0,
          "classifications": {
            "vrp_only": 0,
            "both": 0,
            "base_only": 0,
            "neither": 19
          }
        },
        {
          "archive": 42,
          "new_inputs": 16,
          "cumulative_inputs": 15163,
          "new_vrp_edges": 0,
          "new_base_edges": 0,
          "cumulative_vrp_edges": 0,
          "cumulative_base_edges": 0,
          "classifications": {
            "vrp_only": 0,
            "both": 0,
            "base_only": 0,
            "neither": 16
          }
        },
        {
          "archive": 43,
          "new_inputs": 10,
          "cumulative_inputs": 15173,
          "new_vrp_edges": 0,
          "new_base_edges": 0,
          "cumulative_vrp_edges": 0,
          "cumulative_base_edges": 0,
          "classifications": {
            "vrp_only": 0,
            "both": 0,
            "base_only": 0,
            "neither": 10
          }
        },
        {
          "archive": 44,
          "new_inputs": 19,
          "cumulative_inputs": 15192,
          "new_vrp_edges": 0,
          "new_base_edges": 0,
          "cumulative_vrp_edges": 0,
          "cumulative_base_edges": 0,
          "classifications": {
            "vrp_only": 0,
            "both": 0,
            "base_only": 0,
            "neither": 19
          }
        },
        {
          "archive": 45,
          "new_inputs": 13,
          "cumulative_inputs": 15205,
          "new_vrp_edges": 0,
          "new_base_edges": 0,
          "cumulative_vrp_edges": 0,
          "cumulative_base_edges": 0,
          "classifications": {
            "vrp_only": 0,
            "both": 0,
            "base_only": 0,
            "neither": 13
          }
        },
        {
          "archive": 46,
          "new_inputs": 15,
          "cumulative_inputs": 15220,
          "new_vrp_edges": 0,
          "new_base_edges": 0,
          "cumulative_vrp_edges": 0,
          "cumulative_base_edges": 0,
          "classifications": {
            "vrp_only": 0,
            "both": 0,
            "base_only": 0,
            "neither": 15
          }
        },
        {
          "archive": 47,
          "new_inputs": 18,
          "cumulative_inputs": 15238,
          "new_vrp_edges": 0,
          "new_base_edges": 0,
          "cumulative_vrp_edges": 0,
          "cumulative_base_edges": 0,
          "classifications": {
            "vrp_only": 0,
            "both": 0,
            "base_only": 0,
            "neither": 18
          }
        },
        {
          "archive": 48,
          "new_inputs": 16,
          "cumulative_inputs": 15254,
          "new_vrp_edges": 0,
          "new_base_edges": 0,
          "cumulative_vrp_edges": 0,
          "cumulative_base_edges": 0,
          "classifications": {
            "vrp_only": 0,
            "both": 0,
            "base_only": 0,
            "neither": 16
          }
        },
        {
          "archive": 49,
          "new_inputs": 78,
          "cumulative_inputs": 15332,
          "new_vrp_edges": 0,
          "new_base_edges": 0,
          "cumulative_vrp_edges": 0,
          "cumulative_base_edges": 0,
          "classifications": {
            "vrp_only": 0,
            "both": 0,
            "base_only": 0,
            "neither": 78
          }
        },
        {
          "archive": 50,
          "new_inputs": 14,
          "cumulative_inputs": 15346,
          "new_vrp_edges": 0,
          "new_base_edges": 0,
          "cumulative_vrp_edges": 0,
          "cumulative_base_edges": 0,
          "classifications": {
            "vrp_only": 0,
            "both": 0,
            "base_only": 0,
            "neither": 14
          }
        },
        {
          "archive": 51,
          "new_inputs": 14,
          "cumulative_inputs": 15360,
          "new_vrp_edges": 0,
          "new_base_edges": 0,
          "cumulative_vrp_edges": 0,
          "cumulative_base_edges": 0,
          "classifications": {
            "vrp_only": 0,
            "both": 0,
            "base_only": 0,
            "neither": 14
          }
        },
        {
          "archive": 52,
          "new_inputs": 33,
          "cumulative_inputs": 15393,
          "new_vrp_edges": 0,
          "new_base_edges": 0,
          "cumulative_vrp_edges": 0,
          "cumulative_base_edges": 0,
          "classifications": {
            "vrp_only": 0,
            "both": 0,
            "base_only": 0,
            "neither": 33
          }
        },
        {
          "archive": 53,
          "new_inputs": 18,
          "cumulative_inputs": 15411,
          "new_vrp_edges": 0,
          "new_base_edges": 0,
          "cumulative_vrp_edges": 0,
          "cumulative_base_edges": 0,
          "classifications": {
            "vrp_only": 0,
            "both": 0,
            "base_only": 0,
            "neither": 18
          }
        },
        {
          "archive": 54,
          "new_inputs": 64,
          "cumulative_inputs": 15475,
          "new_vrp_edges": 0,
          "new_base_edges": 0,
          "cumulative_vrp_edges": 0,
          "cumulative_base_edges": 0,
          "classifications": {
            "vrp_only": 0,
            "both": 0,
            "base_only": 0,
            "neither": 64
          }
        },
        {
          "archive": 55,
          "new_inputs": 32,
          "cumulative_inputs": 15507,
          "new_vrp_edges": 0,
          "new_base_edges": 0,
          "cumulative_vrp_edges": 0,
          "cumulative_base_edges": 0,
          "classifications": {
            "vrp_only": 0,
            "both": 0,
            "base_only": 0,
            "neither": 32
          }
        },
        {
          "archive": 56,
          "new_inputs": 6,
          "cumulative_inputs": 15513,
          "new_vrp_edges": 0,
          "new_base_edges": 0,
          "cumulative_vrp_edges": 0,
          "cumulative_base_edges": 0,
          "classifications": {
            "vrp_only": 0,
            "both": 0,
            "base_only": 0,
            "neither": 6
          }
        },
        {
          "archive": 57,
          "new_inputs": 14,
          "cumulative_inputs": 15527,
          "new_vrp_edges": 0,
          "new_base_edges": 0,
          "cumulative_vrp_edges": 0,
          "cumulative_base_edges": 0,
          "classifications": {
            "vrp_only": 0,
            "both": 0,
            "base_only": 0,
            "neither": 14
          }
        },
        {
          "archive": 58,
          "new_inputs": 36,
          "cumulative_inputs": 15563,
          "new_vrp_edges": 0,
          "new_base_edges": 0,
          "cumulative_vrp_edges": 0,
          "cumulative_base_edges": 0,
          "classifications": {
            "vrp_only": 0,
            "both": 0,
            "base_only": 0,
            "neither": 36
          }
        },
        {
          "archive": 59,
          "new_inputs": 19,
          "cumulative_inputs": 15582,
          "new_vrp_edges": 0,
          "new_base_edges": 0,
          "cumulative_vrp_edges": 0,
          "cumulative_base_edges": 0,
          "classifications": {
            "vrp_only": 0,
            "both": 0,
            "base_only": 0,
            "neither": 19
          }
        },
        {
          "archive": 60,
          "new_inputs": 6,
          "cumulative_inputs": 15588,
          "new_vrp_edges": 0,
          "new_base_edges": 0,
          "cumulative_vrp_edges": 0,
          "cumulative_base_edges": 0,
          "classifications": {
            "vrp_only": 0,
            "both": 0,
            "base_only": 0,
            "neither": 6
          }
        },
        {
          "archive": 61,
          "new_inputs": 25,
          "cumulative_inputs": 15613,
          "new_vrp_edges": 0,
          "new_base_edges": 0,
          "cumulative_vrp_edges": 0,
          "cumulative_base_edges": 0,
          "classifications": {
            "vrp_only": 0,
            "both": 0,
            "base_only": 0,
            "neither": 25
          }
        },
        {
          "archive": 62,
          "new_inputs": 14,
          "cumulative_inputs": 15627,
          "new_vrp_edges": 0,
          "new_base_edges": 0,
          "cumulative_vrp_edges": 0,
          "cumulative_base_edges": 0,
          "classifications": {
            "vrp_only": 0,
            "both": 0,
            "base_only": 0,
            "neither": 14
          }
        },
        {
          "archive": 63,
          "new_inputs": 13,
          "cumulative_inputs": 15640,
          "new_vrp_edges": 0,
          "new_base_edges": 0,
          "cumulative_vrp_edges": 0,
          "cumulative_base_edges": 0,
          "classifications": {
            "vrp_only": 0,
            "both": 0,
            "base_only": 0,
            "neither": 13
          }
        },
        {
          "archive": 64,
          "new_inputs": 3,
          "cumulative_inputs": 15643,
          "new_vrp_edges": 0,
          "new_base_edges": 0,
          "cumulative_vrp_edges": 0,
          "cumulative_base_edges": 0,
          "classifications": {
            "vrp_only": 0,
            "both": 0,
            "base_only": 0,
            "neither": 3
          }
        },
        {
          "archive": 65,
          "new_inputs": 7,
          "cumulative_inputs": 15650,
          "new_vrp_edges": 0,
          "new_base_edges": 0,
          "cumulative_vrp_edges": 0,
          "cumulative_base_edges": 0,
          "classifications": {
            "vrp_only": 0,
            "both": 0,
            "base_only": 0,
            "neither": 7
          }
        },
        {
          "archive": 66,
          "new_inputs": 19,
          "cumulative_inputs": 15669,
          "new_vrp_edges": 0,
          "new_base_edges": 0,
          "cumulative_vrp_edges": 0,
          "cumulative_base_edges": 0,
          "classifications": {
            "vrp_only": 0,
            "both": 0,
            "base_only": 0,
            "neither": 19
          }
        },
        {
          "archive": 67,
          "new_inputs": 14,
          "cumulative_inputs": 15683,
          "new_vrp_edges": 0,
          "new_base_edges": 0,
          "cumulative_vrp_edges": 0,
          "cumulative_base_edges": 0,
          "classifications": {
            "vrp_only": 0,
            "both": 0,
            "base_only": 0,
            "neither": 14
          }
        },
        {
          "archive": 68,
          "new_inputs": 6,
          "cumulative_inputs": 15689,
          "new_vrp_edges": 0,
          "new_base_edges": 0,
          "cumulative_vrp_edges": 0,
          "cumulative_base_edges": 0,
          "classifications": {
            "vrp_only": 0,
            "both": 0,
            "base_only": 0,
            "neither": 6
          }
        },
        {
          "archive": 69,
          "new_inputs": 5,
          "cumulative_inputs": 15694,
          "new_vrp_edges": 0,
          "new_base_edges": 0,
          "cumulative_vrp_edges": 0,
          "cumulative_base_edges": 0,
          "classifications": {
            "vrp_only": 0,
            "both": 0,
            "base_only": 0,
            "neither": 5
          }
        },
        {
          "archive": 70,
          "new_inputs": 15,
          "cumulative_inputs": 15709,
          "new_vrp_edges": 0,
          "new_base_edges": 0,
          "cumulative_vrp_edges": 0,
          "cumulative_base_edges": 0,
          "classifications": {
            "vrp_only": 0,
            "both": 0,
            "base_only": 0,
            "neither": 15
          }
        },
        {
          "archive": 71,
          "new_inputs": 968,
          "cumulative_inputs": 16677,
          "new_vrp_edges": 0,
          "new_base_edges": 0,
          "cumulative_vrp_edges": 0,
          "cumulative_base_edges": 0,
          "classifications": {
            "vrp_only": 0,
            "both": 0,
            "base_only": 0,
            "neither": 968
          }
        },
        {
          "archive": 72,
          "new_inputs": 136,
          "cumulative_inputs": 16813,
          "new_vrp_edges": 0,
          "new_base_edges": 0,
          "cumulative_vrp_edges": 0,
          "cumulative_base_edges": 0,
          "classifications": {
            "vrp_only": 0,
            "both": 0,
            "base_only": 0,
            "neither": 136
          }
        },
        {
          "archive": 73,
          "new_inputs": 23,
          "cumulative_inputs": 16836,
          "new_vrp_edges": 0,
          "new_base_edges": 0,
          "cumulative_vrp_edges": 0,
          "cumulative_base_edges": 0,
          "classifications": {
            "vrp_only": 0,
            "both": 0,
            "base_only": 0,
            "neither": 23
          }
        },
        {
          "archive": 74,
          "new_inputs": 24,
          "cumulative_inputs": 16860,
          "new_vrp_edges": 0,
          "new_base_edges": 0,
          "cumulative_vrp_edges": 0,
          "cumulative_base_edges": 0,
          "classifications": {
            "vrp_only": 0,
            "both": 0,
            "base_only": 0,
            "neither": 24
          }
        },
        {
          "archive": 75,
          "new_inputs": 13,
          "cumulative_inputs": 16873,
          "new_vrp_edges": 0,
          "new_base_edges": 0,
          "cumulative_vrp_edges": 0,
          "cumulative_base_edges": 0,
          "classifications": {
            "vrp_only": 0,
            "both": 0,
            "base_only": 0,
            "neither": 13
          }
        },
        {
          "archive": 76,
          "new_inputs": 357,
          "cumulative_inputs": 17230,
          "new_vrp_edges": 0,
          "new_base_edges": 0,
          "cumulative_vrp_edges": 0,
          "cumulative_base_edges": 0,
          "classifications": {
            "vrp_only": 0,
            "both": 0,
            "base_only": 0,
            "neither": 357
          }
        },
        {
          "archive": 77,
          "new_inputs": 49,
          "cumulative_inputs": 17279,
          "new_vrp_edges": 0,
          "new_base_edges": 0,
          "cumulative_vrp_edges": 0,
          "cumulative_base_edges": 0,
          "classifications": {
            "vrp_only": 0,
            "both": 0,
            "base_only": 0,
            "neither": 49
          }
        },
        {
          "archive": 78,
          "new_inputs": 11,
          "cumulative_inputs": 17290,
          "new_vrp_edges": 0,
          "new_base_edges": 0,
          "cumulative_vrp_edges": 0,
          "cumulative_base_edges": 0,
          "classifications": {
            "vrp_only": 0,
            "both": 0,
            "base_only": 0,
            "neither": 11
          }
        },
        {
          "archive": 79,
          "new_inputs": 30,
          "cumulative_inputs": 17320,
          "new_vrp_edges": 0,
          "new_base_edges": 0,
          "cumulative_vrp_edges": 0,
          "cumulative_base_edges": 0,
          "classifications": {
            "vrp_only": 0,
            "both": 0,
            "base_only": 0,
            "neither": 30
          }
        },
        {
          "archive": 80,
          "new_inputs": 18,
          "cumulative_inputs": 17338,
          "new_vrp_edges": 0,
          "new_base_edges": 0,
          "cumulative_vrp_edges": 0,
          "cumulative_base_edges": 0,
          "classifications": {
            "vrp_only": 0,
            "both": 0,
            "base_only": 0,
            "neither": 18
          }
        },
        {
          "archive": 81,
          "new_inputs": 33,
          "cumulative_inputs": 17371,
          "new_vrp_edges": 0,
          "new_base_edges": 0,
          "cumulative_vrp_edges": 0,
          "cumulative_base_edges": 0,
          "classifications": {
            "vrp_only": 0,
            "both": 0,
            "base_only": 0,
            "neither": 33
          }
        },
        {
          "archive": 82,
          "new_inputs": 40,
          "cumulative_inputs": 17411,
          "new_vrp_edges": 0,
          "new_base_edges": 0,
          "cumulative_vrp_edges": 0,
          "cumulative_base_edges": 0,
          "classifications": {
            "vrp_only": 0,
            "both": 0,
            "base_only": 0,
            "neither": 40
          }
        },
        {
          "archive": 83,
          "new_inputs": 23,
          "cumulative_inputs": 17434,
          "new_vrp_edges": 0,
          "new_base_edges": 0,
          "cumulative_vrp_edges": 0,
          "cumulative_base_edges": 0,
          "classifications": {
            "vrp_only": 0,
            "both": 0,
            "base_only": 0,
            "neither": 23
          }
        },
        {
          "archive": 84,
          "new_inputs": 8,
          "cumulative_inputs": 17442,
          "new_vrp_edges": 0,
          "new_base_edges": 0,
          "cumulative_vrp_edges": 0,
          "cumulative_base_edges": 0,
          "classifications": {
            "vrp_only": 0,
            "both": 0,
            "base_only": 0,
            "neither": 8
          }
        },
        {
          "archive": 85,
          "new_inputs": 20,
          "cumulative_inputs": 17462,
          "new_vrp_edges": 0,
          "new_base_edges": 0,
          "cumulative_vrp_edges": 0,
          "cumulative_base_edges": 0,
          "classifications": {
            "vrp_only": 0,
            "both": 0,
            "base_only": 0,
            "neither": 20
          }
        },
        {
          "archive": 86,
          "new_inputs": 9,
          "cumulative_inputs": 17471,
          "new_vrp_edges": 0,
          "new_base_edges": 0,
          "cumulative_vrp_edges": 0,
          "cumulative_base_edges": 0,
          "classifications": {
            "vrp_only": 0,
            "both": 0,
            "base_only": 0,
            "neither": 9
          }
        },
        {
          "archive": 87,
          "new_inputs": 14,
          "cumulative_inputs": 17485,
          "new_vrp_edges": 0,
          "new_base_edges": 0,
          "cumulative_vrp_edges": 0,
          "cumulative_base_edges": 0,
          "classifications": {
            "vrp_only": 0,
            "both": 0,
            "base_only": 0,
            "neither": 14
          }
        },
        {
          "archive": 88,
          "new_inputs": 32,
          "cumulative_inputs": 17517,
          "new_vrp_edges": 0,
          "new_base_edges": 0,
          "cumulative_vrp_edges": 0,
          "cumulative_base_edges": 0,
          "classifications": {
            "vrp_only": 0,
            "both": 0,
            "base_only": 0,
            "neither": 32
          }
        },
        {
          "archive": 89,
          "new_inputs": 10,
          "cumulative_inputs": 17527,
          "new_vrp_edges": 0,
          "new_base_edges": 0,
          "cumulative_vrp_edges": 0,
          "cumulative_base_edges": 0,
          "classifications": {
            "vrp_only": 0,
            "both": 0,
            "base_only": 0,
            "neither": 10
          }
        },
        {
          "archive": 90,
          "new_inputs": 13,
          "cumulative_inputs": 17540,
          "new_vrp_edges": 0,
          "new_base_edges": 0,
          "cumulative_vrp_edges": 0,
          "cumulative_base_edges": 0,
          "classifications": {
            "vrp_only": 0,
            "both": 0,
            "base_only": 0,
            "neither": 13
          }
        },
        {
          "archive": 91,
          "new_inputs": 18,
          "cumulative_inputs": 17558,
          "new_vrp_edges": 0,
          "new_base_edges": 0,
          "cumulative_vrp_edges": 0,
          "cumulative_base_edges": 0,
          "classifications": {
            "vrp_only": 0,
            "both": 0,
            "base_only": 0,
            "neither": 18
          }
        },
        {
          "archive": 92,
          "new_inputs": 27,
          "cumulative_inputs": 17585,
          "new_vrp_edges": 0,
          "new_base_edges": 0,
          "cumulative_vrp_edges": 0,
          "cumulative_base_edges": 0,
          "classifications": {
            "vrp_only": 0,
            "both": 0,
            "base_only": 0,
            "neither": 27
          }
        },
        {
          "archive": 93,
          "new_inputs": 8,
          "cumulative_inputs": 17593,
          "new_vrp_edges": 0,
          "new_base_edges": 0,
          "cumulative_vrp_edges": 0,
          "cumulative_base_edges": 0,
          "classifications": {
            "vrp_only": 0,
            "both": 0,
            "base_only": 0,
            "neither": 8
          }
        },
        {
          "archive": 94,
          "new_inputs": 5,
          "cumulative_inputs": 17598,
          "new_vrp_edges": 0,
          "new_base_edges": 0,
          "cumulative_vrp_edges": 0,
          "cumulative_base_edges": 0,
          "classifications": {
            "vrp_only": 0,
            "both": 0,
            "base_only": 0,
            "neither": 5
          }
        },
        {
          "archive": 95,
          "new_inputs": 7,
          "cumulative_inputs": 17605,
          "new_vrp_edges": 0,
          "new_base_edges": 0,
          "cumulative_vrp_edges": 0,
          "cumulative_base_edges": 0,
          "classifications": {
            "vrp_only": 0,
            "both": 0,
            "base_only": 0,
            "neither": 7
          }
        },
        {
          "archive": 96,
          "new_inputs": 0,
          "cumulative_inputs": 17605,
          "new_vrp_edges": 0,
          "new_base_edges": 0,
          "cumulative_vrp_edges": 0,
          "cumulative_base_edges": 0,
          "classifications": {
            "vrp_only": 0,
            "both": 0,
            "base_only": 0,
            "neither": 0
          }
        }
      ],
      "summary": {
        "total_inputs": 17605,
        "total_vrp_edges": 0,
        "total_base_edges": 0,
        "entanglement_rate": 0.0,
        "vrp_only_count": 0,
        "both_count": 0,
        "base_only_count": 0,
        "neither_count": 17605
      }
    },
    "vrp_bucket_entanglement": {
      "summary": {
        "total_inputs": 17605,
        "bucket_entanglement_rate": 0.0,
        "vrp_only": 0,
        "both": 0,
        "base_only": 0,
        "neither": 17605,
        "edge_neither_but_bucket_interesting": 0
      }
    },
    "vrp_gradient": {
      "summary": {
        "total_vrp_edges_seen": 0,
        "singleton_edges": 0,
        "low_freq_edges": 0,
        "high_freq_edges": 0,
        "vrp_exclusive_singletons": 0,
        "hit_count_distribution": {
          "1": 0,
          "2-3": 0,
          "4-10": 0,
          "11-50": 0,
          "51-200": 0,
          "200+": 0
        }
      }
    },
    "edge_growth": {
      "growth_curve": [
        {
          "archive": 0,
          "total_inputs": 2,
          "vrp_edges": 0,
          "base_edges": 0
        },
        {
          "archive": 1,
          "total_inputs": 6393,
          "vrp_edges": 0,
          "base_edges": 0
        },
        {
          "archive": 2,
          "total_inputs": 8478,
          "vrp_edges": 0,
          "base_edges": 0
        },
        {
          "archive": 3,
          "total_inputs": 9985,
          "vrp_edges": 0,
          "base_edges": 0
        },
        {
          "archive": 4,
          "total_inputs": 11377,
          "vrp_edges": 0,
          "base_edges": 0
        },
        {
          "archive": 5,
          "total_inputs": 11910,
          "vrp_edges": 0,
          "base_edges": 0
        },
        {
          "archive": 6,
          "total_inputs": 12185,
          "vrp_edges": 0,
          "base_edges": 0
        },
        {
          "archive": 7,
          "total_inputs": 12469,
          "vrp_edges": 0,
          "base_edges": 0
        },
        {
          "archive": 8,
          "total_inputs": 12688,
          "vrp_edges": 0,
          "base_edges": 0
        },
        {
          "archive": 9,
          "total_inputs": 12867,
          "vrp_edges": 0,
          "base_edges": 0
        },
        {
          "archive": 10,
          "total_inputs": 13030,
          "vrp_edges": 0,
          "base_edges": 0
        },
        {
          "archive": 11,
          "total_inputs": 13164,
          "vrp_edges": 0,
          "base_edges": 0
        },
        {
          "archive": 12,
          "total_inputs": 13273,
          "vrp_edges": 0,
          "base_edges": 0
        },
        {
          "archive": 13,
          "total_inputs": 13459,
          "vrp_edges": 0,
          "base_edges": 0
        },
        {
          "archive": 14,
          "total_inputs": 13567,
          "vrp_edges": 0,
          "base_edges": 0
        },
        {
          "archive": 15,
          "total_inputs": 13703,
          "vrp_edges": 0,
          "base_edges": 0
        },
        {
          "archive": 16,
          "total_inputs": 13918,
          "vrp_edges": 0,
          "base_edges": 0
        },
        {
          "archive": 17,
          "total_inputs": 14033,
          "vrp_edges": 0,
          "base_edges": 0
        },
        {
          "archive": 18,
          "total_inputs": 14100,
          "vrp_edges": 0,
          "base_edges": 0
        },
        {
          "archive": 19,
          "total_inputs": 14177,
          "vrp_edges": 0,
          "base_edges": 0
        },
        {
          "archive": 20,
          "total_inputs": 14233,
          "vrp_edges": 0,
          "base_edges": 0
        },
        {
          "archive": 21,
          "total_inputs": 14285,
          "vrp_edges": 0,
          "base_edges": 0
        },
        {
          "archive": 22,
          "total_inputs": 14334,
          "vrp_edges": 0,
          "base_edges": 0
        },
        {
          "archive": 23,
          "total_inputs": 14382,
          "vrp_edges": 0,
          "base_edges": 0
        },
        {
          "archive": 24,
          "total_inputs": 14427,
          "vrp_edges": 0,
          "base_edges": 0
        },
        {
          "archive": 25,
          "total_inputs": 14474,
          "vrp_edges": 0,
          "base_edges": 0
        },
        {
          "archive": 26,
          "total_inputs": 14527,
          "vrp_edges": 0,
          "base_edges": 0
        },
        {
          "archive": 27,
          "total_inputs": 14564,
          "vrp_edges": 0,
          "base_edges": 0
        },
        {
          "archive": 28,
          "total_inputs": 14602,
          "vrp_edges": 0,
          "base_edges": 0
        },
        {
          "archive": 29,
          "total_inputs": 14618,
          "vrp_edges": 0,
          "base_edges": 0
        },
        {
          "archive": 30,
          "total_inputs": 14660,
          "vrp_edges": 0,
          "base_edges": 0
        },
        {
          "archive": 31,
          "total_inputs": 14701,
          "vrp_edges": 0,
          "base_edges": 0
        },
        {
          "archive": 32,
          "total_inputs": 14786,
          "vrp_edges": 0,
          "base_edges": 0
        },
        {
          "archive": 33,
          "total_inputs": 14831,
          "vrp_edges": 0,
          "base_edges": 0
        },
        {
          "archive": 34,
          "total_inputs": 14864,
          "vrp_edges": 0,
          "base_edges": 0
        },
        {
          "archive": 35,
          "total_inputs": 14892,
          "vrp_edges": 0,
          "base_edges": 0
        },
        {
          "archive": 36,
          "total_inputs": 14920,
          "vrp_edges": 0,
          "base_edges": 0
        },
        {
          "archive": 37,
          "total_inputs": 14989,
          "vrp_edges": 0,
          "base_edges": 0
        },
        {
          "archive": 38,
          "total_inputs": 15064,
          "vrp_edges": 0,
          "base_edges": 0
        },
        {
          "archive": 39,
          "total_inputs": 15105,
          "vrp_edges": 0,
          "base_edges": 0
        },
        {
          "archive": 40,
          "total_inputs": 15128,
          "vrp_edges": 0,
          "base_edges": 0
        },
        {
          "archive": 41,
          "total_inputs": 15147,
          "vrp_edges": 0,
          "base_edges": 0
        },
        {
          "archive": 42,
          "total_inputs": 15163,
          "vrp_edges": 0,
          "base_edges": 0
        },
        {
          "archive": 43,
          "total_inputs": 15173,
          "vrp_edges": 0,
          "base_edges": 0
        },
        {
          "archive": 44,
          "total_inputs": 15192,
          "vrp_edges": 0,
          "base_edges": 0
        },
        {
          "archive": 45,
          "total_inputs": 15205,
          "vrp_edges": 0,
          "base_edges": 0
        },
        {
          "archive": 46,
          "total_inputs": 15220,
          "vrp_edges": 0,
          "base_edges": 0
        },
        {
          "archive": 47,
          "total_inputs": 15238,
          "vrp_edges": 0,
          "base_edges": 0
        },
        {
          "archive": 48,
          "total_inputs": 15254,
          "vrp_edges": 0,
          "base_edges": 0
        },
        {
          "archive": 49,
          "total_inputs": 15332,
          "vrp_edges": 0,
          "base_edges": 0
        },
        {
          "archive": 50,
          "total_inputs": 15346,
          "vrp_edges": 0,
          "base_edges": 0
        },
        {
          "archive": 51,
          "total_inputs": 15360,
          "vrp_edges": 0,
          "base_edges": 0
        },
        {
          "archive": 52,
          "total_inputs": 15393,
          "vrp_edges": 0,
          "base_edges": 0
        },
        {
          "archive": 53,
          "total_inputs": 15411,
          "vrp_edges": 0,
          "base_edges": 0
        },
        {
          "archive": 54,
          "total_inputs": 15475,
          "vrp_edges": 0,
          "base_edges": 0
        },
        {
          "archive": 55,
          "total_inputs": 15507,
          "vrp_edges": 0,
          "base_edges": 0
        },
        {
          "archive": 56,
          "total_inputs": 15513,
          "vrp_edges": 0,
          "base_edges": 0
        },
        {
          "archive": 57,
          "total_inputs": 15527,
          "vrp_edges": 0,
          "base_edges": 0
        },
        {
          "archive": 58,
          "total_inputs": 15563,
          "vrp_edges": 0,
          "base_edges": 0
        },
        {
          "archive": 59,
          "total_inputs": 15582,
          "vrp_edges": 0,
          "base_edges": 0
        },
        {
          "archive": 60,
          "total_inputs": 15588,
          "vrp_edges": 0,
          "base_edges": 0
        },
        {
          "archive": 61,
          "total_inputs": 15613,
          "vrp_edges": 0,
          "base_edges": 0
        },
        {
          "archive": 62,
          "total_inputs": 15627,
          "vrp_edges": 0,
          "base_edges": 0
        },
        {
          "archive": 63,
          "total_inputs": 15640,
          "vrp_edges": 0,
          "base_edges": 0
        },
        {
          "archive": 64,
          "total_inputs": 15643,
          "vrp_edges": 0,
          "base_edges": 0
        },
        {
          "archive": 65,
          "total_inputs": 15650,
          "vrp_edges": 0,
          "base_edges": 0
        },
        {
          "archive": 66,
          "total_inputs": 15669,
          "vrp_edges": 0,
          "base_edges": 0
        },
        {
          "archive": 67,
          "total_inputs": 15683,
          "vrp_edges": 0,
          "base_edges": 0
        },
        {
          "archive": 68,
          "total_inputs": 15689,
          "vrp_edges": 0,
          "base_edges": 0
        },
        {
          "archive": 69,
          "total_inputs": 15694,
          "vrp_edges": 0,
          "base_edges": 0
        },
        {
          "archive": 70,
          "total_inputs": 15709,
          "vrp_edges": 0,
          "base_edges": 0
        },
        {
          "archive": 71,
          "total_inputs": 16677,
          "vrp_edges": 0,
          "base_edges": 0
        },
        {
          "archive": 72,
          "total_inputs": 16813,
          "vrp_edges": 0,
          "base_edges": 0
        },
        {
          "archive": 73,
          "total_inputs": 16836,
          "vrp_edges": 0,
          "base_edges": 0
        },
        {
          "archive": 74,
          "total_inputs": 16860,
          "vrp_edges": 0,
          "base_edges": 0
        },
        {
          "archive": 75,
          "total_inputs": 16873,
          "vrp_edges": 0,
          "base_edges": 0
        },
        {
          "archive": 76,
          "total_inputs": 17230,
          "vrp_edges": 0,
          "base_edges": 0
        },
        {
          "archive": 77,
          "total_inputs": 17279,
          "vrp_edges": 0,
          "base_edges": 0
        },
        {
          "archive": 78,
          "total_inputs": 17290,
          "vrp_edges": 0,
          "base_edges": 0
        },
        {
          "archive": 79,
          "total_inputs": 17320,
          "vrp_edges": 0,
          "base_edges": 0
        },
        {
          "archive": 80,
          "total_inputs": 17338,
          "vrp_edges": 0,
          "base_edges": 0
        },
        {
          "archive": 81,
          "total_inputs": 17371,
          "vrp_edges": 0,
          "base_edges": 0
        },
        {
          "archive": 82,
          "total_inputs": 17411,
          "vrp_edges": 0,
          "base_edges": 0
        },
        {
          "archive": 83,
          "total_inputs": 17434,
          "vrp_edges": 0,
          "base_edges": 0
        },
        {
          "archive": 84,
          "total_inputs": 17442,
          "vrp_edges": 0,
          "base_edges": 0
        },
        {
          "archive": 85,
          "total_inputs": 17462,
          "vrp_edges": 0,
          "base_edges": 0
        },
        {
          "archive": 86,
          "total_inputs": 17471,
          "vrp_edges": 0,
          "base_edges": 0
        },
        {
          "archive": 87,
          "total_inputs": 17485,
          "vrp_edges": 0,
          "base_edges": 0
        },
        {
          "archive": 88,
          "total_inputs": 17517,
          "vrp_edges": 0,
          "base_edges": 0
        },
        {
          "archive": 89,
          "total_inputs": 17527,
          "vrp_edges": 0,
          "base_edges": 0
        },
        {
          "archive": 90,
          "total_inputs": 17540,
          "vrp_edges": 0,
          "base_edges": 0
        },
        {
          "archive": 91,
          "total_inputs": 17558,
          "vrp_edges": 0,
          "base_edges": 0
        },
        {
          "archive": 92,
          "total_inputs": 17585,
          "vrp_edges": 0,
          "base_edges": 0
        },
        {
          "archive": 93,
          "total_inputs": 17593,
          "vrp_edges": 0,
          "base_edges": 0
        },
        {
          "archive": 94,
          "total_inputs": 17598,
          "vrp_edges": 0,
          "base_edges": 0
        },
        {
          "archive": 95,
          "total_inputs": 17605,
          "vrp_edges": 0,
          "base_edges": 0
        },
        {
          "archive": 96,
          "total_inputs": 17605,
          "vrp_edges": 0,
          "base_edges": 0
        }
      ],
      "final_vrp_edges": 0,
      "final_base_edges": 0,
      "total_inputs": 17605
    },
    "speed": {
      "per_archive": [
        {
          "archive": 0,
          "inputs": 2,
          "mean_vrp_ms": 10.305,
          "mean_base_ms": 10.844,
          "overhead": 0.9503
        },
        {
          "archive": 1,
          "inputs": 6391,
          "mean_vrp_ms": 0.019,
          "mean_base_ms": 0.019,
          "overhead": 0.9755
        },
        {
          "archive": 2,
          "inputs": 2085,
          "mean_vrp_ms": 0.018,
          "mean_base_ms": 0.02,
          "overhead": 0.9146
        },
        {
          "archive": 3,
          "inputs": 1507,
          "mean_vrp_ms": 0.021,
          "mean_base_ms": 0.023,
          "overhead": 0.9251
        },
        {
          "archive": 4,
          "inputs": 1392,
          "mean_vrp_ms": 0.022,
          "mean_base_ms": 0.023,
          "overhead": 0.9836
        },
        {
          "archive": 5,
          "inputs": 533,
          "mean_vrp_ms": 0.035,
          "mean_base_ms": 0.038,
          "overhead": 0.9395
        },
        {
          "archive": 6,
          "inputs": 275,
          "mean_vrp_ms": 0.063,
          "mean_base_ms": 0.062,
          "overhead": 1.0163
        },
        {
          "archive": 7,
          "inputs": 284,
          "mean_vrp_ms": 0.058,
          "mean_base_ms": 0.054,
          "overhead": 1.0799
        },
        {
          "archive": 8,
          "inputs": 219,
          "mean_vrp_ms": 0.063,
          "mean_base_ms": 0.063,
          "overhead": 1.0031
        },
        {
          "archive": 9,
          "inputs": 179,
          "mean_vrp_ms": 0.073,
          "mean_base_ms": 0.071,
          "overhead": 1.0298
        },
        {
          "archive": 10,
          "inputs": 163,
          "mean_vrp_ms": 0.08,
          "mean_base_ms": 0.075,
          "overhead": 1.0633
        },
        {
          "archive": 11,
          "inputs": 134,
          "mean_vrp_ms": 0.115,
          "mean_base_ms": 0.115,
          "overhead": 1.0061
        },
        {
          "archive": 12,
          "inputs": 109,
          "mean_vrp_ms": 0.13,
          "mean_base_ms": 0.122,
          "overhead": 1.0647
        },
        {
          "archive": 13,
          "inputs": 186,
          "mean_vrp_ms": 0.062,
          "mean_base_ms": 0.073,
          "overhead": 0.8512
        },
        {
          "archive": 14,
          "inputs": 108,
          "mean_vrp_ms": 0.112,
          "mean_base_ms": 0.112,
          "overhead": 1.0001
        },
        {
          "archive": 15,
          "inputs": 136,
          "mean_vrp_ms": 0.103,
          "mean_base_ms": 0.106,
          "overhead": 0.9661
        },
        {
          "archive": 16,
          "inputs": 215,
          "mean_vrp_ms": 0.065,
          "mean_base_ms": 0.07,
          "overhead": 0.9237
        },
        {
          "archive": 17,
          "inputs": 115,
          "mean_vrp_ms": 0.105,
          "mean_base_ms": 0.109,
          "overhead": 0.9621
        },
        {
          "archive": 18,
          "inputs": 67,
          "mean_vrp_ms": 0.198,
          "mean_base_ms": 0.175,
          "overhead": 1.1295
        },
        {
          "archive": 19,
          "inputs": 77,
          "mean_vrp_ms": 0.144,
          "mean_base_ms": 0.156,
          "overhead": 0.9221
        },
        {
          "archive": 20,
          "inputs": 56,
          "mean_vrp_ms": 0.202,
          "mean_base_ms": 0.202,
          "overhead": 1.0008
        },
        {
          "archive": 21,
          "inputs": 52,
          "mean_vrp_ms": 0.206,
          "mean_base_ms": 0.219,
          "overhead": 0.9419
        },
        {
          "archive": 22,
          "inputs": 49,
          "mean_vrp_ms": 0.238,
          "mean_base_ms": 0.237,
          "overhead": 1.0037
        },
        {
          "archive": 23,
          "inputs": 48,
          "mean_vrp_ms": 0.325,
          "mean_base_ms": 0.243,
          "overhead": 1.3369
        },
        {
          "archive": 24,
          "inputs": 45,
          "mean_vrp_ms": 0.283,
          "mean_base_ms": 0.305,
          "overhead": 0.9292
        },
        {
          "archive": 25,
          "inputs": 47,
          "mean_vrp_ms": 0.294,
          "mean_base_ms": 0.216,
          "overhead": 1.3622
        },
        {
          "archive": 26,
          "inputs": 53,
          "mean_vrp_ms": 0.251,
          "mean_base_ms": 0.271,
          "overhead": 0.9275
        },
        {
          "archive": 27,
          "inputs": 37,
          "mean_vrp_ms": 0.384,
          "mean_base_ms": 0.315,
          "overhead": 1.2199
        },
        {
          "archive": 28,
          "inputs": 38,
          "mean_vrp_ms": 0.327,
          "mean_base_ms": 0.445,
          "overhead": 0.7355
        },
        {
          "archive": 29,
          "inputs": 16,
          "mean_vrp_ms": 0.944,
          "mean_base_ms": 0.7,
          "overhead": 1.3481
        },
        {
          "archive": 30,
          "inputs": 42,
          "mean_vrp_ms": 0.246,
          "mean_base_ms": 0.25,
          "overhead": 0.9849
        },
        {
          "archive": 31,
          "inputs": 41,
          "mean_vrp_ms": 0.282,
          "mean_base_ms": 0.267,
          "overhead": 1.0561
        },
        {
          "archive": 32,
          "inputs": 85,
          "mean_vrp_ms": 0.132,
          "mean_base_ms": 0.138,
          "overhead": 0.9581
        },
        {
          "archive": 33,
          "inputs": 45,
          "mean_vrp_ms": 0.261,
          "mean_base_ms": 0.248,
          "overhead": 1.0512
        },
        {
          "archive": 34,
          "inputs": 33,
          "mean_vrp_ms": 0.327,
          "mean_base_ms": 0.36,
          "overhead": 0.9076
        },
        {
          "archive": 35,
          "inputs": 28,
          "mean_vrp_ms": 0.487,
          "mean_base_ms": 0.403,
          "overhead": 1.2086
        },
        {
          "archive": 36,
          "inputs": 28,
          "mean_vrp_ms": 0.371,
          "mean_base_ms": 0.395,
          "overhead": 0.9388
        },
        {
          "archive": 37,
          "inputs": 69,
          "mean_vrp_ms": 0.2,
          "mean_base_ms": 0.182,
          "overhead": 1.0979
        },
        {
          "archive": 38,
          "inputs": 75,
          "mean_vrp_ms": 0.201,
          "mean_base_ms": 0.179,
          "overhead": 1.1221
        },
        {
          "archive": 39,
          "inputs": 41,
          "mean_vrp_ms": 0.291,
          "mean_base_ms": 0.277,
          "overhead": 1.0495
        },
        {
          "archive": 40,
          "inputs": 23,
          "mean_vrp_ms": 0.507,
          "mean_base_ms": 0.479,
          "overhead": 1.0576
        },
        {
          "archive": 41,
          "inputs": 19,
          "mean_vrp_ms": 0.609,
          "mean_base_ms": 0.551,
          "overhead": 1.105
        },
        {
          "archive": 42,
          "inputs": 16,
          "mean_vrp_ms": 0.703,
          "mean_base_ms": 0.695,
          "overhead": 1.0105
        },
        {
          "archive": 43,
          "inputs": 10,
          "mean_vrp_ms": 1.102,
          "mean_base_ms": 1.156,
          "overhead": 0.9532
        },
        {
          "archive": 44,
          "inputs": 19,
          "mean_vrp_ms": 0.736,
          "mean_base_ms": 0.61,
          "overhead": 1.2057
        },
        {
          "archive": 45,
          "inputs": 13,
          "mean_vrp_ms": 1.111,
          "mean_base_ms": 1.067,
          "overhead": 1.0408
        },
        {
          "archive": 46,
          "inputs": 15,
          "mean_vrp_ms": 0.824,
          "mean_base_ms": 0.846,
          "overhead": 0.9747
        },
        {
          "archive": 47,
          "inputs": 18,
          "mean_vrp_ms": 0.664,
          "mean_base_ms": 0.622,
          "overhead": 1.0682
        },
        {
          "archive": 48,
          "inputs": 16,
          "mean_vrp_ms": 0.879,
          "mean_base_ms": 0.692,
          "overhead": 1.2688
        },
        {
          "archive": 49,
          "inputs": 78,
          "mean_vrp_ms": 0.151,
          "mean_base_ms": 0.141,
          "overhead": 1.0731
        },
        {
          "archive": 50,
          "inputs": 14,
          "mean_vrp_ms": 0.811,
          "mean_base_ms": 0.845,
          "overhead": 0.9608
        },
        {
          "archive": 51,
          "inputs": 14,
          "mean_vrp_ms": 0.829,
          "mean_base_ms": 0.78,
          "overhead": 1.0625
        },
        {
          "archive": 52,
          "inputs": 33,
          "mean_vrp_ms": 0.338,
          "mean_base_ms": 0.335,
          "overhead": 1.0079
        },
        {
          "archive": 53,
          "inputs": 18,
          "mean_vrp_ms": 0.72,
          "mean_base_ms": 0.64,
          "overhead": 1.1237
        },
        {
          "archive": 54,
          "inputs": 64,
          "mean_vrp_ms": 0.176,
          "mean_base_ms": 0.187,
          "overhead": 0.9381
        },
        {
          "archive": 55,
          "inputs": 32,
          "mean_vrp_ms": 0.447,
          "mean_base_ms": 0.372,
          "overhead": 1.2027
        },
        {
          "archive": 56,
          "inputs": 6,
          "mean_vrp_ms": 2.308,
          "mean_base_ms": 2.041,
          "overhead": 1.1308
        },
        {
          "archive": 57,
          "inputs": 14,
          "mean_vrp_ms": 1.033,
          "mean_base_ms": 0.884,
          "overhead": 1.1696
        },
        {
          "archive": 58,
          "inputs": 36,
          "mean_vrp_ms": 0.326,
          "mean_base_ms": 0.309,
          "overhead": 1.0548
        },
        {
          "archive": 59,
          "inputs": 19,
          "mean_vrp_ms": 0.611,
          "mean_base_ms": 0.507,
          "overhead": 1.2049
        },
        {
          "archive": 60,
          "inputs": 6,
          "mean_vrp_ms": 2.096,
          "mean_base_ms": 2.157,
          "overhead": 0.972
        },
        {
          "archive": 61,
          "inputs": 25,
          "mean_vrp_ms": 0.505,
          "mean_base_ms": 0.449,
          "overhead": 1.1249
        },
        {
          "archive": 62,
          "inputs": 14,
          "mean_vrp_ms": 1.088,
          "mean_base_ms": 0.752,
          "overhead": 1.4474
        },
        {
          "archive": 63,
          "inputs": 13,
          "mean_vrp_ms": 0.817,
          "mean_base_ms": 0.831,
          "overhead": 0.9829
        },
        {
          "archive": 64,
          "inputs": 3,
          "mean_vrp_ms": 4.144,
          "mean_base_ms": 4.314,
          "overhead": 0.9606
        },
        {
          "archive": 65,
          "inputs": 7,
          "mean_vrp_ms": 1.744,
          "mean_base_ms": 1.676,
          "overhead": 1.0404
        },
        {
          "archive": 66,
          "inputs": 19,
          "mean_vrp_ms": 0.627,
          "mean_base_ms": 0.596,
          "overhead": 1.0528
        },
        {
          "archive": 67,
          "inputs": 14,
          "mean_vrp_ms": 0.891,
          "mean_base_ms": 0.872,
          "overhead": 1.0221
        },
        {
          "archive": 68,
          "inputs": 6,
          "mean_vrp_ms": 2.003,
          "mean_base_ms": 1.932,
          "overhead": 1.0367
        },
        {
          "archive": 69,
          "inputs": 5,
          "mean_vrp_ms": 2.822,
          "mean_base_ms": 2.318,
          "overhead": 1.2174
        },
        {
          "archive": 70,
          "inputs": 15,
          "mean_vrp_ms": 0.75,
          "mean_base_ms": 0.754,
          "overhead": 0.9946
        },
        {
          "archive": 71,
          "inputs": 968,
          "mean_vrp_ms": 0.025,
          "mean_base_ms": 0.028,
          "overhead": 0.8634
        },
        {
          "archive": 72,
          "inputs": 136,
          "mean_vrp_ms": 0.1,
          "mean_base_ms": 0.095,
          "overhead": 1.0542
        },
        {
          "archive": 73,
          "inputs": 23,
          "mean_vrp_ms": 0.6,
          "mean_base_ms": 0.533,
          "overhead": 1.126
        },
        {
          "archive": 74,
          "inputs": 24,
          "mean_vrp_ms": 0.493,
          "mean_base_ms": 0.513,
          "overhead": 0.961
        },
        {
          "archive": 75,
          "inputs": 13,
          "mean_vrp_ms": 1.043,
          "mean_base_ms": 0.889,
          "overhead": 1.1732
        },
        {
          "archive": 76,
          "inputs": 357,
          "mean_vrp_ms": 0.052,
          "mean_base_ms": 0.048,
          "overhead": 1.0767
        },
        {
          "archive": 77,
          "inputs": 49,
          "mean_vrp_ms": 0.271,
          "mean_base_ms": 0.228,
          "overhead": 1.1921
        },
        {
          "archive": 78,
          "inputs": 11,
          "mean_vrp_ms": 1.088,
          "mean_base_ms": 0.982,
          "overhead": 1.1077
        },
        {
          "archive": 79,
          "inputs": 30,
          "mean_vrp_ms": 0.449,
          "mean_base_ms": 0.377,
          "overhead": 1.1926
        },
        {
          "archive": 80,
          "inputs": 18,
          "mean_vrp_ms": 0.729,
          "mean_base_ms": 0.537,
          "overhead": 1.3566
        },
        {
          "archive": 81,
          "inputs": 33,
          "mean_vrp_ms": 0.448,
          "mean_base_ms": 0.417,
          "overhead": 1.0732
        },
        {
          "archive": 82,
          "inputs": 40,
          "mean_vrp_ms": 0.401,
          "mean_base_ms": 0.326,
          "overhead": 1.2305
        },
        {
          "archive": 83,
          "inputs": 23,
          "mean_vrp_ms": 0.554,
          "mean_base_ms": 0.541,
          "overhead": 1.0249
        },
        {
          "archive": 84,
          "inputs": 8,
          "mean_vrp_ms": 1.556,
          "mean_base_ms": 1.638,
          "overhead": 0.9496
        },
        {
          "archive": 85,
          "inputs": 20,
          "mean_vrp_ms": 0.767,
          "mean_base_ms": 0.565,
          "overhead": 1.3593
        },
        {
          "archive": 86,
          "inputs": 9,
          "mean_vrp_ms": 1.466,
          "mean_base_ms": 1.374,
          "overhead": 1.0667
        },
        {
          "archive": 87,
          "inputs": 14,
          "mean_vrp_ms": 1.09,
          "mean_base_ms": 0.943,
          "overhead": 1.157
        },
        {
          "archive": 88,
          "inputs": 32,
          "mean_vrp_ms": 0.471,
          "mean_base_ms": 0.408,
          "overhead": 1.1552
        },
        {
          "archive": 89,
          "inputs": 10,
          "mean_vrp_ms": 1.47,
          "mean_base_ms": 1.134,
          "overhead": 1.2962
        },
        {
          "archive": 90,
          "inputs": 13,
          "mean_vrp_ms": 0.948,
          "mean_base_ms": 0.906,
          "overhead": 1.0462
        },
        {
          "archive": 91,
          "inputs": 18,
          "mean_vrp_ms": 0.648,
          "mean_base_ms": 0.673,
          "overhead": 0.963
        },
        {
          "archive": 92,
          "inputs": 27,
          "mean_vrp_ms": 0.456,
          "mean_base_ms": 0.457,
          "overhead": 0.9961
        },
        {
          "archive": 93,
          "inputs": 8,
          "mean_vrp_ms": 1.59,
          "mean_base_ms": 1.429,
          "overhead": 1.1131
        },
        {
          "archive": 94,
          "inputs": 5,
          "mean_vrp_ms": 2.422,
          "mean_base_ms": 2.193,
          "overhead": 1.1043
        },
        {
          "archive": 95,
          "inputs": 7,
          "mean_vrp_ms": 2.257,
          "mean_base_ms": 1.729,
          "overhead": 1.3053
        },
        {
          "archive": 96,
          "inputs": 0,
          "mean_vrp_ms": 0.0,
          "mean_base_ms": 0.0,
          "overhead": 0.0
        }
      ],
      "summary": {
        "total_inputs": 17605,
        "vrp_mean_ms": 0.082,
        "vrp_median_ms": 0.021,
        "vrp_p95_ms": 0.371,
        "vrp_p99_ms": 0.948,
        "base_mean_ms": 0.078,
        "base_median_ms": 0.023,
        "base_p95_ms": 0.36,
        "base_p99_ms": 0.872,
        "mean_overhead": 1.0432
      }
    }
  }
}