{
  "experiment": "vrp-unfold-eval-big04",
  "benchmark": "freetype2_ftfuzzer",
  "fuzzer": "aflplusplus_vrp_lto",
  "instance": "45359",
  "archives_processed": 97,
  "total_inputs": 17731,
  "elapsed_seconds": 19.6,
  "analyzer_results": {
    "vrp_hit_entanglement": {
      "per_archive": [
        {
          "archive": 0,
          "new_inputs": 2,
          "cumulative_inputs": 2,
          "new_vrp_edges": 0,
          "new_base_edges": 0,
          "cumulative_vrp_edges": 0,
          "cumulative_base_edges": 0,
          "classifications": {
            "vrp_only": 0,
            "both": 0,
            "base_only": 0,
            "neither": 2
          }
        },
        {
          "archive": 1,
          "new_inputs": 6371,
          "cumulative_inputs": 6373,
          "new_vrp_edges": 0,
          "new_base_edges": 0,
          "cumulative_vrp_edges": 0,
          "cumulative_base_edges": 0,
          "classifications": {
            "vrp_only": 0,
            "both": 0,
            "base_only": 0,
            "neither": 6371
          }
        },
        {
          "archive": 2,
          "new_inputs": 2354,
          "cumulative_inputs": 8727,
          "new_vrp_edges": 0,
          "new_base_edges": 0,
          "cumulative_vrp_edges": 0,
          "cumulative_base_edges": 0,
          "classifications": {
            "vrp_only": 0,
            "both": 0,
            "base_only": 0,
            "neither": 2354
          }
        },
        {
          "archive": 3,
          "new_inputs": 1818,
          "cumulative_inputs": 10545,
          "new_vrp_edges": 0,
          "new_base_edges": 0,
          "cumulative_vrp_edges": 0,
          "cumulative_base_edges": 0,
          "classifications": {
            "vrp_only": 0,
            "both": 0,
            "base_only": 0,
            "neither": 1818
          }
        },
        {
          "archive": 4,
          "new_inputs": 979,
          "cumulative_inputs": 11524,
          "new_vrp_edges": 0,
          "new_base_edges": 0,
          "cumulative_vrp_edges": 0,
          "cumulative_base_edges": 0,
          "classifications": {
            "vrp_only": 0,
            "both": 0,
            "base_only": 0,
            "neither": 979
          }
        },
        {
          "archive": 5,
          "new_inputs": 1021,
          "cumulative_inputs": 12545,
          "new_vrp_edges": 0,
          "new_base_edges": 0,
          "cumulative_vrp_edges": 0,
          "cumulative_base_edges": 0,
          "classifications": {
            "vrp_only": 0,
            "both": 0,
            "base_only": 0,
            "neither": 1021
          }
        },
        {
          "archive": 6,
          "new_inputs": 888,
          "cumulative_inputs": 13433,
          "new_vrp_edges": 0,
          "new_base_edges": 0,
          "cumulative_vrp_edges": 0,
          "cumulative_base_edges": 0,
          "classifications": {
            "vrp_only": 0,
            "both": 0,
            "base_only": 0,
            "neither": 888
          }
        },
        {
          "archive": 7,
          "new_inputs": 427,
          "cumulative_inputs": 13860,
          "new_vrp_edges": 0,
          "new_base_edges": 0,
          "cumulative_vrp_edges": 0,
          "cumulative_base_edges": 0,
          "classifications": {
            "vrp_only": 0,
            "both": 0,
            "base_only": 0,
            "neither": 427
          }
        },
        {
          "archive": 8,
          "new_inputs": 251,
          "cumulative_inputs": 14111,
          "new_vrp_edges": 0,
          "new_base_edges": 0,
          "cumulative_vrp_edges": 0,
          "cumulative_base_edges": 0,
          "classifications": {
            "vrp_only": 0,
            "both": 0,
            "base_only": 0,
            "neither": 251
          }
        },
        {
          "archive": 9,
          "new_inputs": 179,
          "cumulative_inputs": 14290,
          "new_vrp_edges": 0,
          "new_base_edges": 0,
          "cumulative_vrp_edges": 0,
          "cumulative_base_edges": 0,
          "classifications": {
            "vrp_only": 0,
            "both": 0,
            "base_only": 0,
            "neither": 179
          }
        },
        {
          "archive": 10,
          "new_inputs": 112,
          "cumulative_inputs": 14402,
          "new_vrp_edges": 0,
          "new_base_edges": 0,
          "cumulative_vrp_edges": 0,
          "cumulative_base_edges": 0,
          "classifications": {
            "vrp_only": 0,
            "both": 0,
            "base_only": 0,
            "neither": 112
          }
        },
        {
          "archive": 11,
          "new_inputs": 164,
          "cumulative_inputs": 14566,
          "new_vrp_edges": 0,
          "new_base_edges": 0,
          "cumulative_vrp_edges": 0,
          "cumulative_base_edges": 0,
          "classifications": {
            "vrp_only": 0,
            "both": 0,
            "base_only": 0,
            "neither": 164
          }
        },
        {
          "archive": 12,
          "new_inputs": 319,
          "cumulative_inputs": 14885,
          "new_vrp_edges": 0,
          "new_base_edges": 0,
          "cumulative_vrp_edges": 0,
          "cumulative_base_edges": 0,
          "classifications": {
            "vrp_only": 0,
            "both": 0,
            "base_only": 0,
            "neither": 319
          }
        },
        {
          "archive": 13,
          "new_inputs": 207,
          "cumulative_inputs": 15092,
          "new_vrp_edges": 0,
          "new_base_edges": 0,
          "cumulative_vrp_edges": 0,
          "cumulative_base_edges": 0,
          "classifications": {
            "vrp_only": 0,
            "both": 0,
            "base_only": 0,
            "neither": 207
          }
        },
        {
          "archive": 14,
          "new_inputs": 103,
          "cumulative_inputs": 15195,
          "new_vrp_edges": 0,
          "new_base_edges": 0,
          "cumulative_vrp_edges": 0,
          "cumulative_base_edges": 0,
          "classifications": {
            "vrp_only": 0,
            "both": 0,
            "base_only": 0,
            "neither": 103
          }
        },
        {
          "archive": 15,
          "new_inputs": 80,
          "cumulative_inputs": 15275,
          "new_vrp_edges": 0,
          "new_base_edges": 0,
          "cumulative_vrp_edges": 0,
          "cumulative_base_edges": 0,
          "classifications": {
            "vrp_only": 0,
            "both": 0,
            "base_only": 0,
            "neither": 80
          }
        },
        {
          "archive": 16,
          "new_inputs": 70,
          "cumulative_inputs": 15345,
          "new_vrp_edges": 0,
          "new_base_edges": 0,
          "cumulative_vrp_edges": 0,
          "cumulative_base_edges": 0,
          "classifications": {
            "vrp_only": 0,
            "both": 0,
            "base_only": 0,
            "neither": 70
          }
        },
        {
          "archive": 17,
          "new_inputs": 49,
          "cumulative_inputs": 15394,
          "new_vrp_edges": 0,
          "new_base_edges": 0,
          "cumulative_vrp_edges": 0,
          "cumulative_base_edges": 0,
          "classifications": {
            "vrp_only": 0,
            "both": 0,
            "base_only": 0,
            "neither": 49
          }
        },
        {
          "archive": 18,
          "new_inputs": 53,
          "cumulative_inputs": 15447,
          "new_vrp_edges": 0,
          "new_base_edges": 0,
          "cumulative_vrp_edges": 0,
          "cumulative_base_edges": 0,
          "classifications": {
            "vrp_only": 0,
            "both": 0,
            "base_only": 0,
            "neither": 53
          }
        },
        {
          "archive": 19,
          "new_inputs": 49,
          "cumulative_inputs": 15496,
          "new_vrp_edges": 0,
          "new_base_edges": 0,
          "cumulative_vrp_edges": 0,
          "cumulative_base_edges": 0,
          "classifications": {
            "vrp_only": 0,
            "both": 0,
            "base_only": 0,
            "neither": 49
          }
        },
        {
          "archive": 20,
          "new_inputs": 46,
          "cumulative_inputs": 15542,
          "new_vrp_edges": 0,
          "new_base_edges": 0,
          "cumulative_vrp_edges": 0,
          "cumulative_base_edges": 0,
          "classifications": {
            "vrp_only": 0,
            "both": 0,
            "base_only": 0,
            "neither": 46
          }
        },
        {
          "archive": 21,
          "new_inputs": 51,
          "cumulative_inputs": 15593,
          "new_vrp_edges": 0,
          "new_base_edges": 0,
          "cumulative_vrp_edges": 0,
          "cumulative_base_edges": 0,
          "classifications": {
            "vrp_only": 0,
            "both": 0,
            "base_only": 0,
            "neither": 51
          }
        },
        {
          "archive": 22,
          "new_inputs": 36,
          "cumulative_inputs": 15629,
          "new_vrp_edges": 0,
          "new_base_edges": 0,
          "cumulative_vrp_edges": 0,
          "cumulative_base_edges": 0,
          "classifications": {
            "vrp_only": 0,
            "both": 0,
            "base_only": 0,
            "neither": 36
          }
        },
        {
          "archive": 23,
          "new_inputs": 124,
          "cumulative_inputs": 15753,
          "new_vrp_edges": 0,
          "new_base_edges": 0,
          "cumulative_vrp_edges": 0,
          "cumulative_base_edges": 0,
          "classifications": {
            "vrp_only": 0,
            "both": 0,
            "base_only": 0,
            "neither": 124
          }
        },
        {
          "archive": 24,
          "new_inputs": 53,
          "cumulative_inputs": 15806,
          "new_vrp_edges": 0,
          "new_base_edges": 0,
          "cumulative_vrp_edges": 0,
          "cumulative_base_edges": 0,
          "classifications": {
            "vrp_only": 0,
            "both": 0,
            "base_only": 0,
            "neither": 53
          }
        },
        {
          "archive": 25,
          "new_inputs": 112,
          "cumulative_inputs": 15918,
          "new_vrp_edges": 0,
          "new_base_edges": 0,
          "cumulative_vrp_edges": 0,
          "cumulative_base_edges": 0,
          "classifications": {
            "vrp_only": 0,
            "both": 0,
            "base_only": 0,
            "neither": 112
          }
        },
        {
          "archive": 26,
          "new_inputs": 47,
          "cumulative_inputs": 15965,
          "new_vrp_edges": 0,
          "new_base_edges": 0,
          "cumulative_vrp_edges": 0,
          "cumulative_base_edges": 0,
          "classifications": {
            "vrp_only": 0,
            "both": 0,
            "base_only": 0,
            "neither": 47
          }
        },
        {
          "archive": 27,
          "new_inputs": 125,
          "cumulative_inputs": 16090,
          "new_vrp_edges": 0,
          "new_base_edges": 0,
          "cumulative_vrp_edges": 0,
          "cumulative_base_edges": 0,
          "classifications": {
            "vrp_only": 0,
            "both": 0,
            "base_only": 0,
            "neither": 125
          }
        },
        {
          "archive": 28,
          "new_inputs": 33,
          "cumulative_inputs": 16123,
          "new_vrp_edges": 0,
          "new_base_edges": 0,
          "cumulative_vrp_edges": 0,
          "cumulative_base_edges": 0,
          "classifications": {
            "vrp_only": 0,
            "both": 0,
            "base_only": 0,
            "neither": 33
          }
        },
        {
          "archive": 29,
          "new_inputs": 28,
          "cumulative_inputs": 16151,
          "new_vrp_edges": 0,
          "new_base_edges": 0,
          "cumulative_vrp_edges": 0,
          "cumulative_base_edges": 0,
          "classifications": {
            "vrp_only": 0,
            "both": 0,
            "base_only": 0,
            "neither": 28
          }
        },
        {
          "archive": 30,
          "new_inputs": 28,
          "cumulative_inputs": 16179,
          "new_vrp_edges": 0,
          "new_base_edges": 0,
          "cumulative_vrp_edges": 0,
          "cumulative_base_edges": 0,
          "classifications": {
            "vrp_only": 0,
            "both": 0,
            "base_only": 0,
            "neither": 28
          }
        },
        {
          "archive": 31,
          "new_inputs": 19,
          "cumulative_inputs": 16198,
          "new_vrp_edges": 0,
          "new_base_edges": 0,
          "cumulative_vrp_edges": 0,
          "cumulative_base_edges": 0,
          "classifications": {
            "vrp_only": 0,
            "both": 0,
            "base_only": 0,
            "neither": 19
          }
        },
        {
          "archive": 32,
          "new_inputs": 20,
          "cumulative_inputs": 16218,
          "new_vrp_edges": 0,
          "new_base_edges": 0,
          "cumulative_vrp_edges": 0,
          "cumulative_base_edges": 0,
          "classifications": {
            "vrp_only": 0,
            "both": 0,
            "base_only": 0,
            "neither": 20
          }
        },
        {
          "archive": 33,
          "new_inputs": 23,
          "cumulative_inputs": 16241,
          "new_vrp_edges": 0,
          "new_base_edges": 0,
          "cumulative_vrp_edges": 0,
          "cumulative_base_edges": 0,
          "classifications": {
            "vrp_only": 0,
            "both": 0,
            "base_only": 0,
            "neither": 23
          }
        },
        {
          "archive": 34,
          "new_inputs": 51,
          "cumulative_inputs": 16292,
          "new_vrp_edges": 0,
          "new_base_edges": 0,
          "cumulative_vrp_edges": 0,
          "cumulative_base_edges": 0,
          "classifications": {
            "vrp_only": 0,
            "both": 0,
            "base_only": 0,
            "neither": 51
          }
        },
        {
          "archive": 35,
          "new_inputs": 6,
          "cumulative_inputs": 16298,
          "new_vrp_edges": 0,
          "new_base_edges": 0,
          "cumulative_vrp_edges": 0,
          "cumulative_base_edges": 0,
          "classifications": {
            "vrp_only": 0,
            "both": 0,
            "base_only": 0,
            "neither": 6
          }
        },
        {
          "archive": 36,
          "new_inputs": 25,
          "cumulative_inputs": 16323,
          "new_vrp_edges": 0,
          "new_base_edges": 0,
          "cumulative_vrp_edges": 0,
          "cumulative_base_edges": 0,
          "classifications": {
            "vrp_only": 0,
            "both": 0,
            "base_only": 0,
            "neither": 25
          }
        },
        {
          "archive": 37,
          "new_inputs": 94,
          "cumulative_inputs": 16417,
          "new_vrp_edges": 0,
          "new_base_edges": 0,
          "cumulative_vrp_edges": 0,
          "cumulative_base_edges": 0,
          "classifications": {
            "vrp_only": 0,
            "both": 0,
            "base_only": 0,
            "neither": 94
          }
        },
        {
          "archive": 38,
          "new_inputs": 20,
          "cumulative_inputs": 16437,
          "new_vrp_edges": 0,
          "new_base_edges": 0,
          "cumulative_vrp_edges": 0,
          "cumulative_base_edges": 0,
          "classifications": {
            "vrp_only": 0,
            "both": 0,
            "base_only": 0,
            "neither": 20
          }
        },
        {
          "archive": 39,
          "new_inputs": 25,
          "cumulative_inputs": 16462,
          "new_vrp_edges": 0,
          "new_base_edges": 0,
          "cumulative_vrp_edges": 0,
          "cumulative_base_edges": 0,
          "classifications": {
            "vrp_only": 0,
            "both": 0,
            "base_only": 0,
            "neither": 25
          }
        },
        {
          "archive": 40,
          "new_inputs": 10,
          "cumulative_inputs": 16472,
          "new_vrp_edges": 0,
          "new_base_edges": 0,
          "cumulative_vrp_edges": 0,
          "cumulative_base_edges": 0,
          "classifications": {
            "vrp_only": 0,
            "both": 0,
            "base_only": 0,
            "neither": 10
          }
        },
        {
          "archive": 41,
          "new_inputs": 34,
          "cumulative_inputs": 16506,
          "new_vrp_edges": 0,
          "new_base_edges": 0,
          "cumulative_vrp_edges": 0,
          "cumulative_base_edges": 0,
          "classifications": {
            "vrp_only": 0,
            "both": 0,
            "base_only": 0,
            "neither": 34
          }
        },
        {
          "archive": 42,
          "new_inputs": 39,
          "cumulative_inputs": 16545,
          "new_vrp_edges": 0,
          "new_base_edges": 0,
          "cumulative_vrp_edges": 0,
          "cumulative_base_edges": 0,
          "classifications": {
            "vrp_only": 0,
            "both": 0,
            "base_only": 0,
            "neither": 39
          }
        },
        {
          "archive": 43,
          "new_inputs": 34,
          "cumulative_inputs": 16579,
          "new_vrp_edges": 0,
          "new_base_edges": 0,
          "cumulative_vrp_edges": 0,
          "cumulative_base_edges": 0,
          "classifications": {
            "vrp_only": 0,
            "both": 0,
            "base_only": 0,
            "neither": 34
          }
        },
        {
          "archive": 44,
          "new_inputs": 42,
          "cumulative_inputs": 16621,
          "new_vrp_edges": 0,
          "new_base_edges": 0,
          "cumulative_vrp_edges": 0,
          "cumulative_base_edges": 0,
          "classifications": {
            "vrp_only": 0,
            "both": 0,
            "base_only": 0,
            "neither": 42
          }
        },
        {
          "archive": 45,
          "new_inputs": 45,
          "cumulative_inputs": 16666,
          "new_vrp_edges": 0,
          "new_base_edges": 0,
          "cumulative_vrp_edges": 0,
          "cumulative_base_edges": 0,
          "classifications": {
            "vrp_only": 0,
            "both": 0,
            "base_only": 0,
            "neither": 45
          }
        },
        {
          "archive": 46,
          "new_inputs": 33,
          "cumulative_inputs": 16699,
          "new_vrp_edges": 0,
          "new_base_edges": 0,
          "cumulative_vrp_edges": 0,
          "cumulative_base_edges": 0,
          "classifications": {
            "vrp_only": 0,
            "both": 0,
            "base_only": 0,
            "neither": 33
          }
        },
        {
          "archive": 47,
          "new_inputs": 70,
          "cumulative_inputs": 16769,
          "new_vrp_edges": 0,
          "new_base_edges": 0,
          "cumulative_vrp_edges": 0,
          "cumulative_base_edges": 0,
          "classifications": {
            "vrp_only": 0,
            "both": 0,
            "base_only": 0,
            "neither": 70
          }
        },
        {
          "archive": 48,
          "new_inputs": 108,
          "cumulative_inputs": 16877,
          "new_vrp_edges": 0,
          "new_base_edges": 0,
          "cumulative_vrp_edges": 0,
          "cumulative_base_edges": 0,
          "classifications": {
            "vrp_only": 0,
            "both": 0,
            "base_only": 0,
            "neither": 108
          }
        },
        {
          "archive": 49,
          "new_inputs": 23,
          "cumulative_inputs": 16900,
          "new_vrp_edges": 0,
          "new_base_edges": 0,
          "cumulative_vrp_edges": 0,
          "cumulative_base_edges": 0,
          "classifications": {
            "vrp_only": 0,
            "both": 0,
            "base_only": 0,
            "neither": 23
          }
        },
        {
          "archive": 50,
          "new_inputs": 26,
          "cumulative_inputs": 16926,
          "new_vrp_edges": 0,
          "new_base_edges": 0,
          "cumulative_vrp_edges": 0,
          "cumulative_base_edges": 0,
          "classifications": {
            "vrp_only": 0,
            "both": 0,
            "base_only": 0,
            "neither": 26
          }
        },
        {
          "archive": 51,
          "new_inputs": 8,
          "cumulative_inputs": 16934,
          "new_vrp_edges": 0,
          "new_base_edges": 0,
          "cumulative_vrp_edges": 0,
          "cumulative_base_edges": 0,
          "classifications": {
            "vrp_only": 0,
            "both": 0,
            "base_only": 0,
            "neither": 8
          }
        },
        {
          "archive": 52,
          "new_inputs": 29,
          "cumulative_inputs": 16963,
          "new_vrp_edges": 0,
          "new_base_edges": 0,
          "cumulative_vrp_edges": 0,
          "cumulative_base_edges": 0,
          "classifications": {
            "vrp_only": 0,
            "both": 0,
            "base_only": 0,
            "neither": 29
          }
        },
        {
          "archive": 53,
          "new_inputs": 19,
          "cumulative_inputs": 16982,
          "new_vrp_edges": 0,
          "new_base_edges": 0,
          "cumulative_vrp_edges": 0,
          "cumulative_base_edges": 0,
          "classifications": {
            "vrp_only": 0,
            "both": 0,
            "base_only": 0,
            "neither": 19
          }
        },
        {
          "archive": 54,
          "new_inputs": 27,
          "cumulative_inputs": 17009,
          "new_vrp_edges": 0,
          "new_base_edges": 0,
          "cumulative_vrp_edges": 0,
          "cumulative_base_edges": 0,
          "classifications": {
            "vrp_only": 0,
            "both": 0,
            "base_only": 0,
            "neither": 27
          }
        },
        {
          "archive": 55,
          "new_inputs": 23,
          "cumulative_inputs": 17032,
          "new_vrp_edges": 0,
          "new_base_edges": 0,
          "cumulative_vrp_edges": 0,
          "cumulative_base_edges": 0,
          "classifications": {
            "vrp_only": 0,
            "both": 0,
            "base_only": 0,
            "neither": 23
          }
        },
        {
          "archive": 56,
          "new_inputs": 19,
          "cumulative_inputs": 17051,
          "new_vrp_edges": 0,
          "new_base_edges": 0,
          "cumulative_vrp_edges": 0,
          "cumulative_base_edges": 0,
          "classifications": {
            "vrp_only": 0,
            "both": 0,
            "base_only": 0,
            "neither": 19
          }
        },
        {
          "archive": 57,
          "new_inputs": 64,
          "cumulative_inputs": 17115,
          "new_vrp_edges": 0,
          "new_base_edges": 0,
          "cumulative_vrp_edges": 0,
          "cumulative_base_edges": 0,
          "classifications": {
            "vrp_only": 0,
            "both": 0,
            "base_only": 0,
            "neither": 64
          }
        },
        {
          "archive": 58,
          "new_inputs": 13,
          "cumulative_inputs": 17128,
          "new_vrp_edges": 0,
          "new_base_edges": 0,
          "cumulative_vrp_edges": 0,
          "cumulative_base_edges": 0,
          "classifications": {
            "vrp_only": 0,
            "both": 0,
            "base_only": 0,
            "neither": 13
          }
        },
        {
          "archive": 59,
          "new_inputs": 9,
          "cumulative_inputs": 17137,
          "new_vrp_edges": 0,
          "new_base_edges": 0,
          "cumulative_vrp_edges": 0,
          "cumulative_base_edges": 0,
          "classifications": {
            "vrp_only": 0,
            "both": 0,
            "base_only": 0,
            "neither": 9
          }
        },
        {
          "archive": 60,
          "new_inputs": 17,
          "cumulative_inputs": 17154,
          "new_vrp_edges": 0,
          "new_base_edges": 0,
          "cumulative_vrp_edges": 0,
          "cumulative_base_edges": 0,
          "classifications": {
            "vrp_only": 0,
            "both": 0,
            "base_only": 0,
            "neither": 17
          }
        },
        {
          "archive": 61,
          "new_inputs": 7,
          "cumulative_inputs": 17161,
          "new_vrp_edges": 0,
          "new_base_edges": 0,
          "cumulative_vrp_edges": 0,
          "cumulative_base_edges": 0,
          "classifications": {
            "vrp_only": 0,
            "both": 0,
            "base_only": 0,
            "neither": 7
          }
        },
        {
          "archive": 62,
          "new_inputs": 6,
          "cumulative_inputs": 17167,
          "new_vrp_edges": 0,
          "new_base_edges": 0,
          "cumulative_vrp_edges": 0,
          "cumulative_base_edges": 0,
          "classifications": {
            "vrp_only": 0,
            "both": 0,
            "base_only": 0,
            "neither": 6
          }
        },
        {
          "archive": 63,
          "new_inputs": 16,
          "cumulative_inputs": 17183,
          "new_vrp_edges": 0,
          "new_base_edges": 0,
          "cumulative_vrp_edges": 0,
          "cumulative_base_edges": 0,
          "classifications": {
            "vrp_only": 0,
            "both": 0,
            "base_only": 0,
            "neither": 16
          }
        },
        {
          "archive": 64,
          "new_inputs": 11,
          "cumulative_inputs": 17194,
          "new_vrp_edges": 0,
          "new_base_edges": 0,
          "cumulative_vrp_edges": 0,
          "cumulative_base_edges": 0,
          "classifications": {
            "vrp_only": 0,
            "both": 0,
            "base_only": 0,
            "neither": 11
          }
        },
        {
          "archive": 65,
          "new_inputs": 14,
          "cumulative_inputs": 17208,
          "new_vrp_edges": 0,
          "new_base_edges": 0,
          "cumulative_vrp_edges": 0,
          "cumulative_base_edges": 0,
          "classifications": {
            "vrp_only": 0,
            "both": 0,
            "base_only": 0,
            "neither": 14
          }
        },
        {
          "archive": 66,
          "new_inputs": 9,
          "cumulative_inputs": 17217,
          "new_vrp_edges": 0,
          "new_base_edges": 0,
          "cumulative_vrp_edges": 0,
          "cumulative_base_edges": 0,
          "classifications": {
            "vrp_only": 0,
            "both": 0,
            "base_only": 0,
            "neither": 9
          }
        },
        {
          "archive": 67,
          "new_inputs": 3,
          "cumulative_inputs": 17220,
          "new_vrp_edges": 0,
          "new_base_edges": 0,
          "cumulative_vrp_edges": 0,
          "cumulative_base_edges": 0,
          "classifications": {
            "vrp_only": 0,
            "both": 0,
            "base_only": 0,
            "neither": 3
          }
        },
        {
          "archive": 68,
          "new_inputs": 11,
          "cumulative_inputs": 17231,
          "new_vrp_edges": 0,
          "new_base_edges": 0,
          "cumulative_vrp_edges": 0,
          "cumulative_base_edges": 0,
          "classifications": {
            "vrp_only": 0,
            "both": 0,
            "base_only": 0,
            "neither": 11
          }
        },
        {
          "archive": 69,
          "new_inputs": 14,
          "cumulative_inputs": 17245,
          "new_vrp_edges": 0,
          "new_base_edges": 0,
          "cumulative_vrp_edges": 0,
          "cumulative_base_edges": 0,
          "classifications": {
            "vrp_only": 0,
            "both": 0,
            "base_only": 0,
            "neither": 14
          }
        },
        {
          "archive": 70,
          "new_inputs": 10,
          "cumulative_inputs": 17255,
          "new_vrp_edges": 0,
          "new_base_edges": 0,
          "cumulative_vrp_edges": 0,
          "cumulative_base_edges": 0,
          "classifications": {
            "vrp_only": 0,
            "both": 0,
            "base_only": 0,
            "neither": 10
          }
        },
        {
          "archive": 71,
          "new_inputs": 20,
          "cumulative_inputs": 17275,
          "new_vrp_edges": 0,
          "new_base_edges": 0,
          "cumulative_vrp_edges": 0,
          "cumulative_base_edges": 0,
          "classifications": {
            "vrp_only": 0,
            "both": 0,
            "base_only": 0,
            "neither": 20
          }
        },
        {
          "archive": 72,
          "new_inputs": 11,
          "cumulative_inputs": 17286,
          "new_vrp_edges": 0,
          "new_base_edges": 0,
          "cumulative_vrp_edges": 0,
          "cumulative_base_edges": 0,
          "classifications": {
            "vrp_only": 0,
            "both": 0,
            "base_only": 0,
            "neither": 11
          }
        },
        {
          "archive": 73,
          "new_inputs": 18,
          "cumulative_inputs": 17304,
          "new_vrp_edges": 0,
          "new_base_edges": 0,
          "cumulative_vrp_edges": 0,
          "cumulative_base_edges": 0,
          "classifications": {
            "vrp_only": 0,
            "both": 0,
            "base_only": 0,
            "neither": 18
          }
        },
        {
          "archive": 74,
          "new_inputs": 14,
          "cumulative_inputs": 17318,
          "new_vrp_edges": 0,
          "new_base_edges": 0,
          "cumulative_vrp_edges": 0,
          "cumulative_base_edges": 0,
          "classifications": {
            "vrp_only": 0,
            "both": 0,
            "base_only": 0,
            "neither": 14
          }
        },
        {
          "archive": 75,
          "new_inputs": 67,
          "cumulative_inputs": 17385,
          "new_vrp_edges": 0,
          "new_base_edges": 0,
          "cumulative_vrp_edges": 0,
          "cumulative_base_edges": 0,
          "classifications": {
            "vrp_only": 0,
            "both": 0,
            "base_only": 0,
            "neither": 67
          }
        },
        {
          "archive": 76,
          "new_inputs": 7,
          "cumulative_inputs": 17392,
          "new_vrp_edges": 0,
          "new_base_edges": 0,
          "cumulative_vrp_edges": 0,
          "cumulative_base_edges": 0,
          "classifications": {
            "vrp_only": 0,
            "both": 0,
            "base_only": 0,
            "neither": 7
          }
        },
        {
          "archive": 77,
          "new_inputs": 9,
          "cumulative_inputs": 17401,
          "new_vrp_edges": 0,
          "new_base_edges": 0,
          "cumulative_vrp_edges": 0,
          "cumulative_base_edges": 0,
          "classifications": {
            "vrp_only": 0,
            "both": 0,
            "base_only": 0,
            "neither": 9
          }
        },
        {
          "archive": 78,
          "new_inputs": 7,
          "cumulative_inputs": 17408,
          "new_vrp_edges": 0,
          "new_base_edges": 0,
          "cumulative_vrp_edges": 0,
          "cumulative_base_edges": 0,
          "classifications": {
            "vrp_only": 0,
            "both": 0,
            "base_only": 0,
            "neither": 7
          }
        },
        {
          "archive": 79,
          "new_inputs": 18,
          "cumulative_inputs": 17426,
          "new_vrp_edges": 0,
          "new_base_edges": 0,
          "cumulative_vrp_edges": 0,
          "cumulative_base_edges": 0,
          "classifications": {
            "vrp_only": 0,
            "both": 0,
            "base_only": 0,
            "neither": 18
          }
        },
        {
          "archive": 80,
          "new_inputs": 5,
          "cumulative_inputs": 17431,
          "new_vrp_edges": 0,
          "new_base_edges": 0,
          "cumulative_vrp_edges": 0,
          "cumulative_base_edges": 0,
          "classifications": {
            "vrp_only": 0,
            "both": 0,
            "base_only": 0,
            "neither": 5
          }
        },
        {
          "archive": 81,
          "new_inputs": 16,
          "cumulative_inputs": 17447,
          "new_vrp_edges": 0,
          "new_base_edges": 0,
          "cumulative_vrp_edges": 0,
          "cumulative_base_edges": 0,
          "classifications": {
            "vrp_only": 0,
            "both": 0,
            "base_only": 0,
            "neither": 16
          }
        },
        {
          "archive": 82,
          "new_inputs": 10,
          "cumulative_inputs": 17457,
          "new_vrp_edges": 0,
          "new_base_edges": 0,
          "cumulative_vrp_edges": 0,
          "cumulative_base_edges": 0,
          "classifications": {
            "vrp_only": 0,
            "both": 0,
            "base_only": 0,
            "neither": 10
          }
        },
        {
          "archive": 83,
          "new_inputs": 36,
          "cumulative_inputs": 17493,
          "new_vrp_edges": 0,
          "new_base_edges": 0,
          "cumulative_vrp_edges": 0,
          "cumulative_base_edges": 0,
          "classifications": {
            "vrp_only": 0,
            "both": 0,
            "base_only": 0,
            "neither": 36
          }
        },
        {
          "archive": 84,
          "new_inputs": 18,
          "cumulative_inputs": 17511,
          "new_vrp_edges": 0,
          "new_base_edges": 0,
          "cumulative_vrp_edges": 0,
          "cumulative_base_edges": 0,
          "classifications": {
            "vrp_only": 0,
            "both": 0,
            "base_only": 0,
            "neither": 18
          }
        },
        {
          "archive": 85,
          "new_inputs": 13,
          "cumulative_inputs": 17524,
          "new_vrp_edges": 0,
          "new_base_edges": 0,
          "cumulative_vrp_edges": 0,
          "cumulative_base_edges": 0,
          "classifications": {
            "vrp_only": 0,
            "both": 0,
            "base_only": 0,
            "neither": 13
          }
        },
        {
          "archive": 86,
          "new_inputs": 16,
          "cumulative_inputs": 17540,
          "new_vrp_edges": 0,
          "new_base_edges": 0,
          "cumulative_vrp_edges": 0,
          "cumulative_base_edges": 0,
          "classifications": {
            "vrp_only": 0,
            "both": 0,
            "base_only": 0,
            "neither": 16
          }
        },
        {
          "archive": 87,
          "new_inputs": 9,
          "cumulative_inputs": 17549,
          "new_vrp_edges": 0,
          "new_base_edges": 0,
          "cumulative_vrp_edges": 0,
          "cumulative_base_edges": 0,
          "classifications": {
            "vrp_only": 0,
            "both": 0,
            "base_only": 0,
            "neither": 9
          }
        },
        {
          "archive": 88,
          "new_inputs": 66,
          "cumulative_inputs": 17615,
          "new_vrp_edges": 0,
          "new_base_edges": 0,
          "cumulative_vrp_edges": 0,
          "cumulative_base_edges": 0,
          "classifications": {
            "vrp_only": 0,
            "both": 0,
            "base_only": 0,
            "neither": 66
          }
        },
        {
          "archive": 89,
          "new_inputs": 24,
          "cumulative_inputs": 17639,
          "new_vrp_edges": 0,
          "new_base_edges": 0,
          "cumulative_vrp_edges": 0,
          "cumulative_base_edges": 0,
          "classifications": {
            "vrp_only": 0,
            "both": 0,
            "base_only": 0,
            "neither": 24
          }
        },
        {
          "archive": 90,
          "new_inputs": 8,
          "cumulative_inputs": 17647,
          "new_vrp_edges": 0,
          "new_base_edges": 0,
          "cumulative_vrp_edges": 0,
          "cumulative_base_edges": 0,
          "classifications": {
            "vrp_only": 0,
            "both": 0,
            "base_only": 0,
            "neither": 8
          }
        },
        {
          "archive": 91,
          "new_inputs": 22,
          "cumulative_inputs": 17669,
          "new_vrp_edges": 0,
          "new_base_edges": 0,
          "cumulative_vrp_edges": 0,
          "cumulative_base_edges": 0,
          "classifications": {
            "vrp_only": 0,
            "both": 0,
            "base_only": 0,
            "neither": 22
          }
        },
        {
          "archive": 92,
          "new_inputs": 15,
          "cumulative_inputs": 17684,
          "new_vrp_edges": 0,
          "new_base_edges": 0,
          "cumulative_vrp_edges": 0,
          "cumulative_base_edges": 0,
          "classifications": {
            "vrp_only": 0,
            "both": 0,
            "base_only": 0,
            "neither": 15
          }
        },
        {
          "archive": 93,
          "new_inputs": 9,
          "cumulative_inputs": 17693,
          "new_vrp_edges": 0,
          "new_base_edges": 0,
          "cumulative_vrp_edges": 0,
          "cumulative_base_edges": 0,
          "classifications": {
            "vrp_only": 0,
            "both": 0,
            "base_only": 0,
            "neither": 9
          }
        },
        {
          "archive": 94,
          "new_inputs": 13,
          "cumulative_inputs": 17706,
          "new_vrp_edges": 0,
          "new_base_edges": 0,
          "cumulative_vrp_edges": 0,
          "cumulative_base_edges": 0,
          "classifications": {
            "vrp_only": 0,
            "both": 0,
            "base_only": 0,
            "neither": 13
          }
        },
        {
          "archive": 95,
          "new_inputs": 25,
          "cumulative_inputs": 17731,
          "new_vrp_edges": 0,
          "new_base_edges": 0,
          "cumulative_vrp_edges": 0,
          "cumulative_base_edges": 0,
          "classifications": {
            "vrp_only": 0,
            "both": 0,
            "base_only": 0,
            "neither": 25
          }
        },
        {
          "archive": 96,
          "new_inputs": 0,
          "cumulative_inputs": 17731,
          "new_vrp_edges": 0,
          "new_base_edges": 0,
          "cumulative_vrp_edges": 0,
          "cumulative_base_edges": 0,
          "classifications": {
            "vrp_only": 0,
            "both": 0,
            "base_only": 0,
            "neither": 0
          }
        }
      ],
      "summary": {
        "total_inputs": 17731,
        "total_vrp_edges": 0,
        "total_base_edges": 0,
        "entanglement_rate": 0.0,
        "vrp_only_count": 0,
        "both_count": 0,
        "base_only_count": 0,
        "neither_count": 17731
      }
    },
    "vrp_bucket_entanglement": {
      "summary": {
        "total_inputs": 17731,
        "bucket_entanglement_rate": 0.0,
        "vrp_only": 0,
        "both": 0,
        "base_only": 0,
        "neither": 17731,
        "edge_neither_but_bucket_interesting": 0
      }
    },
    "vrp_gradient": {
      "summary": {
        "total_vrp_edges_seen": 0,
        "singleton_edges": 0,
        "low_freq_edges": 0,
        "high_freq_edges": 0,
        "vrp_exclusive_singletons": 0,
        "hit_count_distribution": {
          "1": 0,
          "2-3": 0,
          "4-10": 0,
          "11-50": 0,
          "51-200": 0,
          "200+": 0
        }
      }
    },
    "edge_growth": {
      "growth_curve": [
        {
          "archive": 0,
          "total_inputs": 2,
          "vrp_edges": 0,
          "base_edges": 0
        },
        {
          "archive": 1,
          "total_inputs": 6373,
          "vrp_edges": 0,
          "base_edges": 0
        },
        {
          "archive": 2,
          "total_inputs": 8727,
          "vrp_edges": 0,
          "base_edges": 0
        },
        {
          "archive": 3,
          "total_inputs": 10545,
          "vrp_edges": 0,
          "base_edges": 0
        },
        {
          "archive": 4,
          "total_inputs": 11524,
          "vrp_edges": 0,
          "base_edges": 0
        },
        {
          "archive": 5,
          "total_inputs": 12545,
          "vrp_edges": 0,
          "base_edges": 0
        },
        {
          "archive": 6,
          "total_inputs": 13433,
          "vrp_edges": 0,
          "base_edges": 0
        },
        {
          "archive": 7,
          "total_inputs": 13860,
          "vrp_edges": 0,
          "base_edges": 0
        },
        {
          "archive": 8,
          "total_inputs": 14111,
          "vrp_edges": 0,
          "base_edges": 0
        },
        {
          "archive": 9,
          "total_inputs": 14290,
          "vrp_edges": 0,
          "base_edges": 0
        },
        {
          "archive": 10,
          "total_inputs": 14402,
          "vrp_edges": 0,
          "base_edges": 0
        },
        {
          "archive": 11,
          "total_inputs": 14566,
          "vrp_edges": 0,
          "base_edges": 0
        },
        {
          "archive": 12,
          "total_inputs": 14885,
          "vrp_edges": 0,
          "base_edges": 0
        },
        {
          "archive": 13,
          "total_inputs": 15092,
          "vrp_edges": 0,
          "base_edges": 0
        },
        {
          "archive": 14,
          "total_inputs": 15195,
          "vrp_edges": 0,
          "base_edges": 0
        },
        {
          "archive": 15,
          "total_inputs": 15275,
          "vrp_edges": 0,
          "base_edges": 0
        },
        {
          "archive": 16,
          "total_inputs": 15345,
          "vrp_edges": 0,
          "base_edges": 0
        },
        {
          "archive": 17,
          "total_inputs": 15394,
          "vrp_edges": 0,
          "base_edges": 0
        },
        {
          "archive": 18,
          "total_inputs": 15447,
          "vrp_edges": 0,
          "base_edges": 0
        },
        {
          "archive": 19,
          "total_inputs": 15496,
          "vrp_edges": 0,
          "base_edges": 0
        },
        {
          "archive": 20,
          "total_inputs": 15542,
          "vrp_edges": 0,
          "base_edges": 0
        },
        {
          "archive": 21,
          "total_inputs": 15593,
          "vrp_edges": 0,
          "base_edges": 0
        },
        {
          "archive": 22,
          "total_inputs": 15629,
          "vrp_edges": 0,
          "base_edges": 0
        },
        {
          "archive": 23,
          "total_inputs": 15753,
          "vrp_edges": 0,
          "base_edges": 0
        },
        {
          "archive": 24,
          "total_inputs": 15806,
          "vrp_edges": 0,
          "base_edges": 0
        },
        {
          "archive": 25,
          "total_inputs": 15918,
          "vrp_edges": 0,
          "base_edges": 0
        },
        {
          "archive": 26,
          "total_inputs": 15965,
          "vrp_edges": 0,
          "base_edges": 0
        },
        {
          "archive": 27,
          "total_inputs": 16090,
          "vrp_edges": 0,
          "base_edges": 0
        },
        {
          "archive": 28,
          "total_inputs": 16123,
          "vrp_edges": 0,
          "base_edges": 0
        },
        {
          "archive": 29,
          "total_inputs": 16151,
          "vrp_edges": 0,
          "base_edges": 0
        },
        {
          "archive": 30,
          "total_inputs": 16179,
          "vrp_edges": 0,
          "base_edges": 0
        },
        {
          "archive": 31,
          "total_inputs": 16198,
          "vrp_edges": 0,
          "base_edges": 0
        },
        {
          "archive": 32,
          "total_inputs": 16218,
          "vrp_edges": 0,
          "base_edges": 0
        },
        {
          "archive": 33,
          "total_inputs": 16241,
          "vrp_edges": 0,
          "base_edges": 0
        },
        {
          "archive": 34,
          "total_inputs": 16292,
          "vrp_edges": 0,
          "base_edges": 0
        },
        {
          "archive": 35,
          "total_inputs": 16298,
          "vrp_edges": 0,
          "base_edges": 0
        },
        {
          "archive": 36,
          "total_inputs": 16323,
          "vrp_edges": 0,
          "base_edges": 0
        },
        {
          "archive": 37,
          "total_inputs": 16417,
          "vrp_edges": 0,
          "base_edges": 0
        },
        {
          "archive": 38,
          "total_inputs": 16437,
          "vrp_edges": 0,
          "base_edges": 0
        },
        {
          "archive": 39,
          "total_inputs": 16462,
          "vrp_edges": 0,
          "base_edges": 0
        },
        {
          "archive": 40,
          "total_inputs": 16472,
          "vrp_edges": 0,
          "base_edges": 0
        },
        {
          "archive": 41,
          "total_inputs": 16506,
          "vrp_edges": 0,
          "base_edges": 0
        },
        {
          "archive": 42,
          "total_inputs": 16545,
          "vrp_edges": 0,
          "base_edges": 0
        },
        {
          "archive": 43,
          "total_inputs": 16579,
          "vrp_edges": 0,
          "base_edges": 0
        },
        {
          "archive": 44,
          "total_inputs": 16621,
          "vrp_edges": 0,
          "base_edges": 0
        },
        {
          "archive": 45,
          "total_inputs": 16666,
          "vrp_edges": 0,
          "base_edges": 0
        },
        {
          "archive": 46,
          "total_inputs": 16699,
          "vrp_edges": 0,
          "base_edges": 0
        },
        {
          "archive": 47,
          "total_inputs": 16769,
          "vrp_edges": 0,
          "base_edges": 0
        },
        {
          "archive": 48,
          "total_inputs": 16877,
          "vrp_edges": 0,
          "base_edges": 0
        },
        {
          "archive": 49,
          "total_inputs": 16900,
          "vrp_edges": 0,
          "base_edges": 0
        },
        {
          "archive": 50,
          "total_inputs": 16926,
          "vrp_edges": 0,
          "base_edges": 0
        },
        {
          "archive": 51,
          "total_inputs": 16934,
          "vrp_edges": 0,
          "base_edges": 0
        },
        {
          "archive": 52,
          "total_inputs": 16963,
          "vrp_edges": 0,
          "base_edges": 0
        },
        {
          "archive": 53,
          "total_inputs": 16982,
          "vrp_edges": 0,
          "base_edges": 0
        },
        {
          "archive": 54,
          "total_inputs": 17009,
          "vrp_edges": 0,
          "base_edges": 0
        },
        {
          "archive": 55,
          "total_inputs": 17032,
          "vrp_edges": 0,
          "base_edges": 0
        },
        {
          "archive": 56,
          "total_inputs": 17051,
          "vrp_edges": 0,
          "base_edges": 0
        },
        {
          "archive": 57,
          "total_inputs": 17115,
          "vrp_edges": 0,
          "base_edges": 0
        },
        {
          "archive": 58,
          "total_inputs": 17128,
          "vrp_edges": 0,
          "base_edges": 0
        },
        {
          "archive": 59,
          "total_inputs": 17137,
          "vrp_edges": 0,
          "base_edges": 0
        },
        {
          "archive": 60,
          "total_inputs": 17154,
          "vrp_edges": 0,
          "base_edges": 0
        },
        {
          "archive": 61,
          "total_inputs": 17161,
          "vrp_edges": 0,
          "base_edges": 0
        },
        {
          "archive": 62,
          "total_inputs": 17167,
          "vrp_edges": 0,
          "base_edges": 0
        },
        {
          "archive": 63,
          "total_inputs": 17183,
          "vrp_edges": 0,
          "base_edges": 0
        },
        {
          "archive": 64,
          "total_inputs": 17194,
          "vrp_edges": 0,
          "base_edges": 0
        },
        {
          "archive": 65,
          "total_inputs": 17208,
          "vrp_edges": 0,
          "base_edges": 0
        },
        {
          "archive": 66,
          "total_inputs": 17217,
          "vrp_edges": 0,
          "base_edges": 0
        },
        {
          "archive": 67,
          "total_inputs": 17220,
          "vrp_edges": 0,
          "base_edges": 0
        },
        {
          "archive": 68,
          "total_inputs": 17231,
          "vrp_edges": 0,
          "base_edges": 0
        },
        {
          "archive": 69,
          "total_inputs": 17245,
          "vrp_edges": 0,
          "base_edges": 0
        },
        {
          "archive": 70,
          "total_inputs": 17255,
          "vrp_edges": 0,
          "base_edges": 0
        },
        {
          "archive": 71,
          "total_inputs": 17275,
          "vrp_edges": 0,
          "base_edges": 0
        },
        {
          "archive": 72,
          "total_inputs": 17286,
          "vrp_edges": 0,
          "base_edges": 0
        },
        {
          "archive": 73,
          "total_inputs": 17304,
          "vrp_edges": 0,
          "base_edges": 0
        },
        {
          "archive": 74,
          "total_inputs": 17318,
          "vrp_edges": 0,
          "base_edges": 0
        },
        {
          "archive": 75,
          "total_inputs": 17385,
          "vrp_edges": 0,
          "base_edges": 0
        },
        {
          "archive": 76,
          "total_inputs": 17392,
          "vrp_edges": 0,
          "base_edges": 0
        },
        {
          "archive": 77,
          "total_inputs": 17401,
          "vrp_edges": 0,
          "base_edges": 0
        },
        {
          "archive": 78,
          "total_inputs": 17408,
          "vrp_edges": 0,
          "base_edges": 0
        },
        {
          "archive": 79,
          "total_inputs": 17426,
          "vrp_edges": 0,
          "base_edges": 0
        },
        {
          "archive": 80,
          "total_inputs": 17431,
          "vrp_edges": 0,
          "base_edges": 0
        },
        {
          "archive": 81,
          "total_inputs": 17447,
          "vrp_edges": 0,
          "base_edges": 0
        },
        {
          "archive": 82,
          "total_inputs": 17457,
          "vrp_edges": 0,
          "base_edges": 0
        },
        {
          "archive": 83,
          "total_inputs": 17493,
          "vrp_edges": 0,
          "base_edges": 0
        },
        {
          "archive": 84,
          "total_inputs": 17511,
          "vrp_edges": 0,
          "base_edges": 0
        },
        {
          "archive": 85,
          "total_inputs": 17524,
          "vrp_edges": 0,
          "base_edges": 0
        },
        {
          "archive": 86,
          "total_inputs": 17540,
          "vrp_edges": 0,
          "base_edges": 0
        },
        {
          "archive": 87,
          "total_inputs": 17549,
          "vrp_edges": 0,
          "base_edges": 0
        },
        {
          "archive": 88,
          "total_inputs": 17615,
          "vrp_edges": 0,
          "base_edges": 0
        },
        {
          "archive": 89,
          "total_inputs": 17639,
          "vrp_edges": 0,
          "base_edges": 0
        },
        {
          "archive": 90,
          "total_inputs": 17647,
          "vrp_edges": 0,
          "base_edges": 0
        },
        {
          "archive": 91,
          "total_inputs": 17669,
          "vrp_edges": 0,
          "base_edges": 0
        },
        {
          "archive": 92,
          "total_inputs": 17684,
          "vrp_edges": 0,
          "base_edges": 0
        },
        {
          "archive": 93,
          "total_inputs": 17693,
          "vrp_edges": 0,
          "base_edges": 0
        },
        {
          "archive": 94,
          "total_inputs": 17706,
          "vrp_edges": 0,
          "base_edges": 0
        },
        {
          "archive": 95,
          "total_inputs": 17731,
          "vrp_edges": 0,
          "base_edges": 0
        },
        {
          "archive": 96,
          "total_inputs": 17731,
          "vrp_edges": 0,
          "base_edges": 0
        }
      ],
      "final_vrp_edges": 0,
      "final_base_edges": 0,
      "total_inputs": 17731
    },
    "speed": {
      "per_archive": [
        {
          "archive": 0,
          "inputs": 2,
          "mean_vrp_ms": 9.727,
          "mean_base_ms": 10.935,
          "overhead": 0.8896
        },
        {
          "archive": 1,
          "inputs": 6371,
          "mean_vrp_ms": 0.019,
          "mean_base_ms": 0.019,
          "overhead": 0.9848
        },
        {
          "archive": 2,
          "inputs": 2354,
          "mean_vrp_ms": 0.021,
          "mean_base_ms": 0.022,
          "overhead": 0.9664
        },
        {
          "archive": 3,
          "inputs": 1818,
          "mean_vrp_ms": 0.022,
          "mean_base_ms": 0.023,
          "overhead": 0.9346
        },
        {
          "archive": 4,
          "inputs": 979,
          "mean_vrp_ms": 0.024,
          "mean_base_ms": 0.026,
          "overhead": 0.9007
        },
        {
          "archive": 5,
          "inputs": 1021,
          "mean_vrp_ms": 0.024,
          "mean_base_ms": 0.028,
          "overhead": 0.8708
        },
        {
          "archive": 6,
          "inputs": 888,
          "mean_vrp_ms": 0.025,
          "mean_base_ms": 0.028,
          "overhead": 0.8666
        },
        {
          "archive": 7,
          "inputs": 427,
          "mean_vrp_ms": 0.043,
          "mean_base_ms": 0.049,
          "overhead": 0.8637
        },
        {
          "archive": 8,
          "inputs": 251,
          "mean_vrp_ms": 0.071,
          "mean_base_ms": 0.065,
          "overhead": 1.0936
        },
        {
          "archive": 9,
          "inputs": 179,
          "mean_vrp_ms": 0.087,
          "mean_base_ms": 0.085,
          "overhead": 1.0301
        },
        {
          "archive": 10,
          "inputs": 112,
          "mean_vrp_ms": 0.149,
          "mean_base_ms": 0.13,
          "overhead": 1.1466
        },
        {
          "archive": 11,
          "inputs": 164,
          "mean_vrp_ms": 0.093,
          "mean_base_ms": 0.076,
          "overhead": 1.2288
        },
        {
          "archive": 12,
          "inputs": 319,
          "mean_vrp_ms": 0.048,
          "mean_base_ms": 0.051,
          "overhead": 0.956
        },
        {
          "archive": 13,
          "inputs": 207,
          "mean_vrp_ms": 0.082,
          "mean_base_ms": 0.074,
          "overhead": 1.1137
        },
        {
          "archive": 14,
          "inputs": 103,
          "mean_vrp_ms": 0.117,
          "mean_base_ms": 0.123,
          "overhead": 0.947
        },
        {
          "archive": 15,
          "inputs": 80,
          "mean_vrp_ms": 0.148,
          "mean_base_ms": 0.154,
          "overhead": 0.9622
        },
        {
          "archive": 16,
          "inputs": 70,
          "mean_vrp_ms": 0.175,
          "mean_base_ms": 0.205,
          "overhead": 0.8543
        },
        {
          "archive": 17,
          "inputs": 49,
          "mean_vrp_ms": 0.259,
          "mean_base_ms": 0.234,
          "overhead": 1.1076
        },
        {
          "archive": 18,
          "inputs": 53,
          "mean_vrp_ms": 0.216,
          "mean_base_ms": 0.223,
          "overhead": 0.9682
        },
        {
          "archive": 19,
          "inputs": 49,
          "mean_vrp_ms": 0.309,
          "mean_base_ms": 0.274,
          "overhead": 1.1306
        },
        {
          "archive": 20,
          "inputs": 46,
          "mean_vrp_ms": 0.253,
          "mean_base_ms": 0.287,
          "overhead": 0.8795
        },
        {
          "archive": 21,
          "inputs": 51,
          "mean_vrp_ms": 0.265,
          "mean_base_ms": 0.29,
          "overhead": 0.9117
        },
        {
          "archive": 22,
          "inputs": 36,
          "mean_vrp_ms": 0.378,
          "mean_base_ms": 0.406,
          "overhead": 0.9308
        },
        {
          "archive": 23,
          "inputs": 124,
          "mean_vrp_ms": 0.097,
          "mean_base_ms": 0.101,
          "overhead": 0.9597
        },
        {
          "archive": 24,
          "inputs": 53,
          "mean_vrp_ms": 0.285,
          "mean_base_ms": 0.243,
          "overhead": 1.1697
        },
        {
          "archive": 25,
          "inputs": 112,
          "mean_vrp_ms": 0.143,
          "mean_base_ms": 0.114,
          "overhead": 1.2535
        },
        {
          "archive": 26,
          "inputs": 47,
          "mean_vrp_ms": 0.281,
          "mean_base_ms": 0.282,
          "overhead": 0.996
        },
        {
          "archive": 27,
          "inputs": 125,
          "mean_vrp_ms": 0.1,
          "mean_base_ms": 0.11,
          "overhead": 0.9119
        },
        {
          "archive": 28,
          "inputs": 33,
          "mean_vrp_ms": 0.338,
          "mean_base_ms": 0.357,
          "overhead": 0.9484
        },
        {
          "archive": 29,
          "inputs": 28,
          "mean_vrp_ms": 0.424,
          "mean_base_ms": 0.479,
          "overhead": 0.8843
        },
        {
          "archive": 30,
          "inputs": 28,
          "mean_vrp_ms": 0.429,
          "mean_base_ms": 0.413,
          "overhead": 1.0391
        },
        {
          "archive": 31,
          "inputs": 19,
          "mean_vrp_ms": 0.683,
          "mean_base_ms": 0.52,
          "overhead": 1.3143
        },
        {
          "archive": 32,
          "inputs": 20,
          "mean_vrp_ms": 0.657,
          "mean_base_ms": 0.698,
          "overhead": 0.9411
        },
        {
          "archive": 33,
          "inputs": 23,
          "mean_vrp_ms": 0.608,
          "mean_base_ms": 0.553,
          "overhead": 1.0997
        },
        {
          "archive": 34,
          "inputs": 51,
          "mean_vrp_ms": 0.246,
          "mean_base_ms": 0.227,
          "overhead": 1.0819
        },
        {
          "archive": 35,
          "inputs": 6,
          "mean_vrp_ms": 2.315,
          "mean_base_ms": 1.946,
          "overhead": 1.1899
        },
        {
          "archive": 36,
          "inputs": 25,
          "mean_vrp_ms": 0.464,
          "mean_base_ms": 0.457,
          "overhead": 1.0162
        },
        {
          "archive": 37,
          "inputs": 94,
          "mean_vrp_ms": 0.131,
          "mean_base_ms": 0.116,
          "overhead": 1.1303
        },
        {
          "archive": 38,
          "inputs": 20,
          "mean_vrp_ms": 0.675,
          "mean_base_ms": 0.601,
          "overhead": 1.1239
        },
        {
          "archive": 39,
          "inputs": 25,
          "mean_vrp_ms": 0.489,
          "mean_base_ms": 0.475,
          "overhead": 1.0299
        },
        {
          "archive": 40,
          "inputs": 10,
          "mean_vrp_ms": 1.025,
          "mean_base_ms": 1.072,
          "overhead": 0.9557
        },
        {
          "archive": 41,
          "inputs": 34,
          "mean_vrp_ms": 0.446,
          "mean_base_ms": 0.456,
          "overhead": 0.9796
        },
        {
          "archive": 42,
          "inputs": 39,
          "mean_vrp_ms": 0.34,
          "mean_base_ms": 0.332,
          "overhead": 1.0223
        },
        {
          "archive": 43,
          "inputs": 34,
          "mean_vrp_ms": 0.331,
          "mean_base_ms": 0.345,
          "overhead": 0.9588
        },
        {
          "archive": 44,
          "inputs": 42,
          "mean_vrp_ms": 0.367,
          "mean_base_ms": 0.289,
          "overhead": 1.2704
        },
        {
          "archive": 45,
          "inputs": 45,
          "mean_vrp_ms": 0.331,
          "mean_base_ms": 0.271,
          "overhead": 1.22
        },
        {
          "archive": 46,
          "inputs": 33,
          "mean_vrp_ms": 0.335,
          "mean_base_ms": 0.364,
          "overhead": 0.9217
        },
        {
          "archive": 47,
          "inputs": 70,
          "mean_vrp_ms": 0.167,
          "mean_base_ms": 0.171,
          "overhead": 0.9754
        },
        {
          "archive": 48,
          "inputs": 108,
          "mean_vrp_ms": 0.113,
          "mean_base_ms": 0.118,
          "overhead": 0.9517
        },
        {
          "archive": 49,
          "inputs": 23,
          "mean_vrp_ms": 0.698,
          "mean_base_ms": 0.542,
          "overhead": 1.2864
        },
        {
          "archive": 50,
          "inputs": 26,
          "mean_vrp_ms": 0.404,
          "mean_base_ms": 0.419,
          "overhead": 0.9647
        },
        {
          "archive": 51,
          "inputs": 8,
          "mean_vrp_ms": 1.239,
          "mean_base_ms": 1.466,
          "overhead": 0.8453
        },
        {
          "archive": 52,
          "inputs": 29,
          "mean_vrp_ms": 0.347,
          "mean_base_ms": 0.363,
          "overhead": 0.9562
        },
        {
          "archive": 53,
          "inputs": 19,
          "mean_vrp_ms": 0.59,
          "mean_base_ms": 0.593,
          "overhead": 0.9946
        },
        {
          "archive": 54,
          "inputs": 27,
          "mean_vrp_ms": 0.411,
          "mean_base_ms": 0.377,
          "overhead": 1.0892
        },
        {
          "archive": 55,
          "inputs": 23,
          "mean_vrp_ms": 0.519,
          "mean_base_ms": 0.54,
          "overhead": 0.9612
        },
        {
          "archive": 56,
          "inputs": 19,
          "mean_vrp_ms": 0.681,
          "mean_base_ms": 0.637,
          "overhead": 1.0685
        },
        {
          "archive": 57,
          "inputs": 64,
          "mean_vrp_ms": 0.19,
          "mean_base_ms": 0.169,
          "overhead": 1.1246
        },
        {
          "archive": 58,
          "inputs": 13,
          "mean_vrp_ms": 1.065,
          "mean_base_ms": 1.074,
          "overhead": 0.9918
        },
        {
          "archive": 59,
          "inputs": 9,
          "mean_vrp_ms": 1.543,
          "mean_base_ms": 1.269,
          "overhead": 1.2158
        },
        {
          "archive": 60,
          "inputs": 17,
          "mean_vrp_ms": 0.607,
          "mean_base_ms": 0.679,
          "overhead": 0.8941
        },
        {
          "archive": 61,
          "inputs": 7,
          "mean_vrp_ms": 1.41,
          "mean_base_ms": 1.552,
          "overhead": 0.909
        },
        {
          "archive": 62,
          "inputs": 6,
          "mean_vrp_ms": 2.542,
          "mean_base_ms": 1.989,
          "overhead": 1.2779
        },
        {
          "archive": 63,
          "inputs": 16,
          "mean_vrp_ms": 0.747,
          "mean_base_ms": 0.708,
          "overhead": 1.0558
        },
        {
          "archive": 64,
          "inputs": 11,
          "mean_vrp_ms": 1.08,
          "mean_base_ms": 1.118,
          "overhead": 0.9663
        },
        {
          "archive": 65,
          "inputs": 14,
          "mean_vrp_ms": 0.873,
          "mean_base_ms": 0.831,
          "overhead": 1.0504
        },
        {
          "archive": 66,
          "inputs": 9,
          "mean_vrp_ms": 1.443,
          "mean_base_ms": 1.529,
          "overhead": 0.9441
        },
        {
          "archive": 67,
          "inputs": 3,
          "mean_vrp_ms": 4.85,
          "mean_base_ms": 4.199,
          "overhead": 1.155
        },
        {
          "archive": 68,
          "inputs": 11,
          "mean_vrp_ms": 1.098,
          "mean_base_ms": 1.164,
          "overhead": 0.9436
        },
        {
          "archive": 69,
          "inputs": 14,
          "mean_vrp_ms": 1.041,
          "mean_base_ms": 0.803,
          "overhead": 1.2958
        },
        {
          "archive": 70,
          "inputs": 10,
          "mean_vrp_ms": 1.124,
          "mean_base_ms": 1.142,
          "overhead": 0.9848
        },
        {
          "archive": 71,
          "inputs": 20,
          "mean_vrp_ms": 0.544,
          "mean_base_ms": 0.574,
          "overhead": 0.9481
        },
        {
          "archive": 72,
          "inputs": 11,
          "mean_vrp_ms": 0.978,
          "mean_base_ms": 1.137,
          "overhead": 0.8601
        },
        {
          "archive": 73,
          "inputs": 18,
          "mean_vrp_ms": 0.697,
          "mean_base_ms": 0.799,
          "overhead": 0.8714
        },
        {
          "archive": 74,
          "inputs": 14,
          "mean_vrp_ms": 0.905,
          "mean_base_ms": 0.924,
          "overhead": 0.9785
        },
        {
          "archive": 75,
          "inputs": 67,
          "mean_vrp_ms": 0.23,
          "mean_base_ms": 0.202,
          "overhead": 1.1347
        },
        {
          "archive": 76,
          "inputs": 7,
          "mean_vrp_ms": 1.87,
          "mean_base_ms": 1.719,
          "overhead": 1.0878
        },
        {
          "archive": 77,
          "inputs": 9,
          "mean_vrp_ms": 1.329,
          "mean_base_ms": 1.204,
          "overhead": 1.1034
        },
        {
          "archive": 78,
          "inputs": 7,
          "mean_vrp_ms": 1.86,
          "mean_base_ms": 1.631,
          "overhead": 1.1406
        },
        {
          "archive": 79,
          "inputs": 18,
          "mean_vrp_ms": 0.708,
          "mean_base_ms": 0.713,
          "overhead": 0.993
        },
        {
          "archive": 80,
          "inputs": 5,
          "mean_vrp_ms": 2.335,
          "mean_base_ms": 2.137,
          "overhead": 1.093
        },
        {
          "archive": 81,
          "inputs": 16,
          "mean_vrp_ms": 0.976,
          "mean_base_ms": 0.746,
          "overhead": 1.3077
        },
        {
          "archive": 82,
          "inputs": 10,
          "mean_vrp_ms": 1.3,
          "mean_base_ms": 1.106,
          "overhead": 1.1756
        },
        {
          "archive": 83,
          "inputs": 36,
          "mean_vrp_ms": 0.313,
          "mean_base_ms": 0.321,
          "overhead": 0.9757
        },
        {
          "archive": 84,
          "inputs": 18,
          "mean_vrp_ms": 0.585,
          "mean_base_ms": 0.712,
          "overhead": 0.8223
        },
        {
          "archive": 85,
          "inputs": 13,
          "mean_vrp_ms": 0.9,
          "mean_base_ms": 0.871,
          "overhead": 1.0338
        },
        {
          "archive": 86,
          "inputs": 16,
          "mean_vrp_ms": 0.751,
          "mean_base_ms": 0.681,
          "overhead": 1.1026
        },
        {
          "archive": 87,
          "inputs": 9,
          "mean_vrp_ms": 1.582,
          "mean_base_ms": 1.243,
          "overhead": 1.273
        },
        {
          "archive": 88,
          "inputs": 66,
          "mean_vrp_ms": 0.195,
          "mean_base_ms": 0.202,
          "overhead": 0.9643
        },
        {
          "archive": 89,
          "inputs": 24,
          "mean_vrp_ms": 0.565,
          "mean_base_ms": 0.441,
          "overhead": 1.2831
        },
        {
          "archive": 90,
          "inputs": 8,
          "mean_vrp_ms": 1.303,
          "mean_base_ms": 1.462,
          "overhead": 0.891
        },
        {
          "archive": 91,
          "inputs": 22,
          "mean_vrp_ms": 0.609,
          "mean_base_ms": 0.512,
          "overhead": 1.1901
        },
        {
          "archive": 92,
          "inputs": 15,
          "mean_vrp_ms": 0.815,
          "mean_base_ms": 0.817,
          "overhead": 0.9976
        },
        {
          "archive": 93,
          "inputs": 9,
          "mean_vrp_ms": 1.411,
          "mean_base_ms": 1.391,
          "overhead": 1.0147
        },
        {
          "archive": 94,
          "inputs": 13,
          "mean_vrp_ms": 1.046,
          "mean_base_ms": 0.918,
          "overhead": 1.1395
        },
        {
          "archive": 95,
          "inputs": 25,
          "mean_vrp_ms": 0.413,
          "mean_base_ms": 0.477,
          "overhead": 0.8659
        },
        {
          "archive": 96,
          "inputs": 0,
          "mean_vrp_ms": 0.0,
          "mean_base_ms": 0.0,
          "overhead": 0.0
        }
      ],
      "summary": {
        "total_inputs": 17731,
        "vrp_mean_ms": 0.082,
        "vrp_median_ms": 0.022,
        "vrp_p95_ms": 0.367,
        "vrp_p99_ms": 1.041,
        "base_mean_ms": 0.08,
        "base_median_ms": 0.023,
        "base_p95_ms": 0.364,
        "base_p99_ms": 1.072,
        "mean_overhead": 1.0155
      }
    }
  }
}