{
  "experiment": "vrp-unfold-eval-big04",
  "benchmark": "freetype2_ftfuzzer",
  "fuzzer": "aflplusplus_vrp_lto",
  "instance": "46187",
  "archives_processed": 97,
  "total_inputs": 18439,
  "elapsed_seconds": 24.2,
  "analyzer_results": {
    "vrp_hit_entanglement": {
      "per_archive": [
        {
          "archive": 0,
          "new_inputs": 2,
          "cumulative_inputs": 2,
          "new_vrp_edges": 0,
          "new_base_edges": 0,
          "cumulative_vrp_edges": 0,
          "cumulative_base_edges": 0,
          "classifications": {
            "vrp_only": 0,
            "both": 0,
            "base_only": 0,
            "neither": 2
          }
        },
        {
          "archive": 1,
          "new_inputs": 6204,
          "cumulative_inputs": 6206,
          "new_vrp_edges": 0,
          "new_base_edges": 0,
          "cumulative_vrp_edges": 0,
          "cumulative_base_edges": 0,
          "classifications": {
            "vrp_only": 0,
            "both": 0,
            "base_only": 0,
            "neither": 6204
          }
        },
        {
          "archive": 2,
          "new_inputs": 1741,
          "cumulative_inputs": 7947,
          "new_vrp_edges": 0,
          "new_base_edges": 0,
          "cumulative_vrp_edges": 0,
          "cumulative_base_edges": 0,
          "classifications": {
            "vrp_only": 0,
            "both": 0,
            "base_only": 0,
            "neither": 1741
          }
        },
        {
          "archive": 3,
          "new_inputs": 1314,
          "cumulative_inputs": 9261,
          "new_vrp_edges": 0,
          "new_base_edges": 0,
          "cumulative_vrp_edges": 0,
          "cumulative_base_edges": 0,
          "classifications": {
            "vrp_only": 0,
            "both": 0,
            "base_only": 0,
            "neither": 1314
          }
        },
        {
          "archive": 4,
          "new_inputs": 1134,
          "cumulative_inputs": 10395,
          "new_vrp_edges": 0,
          "new_base_edges": 0,
          "cumulative_vrp_edges": 0,
          "cumulative_base_edges": 0,
          "classifications": {
            "vrp_only": 0,
            "both": 0,
            "base_only": 0,
            "neither": 1134
          }
        },
        {
          "archive": 5,
          "new_inputs": 1024,
          "cumulative_inputs": 11419,
          "new_vrp_edges": 0,
          "new_base_edges": 0,
          "cumulative_vrp_edges": 0,
          "cumulative_base_edges": 0,
          "classifications": {
            "vrp_only": 0,
            "both": 0,
            "base_only": 0,
            "neither": 1024
          }
        },
        {
          "archive": 6,
          "new_inputs": 612,
          "cumulative_inputs": 12031,
          "new_vrp_edges": 0,
          "new_base_edges": 0,
          "cumulative_vrp_edges": 0,
          "cumulative_base_edges": 0,
          "classifications": {
            "vrp_only": 0,
            "both": 0,
            "base_only": 0,
            "neither": 612
          }
        },
        {
          "archive": 7,
          "new_inputs": 370,
          "cumulative_inputs": 12401,
          "new_vrp_edges": 0,
          "new_base_edges": 0,
          "cumulative_vrp_edges": 0,
          "cumulative_base_edges": 0,
          "classifications": {
            "vrp_only": 0,
            "both": 0,
            "base_only": 0,
            "neither": 370
          }
        },
        {
          "archive": 8,
          "new_inputs": 194,
          "cumulative_inputs": 12595,
          "new_vrp_edges": 0,
          "new_base_edges": 0,
          "cumulative_vrp_edges": 0,
          "cumulative_base_edges": 0,
          "classifications": {
            "vrp_only": 0,
            "both": 0,
            "base_only": 0,
            "neither": 194
          }
        },
        {
          "archive": 9,
          "new_inputs": 176,
          "cumulative_inputs": 12771,
          "new_vrp_edges": 0,
          "new_base_edges": 0,
          "cumulative_vrp_edges": 0,
          "cumulative_base_edges": 0,
          "classifications": {
            "vrp_only": 0,
            "both": 0,
            "base_only": 0,
            "neither": 176
          }
        },
        {
          "archive": 10,
          "new_inputs": 154,
          "cumulative_inputs": 12925,
          "new_vrp_edges": 0,
          "new_base_edges": 0,
          "cumulative_vrp_edges": 0,
          "cumulative_base_edges": 0,
          "classifications": {
            "vrp_only": 0,
            "both": 0,
            "base_only": 0,
            "neither": 154
          }
        },
        {
          "archive": 11,
          "new_inputs": 192,
          "cumulative_inputs": 13117,
          "new_vrp_edges": 0,
          "new_base_edges": 0,
          "cumulative_vrp_edges": 0,
          "cumulative_base_edges": 0,
          "classifications": {
            "vrp_only": 0,
            "both": 0,
            "base_only": 0,
            "neither": 192
          }
        },
        {
          "archive": 12,
          "new_inputs": 119,
          "cumulative_inputs": 13236,
          "new_vrp_edges": 0,
          "new_base_edges": 0,
          "cumulative_vrp_edges": 0,
          "cumulative_base_edges": 0,
          "classifications": {
            "vrp_only": 0,
            "both": 0,
            "base_only": 0,
            "neither": 119
          }
        },
        {
          "archive": 13,
          "new_inputs": 201,
          "cumulative_inputs": 13437,
          "new_vrp_edges": 0,
          "new_base_edges": 0,
          "cumulative_vrp_edges": 0,
          "cumulative_base_edges": 0,
          "classifications": {
            "vrp_only": 0,
            "both": 0,
            "base_only": 0,
            "neither": 201
          }
        },
        {
          "archive": 14,
          "new_inputs": 81,
          "cumulative_inputs": 13518,
          "new_vrp_edges": 0,
          "new_base_edges": 0,
          "cumulative_vrp_edges": 0,
          "cumulative_base_edges": 0,
          "classifications": {
            "vrp_only": 0,
            "both": 0,
            "base_only": 0,
            "neither": 81
          }
        },
        {
          "archive": 15,
          "new_inputs": 108,
          "cumulative_inputs": 13626,
          "new_vrp_edges": 0,
          "new_base_edges": 0,
          "cumulative_vrp_edges": 0,
          "cumulative_base_edges": 0,
          "classifications": {
            "vrp_only": 0,
            "both": 0,
            "base_only": 0,
            "neither": 108
          }
        },
        {
          "archive": 16,
          "new_inputs": 43,
          "cumulative_inputs": 13669,
          "new_vrp_edges": 0,
          "new_base_edges": 0,
          "cumulative_vrp_edges": 0,
          "cumulative_base_edges": 0,
          "classifications": {
            "vrp_only": 0,
            "both": 0,
            "base_only": 0,
            "neither": 43
          }
        },
        {
          "archive": 17,
          "new_inputs": 48,
          "cumulative_inputs": 13717,
          "new_vrp_edges": 0,
          "new_base_edges": 0,
          "cumulative_vrp_edges": 0,
          "cumulative_base_edges": 0,
          "classifications": {
            "vrp_only": 0,
            "both": 0,
            "base_only": 0,
            "neither": 48
          }
        },
        {
          "archive": 18,
          "new_inputs": 81,
          "cumulative_inputs": 13798,
          "new_vrp_edges": 0,
          "new_base_edges": 0,
          "cumulative_vrp_edges": 0,
          "cumulative_base_edges": 0,
          "classifications": {
            "vrp_only": 0,
            "both": 0,
            "base_only": 0,
            "neither": 81
          }
        },
        {
          "archive": 19,
          "new_inputs": 42,
          "cumulative_inputs": 13840,
          "new_vrp_edges": 0,
          "new_base_edges": 0,
          "cumulative_vrp_edges": 0,
          "cumulative_base_edges": 0,
          "classifications": {
            "vrp_only": 0,
            "both": 0,
            "base_only": 0,
            "neither": 42
          }
        },
        {
          "archive": 20,
          "new_inputs": 46,
          "cumulative_inputs": 13886,
          "new_vrp_edges": 0,
          "new_base_edges": 0,
          "cumulative_vrp_edges": 0,
          "cumulative_base_edges": 0,
          "classifications": {
            "vrp_only": 0,
            "both": 0,
            "base_only": 0,
            "neither": 46
          }
        },
        {
          "archive": 21,
          "new_inputs": 24,
          "cumulative_inputs": 13910,
          "new_vrp_edges": 0,
          "new_base_edges": 0,
          "cumulative_vrp_edges": 0,
          "cumulative_base_edges": 0,
          "classifications": {
            "vrp_only": 0,
            "both": 0,
            "base_only": 0,
            "neither": 24
          }
        },
        {
          "archive": 22,
          "new_inputs": 67,
          "cumulative_inputs": 13977,
          "new_vrp_edges": 0,
          "new_base_edges": 0,
          "cumulative_vrp_edges": 0,
          "cumulative_base_edges": 0,
          "classifications": {
            "vrp_only": 0,
            "both": 0,
            "base_only": 0,
            "neither": 67
          }
        },
        {
          "archive": 23,
          "new_inputs": 35,
          "cumulative_inputs": 14012,
          "new_vrp_edges": 0,
          "new_base_edges": 0,
          "cumulative_vrp_edges": 0,
          "cumulative_base_edges": 0,
          "classifications": {
            "vrp_only": 0,
            "both": 0,
            "base_only": 0,
            "neither": 35
          }
        },
        {
          "archive": 24,
          "new_inputs": 23,
          "cumulative_inputs": 14035,
          "new_vrp_edges": 0,
          "new_base_edges": 0,
          "cumulative_vrp_edges": 0,
          "cumulative_base_edges": 0,
          "classifications": {
            "vrp_only": 0,
            "both": 0,
            "base_only": 0,
            "neither": 23
          }
        },
        {
          "archive": 25,
          "new_inputs": 32,
          "cumulative_inputs": 14067,
          "new_vrp_edges": 0,
          "new_base_edges": 0,
          "cumulative_vrp_edges": 0,
          "cumulative_base_edges": 0,
          "classifications": {
            "vrp_only": 0,
            "both": 0,
            "base_only": 0,
            "neither": 32
          }
        },
        {
          "archive": 26,
          "new_inputs": 51,
          "cumulative_inputs": 14118,
          "new_vrp_edges": 0,
          "new_base_edges": 0,
          "cumulative_vrp_edges": 0,
          "cumulative_base_edges": 0,
          "classifications": {
            "vrp_only": 0,
            "both": 0,
            "base_only": 0,
            "neither": 51
          }
        },
        {
          "archive": 27,
          "new_inputs": 42,
          "cumulative_inputs": 14160,
          "new_vrp_edges": 0,
          "new_base_edges": 0,
          "cumulative_vrp_edges": 0,
          "cumulative_base_edges": 0,
          "classifications": {
            "vrp_only": 0,
            "both": 0,
            "base_only": 0,
            "neither": 42
          }
        },
        {
          "archive": 28,
          "new_inputs": 27,
          "cumulative_inputs": 14187,
          "new_vrp_edges": 0,
          "new_base_edges": 0,
          "cumulative_vrp_edges": 0,
          "cumulative_base_edges": 0,
          "classifications": {
            "vrp_only": 0,
            "both": 0,
            "base_only": 0,
            "neither": 27
          }
        },
        {
          "archive": 29,
          "new_inputs": 30,
          "cumulative_inputs": 14217,
          "new_vrp_edges": 0,
          "new_base_edges": 0,
          "cumulative_vrp_edges": 0,
          "cumulative_base_edges": 0,
          "classifications": {
            "vrp_only": 0,
            "both": 0,
            "base_only": 0,
            "neither": 30
          }
        },
        {
          "archive": 30,
          "new_inputs": 38,
          "cumulative_inputs": 14255,
          "new_vrp_edges": 0,
          "new_base_edges": 0,
          "cumulative_vrp_edges": 0,
          "cumulative_base_edges": 0,
          "classifications": {
            "vrp_only": 0,
            "both": 0,
            "base_only": 0,
            "neither": 38
          }
        },
        {
          "archive": 31,
          "new_inputs": 22,
          "cumulative_inputs": 14277,
          "new_vrp_edges": 0,
          "new_base_edges": 0,
          "cumulative_vrp_edges": 0,
          "cumulative_base_edges": 0,
          "classifications": {
            "vrp_only": 0,
            "both": 0,
            "base_only": 0,
            "neither": 22
          }
        },
        {
          "archive": 32,
          "new_inputs": 27,
          "cumulative_inputs": 14304,
          "new_vrp_edges": 0,
          "new_base_edges": 0,
          "cumulative_vrp_edges": 0,
          "cumulative_base_edges": 0,
          "classifications": {
            "vrp_only": 0,
            "both": 0,
            "base_only": 0,
            "neither": 27
          }
        },
        {
          "archive": 33,
          "new_inputs": 33,
          "cumulative_inputs": 14337,
          "new_vrp_edges": 0,
          "new_base_edges": 0,
          "cumulative_vrp_edges": 0,
          "cumulative_base_edges": 0,
          "classifications": {
            "vrp_only": 0,
            "both": 0,
            "base_only": 0,
            "neither": 33
          }
        },
        {
          "archive": 34,
          "new_inputs": 19,
          "cumulative_inputs": 14356,
          "new_vrp_edges": 0,
          "new_base_edges": 0,
          "cumulative_vrp_edges": 0,
          "cumulative_base_edges": 0,
          "classifications": {
            "vrp_only": 0,
            "both": 0,
            "base_only": 0,
            "neither": 19
          }
        },
        {
          "archive": 35,
          "new_inputs": 18,
          "cumulative_inputs": 14374,
          "new_vrp_edges": 0,
          "new_base_edges": 0,
          "cumulative_vrp_edges": 0,
          "cumulative_base_edges": 0,
          "classifications": {
            "vrp_only": 0,
            "both": 0,
            "base_only": 0,
            "neither": 18
          }
        },
        {
          "archive": 36,
          "new_inputs": 11,
          "cumulative_inputs": 14385,
          "new_vrp_edges": 0,
          "new_base_edges": 0,
          "cumulative_vrp_edges": 0,
          "cumulative_base_edges": 0,
          "classifications": {
            "vrp_only": 0,
            "both": 0,
            "base_only": 0,
            "neither": 11
          }
        },
        {
          "archive": 37,
          "new_inputs": 305,
          "cumulative_inputs": 14690,
          "new_vrp_edges": 0,
          "new_base_edges": 0,
          "cumulative_vrp_edges": 0,
          "cumulative_base_edges": 0,
          "classifications": {
            "vrp_only": 0,
            "both": 0,
            "base_only": 0,
            "neither": 305
          }
        },
        {
          "archive": 38,
          "new_inputs": 39,
          "cumulative_inputs": 14729,
          "new_vrp_edges": 0,
          "new_base_edges": 0,
          "cumulative_vrp_edges": 0,
          "cumulative_base_edges": 0,
          "classifications": {
            "vrp_only": 0,
            "both": 0,
            "base_only": 0,
            "neither": 39
          }
        },
        {
          "archive": 39,
          "new_inputs": 29,
          "cumulative_inputs": 14758,
          "new_vrp_edges": 0,
          "new_base_edges": 0,
          "cumulative_vrp_edges": 0,
          "cumulative_base_edges": 0,
          "classifications": {
            "vrp_only": 0,
            "both": 0,
            "base_only": 0,
            "neither": 29
          }
        },
        {
          "archive": 40,
          "new_inputs": 28,
          "cumulative_inputs": 14786,
          "new_vrp_edges": 0,
          "new_base_edges": 0,
          "cumulative_vrp_edges": 0,
          "cumulative_base_edges": 0,
          "classifications": {
            "vrp_only": 0,
            "both": 0,
            "base_only": 0,
            "neither": 28
          }
        },
        {
          "archive": 41,
          "new_inputs": 11,
          "cumulative_inputs": 14797,
          "new_vrp_edges": 0,
          "new_base_edges": 0,
          "cumulative_vrp_edges": 0,
          "cumulative_base_edges": 0,
          "classifications": {
            "vrp_only": 0,
            "both": 0,
            "base_only": 0,
            "neither": 11
          }
        },
        {
          "archive": 42,
          "new_inputs": 41,
          "cumulative_inputs": 14838,
          "new_vrp_edges": 0,
          "new_base_edges": 0,
          "cumulative_vrp_edges": 0,
          "cumulative_base_edges": 0,
          "classifications": {
            "vrp_only": 0,
            "both": 0,
            "base_only": 0,
            "neither": 41
          }
        },
        {
          "archive": 43,
          "new_inputs": 89,
          "cumulative_inputs": 14927,
          "new_vrp_edges": 0,
          "new_base_edges": 0,
          "cumulative_vrp_edges": 0,
          "cumulative_base_edges": 0,
          "classifications": {
            "vrp_only": 0,
            "both": 0,
            "base_only": 0,
            "neither": 89
          }
        },
        {
          "archive": 44,
          "new_inputs": 166,
          "cumulative_inputs": 15093,
          "new_vrp_edges": 0,
          "new_base_edges": 0,
          "cumulative_vrp_edges": 0,
          "cumulative_base_edges": 0,
          "classifications": {
            "vrp_only": 0,
            "both": 0,
            "base_only": 0,
            "neither": 166
          }
        },
        {
          "archive": 45,
          "new_inputs": 73,
          "cumulative_inputs": 15166,
          "new_vrp_edges": 0,
          "new_base_edges": 0,
          "cumulative_vrp_edges": 0,
          "cumulative_base_edges": 0,
          "classifications": {
            "vrp_only": 0,
            "both": 0,
            "base_only": 0,
            "neither": 73
          }
        },
        {
          "archive": 46,
          "new_inputs": 47,
          "cumulative_inputs": 15213,
          "new_vrp_edges": 0,
          "new_base_edges": 0,
          "cumulative_vrp_edges": 0,
          "cumulative_base_edges": 0,
          "classifications": {
            "vrp_only": 0,
            "both": 0,
            "base_only": 0,
            "neither": 47
          }
        },
        {
          "archive": 47,
          "new_inputs": 12,
          "cumulative_inputs": 15225,
          "new_vrp_edges": 0,
          "new_base_edges": 0,
          "cumulative_vrp_edges": 0,
          "cumulative_base_edges": 0,
          "classifications": {
            "vrp_only": 0,
            "both": 0,
            "base_only": 0,
            "neither": 12
          }
        },
        {
          "archive": 48,
          "new_inputs": 151,
          "cumulative_inputs": 15376,
          "new_vrp_edges": 0,
          "new_base_edges": 0,
          "cumulative_vrp_edges": 0,
          "cumulative_base_edges": 0,
          "classifications": {
            "vrp_only": 0,
            "both": 0,
            "base_only": 0,
            "neither": 151
          }
        },
        {
          "archive": 49,
          "new_inputs": 28,
          "cumulative_inputs": 15404,
          "new_vrp_edges": 0,
          "new_base_edges": 0,
          "cumulative_vrp_edges": 0,
          "cumulative_base_edges": 0,
          "classifications": {
            "vrp_only": 0,
            "both": 0,
            "base_only": 0,
            "neither": 28
          }
        },
        {
          "archive": 50,
          "new_inputs": 24,
          "cumulative_inputs": 15428,
          "new_vrp_edges": 0,
          "new_base_edges": 0,
          "cumulative_vrp_edges": 0,
          "cumulative_base_edges": 0,
          "classifications": {
            "vrp_only": 0,
            "both": 0,
            "base_only": 0,
            "neither": 24
          }
        },
        {
          "archive": 51,
          "new_inputs": 27,
          "cumulative_inputs": 15455,
          "new_vrp_edges": 0,
          "new_base_edges": 0,
          "cumulative_vrp_edges": 0,
          "cumulative_base_edges": 0,
          "classifications": {
            "vrp_only": 0,
            "both": 0,
            "base_only": 0,
            "neither": 27
          }
        },
        {
          "archive": 52,
          "new_inputs": 6,
          "cumulative_inputs": 15461,
          "new_vrp_edges": 0,
          "new_base_edges": 0,
          "cumulative_vrp_edges": 0,
          "cumulative_base_edges": 0,
          "classifications": {
            "vrp_only": 0,
            "both": 0,
            "base_only": 0,
            "neither": 6
          }
        },
        {
          "archive": 53,
          "new_inputs": 68,
          "cumulative_inputs": 15529,
          "new_vrp_edges": 0,
          "new_base_edges": 0,
          "cumulative_vrp_edges": 0,
          "cumulative_base_edges": 0,
          "classifications": {
            "vrp_only": 0,
            "both": 0,
            "base_only": 0,
            "neither": 68
          }
        },
        {
          "archive": 54,
          "new_inputs": 15,
          "cumulative_inputs": 15544,
          "new_vrp_edges": 0,
          "new_base_edges": 0,
          "cumulative_vrp_edges": 0,
          "cumulative_base_edges": 0,
          "classifications": {
            "vrp_only": 0,
            "both": 0,
            "base_only": 0,
            "neither": 15
          }
        },
        {
          "archive": 55,
          "new_inputs": 17,
          "cumulative_inputs": 15561,
          "new_vrp_edges": 0,
          "new_base_edges": 0,
          "cumulative_vrp_edges": 0,
          "cumulative_base_edges": 0,
          "classifications": {
            "vrp_only": 0,
            "both": 0,
            "base_only": 0,
            "neither": 17
          }
        },
        {
          "archive": 56,
          "new_inputs": 15,
          "cumulative_inputs": 15576,
          "new_vrp_edges": 0,
          "new_base_edges": 0,
          "cumulative_vrp_edges": 0,
          "cumulative_base_edges": 0,
          "classifications": {
            "vrp_only": 0,
            "both": 0,
            "base_only": 0,
            "neither": 15
          }
        },
        {
          "archive": 57,
          "new_inputs": 26,
          "cumulative_inputs": 15602,
          "new_vrp_edges": 0,
          "new_base_edges": 0,
          "cumulative_vrp_edges": 0,
          "cumulative_base_edges": 0,
          "classifications": {
            "vrp_only": 0,
            "both": 0,
            "base_only": 0,
            "neither": 26
          }
        },
        {
          "archive": 58,
          "new_inputs": 7,
          "cumulative_inputs": 15609,
          "new_vrp_edges": 0,
          "new_base_edges": 0,
          "cumulative_vrp_edges": 0,
          "cumulative_base_edges": 0,
          "classifications": {
            "vrp_only": 0,
            "both": 0,
            "base_only": 0,
            "neither": 7
          }
        },
        {
          "archive": 59,
          "new_inputs": 8,
          "cumulative_inputs": 15617,
          "new_vrp_edges": 0,
          "new_base_edges": 0,
          "cumulative_vrp_edges": 0,
          "cumulative_base_edges": 0,
          "classifications": {
            "vrp_only": 0,
            "both": 0,
            "base_only": 0,
            "neither": 8
          }
        },
        {
          "archive": 60,
          "new_inputs": 11,
          "cumulative_inputs": 15628,
          "new_vrp_edges": 0,
          "new_base_edges": 0,
          "cumulative_vrp_edges": 0,
          "cumulative_base_edges": 0,
          "classifications": {
            "vrp_only": 0,
            "both": 0,
            "base_only": 0,
            "neither": 11
          }
        },
        {
          "archive": 61,
          "new_inputs": 258,
          "cumulative_inputs": 15886,
          "new_vrp_edges": 0,
          "new_base_edges": 0,
          "cumulative_vrp_edges": 0,
          "cumulative_base_edges": 0,
          "classifications": {
            "vrp_only": 0,
            "both": 0,
            "base_only": 0,
            "neither": 258
          }
        },
        {
          "archive": 62,
          "new_inputs": 65,
          "cumulative_inputs": 15951,
          "new_vrp_edges": 0,
          "new_base_edges": 0,
          "cumulative_vrp_edges": 0,
          "cumulative_base_edges": 0,
          "classifications": {
            "vrp_only": 0,
            "both": 0,
            "base_only": 0,
            "neither": 65
          }
        },
        {
          "archive": 63,
          "new_inputs": 84,
          "cumulative_inputs": 16035,
          "new_vrp_edges": 0,
          "new_base_edges": 0,
          "cumulative_vrp_edges": 0,
          "cumulative_base_edges": 0,
          "classifications": {
            "vrp_only": 0,
            "both": 0,
            "base_only": 0,
            "neither": 84
          }
        },
        {
          "archive": 64,
          "new_inputs": 849,
          "cumulative_inputs": 16884,
          "new_vrp_edges": 0,
          "new_base_edges": 0,
          "cumulative_vrp_edges": 0,
          "cumulative_base_edges": 0,
          "classifications": {
            "vrp_only": 0,
            "both": 0,
            "base_only": 0,
            "neither": 849
          }
        },
        {
          "archive": 65,
          "new_inputs": 203,
          "cumulative_inputs": 17087,
          "new_vrp_edges": 0,
          "new_base_edges": 0,
          "cumulative_vrp_edges": 0,
          "cumulative_base_edges": 0,
          "classifications": {
            "vrp_only": 0,
            "both": 0,
            "base_only": 0,
            "neither": 203
          }
        },
        {
          "archive": 66,
          "new_inputs": 47,
          "cumulative_inputs": 17134,
          "new_vrp_edges": 0,
          "new_base_edges": 0,
          "cumulative_vrp_edges": 0,
          "cumulative_base_edges": 0,
          "classifications": {
            "vrp_only": 0,
            "both": 0,
            "base_only": 0,
            "neither": 47
          }
        },
        {
          "archive": 67,
          "new_inputs": 534,
          "cumulative_inputs": 17668,
          "new_vrp_edges": 0,
          "new_base_edges": 0,
          "cumulative_vrp_edges": 0,
          "cumulative_base_edges": 0,
          "classifications": {
            "vrp_only": 0,
            "both": 0,
            "base_only": 0,
            "neither": 534
          }
        },
        {
          "archive": 68,
          "new_inputs": 56,
          "cumulative_inputs": 17724,
          "new_vrp_edges": 0,
          "new_base_edges": 0,
          "cumulative_vrp_edges": 0,
          "cumulative_base_edges": 0,
          "classifications": {
            "vrp_only": 0,
            "both": 0,
            "base_only": 0,
            "neither": 56
          }
        },
        {
          "archive": 69,
          "new_inputs": 60,
          "cumulative_inputs": 17784,
          "new_vrp_edges": 0,
          "new_base_edges": 0,
          "cumulative_vrp_edges": 0,
          "cumulative_base_edges": 0,
          "classifications": {
            "vrp_only": 0,
            "both": 0,
            "base_only": 0,
            "neither": 60
          }
        },
        {
          "archive": 70,
          "new_inputs": 63,
          "cumulative_inputs": 17847,
          "new_vrp_edges": 0,
          "new_base_edges": 0,
          "cumulative_vrp_edges": 0,
          "cumulative_base_edges": 0,
          "classifications": {
            "vrp_only": 0,
            "both": 0,
            "base_only": 0,
            "neither": 63
          }
        },
        {
          "archive": 71,
          "new_inputs": 20,
          "cumulative_inputs": 17867,
          "new_vrp_edges": 0,
          "new_base_edges": 0,
          "cumulative_vrp_edges": 0,
          "cumulative_base_edges": 0,
          "classifications": {
            "vrp_only": 0,
            "both": 0,
            "base_only": 0,
            "neither": 20
          }
        },
        {
          "archive": 72,
          "new_inputs": 45,
          "cumulative_inputs": 17912,
          "new_vrp_edges": 0,
          "new_base_edges": 0,
          "cumulative_vrp_edges": 0,
          "cumulative_base_edges": 0,
          "classifications": {
            "vrp_only": 0,
            "both": 0,
            "base_only": 0,
            "neither": 45
          }
        },
        {
          "archive": 73,
          "new_inputs": 23,
          "cumulative_inputs": 17935,
          "new_vrp_edges": 0,
          "new_base_edges": 0,
          "cumulative_vrp_edges": 0,
          "cumulative_base_edges": 0,
          "classifications": {
            "vrp_only": 0,
            "both": 0,
            "base_only": 0,
            "neither": 23
          }
        },
        {
          "archive": 74,
          "new_inputs": 59,
          "cumulative_inputs": 17994,
          "new_vrp_edges": 0,
          "new_base_edges": 0,
          "cumulative_vrp_edges": 0,
          "cumulative_base_edges": 0,
          "classifications": {
            "vrp_only": 0,
            "both": 0,
            "base_only": 0,
            "neither": 59
          }
        },
        {
          "archive": 75,
          "new_inputs": 47,
          "cumulative_inputs": 18041,
          "new_vrp_edges": 0,
          "new_base_edges": 0,
          "cumulative_vrp_edges": 0,
          "cumulative_base_edges": 0,
          "classifications": {
            "vrp_only": 0,
            "both": 0,
            "base_only": 0,
            "neither": 47
          }
        },
        {
          "archive": 76,
          "new_inputs": 88,
          "cumulative_inputs": 18129,
          "new_vrp_edges": 0,
          "new_base_edges": 0,
          "cumulative_vrp_edges": 0,
          "cumulative_base_edges": 0,
          "classifications": {
            "vrp_only": 0,
            "both": 0,
            "base_only": 0,
            "neither": 88
          }
        },
        {
          "archive": 77,
          "new_inputs": 17,
          "cumulative_inputs": 18146,
          "new_vrp_edges": 0,
          "new_base_edges": 0,
          "cumulative_vrp_edges": 0,
          "cumulative_base_edges": 0,
          "classifications": {
            "vrp_only": 0,
            "both": 0,
            "base_only": 0,
            "neither": 17
          }
        },
        {
          "archive": 78,
          "new_inputs": 40,
          "cumulative_inputs": 18186,
          "new_vrp_edges": 0,
          "new_base_edges": 0,
          "cumulative_vrp_edges": 0,
          "cumulative_base_edges": 0,
          "classifications": {
            "vrp_only": 0,
            "both": 0,
            "base_only": 0,
            "neither": 40
          }
        },
        {
          "archive": 79,
          "new_inputs": 38,
          "cumulative_inputs": 18224,
          "new_vrp_edges": 0,
          "new_base_edges": 0,
          "cumulative_vrp_edges": 0,
          "cumulative_base_edges": 0,
          "classifications": {
            "vrp_only": 0,
            "both": 0,
            "base_only": 0,
            "neither": 38
          }
        },
        {
          "archive": 80,
          "new_inputs": 19,
          "cumulative_inputs": 18243,
          "new_vrp_edges": 0,
          "new_base_edges": 0,
          "cumulative_vrp_edges": 0,
          "cumulative_base_edges": 0,
          "classifications": {
            "vrp_only": 0,
            "both": 0,
            "base_only": 0,
            "neither": 19
          }
        },
        {
          "archive": 81,
          "new_inputs": 20,
          "cumulative_inputs": 18263,
          "new_vrp_edges": 0,
          "new_base_edges": 0,
          "cumulative_vrp_edges": 0,
          "cumulative_base_edges": 0,
          "classifications": {
            "vrp_only": 0,
            "both": 0,
            "base_only": 0,
            "neither": 20
          }
        },
        {
          "archive": 82,
          "new_inputs": 9,
          "cumulative_inputs": 18272,
          "new_vrp_edges": 0,
          "new_base_edges": 0,
          "cumulative_vrp_edges": 0,
          "cumulative_base_edges": 0,
          "classifications": {
            "vrp_only": 0,
            "both": 0,
            "base_only": 0,
            "neither": 9
          }
        },
        {
          "archive": 83,
          "new_inputs": 16,
          "cumulative_inputs": 18288,
          "new_vrp_edges": 0,
          "new_base_edges": 0,
          "cumulative_vrp_edges": 0,
          "cumulative_base_edges": 0,
          "classifications": {
            "vrp_only": 0,
            "both": 0,
            "base_only": 0,
            "neither": 16
          }
        },
        {
          "archive": 84,
          "new_inputs": 16,
          "cumulative_inputs": 18304,
          "new_vrp_edges": 0,
          "new_base_edges": 0,
          "cumulative_vrp_edges": 0,
          "cumulative_base_edges": 0,
          "classifications": {
            "vrp_only": 0,
            "both": 0,
            "base_only": 0,
            "neither": 16
          }
        },
        {
          "archive": 85,
          "new_inputs": 14,
          "cumulative_inputs": 18318,
          "new_vrp_edges": 0,
          "new_base_edges": 0,
          "cumulative_vrp_edges": 0,
          "cumulative_base_edges": 0,
          "classifications": {
            "vrp_only": 0,
            "both": 0,
            "base_only": 0,
            "neither": 14
          }
        },
        {
          "archive": 86,
          "new_inputs": 13,
          "cumulative_inputs": 18331,
          "new_vrp_edges": 0,
          "new_base_edges": 0,
          "cumulative_vrp_edges": 0,
          "cumulative_base_edges": 0,
          "classifications": {
            "vrp_only": 0,
            "both": 0,
            "base_only": 0,
            "neither": 13
          }
        },
        {
          "archive": 87,
          "new_inputs": 16,
          "cumulative_inputs": 18347,
          "new_vrp_edges": 0,
          "new_base_edges": 0,
          "cumulative_vrp_edges": 0,
          "cumulative_base_edges": 0,
          "classifications": {
            "vrp_only": 0,
            "both": 0,
            "base_only": 0,
            "neither": 16
          }
        },
        {
          "archive": 88,
          "new_inputs": 7,
          "cumulative_inputs": 18354,
          "new_vrp_edges": 0,
          "new_base_edges": 0,
          "cumulative_vrp_edges": 0,
          "cumulative_base_edges": 0,
          "classifications": {
            "vrp_only": 0,
            "both": 0,
            "base_only": 0,
            "neither": 7
          }
        },
        {
          "archive": 89,
          "new_inputs": 8,
          "cumulative_inputs": 18362,
          "new_vrp_edges": 0,
          "new_base_edges": 0,
          "cumulative_vrp_edges": 0,
          "cumulative_base_edges": 0,
          "classifications": {
            "vrp_only": 0,
            "both": 0,
            "base_only": 0,
            "neither": 8
          }
        },
        {
          "archive": 90,
          "new_inputs": 6,
          "cumulative_inputs": 18368,
          "new_vrp_edges": 0,
          "new_base_edges": 0,
          "cumulative_vrp_edges": 0,
          "cumulative_base_edges": 0,
          "classifications": {
            "vrp_only": 0,
            "both": 0,
            "base_only": 0,
            "neither": 6
          }
        },
        {
          "archive": 91,
          "new_inputs": 38,
          "cumulative_inputs": 18406,
          "new_vrp_edges": 0,
          "new_base_edges": 0,
          "cumulative_vrp_edges": 0,
          "cumulative_base_edges": 0,
          "classifications": {
            "vrp_only": 0,
            "both": 0,
            "base_only": 0,
            "neither": 38
          }
        },
        {
          "archive": 92,
          "new_inputs": 7,
          "cumulative_inputs": 18413,
          "new_vrp_edges": 0,
          "new_base_edges": 0,
          "cumulative_vrp_edges": 0,
          "cumulative_base_edges": 0,
          "classifications": {
            "vrp_only": 0,
            "both": 0,
            "base_only": 0,
            "neither": 7
          }
        },
        {
          "archive": 93,
          "new_inputs": 10,
          "cumulative_inputs": 18423,
          "new_vrp_edges": 0,
          "new_base_edges": 0,
          "cumulative_vrp_edges": 0,
          "cumulative_base_edges": 0,
          "classifications": {
            "vrp_only": 0,
            "both": 0,
            "base_only": 0,
            "neither": 10
          }
        },
        {
          "archive": 94,
          "new_inputs": 6,
          "cumulative_inputs": 18429,
          "new_vrp_edges": 0,
          "new_base_edges": 0,
          "cumulative_vrp_edges": 0,
          "cumulative_base_edges": 0,
          "classifications": {
            "vrp_only": 0,
            "both": 0,
            "base_only": 0,
            "neither": 6
          }
        },
        {
          "archive": 95,
          "new_inputs": 10,
          "cumulative_inputs": 18439,
          "new_vrp_edges": 0,
          "new_base_edges": 0,
          "cumulative_vrp_edges": 0,
          "cumulative_base_edges": 0,
          "classifications": {
            "vrp_only": 0,
            "both": 0,
            "base_only": 0,
            "neither": 10
          }
        },
        {
          "archive": 96,
          "new_inputs": 0,
          "cumulative_inputs": 18439,
          "new_vrp_edges": 0,
          "new_base_edges": 0,
          "cumulative_vrp_edges": 0,
          "cumulative_base_edges": 0,
          "classifications": {
            "vrp_only": 0,
            "both": 0,
            "base_only": 0,
            "neither": 0
          }
        }
      ],
      "summary": {
        "total_inputs": 18439,
        "total_vrp_edges": 0,
        "total_base_edges": 0,
        "entanglement_rate": 0.0,
        "vrp_only_count": 0,
        "both_count": 0,
        "base_only_count": 0,
        "neither_count": 18439
      }
    },
    "vrp_bucket_entanglement": {
      "summary": {
        "total_inputs": 18439,
        "bucket_entanglement_rate": 0.0,
        "vrp_only": 0,
        "both": 0,
        "base_only": 0,
        "neither": 18439,
        "edge_neither_but_bucket_interesting": 0
      }
    },
    "vrp_gradient": {
      "summary": {
        "total_vrp_edges_seen": 0,
        "singleton_edges": 0,
        "low_freq_edges": 0,
        "high_freq_edges": 0,
        "vrp_exclusive_singletons": 0,
        "hit_count_distribution": {
          "1": 0,
          "2-3": 0,
          "4-10": 0,
          "11-50": 0,
          "51-200": 0,
          "200+": 0
        }
      }
    },
    "edge_growth": {
      "growth_curve": [
        {
          "archive": 0,
          "total_inputs": 2,
          "vrp_edges": 0,
          "base_edges": 0
        },
        {
          "archive": 1,
          "total_inputs": 6206,
          "vrp_edges": 0,
          "base_edges": 0
        },
        {
          "archive": 2,
          "total_inputs": 7947,
          "vrp_edges": 0,
          "base_edges": 0
        },
        {
          "archive": 3,
          "total_inputs": 9261,
          "vrp_edges": 0,
          "base_edges": 0
        },
        {
          "archive": 4,
          "total_inputs": 10395,
          "vrp_edges": 0,
          "base_edges": 0
        },
        {
          "archive": 5,
          "total_inputs": 11419,
          "vrp_edges": 0,
          "base_edges": 0
        },
        {
          "archive": 6,
          "total_inputs": 12031,
          "vrp_edges": 0,
          "base_edges": 0
        },
        {
          "archive": 7,
          "total_inputs": 12401,
          "vrp_edges": 0,
          "base_edges": 0
        },
        {
          "archive": 8,
          "total_inputs": 12595,
          "vrp_edges": 0,
          "base_edges": 0
        },
        {
          "archive": 9,
          "total_inputs": 12771,
          "vrp_edges": 0,
          "base_edges": 0
        },
        {
          "archive": 10,
          "total_inputs": 12925,
          "vrp_edges": 0,
          "base_edges": 0
        },
        {
          "archive": 11,
          "total_inputs": 13117,
          "vrp_edges": 0,
          "base_edges": 0
        },
        {
          "archive": 12,
          "total_inputs": 13236,
          "vrp_edges": 0,
          "base_edges": 0
        },
        {
          "archive": 13,
          "total_inputs": 13437,
          "vrp_edges": 0,
          "base_edges": 0
        },
        {
          "archive": 14,
          "total_inputs": 13518,
          "vrp_edges": 0,
          "base_edges": 0
        },
        {
          "archive": 15,
          "total_inputs": 13626,
          "vrp_edges": 0,
          "base_edges": 0
        },
        {
          "archive": 16,
          "total_inputs": 13669,
          "vrp_edges": 0,
          "base_edges": 0
        },
        {
          "archive": 17,
          "total_inputs": 13717,
          "vrp_edges": 0,
          "base_edges": 0
        },
        {
          "archive": 18,
          "total_inputs": 13798,
          "vrp_edges": 0,
          "base_edges": 0
        },
        {
          "archive": 19,
          "total_inputs": 13840,
          "vrp_edges": 0,
          "base_edges": 0
        },
        {
          "archive": 20,
          "total_inputs": 13886,
          "vrp_edges": 0,
          "base_edges": 0
        },
        {
          "archive": 21,
          "total_inputs": 13910,
          "vrp_edges": 0,
          "base_edges": 0
        },
        {
          "archive": 22,
          "total_inputs": 13977,
          "vrp_edges": 0,
          "base_edges": 0
        },
        {
          "archive": 23,
          "total_inputs": 14012,
          "vrp_edges": 0,
          "base_edges": 0
        },
        {
          "archive": 24,
          "total_inputs": 14035,
          "vrp_edges": 0,
          "base_edges": 0
        },
        {
          "archive": 25,
          "total_inputs": 14067,
          "vrp_edges": 0,
          "base_edges": 0
        },
        {
          "archive": 26,
          "total_inputs": 14118,
          "vrp_edges": 0,
          "base_edges": 0
        },
        {
          "archive": 27,
          "total_inputs": 14160,
          "vrp_edges": 0,
          "base_edges": 0
        },
        {
          "archive": 28,
          "total_inputs": 14187,
          "vrp_edges": 0,
          "base_edges": 0
        },
        {
          "archive": 29,
          "total_inputs": 14217,
          "vrp_edges": 0,
          "base_edges": 0
        },
        {
          "archive": 30,
          "total_inputs": 14255,
          "vrp_edges": 0,
          "base_edges": 0
        },
        {
          "archive": 31,
          "total_inputs": 14277,
          "vrp_edges": 0,
          "base_edges": 0
        },
        {
          "archive": 32,
          "total_inputs": 14304,
          "vrp_edges": 0,
          "base_edges": 0
        },
        {
          "archive": 33,
          "total_inputs": 14337,
          "vrp_edges": 0,
          "base_edges": 0
        },
        {
          "archive": 34,
          "total_inputs": 14356,
          "vrp_edges": 0,
          "base_edges": 0
        },
        {
          "archive": 35,
          "total_inputs": 14374,
          "vrp_edges": 0,
          "base_edges": 0
        },
        {
          "archive": 36,
          "total_inputs": 14385,
          "vrp_edges": 0,
          "base_edges": 0
        },
        {
          "archive": 37,
          "total_inputs": 14690,
          "vrp_edges": 0,
          "base_edges": 0
        },
        {
          "archive": 38,
          "total_inputs": 14729,
          "vrp_edges": 0,
          "base_edges": 0
        },
        {
          "archive": 39,
          "total_inputs": 14758,
          "vrp_edges": 0,
          "base_edges": 0
        },
        {
          "archive": 40,
          "total_inputs": 14786,
          "vrp_edges": 0,
          "base_edges": 0
        },
        {
          "archive": 41,
          "total_inputs": 14797,
          "vrp_edges": 0,
          "base_edges": 0
        },
        {
          "archive": 42,
          "total_inputs": 14838,
          "vrp_edges": 0,
          "base_edges": 0
        },
        {
          "archive": 43,
          "total_inputs": 14927,
          "vrp_edges": 0,
          "base_edges": 0
        },
        {
          "archive": 44,
          "total_inputs": 15093,
          "vrp_edges": 0,
          "base_edges": 0
        },
        {
          "archive": 45,
          "total_inputs": 15166,
          "vrp_edges": 0,
          "base_edges": 0
        },
        {
          "archive": 46,
          "total_inputs": 15213,
          "vrp_edges": 0,
          "base_edges": 0
        },
        {
          "archive": 47,
          "total_inputs": 15225,
          "vrp_edges": 0,
          "base_edges": 0
        },
        {
          "archive": 48,
          "total_inputs": 15376,
          "vrp_edges": 0,
          "base_edges": 0
        },
        {
          "archive": 49,
          "total_inputs": 15404,
          "vrp_edges": 0,
          "base_edges": 0
        },
        {
          "archive": 50,
          "total_inputs": 15428,
          "vrp_edges": 0,
          "base_edges": 0
        },
        {
          "archive": 51,
          "total_inputs": 15455,
          "vrp_edges": 0,
          "base_edges": 0
        },
        {
          "archive": 52,
          "total_inputs": 15461,
          "vrp_edges": 0,
          "base_edges": 0
        },
        {
          "archive": 53,
          "total_inputs": 15529,
          "vrp_edges": 0,
          "base_edges": 0
        },
        {
          "archive": 54,
          "total_inputs": 15544,
          "vrp_edges": 0,
          "base_edges": 0
        },
        {
          "archive": 55,
          "total_inputs": 15561,
          "vrp_edges": 0,
          "base_edges": 0
        },
        {
          "archive": 56,
          "total_inputs": 15576,
          "vrp_edges": 0,
          "base_edges": 0
        },
        {
          "archive": 57,
          "total_inputs": 15602,
          "vrp_edges": 0,
          "base_edges": 0
        },
        {
          "archive": 58,
          "total_inputs": 15609,
          "vrp_edges": 0,
          "base_edges": 0
        },
        {
          "archive": 59,
          "total_inputs": 15617,
          "vrp_edges": 0,
          "base_edges": 0
        },
        {
          "archive": 60,
          "total_inputs": 15628,
          "vrp_edges": 0,
          "base_edges": 0
        },
        {
          "archive": 61,
          "total_inputs": 15886,
          "vrp_edges": 0,
          "base_edges": 0
        },
        {
          "archive": 62,
          "total_inputs": 15951,
          "vrp_edges": 0,
          "base_edges": 0
        },
        {
          "archive": 63,
          "total_inputs": 16035,
          "vrp_edges": 0,
          "base_edges": 0
        },
        {
          "archive": 64,
          "total_inputs": 16884,
          "vrp_edges": 0,
          "base_edges": 0
        },
        {
          "archive": 65,
          "total_inputs": 17087,
          "vrp_edges": 0,
          "base_edges": 0
        },
        {
          "archive": 66,
          "total_inputs": 17134,
          "vrp_edges": 0,
          "base_edges": 0
        },
        {
          "archive": 67,
          "total_inputs": 17668,
          "vrp_edges": 0,
          "base_edges": 0
        },
        {
          "archive": 68,
          "total_inputs": 17724,
          "vrp_edges": 0,
          "base_edges": 0
        },
        {
          "archive": 69,
          "total_inputs": 17784,
          "vrp_edges": 0,
          "base_edges": 0
        },
        {
          "archive": 70,
          "total_inputs": 17847,
          "vrp_edges": 0,
          "base_edges": 0
        },
        {
          "archive": 71,
          "total_inputs": 17867,
          "vrp_edges": 0,
          "base_edges": 0
        },
        {
          "archive": 72,
          "total_inputs": 17912,
          "vrp_edges": 0,
          "base_edges": 0
        },
        {
          "archive": 73,
          "total_inputs": 17935,
          "vrp_edges": 0,
          "base_edges": 0
        },
        {
          "archive": 74,
          "total_inputs": 17994,
          "vrp_edges": 0,
          "base_edges": 0
        },
        {
          "archive": 75,
          "total_inputs": 18041,
          "vrp_edges": 0,
          "base_edges": 0
        },
        {
          "archive": 76,
          "total_inputs": 18129,
          "vrp_edges": 0,
          "base_edges": 0
        },
        {
          "archive": 77,
          "total_inputs": 18146,
          "vrp_edges": 0,
          "base_edges": 0
        },
        {
          "archive": 78,
          "total_inputs": 18186,
          "vrp_edges": 0,
          "base_edges": 0
        },
        {
          "archive": 79,
          "total_inputs": 18224,
          "vrp_edges": 0,
          "base_edges": 0
        },
        {
          "archive": 80,
          "total_inputs": 18243,
          "vrp_edges": 0,
          "base_edges": 0
        },
        {
          "archive": 81,
          "total_inputs": 18263,
          "vrp_edges": 0,
          "base_edges": 0
        },
        {
          "archive": 82,
          "total_inputs": 18272,
          "vrp_edges": 0,
          "base_edges": 0
        },
        {
          "archive": 83,
          "total_inputs": 18288,
          "vrp_edges": 0,
          "base_edges": 0
        },
        {
          "archive": 84,
          "total_inputs": 18304,
          "vrp_edges": 0,
          "base_edges": 0
        },
        {
          "archive": 85,
          "total_inputs": 18318,
          "vrp_edges": 0,
          "base_edges": 0
        },
        {
          "archive": 86,
          "total_inputs": 18331,
          "vrp_edges": 0,
          "base_edges": 0
        },
        {
          "archive": 87,
          "total_inputs": 18347,
          "vrp_edges": 0,
          "base_edges": 0
        },
        {
          "archive": 88,
          "total_inputs": 18354,
          "vrp_edges": 0,
          "base_edges": 0
        },
        {
          "archive": 89,
          "total_inputs": 18362,
          "vrp_edges": 0,
          "base_edges": 0
        },
        {
          "archive": 90,
          "total_inputs": 18368,
          "vrp_edges": 0,
          "base_edges": 0
        },
        {
          "archive": 91,
          "total_inputs": 18406,
          "vrp_edges": 0,
          "base_edges": 0
        },
        {
          "archive": 92,
          "total_inputs": 18413,
          "vrp_edges": 0,
          "base_edges": 0
        },
        {
          "archive": 93,
          "total_inputs": 18423,
          "vrp_edges": 0,
          "base_edges": 0
        },
        {
          "archive": 94,
          "total_inputs": 18429,
          "vrp_edges": 0,
          "base_edges": 0
        },
        {
          "archive": 95,
          "total_inputs": 18439,
          "vrp_edges": 0,
          "base_edges": 0
        },
        {
          "archive": 96,
          "total_inputs": 18439,
          "vrp_edges": 0,
          "base_edges": 0
        }
      ],
      "final_vrp_edges": 0,
      "final_base_edges": 0,
      "total_inputs": 18439
    },
    "speed": {
      "per_archive": [
        {
          "archive": 0,
          "inputs": 2,
          "mean_vrp_ms": 14.02,
          "mean_base_ms": 14.78,
          "overhead": 0.9486
        },
        {
          "archive": 1,
          "inputs": 6204,
          "mean_vrp_ms": 0.018,
          "mean_base_ms": 0.018,
          "overhead": 1.0033
        },
        {
          "archive": 2,
          "inputs": 1741,
          "mean_vrp_ms": 0.023,
          "mean_base_ms": 0.026,
          "overhead": 0.9173
        },
        {
          "archive": 3,
          "inputs": 1314,
          "mean_vrp_ms": 0.022,
          "mean_base_ms": 0.025,
          "overhead": 0.8694
        },
        {
          "archive": 4,
          "inputs": 1134,
          "mean_vrp_ms": 0.025,
          "mean_base_ms": 0.027,
          "overhead": 0.927
        },
        {
          "archive": 5,
          "inputs": 1024,
          "mean_vrp_ms": 0.036,
          "mean_base_ms": 0.039,
          "overhead": 0.9198
        },
        {
          "archive": 6,
          "inputs": 612,
          "mean_vrp_ms": 0.039,
          "mean_base_ms": 0.041,
          "overhead": 0.9364
        },
        {
          "archive": 7,
          "inputs": 370,
          "mean_vrp_ms": 0.045,
          "mean_base_ms": 0.048,
          "overhead": 0.9265
        },
        {
          "archive": 8,
          "inputs": 194,
          "mean_vrp_ms": 0.081,
          "mean_base_ms": 0.071,
          "overhead": 1.1446
        },
        {
          "archive": 9,
          "inputs": 176,
          "mean_vrp_ms": 0.085,
          "mean_base_ms": 0.088,
          "overhead": 0.9695
        },
        {
          "archive": 10,
          "inputs": 154,
          "mean_vrp_ms": 0.143,
          "mean_base_ms": 0.143,
          "overhead": 1.0029
        },
        {
          "archive": 11,
          "inputs": 192,
          "mean_vrp_ms": 0.094,
          "mean_base_ms": 0.091,
          "overhead": 1.0385
        },
        {
          "archive": 12,
          "inputs": 119,
          "mean_vrp_ms": 0.119,
          "mean_base_ms": 0.124,
          "overhead": 0.9569
        },
        {
          "archive": 13,
          "inputs": 201,
          "mean_vrp_ms": 0.088,
          "mean_base_ms": 0.087,
          "overhead": 1.019
        },
        {
          "archive": 14,
          "inputs": 81,
          "mean_vrp_ms": 0.158,
          "mean_base_ms": 0.167,
          "overhead": 0.9468
        },
        {
          "archive": 15,
          "inputs": 108,
          "mean_vrp_ms": 0.212,
          "mean_base_ms": 0.209,
          "overhead": 1.0151
        },
        {
          "archive": 16,
          "inputs": 43,
          "mean_vrp_ms": 0.398,
          "mean_base_ms": 0.424,
          "overhead": 0.9388
        },
        {
          "archive": 17,
          "inputs": 48,
          "mean_vrp_ms": 0.39,
          "mean_base_ms": 0.561,
          "overhead": 0.6955
        },
        {
          "archive": 18,
          "inputs": 81,
          "mean_vrp_ms": 0.168,
          "mean_base_ms": 0.206,
          "overhead": 0.8163
        },
        {
          "archive": 19,
          "inputs": 42,
          "mean_vrp_ms": 0.342,
          "mean_base_ms": 0.346,
          "overhead": 0.9904
        },
        {
          "archive": 20,
          "inputs": 46,
          "mean_vrp_ms": 0.264,
          "mean_base_ms": 0.289,
          "overhead": 0.9134
        },
        {
          "archive": 21,
          "inputs": 24,
          "mean_vrp_ms": 0.646,
          "mean_base_ms": 0.752,
          "overhead": 0.8593
        },
        {
          "archive": 22,
          "inputs": 67,
          "mean_vrp_ms": 0.229,
          "mean_base_ms": 0.236,
          "overhead": 0.9698
        },
        {
          "archive": 23,
          "inputs": 35,
          "mean_vrp_ms": 0.395,
          "mean_base_ms": 0.366,
          "overhead": 1.0788
        },
        {
          "archive": 24,
          "inputs": 23,
          "mean_vrp_ms": 0.497,
          "mean_base_ms": 0.541,
          "overhead": 0.9189
        },
        {
          "archive": 25,
          "inputs": 32,
          "mean_vrp_ms": 0.406,
          "mean_base_ms": 0.393,
          "overhead": 1.031
        },
        {
          "archive": 26,
          "inputs": 51,
          "mean_vrp_ms": 0.249,
          "mean_base_ms": 0.265,
          "overhead": 0.9413
        },
        {
          "archive": 27,
          "inputs": 42,
          "mean_vrp_ms": 0.313,
          "mean_base_ms": 0.318,
          "overhead": 0.9836
        },
        {
          "archive": 28,
          "inputs": 27,
          "mean_vrp_ms": 0.562,
          "mean_base_ms": 0.527,
          "overhead": 1.0658
        },
        {
          "archive": 29,
          "inputs": 30,
          "mean_vrp_ms": 0.367,
          "mean_base_ms": 0.364,
          "overhead": 1.0102
        },
        {
          "archive": 30,
          "inputs": 38,
          "mean_vrp_ms": 0.332,
          "mean_base_ms": 0.362,
          "overhead": 0.9181
        },
        {
          "archive": 31,
          "inputs": 22,
          "mean_vrp_ms": 0.649,
          "mean_base_ms": 0.57,
          "overhead": 1.1378
        },
        {
          "archive": 32,
          "inputs": 27,
          "mean_vrp_ms": 0.468,
          "mean_base_ms": 0.493,
          "overhead": 0.9502
        },
        {
          "archive": 33,
          "inputs": 33,
          "mean_vrp_ms": 0.363,
          "mean_base_ms": 0.374,
          "overhead": 0.9706
        },
        {
          "archive": 34,
          "inputs": 19,
          "mean_vrp_ms": 0.651,
          "mean_base_ms": 0.654,
          "overhead": 0.9949
        },
        {
          "archive": 35,
          "inputs": 18,
          "mean_vrp_ms": 0.803,
          "mean_base_ms": 0.763,
          "overhead": 1.0533
        },
        {
          "archive": 36,
          "inputs": 11,
          "mean_vrp_ms": 0.979,
          "mean_base_ms": 1.125,
          "overhead": 0.8702
        },
        {
          "archive": 37,
          "inputs": 305,
          "mean_vrp_ms": 0.062,
          "mean_base_ms": 0.064,
          "overhead": 0.9701
        },
        {
          "archive": 38,
          "inputs": 39,
          "mean_vrp_ms": 0.357,
          "mean_base_ms": 0.343,
          "overhead": 1.0419
        },
        {
          "archive": 39,
          "inputs": 29,
          "mean_vrp_ms": 0.489,
          "mean_base_ms": 0.444,
          "overhead": 1.1009
        },
        {
          "archive": 40,
          "inputs": 28,
          "mean_vrp_ms": 0.479,
          "mean_base_ms": 0.446,
          "overhead": 1.0752
        },
        {
          "archive": 41,
          "inputs": 11,
          "mean_vrp_ms": 1.098,
          "mean_base_ms": 1.111,
          "overhead": 0.9884
        },
        {
          "archive": 42,
          "inputs": 41,
          "mean_vrp_ms": 0.555,
          "mean_base_ms": 0.522,
          "overhead": 1.0629
        },
        {
          "archive": 43,
          "inputs": 89,
          "mean_vrp_ms": 0.166,
          "mean_base_ms": 0.188,
          "overhead": 0.8844
        },
        {
          "archive": 44,
          "inputs": 166,
          "mean_vrp_ms": 0.1,
          "mean_base_ms": 0.089,
          "overhead": 1.1243
        },
        {
          "archive": 45,
          "inputs": 73,
          "mean_vrp_ms": 0.171,
          "mean_base_ms": 0.18,
          "overhead": 0.9499
        },
        {
          "archive": 46,
          "inputs": 47,
          "mean_vrp_ms": 0.704,
          "mean_base_ms": 0.706,
          "overhead": 0.9972
        },
        {
          "archive": 47,
          "inputs": 12,
          "mean_vrp_ms": 1.011,
          "mean_base_ms": 1.166,
          "overhead": 0.8673
        },
        {
          "archive": 48,
          "inputs": 151,
          "mean_vrp_ms": 0.093,
          "mean_base_ms": 0.095,
          "overhead": 0.9784
        },
        {
          "archive": 49,
          "inputs": 28,
          "mean_vrp_ms": 0.478,
          "mean_base_ms": 0.501,
          "overhead": 0.9545
        },
        {
          "archive": 50,
          "inputs": 24,
          "mean_vrp_ms": 0.497,
          "mean_base_ms": 0.481,
          "overhead": 1.0334
        },
        {
          "archive": 51,
          "inputs": 27,
          "mean_vrp_ms": 0.527,
          "mean_base_ms": 0.478,
          "overhead": 1.1024
        },
        {
          "archive": 52,
          "inputs": 6,
          "mean_vrp_ms": 1.76,
          "mean_base_ms": 2.759,
          "overhead": 0.638
        },
        {
          "archive": 53,
          "inputs": 68,
          "mean_vrp_ms": 0.205,
          "mean_base_ms": 0.183,
          "overhead": 1.1177
        },
        {
          "archive": 54,
          "inputs": 15,
          "mean_vrp_ms": 0.98,
          "mean_base_ms": 0.784,
          "overhead": 1.2499
        },
        {
          "archive": 55,
          "inputs": 17,
          "mean_vrp_ms": 0.671,
          "mean_base_ms": 0.725,
          "overhead": 0.9253
        },
        {
          "archive": 56,
          "inputs": 15,
          "mean_vrp_ms": 0.703,
          "mean_base_ms": 0.812,
          "overhead": 0.866
        },
        {
          "archive": 57,
          "inputs": 26,
          "mean_vrp_ms": 0.423,
          "mean_base_ms": 0.478,
          "overhead": 0.8849
        },
        {
          "archive": 58,
          "inputs": 7,
          "mean_vrp_ms": 2.029,
          "mean_base_ms": 1.798,
          "overhead": 1.1287
        },
        {
          "archive": 59,
          "inputs": 8,
          "mean_vrp_ms": 1.766,
          "mean_base_ms": 1.594,
          "overhead": 1.1083
        },
        {
          "archive": 60,
          "inputs": 11,
          "mean_vrp_ms": 1.278,
          "mean_base_ms": 1.176,
          "overhead": 1.0866
        },
        {
          "archive": 61,
          "inputs": 258,
          "mean_vrp_ms": 0.063,
          "mean_base_ms": 0.067,
          "overhead": 0.942
        },
        {
          "archive": 62,
          "inputs": 65,
          "mean_vrp_ms": 0.199,
          "mean_base_ms": 0.21,
          "overhead": 0.9495
        },
        {
          "archive": 63,
          "inputs": 84,
          "mean_vrp_ms": 0.135,
          "mean_base_ms": 0.154,
          "overhead": 0.878
        },
        {
          "archive": 64,
          "inputs": 849,
          "mean_vrp_ms": 0.032,
          "mean_base_ms": 0.033,
          "overhead": 0.9929
        },
        {
          "archive": 65,
          "inputs": 203,
          "mean_vrp_ms": 0.069,
          "mean_base_ms": 0.075,
          "overhead": 0.9169
        },
        {
          "archive": 66,
          "inputs": 47,
          "mean_vrp_ms": 0.319,
          "mean_base_ms": 0.263,
          "overhead": 1.2115
        },
        {
          "archive": 67,
          "inputs": 534,
          "mean_vrp_ms": 0.036,
          "mean_base_ms": 0.039,
          "overhead": 0.9275
        },
        {
          "archive": 68,
          "inputs": 56,
          "mean_vrp_ms": 0.274,
          "mean_base_ms": 0.227,
          "overhead": 1.2085
        },
        {
          "archive": 69,
          "inputs": 60,
          "mean_vrp_ms": 0.207,
          "mean_base_ms": 0.205,
          "overhead": 1.0064
        },
        {
          "archive": 70,
          "inputs": 63,
          "mean_vrp_ms": 0.2,
          "mean_base_ms": 0.19,
          "overhead": 1.0538
        },
        {
          "archive": 71,
          "inputs": 20,
          "mean_vrp_ms": 0.633,
          "mean_base_ms": 0.576,
          "overhead": 1.0984
        },
        {
          "archive": 72,
          "inputs": 45,
          "mean_vrp_ms": 0.277,
          "mean_base_ms": 0.288,
          "overhead": 0.9606
        },
        {
          "archive": 73,
          "inputs": 23,
          "mean_vrp_ms": 0.473,
          "mean_base_ms": 0.463,
          "overhead": 1.0209
        },
        {
          "archive": 74,
          "inputs": 59,
          "mean_vrp_ms": 0.238,
          "mean_base_ms": 0.165,
          "overhead": 1.4423
        },
        {
          "archive": 75,
          "inputs": 47,
          "mean_vrp_ms": 0.28,
          "mean_base_ms": 0.263,
          "overhead": 1.0669
        },
        {
          "archive": 76,
          "inputs": 88,
          "mean_vrp_ms": 0.136,
          "mean_base_ms": 0.144,
          "overhead": 0.9459
        },
        {
          "archive": 77,
          "inputs": 17,
          "mean_vrp_ms": 0.84,
          "mean_base_ms": 0.708,
          "overhead": 1.1865
        },
        {
          "archive": 78,
          "inputs": 40,
          "mean_vrp_ms": 0.276,
          "mean_base_ms": 0.278,
          "overhead": 0.993
        },
        {
          "archive": 79,
          "inputs": 38,
          "mean_vrp_ms": 0.331,
          "mean_base_ms": 0.296,
          "overhead": 1.1168
        },
        {
          "archive": 80,
          "inputs": 19,
          "mean_vrp_ms": 0.558,
          "mean_base_ms": 0.589,
          "overhead": 0.9469
        },
        {
          "archive": 81,
          "inputs": 20,
          "mean_vrp_ms": 0.553,
          "mean_base_ms": 0.545,
          "overhead": 1.0157
        },
        {
          "archive": 82,
          "inputs": 9,
          "mean_vrp_ms": 1.341,
          "mean_base_ms": 1.29,
          "overhead": 1.0401
        },
        {
          "archive": 83,
          "inputs": 16,
          "mean_vrp_ms": 0.724,
          "mean_base_ms": 0.7,
          "overhead": 1.0352
        },
        {
          "archive": 84,
          "inputs": 16,
          "mean_vrp_ms": 0.711,
          "mean_base_ms": 0.73,
          "overhead": 0.9738
        },
        {
          "archive": 85,
          "inputs": 14,
          "mean_vrp_ms": 1.013,
          "mean_base_ms": 0.855,
          "overhead": 1.1843
        },
        {
          "archive": 86,
          "inputs": 13,
          "mean_vrp_ms": 0.877,
          "mean_base_ms": 0.825,
          "overhead": 1.0632
        },
        {
          "archive": 87,
          "inputs": 16,
          "mean_vrp_ms": 0.636,
          "mean_base_ms": 0.71,
          "overhead": 0.8958
        },
        {
          "archive": 88,
          "inputs": 7,
          "mean_vrp_ms": 1.785,
          "mean_base_ms": 1.75,
          "overhead": 1.0199
        },
        {
          "archive": 89,
          "inputs": 8,
          "mean_vrp_ms": 1.398,
          "mean_base_ms": 1.425,
          "overhead": 0.9814
        },
        {
          "archive": 90,
          "inputs": 6,
          "mean_vrp_ms": 1.888,
          "mean_base_ms": 2.104,
          "overhead": 0.8972
        },
        {
          "archive": 91,
          "inputs": 38,
          "mean_vrp_ms": 0.374,
          "mean_base_ms": 0.371,
          "overhead": 1.0089
        },
        {
          "archive": 92,
          "inputs": 7,
          "mean_vrp_ms": 1.612,
          "mean_base_ms": 1.505,
          "overhead": 1.0713
        },
        {
          "archive": 93,
          "inputs": 10,
          "mean_vrp_ms": 1.098,
          "mean_base_ms": 1.147,
          "overhead": 0.958
        },
        {
          "archive": 94,
          "inputs": 6,
          "mean_vrp_ms": 1.845,
          "mean_base_ms": 1.863,
          "overhead": 0.9903
        },
        {
          "archive": 95,
          "inputs": 10,
          "mean_vrp_ms": 1.482,
          "mean_base_ms": 1.18,
          "overhead": 1.2557
        },
        {
          "archive": 96,
          "inputs": 0,
          "mean_vrp_ms": 0.0,
          "mean_base_ms": 0.0,
          "overhead": 0.0
        }
      ],
      "summary": {
        "total_inputs": 18439,
        "vrp_mean_ms": 0.084,
        "vrp_median_ms": 0.023,
        "vrp_p95_ms": 0.374,
        "vrp_p99_ms": 0.84,
        "base_mean_ms": 0.085,
        "base_median_ms": 0.026,
        "base_p95_ms": 0.371,
        "base_p99_ms": 0.784,
        "mean_overhead": 0.9866
      }
    }
  }
}