{
  "experiment": "vrp-unfold-eval-big04",
  "benchmark": "freetype2_ftfuzzer",
  "fuzzer": "aflplusplus",
  "instance": "47262",
  "archives_processed": 97,
  "total_inputs": 16947,
  "elapsed_seconds": 26.0,
  "analyzer_results": {
    "vrp_hit_entanglement": {
      "per_archive": [
        {
          "archive": 0,
          "new_inputs": 2,
          "cumulative_inputs": 2,
          "new_vrp_edges": 0,
          "new_base_edges": 0,
          "cumulative_vrp_edges": 0,
          "cumulative_base_edges": 0,
          "classifications": {
            "vrp_only": 0,
            "both": 0,
            "base_only": 0,
            "neither": 2
          }
        },
        {
          "archive": 1,
          "new_inputs": 6086,
          "cumulative_inputs": 6088,
          "new_vrp_edges": 0,
          "new_base_edges": 0,
          "cumulative_vrp_edges": 0,
          "cumulative_base_edges": 0,
          "classifications": {
            "vrp_only": 0,
            "both": 0,
            "base_only": 0,
            "neither": 6086
          }
        },
        {
          "archive": 2,
          "new_inputs": 1575,
          "cumulative_inputs": 7663,
          "new_vrp_edges": 0,
          "new_base_edges": 0,
          "cumulative_vrp_edges": 0,
          "cumulative_base_edges": 0,
          "classifications": {
            "vrp_only": 0,
            "both": 0,
            "base_only": 0,
            "neither": 1575
          }
        },
        {
          "archive": 3,
          "new_inputs": 1479,
          "cumulative_inputs": 9142,
          "new_vrp_edges": 0,
          "new_base_edges": 0,
          "cumulative_vrp_edges": 0,
          "cumulative_base_edges": 0,
          "classifications": {
            "vrp_only": 0,
            "both": 0,
            "base_only": 0,
            "neither": 1479
          }
        },
        {
          "archive": 4,
          "new_inputs": 1318,
          "cumulative_inputs": 10460,
          "new_vrp_edges": 0,
          "new_base_edges": 0,
          "cumulative_vrp_edges": 0,
          "cumulative_base_edges": 0,
          "classifications": {
            "vrp_only": 0,
            "both": 0,
            "base_only": 0,
            "neither": 1318
          }
        },
        {
          "archive": 5,
          "new_inputs": 740,
          "cumulative_inputs": 11200,
          "new_vrp_edges": 0,
          "new_base_edges": 0,
          "cumulative_vrp_edges": 0,
          "cumulative_base_edges": 0,
          "classifications": {
            "vrp_only": 0,
            "both": 0,
            "base_only": 0,
            "neither": 740
          }
        },
        {
          "archive": 6,
          "new_inputs": 425,
          "cumulative_inputs": 11625,
          "new_vrp_edges": 0,
          "new_base_edges": 0,
          "cumulative_vrp_edges": 0,
          "cumulative_base_edges": 0,
          "classifications": {
            "vrp_only": 0,
            "both": 0,
            "base_only": 0,
            "neither": 425
          }
        },
        {
          "archive": 7,
          "new_inputs": 1370,
          "cumulative_inputs": 12995,
          "new_vrp_edges": 0,
          "new_base_edges": 0,
          "cumulative_vrp_edges": 0,
          "cumulative_base_edges": 0,
          "classifications": {
            "vrp_only": 0,
            "both": 0,
            "base_only": 0,
            "neither": 1370
          }
        },
        {
          "archive": 8,
          "new_inputs": 287,
          "cumulative_inputs": 13282,
          "new_vrp_edges": 0,
          "new_base_edges": 0,
          "cumulative_vrp_edges": 0,
          "cumulative_base_edges": 0,
          "classifications": {
            "vrp_only": 0,
            "both": 0,
            "base_only": 0,
            "neither": 287
          }
        },
        {
          "archive": 9,
          "new_inputs": 224,
          "cumulative_inputs": 13506,
          "new_vrp_edges": 0,
          "new_base_edges": 0,
          "cumulative_vrp_edges": 0,
          "cumulative_base_edges": 0,
          "classifications": {
            "vrp_only": 0,
            "both": 0,
            "base_only": 0,
            "neither": 224
          }
        },
        {
          "archive": 10,
          "new_inputs": 130,
          "cumulative_inputs": 13636,
          "new_vrp_edges": 0,
          "new_base_edges": 0,
          "cumulative_vrp_edges": 0,
          "cumulative_base_edges": 0,
          "classifications": {
            "vrp_only": 0,
            "both": 0,
            "base_only": 0,
            "neither": 130
          }
        },
        {
          "archive": 11,
          "new_inputs": 103,
          "cumulative_inputs": 13739,
          "new_vrp_edges": 0,
          "new_base_edges": 0,
          "cumulative_vrp_edges": 0,
          "cumulative_base_edges": 0,
          "classifications": {
            "vrp_only": 0,
            "both": 0,
            "base_only": 0,
            "neither": 103
          }
        },
        {
          "archive": 12,
          "new_inputs": 120,
          "cumulative_inputs": 13859,
          "new_vrp_edges": 0,
          "new_base_edges": 0,
          "cumulative_vrp_edges": 0,
          "cumulative_base_edges": 0,
          "classifications": {
            "vrp_only": 0,
            "both": 0,
            "base_only": 0,
            "neither": 120
          }
        },
        {
          "archive": 13,
          "new_inputs": 113,
          "cumulative_inputs": 13972,
          "new_vrp_edges": 0,
          "new_base_edges": 0,
          "cumulative_vrp_edges": 0,
          "cumulative_base_edges": 0,
          "classifications": {
            "vrp_only": 0,
            "both": 0,
            "base_only": 0,
            "neither": 113
          }
        },
        {
          "archive": 14,
          "new_inputs": 265,
          "cumulative_inputs": 14237,
          "new_vrp_edges": 0,
          "new_base_edges": 0,
          "cumulative_vrp_edges": 0,
          "cumulative_base_edges": 0,
          "classifications": {
            "vrp_only": 0,
            "both": 0,
            "base_only": 0,
            "neither": 265
          }
        },
        {
          "archive": 15,
          "new_inputs": 160,
          "cumulative_inputs": 14397,
          "new_vrp_edges": 0,
          "new_base_edges": 0,
          "cumulative_vrp_edges": 0,
          "cumulative_base_edges": 0,
          "classifications": {
            "vrp_only": 0,
            "both": 0,
            "base_only": 0,
            "neither": 160
          }
        },
        {
          "archive": 16,
          "new_inputs": 75,
          "cumulative_inputs": 14472,
          "new_vrp_edges": 0,
          "new_base_edges": 0,
          "cumulative_vrp_edges": 0,
          "cumulative_base_edges": 0,
          "classifications": {
            "vrp_only": 0,
            "both": 0,
            "base_only": 0,
            "neither": 75
          }
        },
        {
          "archive": 17,
          "new_inputs": 56,
          "cumulative_inputs": 14528,
          "new_vrp_edges": 0,
          "new_base_edges": 0,
          "cumulative_vrp_edges": 0,
          "cumulative_base_edges": 0,
          "classifications": {
            "vrp_only": 0,
            "both": 0,
            "base_only": 0,
            "neither": 56
          }
        },
        {
          "archive": 18,
          "new_inputs": 83,
          "cumulative_inputs": 14611,
          "new_vrp_edges": 0,
          "new_base_edges": 0,
          "cumulative_vrp_edges": 0,
          "cumulative_base_edges": 0,
          "classifications": {
            "vrp_only": 0,
            "both": 0,
            "base_only": 0,
            "neither": 83
          }
        },
        {
          "archive": 19,
          "new_inputs": 58,
          "cumulative_inputs": 14669,
          "new_vrp_edges": 0,
          "new_base_edges": 0,
          "cumulative_vrp_edges": 0,
          "cumulative_base_edges": 0,
          "classifications": {
            "vrp_only": 0,
            "both": 0,
            "base_only": 0,
            "neither": 58
          }
        },
        {
          "archive": 20,
          "new_inputs": 67,
          "cumulative_inputs": 14736,
          "new_vrp_edges": 0,
          "new_base_edges": 0,
          "cumulative_vrp_edges": 0,
          "cumulative_base_edges": 0,
          "classifications": {
            "vrp_only": 0,
            "both": 0,
            "base_only": 0,
            "neither": 67
          }
        },
        {
          "archive": 21,
          "new_inputs": 111,
          "cumulative_inputs": 14847,
          "new_vrp_edges": 0,
          "new_base_edges": 0,
          "cumulative_vrp_edges": 0,
          "cumulative_base_edges": 0,
          "classifications": {
            "vrp_only": 0,
            "both": 0,
            "base_only": 0,
            "neither": 111
          }
        },
        {
          "archive": 22,
          "new_inputs": 125,
          "cumulative_inputs": 14972,
          "new_vrp_edges": 0,
          "new_base_edges": 0,
          "cumulative_vrp_edges": 0,
          "cumulative_base_edges": 0,
          "classifications": {
            "vrp_only": 0,
            "both": 0,
            "base_only": 0,
            "neither": 125
          }
        },
        {
          "archive": 23,
          "new_inputs": 49,
          "cumulative_inputs": 15021,
          "new_vrp_edges": 0,
          "new_base_edges": 0,
          "cumulative_vrp_edges": 0,
          "cumulative_base_edges": 0,
          "classifications": {
            "vrp_only": 0,
            "both": 0,
            "base_only": 0,
            "neither": 49
          }
        },
        {
          "archive": 24,
          "new_inputs": 127,
          "cumulative_inputs": 15148,
          "new_vrp_edges": 0,
          "new_base_edges": 0,
          "cumulative_vrp_edges": 0,
          "cumulative_base_edges": 0,
          "classifications": {
            "vrp_only": 0,
            "both": 0,
            "base_only": 0,
            "neither": 127
          }
        },
        {
          "archive": 25,
          "new_inputs": 79,
          "cumulative_inputs": 15227,
          "new_vrp_edges": 0,
          "new_base_edges": 0,
          "cumulative_vrp_edges": 0,
          "cumulative_base_edges": 0,
          "classifications": {
            "vrp_only": 0,
            "both": 0,
            "base_only": 0,
            "neither": 79
          }
        },
        {
          "archive": 26,
          "new_inputs": 52,
          "cumulative_inputs": 15279,
          "new_vrp_edges": 0,
          "new_base_edges": 0,
          "cumulative_vrp_edges": 0,
          "cumulative_base_edges": 0,
          "classifications": {
            "vrp_only": 0,
            "both": 0,
            "base_only": 0,
            "neither": 52
          }
        },
        {
          "archive": 27,
          "new_inputs": 57,
          "cumulative_inputs": 15336,
          "new_vrp_edges": 0,
          "new_base_edges": 0,
          "cumulative_vrp_edges": 0,
          "cumulative_base_edges": 0,
          "classifications": {
            "vrp_only": 0,
            "both": 0,
            "base_only": 0,
            "neither": 57
          }
        },
        {
          "archive": 28,
          "new_inputs": 33,
          "cumulative_inputs": 15369,
          "new_vrp_edges": 0,
          "new_base_edges": 0,
          "cumulative_vrp_edges": 0,
          "cumulative_base_edges": 0,
          "classifications": {
            "vrp_only": 0,
            "both": 0,
            "base_only": 0,
            "neither": 33
          }
        },
        {
          "archive": 29,
          "new_inputs": 71,
          "cumulative_inputs": 15440,
          "new_vrp_edges": 0,
          "new_base_edges": 0,
          "cumulative_vrp_edges": 0,
          "cumulative_base_edges": 0,
          "classifications": {
            "vrp_only": 0,
            "both": 0,
            "base_only": 0,
            "neither": 71
          }
        },
        {
          "archive": 30,
          "new_inputs": 87,
          "cumulative_inputs": 15527,
          "new_vrp_edges": 0,
          "new_base_edges": 0,
          "cumulative_vrp_edges": 0,
          "cumulative_base_edges": 0,
          "classifications": {
            "vrp_only": 0,
            "both": 0,
            "base_only": 0,
            "neither": 87
          }
        },
        {
          "archive": 31,
          "new_inputs": 99,
          "cumulative_inputs": 15626,
          "new_vrp_edges": 0,
          "new_base_edges": 0,
          "cumulative_vrp_edges": 0,
          "cumulative_base_edges": 0,
          "classifications": {
            "vrp_only": 0,
            "both": 0,
            "base_only": 0,
            "neither": 99
          }
        },
        {
          "archive": 32,
          "new_inputs": 17,
          "cumulative_inputs": 15643,
          "new_vrp_edges": 0,
          "new_base_edges": 0,
          "cumulative_vrp_edges": 0,
          "cumulative_base_edges": 0,
          "classifications": {
            "vrp_only": 0,
            "both": 0,
            "base_only": 0,
            "neither": 17
          }
        },
        {
          "archive": 33,
          "new_inputs": 26,
          "cumulative_inputs": 15669,
          "new_vrp_edges": 0,
          "new_base_edges": 0,
          "cumulative_vrp_edges": 0,
          "cumulative_base_edges": 0,
          "classifications": {
            "vrp_only": 0,
            "both": 0,
            "base_only": 0,
            "neither": 26
          }
        },
        {
          "archive": 34,
          "new_inputs": 22,
          "cumulative_inputs": 15691,
          "new_vrp_edges": 0,
          "new_base_edges": 0,
          "cumulative_vrp_edges": 0,
          "cumulative_base_edges": 0,
          "classifications": {
            "vrp_only": 0,
            "both": 0,
            "base_only": 0,
            "neither": 22
          }
        },
        {
          "archive": 35,
          "new_inputs": 22,
          "cumulative_inputs": 15713,
          "new_vrp_edges": 0,
          "new_base_edges": 0,
          "cumulative_vrp_edges": 0,
          "cumulative_base_edges": 0,
          "classifications": {
            "vrp_only": 0,
            "both": 0,
            "base_only": 0,
            "neither": 22
          }
        },
        {
          "archive": 36,
          "new_inputs": 30,
          "cumulative_inputs": 15743,
          "new_vrp_edges": 0,
          "new_base_edges": 0,
          "cumulative_vrp_edges": 0,
          "cumulative_base_edges": 0,
          "classifications": {
            "vrp_only": 0,
            "both": 0,
            "base_only": 0,
            "neither": 30
          }
        },
        {
          "archive": 37,
          "new_inputs": 46,
          "cumulative_inputs": 15789,
          "new_vrp_edges": 0,
          "new_base_edges": 0,
          "cumulative_vrp_edges": 0,
          "cumulative_base_edges": 0,
          "classifications": {
            "vrp_only": 0,
            "both": 0,
            "base_only": 0,
            "neither": 46
          }
        },
        {
          "archive": 38,
          "new_inputs": 33,
          "cumulative_inputs": 15822,
          "new_vrp_edges": 0,
          "new_base_edges": 0,
          "cumulative_vrp_edges": 0,
          "cumulative_base_edges": 0,
          "classifications": {
            "vrp_only": 0,
            "both": 0,
            "base_only": 0,
            "neither": 33
          }
        },
        {
          "archive": 39,
          "new_inputs": 67,
          "cumulative_inputs": 15889,
          "new_vrp_edges": 0,
          "new_base_edges": 0,
          "cumulative_vrp_edges": 0,
          "cumulative_base_edges": 0,
          "classifications": {
            "vrp_only": 0,
            "both": 0,
            "base_only": 0,
            "neither": 67
          }
        },
        {
          "archive": 40,
          "new_inputs": 28,
          "cumulative_inputs": 15917,
          "new_vrp_edges": 0,
          "new_base_edges": 0,
          "cumulative_vrp_edges": 0,
          "cumulative_base_edges": 0,
          "classifications": {
            "vrp_only": 0,
            "both": 0,
            "base_only": 0,
            "neither": 28
          }
        },
        {
          "archive": 41,
          "new_inputs": 32,
          "cumulative_inputs": 15949,
          "new_vrp_edges": 0,
          "new_base_edges": 0,
          "cumulative_vrp_edges": 0,
          "cumulative_base_edges": 0,
          "classifications": {
            "vrp_only": 0,
            "both": 0,
            "base_only": 0,
            "neither": 32
          }
        },
        {
          "archive": 42,
          "new_inputs": 58,
          "cumulative_inputs": 16007,
          "new_vrp_edges": 0,
          "new_base_edges": 0,
          "cumulative_vrp_edges": 0,
          "cumulative_base_edges": 0,
          "classifications": {
            "vrp_only": 0,
            "both": 0,
            "base_only": 0,
            "neither": 58
          }
        },
        {
          "archive": 43,
          "new_inputs": 15,
          "cumulative_inputs": 16022,
          "new_vrp_edges": 0,
          "new_base_edges": 0,
          "cumulative_vrp_edges": 0,
          "cumulative_base_edges": 0,
          "classifications": {
            "vrp_only": 0,
            "both": 0,
            "base_only": 0,
            "neither": 15
          }
        },
        {
          "archive": 44,
          "new_inputs": 38,
          "cumulative_inputs": 16060,
          "new_vrp_edges": 0,
          "new_base_edges": 0,
          "cumulative_vrp_edges": 0,
          "cumulative_base_edges": 0,
          "classifications": {
            "vrp_only": 0,
            "both": 0,
            "base_only": 0,
            "neither": 38
          }
        },
        {
          "archive": 45,
          "new_inputs": 32,
          "cumulative_inputs": 16092,
          "new_vrp_edges": 0,
          "new_base_edges": 0,
          "cumulative_vrp_edges": 0,
          "cumulative_base_edges": 0,
          "classifications": {
            "vrp_only": 0,
            "both": 0,
            "base_only": 0,
            "neither": 32
          }
        },
        {
          "archive": 46,
          "new_inputs": 12,
          "cumulative_inputs": 16104,
          "new_vrp_edges": 0,
          "new_base_edges": 0,
          "cumulative_vrp_edges": 0,
          "cumulative_base_edges": 0,
          "classifications": {
            "vrp_only": 0,
            "both": 0,
            "base_only": 0,
            "neither": 12
          }
        },
        {
          "archive": 47,
          "new_inputs": 11,
          "cumulative_inputs": 16115,
          "new_vrp_edges": 0,
          "new_base_edges": 0,
          "cumulative_vrp_edges": 0,
          "cumulative_base_edges": 0,
          "classifications": {
            "vrp_only": 0,
            "both": 0,
            "base_only": 0,
            "neither": 11
          }
        },
        {
          "archive": 48,
          "new_inputs": 14,
          "cumulative_inputs": 16129,
          "new_vrp_edges": 0,
          "new_base_edges": 0,
          "cumulative_vrp_edges": 0,
          "cumulative_base_edges": 0,
          "classifications": {
            "vrp_only": 0,
            "both": 0,
            "base_only": 0,
            "neither": 14
          }
        },
        {
          "archive": 49,
          "new_inputs": 12,
          "cumulative_inputs": 16141,
          "new_vrp_edges": 0,
          "new_base_edges": 0,
          "cumulative_vrp_edges": 0,
          "cumulative_base_edges": 0,
          "classifications": {
            "vrp_only": 0,
            "both": 0,
            "base_only": 0,
            "neither": 12
          }
        },
        {
          "archive": 50,
          "new_inputs": 38,
          "cumulative_inputs": 16179,
          "new_vrp_edges": 0,
          "new_base_edges": 0,
          "cumulative_vrp_edges": 0,
          "cumulative_base_edges": 0,
          "classifications": {
            "vrp_only": 0,
            "both": 0,
            "base_only": 0,
            "neither": 38
          }
        },
        {
          "archive": 51,
          "new_inputs": 7,
          "cumulative_inputs": 16186,
          "new_vrp_edges": 0,
          "new_base_edges": 0,
          "cumulative_vrp_edges": 0,
          "cumulative_base_edges": 0,
          "classifications": {
            "vrp_only": 0,
            "both": 0,
            "base_only": 0,
            "neither": 7
          }
        },
        {
          "archive": 52,
          "new_inputs": 36,
          "cumulative_inputs": 16222,
          "new_vrp_edges": 0,
          "new_base_edges": 0,
          "cumulative_vrp_edges": 0,
          "cumulative_base_edges": 0,
          "classifications": {
            "vrp_only": 0,
            "both": 0,
            "base_only": 0,
            "neither": 36
          }
        },
        {
          "archive": 53,
          "new_inputs": 12,
          "cumulative_inputs": 16234,
          "new_vrp_edges": 0,
          "new_base_edges": 0,
          "cumulative_vrp_edges": 0,
          "cumulative_base_edges": 0,
          "classifications": {
            "vrp_only": 0,
            "both": 0,
            "base_only": 0,
            "neither": 12
          }
        },
        {
          "archive": 54,
          "new_inputs": 12,
          "cumulative_inputs": 16246,
          "new_vrp_edges": 0,
          "new_base_edges": 0,
          "cumulative_vrp_edges": 0,
          "cumulative_base_edges": 0,
          "classifications": {
            "vrp_only": 0,
            "both": 0,
            "base_only": 0,
            "neither": 12
          }
        },
        {
          "archive": 55,
          "new_inputs": 88,
          "cumulative_inputs": 16334,
          "new_vrp_edges": 0,
          "new_base_edges": 0,
          "cumulative_vrp_edges": 0,
          "cumulative_base_edges": 0,
          "classifications": {
            "vrp_only": 0,
            "both": 0,
            "base_only": 0,
            "neither": 88
          }
        },
        {
          "archive": 56,
          "new_inputs": 25,
          "cumulative_inputs": 16359,
          "new_vrp_edges": 0,
          "new_base_edges": 0,
          "cumulative_vrp_edges": 0,
          "cumulative_base_edges": 0,
          "classifications": {
            "vrp_only": 0,
            "both": 0,
            "base_only": 0,
            "neither": 25
          }
        },
        {
          "archive": 57,
          "new_inputs": 24,
          "cumulative_inputs": 16383,
          "new_vrp_edges": 0,
          "new_base_edges": 0,
          "cumulative_vrp_edges": 0,
          "cumulative_base_edges": 0,
          "classifications": {
            "vrp_only": 0,
            "both": 0,
            "base_only": 0,
            "neither": 24
          }
        },
        {
          "archive": 58,
          "new_inputs": 9,
          "cumulative_inputs": 16392,
          "new_vrp_edges": 0,
          "new_base_edges": 0,
          "cumulative_vrp_edges": 0,
          "cumulative_base_edges": 0,
          "classifications": {
            "vrp_only": 0,
            "both": 0,
            "base_only": 0,
            "neither": 9
          }
        },
        {
          "archive": 59,
          "new_inputs": 42,
          "cumulative_inputs": 16434,
          "new_vrp_edges": 0,
          "new_base_edges": 0,
          "cumulative_vrp_edges": 0,
          "cumulative_base_edges": 0,
          "classifications": {
            "vrp_only": 0,
            "both": 0,
            "base_only": 0,
            "neither": 42
          }
        },
        {
          "archive": 60,
          "new_inputs": 20,
          "cumulative_inputs": 16454,
          "new_vrp_edges": 0,
          "new_base_edges": 0,
          "cumulative_vrp_edges": 0,
          "cumulative_base_edges": 0,
          "classifications": {
            "vrp_only": 0,
            "both": 0,
            "base_only": 0,
            "neither": 20
          }
        },
        {
          "archive": 61,
          "new_inputs": 8,
          "cumulative_inputs": 16462,
          "new_vrp_edges": 0,
          "new_base_edges": 0,
          "cumulative_vrp_edges": 0,
          "cumulative_base_edges": 0,
          "classifications": {
            "vrp_only": 0,
            "both": 0,
            "base_only": 0,
            "neither": 8
          }
        },
        {
          "archive": 62,
          "new_inputs": 14,
          "cumulative_inputs": 16476,
          "new_vrp_edges": 0,
          "new_base_edges": 0,
          "cumulative_vrp_edges": 0,
          "cumulative_base_edges": 0,
          "classifications": {
            "vrp_only": 0,
            "both": 0,
            "base_only": 0,
            "neither": 14
          }
        },
        {
          "archive": 63,
          "new_inputs": 20,
          "cumulative_inputs": 16496,
          "new_vrp_edges": 0,
          "new_base_edges": 0,
          "cumulative_vrp_edges": 0,
          "cumulative_base_edges": 0,
          "classifications": {
            "vrp_only": 0,
            "both": 0,
            "base_only": 0,
            "neither": 20
          }
        },
        {
          "archive": 64,
          "new_inputs": 13,
          "cumulative_inputs": 16509,
          "new_vrp_edges": 0,
          "new_base_edges": 0,
          "cumulative_vrp_edges": 0,
          "cumulative_base_edges": 0,
          "classifications": {
            "vrp_only": 0,
            "both": 0,
            "base_only": 0,
            "neither": 13
          }
        },
        {
          "archive": 65,
          "new_inputs": 10,
          "cumulative_inputs": 16519,
          "new_vrp_edges": 0,
          "new_base_edges": 0,
          "cumulative_vrp_edges": 0,
          "cumulative_base_edges": 0,
          "classifications": {
            "vrp_only": 0,
            "both": 0,
            "base_only": 0,
            "neither": 10
          }
        },
        {
          "archive": 66,
          "new_inputs": 12,
          "cumulative_inputs": 16531,
          "new_vrp_edges": 0,
          "new_base_edges": 0,
          "cumulative_vrp_edges": 0,
          "cumulative_base_edges": 0,
          "classifications": {
            "vrp_only": 0,
            "both": 0,
            "base_only": 0,
            "neither": 12
          }
        },
        {
          "archive": 67,
          "new_inputs": 16,
          "cumulative_inputs": 16547,
          "new_vrp_edges": 0,
          "new_base_edges": 0,
          "cumulative_vrp_edges": 0,
          "cumulative_base_edges": 0,
          "classifications": {
            "vrp_only": 0,
            "both": 0,
            "base_only": 0,
            "neither": 16
          }
        },
        {
          "archive": 68,
          "new_inputs": 12,
          "cumulative_inputs": 16559,
          "new_vrp_edges": 0,
          "new_base_edges": 0,
          "cumulative_vrp_edges": 0,
          "cumulative_base_edges": 0,
          "classifications": {
            "vrp_only": 0,
            "both": 0,
            "base_only": 0,
            "neither": 12
          }
        },
        {
          "archive": 69,
          "new_inputs": 37,
          "cumulative_inputs": 16596,
          "new_vrp_edges": 0,
          "new_base_edges": 0,
          "cumulative_vrp_edges": 0,
          "cumulative_base_edges": 0,
          "classifications": {
            "vrp_only": 0,
            "both": 0,
            "base_only": 0,
            "neither": 37
          }
        },
        {
          "archive": 70,
          "new_inputs": 8,
          "cumulative_inputs": 16604,
          "new_vrp_edges": 0,
          "new_base_edges": 0,
          "cumulative_vrp_edges": 0,
          "cumulative_base_edges": 0,
          "classifications": {
            "vrp_only": 0,
            "both": 0,
            "base_only": 0,
            "neither": 8
          }
        },
        {
          "archive": 71,
          "new_inputs": 42,
          "cumulative_inputs": 16646,
          "new_vrp_edges": 0,
          "new_base_edges": 0,
          "cumulative_vrp_edges": 0,
          "cumulative_base_edges": 0,
          "classifications": {
            "vrp_only": 0,
            "both": 0,
            "base_only": 0,
            "neither": 42
          }
        },
        {
          "archive": 72,
          "new_inputs": 13,
          "cumulative_inputs": 16659,
          "new_vrp_edges": 0,
          "new_base_edges": 0,
          "cumulative_vrp_edges": 0,
          "cumulative_base_edges": 0,
          "classifications": {
            "vrp_only": 0,
            "both": 0,
            "base_only": 0,
            "neither": 13
          }
        },
        {
          "archive": 73,
          "new_inputs": 5,
          "cumulative_inputs": 16664,
          "new_vrp_edges": 0,
          "new_base_edges": 0,
          "cumulative_vrp_edges": 0,
          "cumulative_base_edges": 0,
          "classifications": {
            "vrp_only": 0,
            "both": 0,
            "base_only": 0,
            "neither": 5
          }
        },
        {
          "archive": 74,
          "new_inputs": 8,
          "cumulative_inputs": 16672,
          "new_vrp_edges": 0,
          "new_base_edges": 0,
          "cumulative_vrp_edges": 0,
          "cumulative_base_edges": 0,
          "classifications": {
            "vrp_only": 0,
            "both": 0,
            "base_only": 0,
            "neither": 8
          }
        },
        {
          "archive": 75,
          "new_inputs": 7,
          "cumulative_inputs": 16679,
          "new_vrp_edges": 0,
          "new_base_edges": 0,
          "cumulative_vrp_edges": 0,
          "cumulative_base_edges": 0,
          "classifications": {
            "vrp_only": 0,
            "both": 0,
            "base_only": 0,
            "neither": 7
          }
        },
        {
          "archive": 76,
          "new_inputs": 8,
          "cumulative_inputs": 16687,
          "new_vrp_edges": 0,
          "new_base_edges": 0,
          "cumulative_vrp_edges": 0,
          "cumulative_base_edges": 0,
          "classifications": {
            "vrp_only": 0,
            "both": 0,
            "base_only": 0,
            "neither": 8
          }
        },
        {
          "archive": 77,
          "new_inputs": 22,
          "cumulative_inputs": 16709,
          "new_vrp_edges": 0,
          "new_base_edges": 0,
          "cumulative_vrp_edges": 0,
          "cumulative_base_edges": 0,
          "classifications": {
            "vrp_only": 0,
            "both": 0,
            "base_only": 0,
            "neither": 22
          }
        },
        {
          "archive": 78,
          "new_inputs": 16,
          "cumulative_inputs": 16725,
          "new_vrp_edges": 0,
          "new_base_edges": 0,
          "cumulative_vrp_edges": 0,
          "cumulative_base_edges": 0,
          "classifications": {
            "vrp_only": 0,
            "both": 0,
            "base_only": 0,
            "neither": 16
          }
        },
        {
          "archive": 79,
          "new_inputs": 39,
          "cumulative_inputs": 16764,
          "new_vrp_edges": 0,
          "new_base_edges": 0,
          "cumulative_vrp_edges": 0,
          "cumulative_base_edges": 0,
          "classifications": {
            "vrp_only": 0,
            "both": 0,
            "base_only": 0,
            "neither": 39
          }
        },
        {
          "archive": 80,
          "new_inputs": 68,
          "cumulative_inputs": 16832,
          "new_vrp_edges": 0,
          "new_base_edges": 0,
          "cumulative_vrp_edges": 0,
          "cumulative_base_edges": 0,
          "classifications": {
            "vrp_only": 0,
            "both": 0,
            "base_only": 0,
            "neither": 68
          }
        },
        {
          "archive": 81,
          "new_inputs": 1,
          "cumulative_inputs": 16833,
          "new_vrp_edges": 0,
          "new_base_edges": 0,
          "cumulative_vrp_edges": 0,
          "cumulative_base_edges": 0,
          "classifications": {
            "vrp_only": 0,
            "both": 0,
            "base_only": 0,
            "neither": 1
          }
        },
        {
          "archive": 82,
          "new_inputs": 5,
          "cumulative_inputs": 16838,
          "new_vrp_edges": 0,
          "new_base_edges": 0,
          "cumulative_vrp_edges": 0,
          "cumulative_base_edges": 0,
          "classifications": {
            "vrp_only": 0,
            "both": 0,
            "base_only": 0,
            "neither": 5
          }
        },
        {
          "archive": 83,
          "new_inputs": 13,
          "cumulative_inputs": 16851,
          "new_vrp_edges": 0,
          "new_base_edges": 0,
          "cumulative_vrp_edges": 0,
          "cumulative_base_edges": 0,
          "classifications": {
            "vrp_only": 0,
            "both": 0,
            "base_only": 0,
            "neither": 13
          }
        },
        {
          "archive": 84,
          "new_inputs": 9,
          "cumulative_inputs": 16860,
          "new_vrp_edges": 0,
          "new_base_edges": 0,
          "cumulative_vrp_edges": 0,
          "cumulative_base_edges": 0,
          "classifications": {
            "vrp_only": 0,
            "both": 0,
            "base_only": 0,
            "neither": 9
          }
        },
        {
          "archive": 85,
          "new_inputs": 10,
          "cumulative_inputs": 16870,
          "new_vrp_edges": 0,
          "new_base_edges": 0,
          "cumulative_vrp_edges": 0,
          "cumulative_base_edges": 0,
          "classifications": {
            "vrp_only": 0,
            "both": 0,
            "base_only": 0,
            "neither": 10
          }
        },
        {
          "archive": 86,
          "new_inputs": 12,
          "cumulative_inputs": 16882,
          "new_vrp_edges": 0,
          "new_base_edges": 0,
          "cumulative_vrp_edges": 0,
          "cumulative_base_edges": 0,
          "classifications": {
            "vrp_only": 0,
            "both": 0,
            "base_only": 0,
            "neither": 12
          }
        },
        {
          "archive": 87,
          "new_inputs": 6,
          "cumulative_inputs": 16888,
          "new_vrp_edges": 0,
          "new_base_edges": 0,
          "cumulative_vrp_edges": 0,
          "cumulative_base_edges": 0,
          "classifications": {
            "vrp_only": 0,
            "both": 0,
            "base_only": 0,
            "neither": 6
          }
        },
        {
          "archive": 88,
          "new_inputs": 9,
          "cumulative_inputs": 16897,
          "new_vrp_edges": 0,
          "new_base_edges": 0,
          "cumulative_vrp_edges": 0,
          "cumulative_base_edges": 0,
          "classifications": {
            "vrp_only": 0,
            "both": 0,
            "base_only": 0,
            "neither": 9
          }
        },
        {
          "archive": 89,
          "new_inputs": 9,
          "cumulative_inputs": 16906,
          "new_vrp_edges": 0,
          "new_base_edges": 0,
          "cumulative_vrp_edges": 0,
          "cumulative_base_edges": 0,
          "classifications": {
            "vrp_only": 0,
            "both": 0,
            "base_only": 0,
            "neither": 9
          }
        },
        {
          "archive": 90,
          "new_inputs": 10,
          "cumulative_inputs": 16916,
          "new_vrp_edges": 0,
          "new_base_edges": 0,
          "cumulative_vrp_edges": 0,
          "cumulative_base_edges": 0,
          "classifications": {
            "vrp_only": 0,
            "both": 0,
            "base_only": 0,
            "neither": 10
          }
        },
        {
          "archive": 91,
          "new_inputs": 4,
          "cumulative_inputs": 16920,
          "new_vrp_edges": 0,
          "new_base_edges": 0,
          "cumulative_vrp_edges": 0,
          "cumulative_base_edges": 0,
          "classifications": {
            "vrp_only": 0,
            "both": 0,
            "base_only": 0,
            "neither": 4
          }
        },
        {
          "archive": 92,
          "new_inputs": 10,
          "cumulative_inputs": 16930,
          "new_vrp_edges": 0,
          "new_base_edges": 0,
          "cumulative_vrp_edges": 0,
          "cumulative_base_edges": 0,
          "classifications": {
            "vrp_only": 0,
            "both": 0,
            "base_only": 0,
            "neither": 10
          }
        },
        {
          "archive": 93,
          "new_inputs": 6,
          "cumulative_inputs": 16936,
          "new_vrp_edges": 0,
          "new_base_edges": 0,
          "cumulative_vrp_edges": 0,
          "cumulative_base_edges": 0,
          "classifications": {
            "vrp_only": 0,
            "both": 0,
            "base_only": 0,
            "neither": 6
          }
        },
        {
          "archive": 94,
          "new_inputs": 4,
          "cumulative_inputs": 16940,
          "new_vrp_edges": 0,
          "new_base_edges": 0,
          "cumulative_vrp_edges": 0,
          "cumulative_base_edges": 0,
          "classifications": {
            "vrp_only": 0,
            "both": 0,
            "base_only": 0,
            "neither": 4
          }
        },
        {
          "archive": 95,
          "new_inputs": 7,
          "cumulative_inputs": 16947,
          "new_vrp_edges": 0,
          "new_base_edges": 0,
          "cumulative_vrp_edges": 0,
          "cumulative_base_edges": 0,
          "classifications": {
            "vrp_only": 0,
            "both": 0,
            "base_only": 0,
            "neither": 7
          }
        },
        {
          "archive": 96,
          "new_inputs": 0,
          "cumulative_inputs": 16947,
          "new_vrp_edges": 0,
          "new_base_edges": 0,
          "cumulative_vrp_edges": 0,
          "cumulative_base_edges": 0,
          "classifications": {
            "vrp_only": 0,
            "both": 0,
            "base_only": 0,
            "neither": 0
          }
        }
      ],
      "summary": {
        "total_inputs": 16947,
        "total_vrp_edges": 0,
        "total_base_edges": 0,
        "entanglement_rate": 0.0,
        "vrp_only_count": 0,
        "both_count": 0,
        "base_only_count": 0,
        "neither_count": 16947
      }
    },
    "vrp_bucket_entanglement": {
      "summary": {
        "total_inputs": 16947,
        "bucket_entanglement_rate": 0.0,
        "vrp_only": 0,
        "both": 0,
        "base_only": 0,
        "neither": 16947,
        "edge_neither_but_bucket_interesting": 0
      }
    },
    "vrp_gradient": {
      "summary": {
        "total_vrp_edges_seen": 0,
        "singleton_edges": 0,
        "low_freq_edges": 0,
        "high_freq_edges": 0,
        "vrp_exclusive_singletons": 0,
        "hit_count_distribution": {
          "1": 0,
          "2-3": 0,
          "4-10": 0,
          "11-50": 0,
          "51-200": 0,
          "200+": 0
        }
      }
    },
    "edge_growth": {
      "growth_curve": [
        {
          "archive": 0,
          "total_inputs": 2,
          "vrp_edges": 0,
          "base_edges": 0
        },
        {
          "archive": 1,
          "total_inputs": 6088,
          "vrp_edges": 0,
          "base_edges": 0
        },
        {
          "archive": 2,
          "total_inputs": 7663,
          "vrp_edges": 0,
          "base_edges": 0
        },
        {
          "archive": 3,
          "total_inputs": 9142,
          "vrp_edges": 0,
          "base_edges": 0
        },
        {
          "archive": 4,
          "total_inputs": 10460,
          "vrp_edges": 0,
          "base_edges": 0
        },
        {
          "archive": 5,
          "total_inputs": 11200,
          "vrp_edges": 0,
          "base_edges": 0
        },
        {
          "archive": 6,
          "total_inputs": 11625,
          "vrp_edges": 0,
          "base_edges": 0
        },
        {
          "archive": 7,
          "total_inputs": 12995,
          "vrp_edges": 0,
          "base_edges": 0
        },
        {
          "archive": 8,
          "total_inputs": 13282,
          "vrp_edges": 0,
          "base_edges": 0
        },
        {
          "archive": 9,
          "total_inputs": 13506,
          "vrp_edges": 0,
          "base_edges": 0
        },
        {
          "archive": 10,
          "total_inputs": 13636,
          "vrp_edges": 0,
          "base_edges": 0
        },
        {
          "archive": 11,
          "total_inputs": 13739,
          "vrp_edges": 0,
          "base_edges": 0
        },
        {
          "archive": 12,
          "total_inputs": 13859,
          "vrp_edges": 0,
          "base_edges": 0
        },
        {
          "archive": 13,
          "total_inputs": 13972,
          "vrp_edges": 0,
          "base_edges": 0
        },
        {
          "archive": 14,
          "total_inputs": 14237,
          "vrp_edges": 0,
          "base_edges": 0
        },
        {
          "archive": 15,
          "total_inputs": 14397,
          "vrp_edges": 0,
          "base_edges": 0
        },
        {
          "archive": 16,
          "total_inputs": 14472,
          "vrp_edges": 0,
          "base_edges": 0
        },
        {
          "archive": 17,
          "total_inputs": 14528,
          "vrp_edges": 0,
          "base_edges": 0
        },
        {
          "archive": 18,
          "total_inputs": 14611,
          "vrp_edges": 0,
          "base_edges": 0
        },
        {
          "archive": 19,
          "total_inputs": 14669,
          "vrp_edges": 0,
          "base_edges": 0
        },
        {
          "archive": 20,
          "total_inputs": 14736,
          "vrp_edges": 0,
          "base_edges": 0
        },
        {
          "archive": 21,
          "total_inputs": 14847,
          "vrp_edges": 0,
          "base_edges": 0
        },
        {
          "archive": 22,
          "total_inputs": 14972,
          "vrp_edges": 0,
          "base_edges": 0
        },
        {
          "archive": 23,
          "total_inputs": 15021,
          "vrp_edges": 0,
          "base_edges": 0
        },
        {
          "archive": 24,
          "total_inputs": 15148,
          "vrp_edges": 0,
          "base_edges": 0
        },
        {
          "archive": 25,
          "total_inputs": 15227,
          "vrp_edges": 0,
          "base_edges": 0
        },
        {
          "archive": 26,
          "total_inputs": 15279,
          "vrp_edges": 0,
          "base_edges": 0
        },
        {
          "archive": 27,
          "total_inputs": 15336,
          "vrp_edges": 0,
          "base_edges": 0
        },
        {
          "archive": 28,
          "total_inputs": 15369,
          "vrp_edges": 0,
          "base_edges": 0
        },
        {
          "archive": 29,
          "total_inputs": 15440,
          "vrp_edges": 0,
          "base_edges": 0
        },
        {
          "archive": 30,
          "total_inputs": 15527,
          "vrp_edges": 0,
          "base_edges": 0
        },
        {
          "archive": 31,
          "total_inputs": 15626,
          "vrp_edges": 0,
          "base_edges": 0
        },
        {
          "archive": 32,
          "total_inputs": 15643,
          "vrp_edges": 0,
          "base_edges": 0
        },
        {
          "archive": 33,
          "total_inputs": 15669,
          "vrp_edges": 0,
          "base_edges": 0
        },
        {
          "archive": 34,
          "total_inputs": 15691,
          "vrp_edges": 0,
          "base_edges": 0
        },
        {
          "archive": 35,
          "total_inputs": 15713,
          "vrp_edges": 0,
          "base_edges": 0
        },
        {
          "archive": 36,
          "total_inputs": 15743,
          "vrp_edges": 0,
          "base_edges": 0
        },
        {
          "archive": 37,
          "total_inputs": 15789,
          "vrp_edges": 0,
          "base_edges": 0
        },
        {
          "archive": 38,
          "total_inputs": 15822,
          "vrp_edges": 0,
          "base_edges": 0
        },
        {
          "archive": 39,
          "total_inputs": 15889,
          "vrp_edges": 0,
          "base_edges": 0
        },
        {
          "archive": 40,
          "total_inputs": 15917,
          "vrp_edges": 0,
          "base_edges": 0
        },
        {
          "archive": 41,
          "total_inputs": 15949,
          "vrp_edges": 0,
          "base_edges": 0
        },
        {
          "archive": 42,
          "total_inputs": 16007,
          "vrp_edges": 0,
          "base_edges": 0
        },
        {
          "archive": 43,
          "total_inputs": 16022,
          "vrp_edges": 0,
          "base_edges": 0
        },
        {
          "archive": 44,
          "total_inputs": 16060,
          "vrp_edges": 0,
          "base_edges": 0
        },
        {
          "archive": 45,
          "total_inputs": 16092,
          "vrp_edges": 0,
          "base_edges": 0
        },
        {
          "archive": 46,
          "total_inputs": 16104,
          "vrp_edges": 0,
          "base_edges": 0
        },
        {
          "archive": 47,
          "total_inputs": 16115,
          "vrp_edges": 0,
          "base_edges": 0
        },
        {
          "archive": 48,
          "total_inputs": 16129,
          "vrp_edges": 0,
          "base_edges": 0
        },
        {
          "archive": 49,
          "total_inputs": 16141,
          "vrp_edges": 0,
          "base_edges": 0
        },
        {
          "archive": 50,
          "total_inputs": 16179,
          "vrp_edges": 0,
          "base_edges": 0
        },
        {
          "archive": 51,
          "total_inputs": 16186,
          "vrp_edges": 0,
          "base_edges": 0
        },
        {
          "archive": 52,
          "total_inputs": 16222,
          "vrp_edges": 0,
          "base_edges": 0
        },
        {
          "archive": 53,
          "total_inputs": 16234,
          "vrp_edges": 0,
          "base_edges": 0
        },
        {
          "archive": 54,
          "total_inputs": 16246,
          "vrp_edges": 0,
          "base_edges": 0
        },
        {
          "archive": 55,
          "total_inputs": 16334,
          "vrp_edges": 0,
          "base_edges": 0
        },
        {
          "archive": 56,
          "total_inputs": 16359,
          "vrp_edges": 0,
          "base_edges": 0
        },
        {
          "archive": 57,
          "total_inputs": 16383,
          "vrp_edges": 0,
          "base_edges": 0
        },
        {
          "archive": 58,
          "total_inputs": 16392,
          "vrp_edges": 0,
          "base_edges": 0
        },
        {
          "archive": 59,
          "total_inputs": 16434,
          "vrp_edges": 0,
          "base_edges": 0
        },
        {
          "archive": 60,
          "total_inputs": 16454,
          "vrp_edges": 0,
          "base_edges": 0
        },
        {
          "archive": 61,
          "total_inputs": 16462,
          "vrp_edges": 0,
          "base_edges": 0
        },
        {
          "archive": 62,
          "total_inputs": 16476,
          "vrp_edges": 0,
          "base_edges": 0
        },
        {
          "archive": 63,
          "total_inputs": 16496,
          "vrp_edges": 0,
          "base_edges": 0
        },
        {
          "archive": 64,
          "total_inputs": 16509,
          "vrp_edges": 0,
          "base_edges": 0
        },
        {
          "archive": 65,
          "total_inputs": 16519,
          "vrp_edges": 0,
          "base_edges": 0
        },
        {
          "archive": 66,
          "total_inputs": 16531,
          "vrp_edges": 0,
          "base_edges": 0
        },
        {
          "archive": 67,
          "total_inputs": 16547,
          "vrp_edges": 0,
          "base_edges": 0
        },
        {
          "archive": 68,
          "total_inputs": 16559,
          "vrp_edges": 0,
          "base_edges": 0
        },
        {
          "archive": 69,
          "total_inputs": 16596,
          "vrp_edges": 0,
          "base_edges": 0
        },
        {
          "archive": 70,
          "total_inputs": 16604,
          "vrp_edges": 0,
          "base_edges": 0
        },
        {
          "archive": 71,
          "total_inputs": 16646,
          "vrp_edges": 0,
          "base_edges": 0
        },
        {
          "archive": 72,
          "total_inputs": 16659,
          "vrp_edges": 0,
          "base_edges": 0
        },
        {
          "archive": 73,
          "total_inputs": 16664,
          "vrp_edges": 0,
          "base_edges": 0
        },
        {
          "archive": 74,
          "total_inputs": 16672,
          "vrp_edges": 0,
          "base_edges": 0
        },
        {
          "archive": 75,
          "total_inputs": 16679,
          "vrp_edges": 0,
          "base_edges": 0
        },
        {
          "archive": 76,
          "total_inputs": 16687,
          "vrp_edges": 0,
          "base_edges": 0
        },
        {
          "archive": 77,
          "total_inputs": 16709,
          "vrp_edges": 0,
          "base_edges": 0
        },
        {
          "archive": 78,
          "total_inputs": 16725,
          "vrp_edges": 0,
          "base_edges": 0
        },
        {
          "archive": 79,
          "total_inputs": 16764,
          "vrp_edges": 0,
          "base_edges": 0
        },
        {
          "archive": 80,
          "total_inputs": 16832,
          "vrp_edges": 0,
          "base_edges": 0
        },
        {
          "archive": 81,
          "total_inputs": 16833,
          "vrp_edges": 0,
          "base_edges": 0
        },
        {
          "archive": 82,
          "total_inputs": 16838,
          "vrp_edges": 0,
          "base_edges": 0
        },
        {
          "archive": 83,
          "total_inputs": 16851,
          "vrp_edges": 0,
          "base_edges": 0
        },
        {
          "archive": 84,
          "total_inputs": 16860,
          "vrp_edges": 0,
          "base_edges": 0
        },
        {
          "archive": 85,
          "total_inputs": 16870,
          "vrp_edges": 0,
          "base_edges": 0
        },
        {
          "archive": 86,
          "total_inputs": 16882,
          "vrp_edges": 0,
          "base_edges": 0
        },
        {
          "archive": 87,
          "total_inputs": 16888,
          "vrp_edges": 0,
          "base_edges": 0
        },
        {
          "archive": 88,
          "total_inputs": 16897,
          "vrp_edges": 0,
          "base_edges": 0
        },
        {
          "archive": 89,
          "total_inputs": 16906,
          "vrp_edges": 0,
          "base_edges": 0
        },
        {
          "archive": 90,
          "total_inputs": 16916,
          "vrp_edges": 0,
          "base_edges": 0
        },
        {
          "archive": 91,
          "total_inputs": 16920,
          "vrp_edges": 0,
          "base_edges": 0
        },
        {
          "archive": 92,
          "total_inputs": 16930,
          "vrp_edges": 0,
          "base_edges": 0
        },
        {
          "archive": 93,
          "total_inputs": 16936,
          "vrp_edges": 0,
          "base_edges": 0
        },
        {
          "archive": 94,
          "total_inputs": 16940,
          "vrp_edges": 0,
          "base_edges": 0
        },
        {
          "archive": 95,
          "total_inputs": 16947,
          "vrp_edges": 0,
          "base_edges": 0
        },
        {
          "archive": 96,
          "total_inputs": 16947,
          "vrp_edges": 0,
          "base_edges": 0
        }
      ],
      "final_vrp_edges": 0,
      "final_base_edges": 0,
      "total_inputs": 16947
    },
    "speed": {
      "per_archive": [
        {
          "archive": 0,
          "inputs": 2,
          "mean_vrp_ms": 7.395,
          "mean_base_ms": 6.105,
          "overhead": 1.2113
        },
        {
          "archive": 1,
          "inputs": 6086,
          "mean_vrp_ms": 0.014,
          "mean_base_ms": 0.014,
          "overhead": 0.9785
        },
        {
          "archive": 2,
          "inputs": 1575,
          "mean_vrp_ms": 0.023,
          "mean_base_ms": 0.024,
          "overhead": 0.9556
        },
        {
          "archive": 3,
          "inputs": 1479,
          "mean_vrp_ms": 0.023,
          "mean_base_ms": 0.025,
          "overhead": 0.9203
        },
        {
          "archive": 4,
          "inputs": 1318,
          "mean_vrp_ms": 0.024,
          "mean_base_ms": 0.025,
          "overhead": 0.9765
        },
        {
          "archive": 5,
          "inputs": 740,
          "mean_vrp_ms": 0.03,
          "mean_base_ms": 0.031,
          "overhead": 0.9923
        },
        {
          "archive": 6,
          "inputs": 425,
          "mean_vrp_ms": 0.042,
          "mean_base_ms": 0.042,
          "overhead": 0.9787
        },
        {
          "archive": 7,
          "inputs": 1370,
          "mean_vrp_ms": 0.028,
          "mean_base_ms": 0.026,
          "overhead": 1.0483
        },
        {
          "archive": 8,
          "inputs": 287,
          "mean_vrp_ms": 0.058,
          "mean_base_ms": 0.053,
          "overhead": 1.0963
        },
        {
          "archive": 9,
          "inputs": 224,
          "mean_vrp_ms": 0.064,
          "mean_base_ms": 0.061,
          "overhead": 1.0579
        },
        {
          "archive": 10,
          "inputs": 130,
          "mean_vrp_ms": 0.094,
          "mean_base_ms": 0.111,
          "overhead": 0.8474
        },
        {
          "archive": 11,
          "inputs": 103,
          "mean_vrp_ms": 0.145,
          "mean_base_ms": 0.122,
          "overhead": 1.191
        },
        {
          "archive": 12,
          "inputs": 120,
          "mean_vrp_ms": 0.105,
          "mean_base_ms": 0.103,
          "overhead": 1.0199
        },
        {
          "archive": 13,
          "inputs": 113,
          "mean_vrp_ms": 0.094,
          "mean_base_ms": 0.095,
          "overhead": 0.9818
        },
        {
          "archive": 14,
          "inputs": 265,
          "mean_vrp_ms": 0.063,
          "mean_base_ms": 0.049,
          "overhead": 1.2682
        },
        {
          "archive": 15,
          "inputs": 160,
          "mean_vrp_ms": 0.099,
          "mean_base_ms": 0.09,
          "overhead": 1.0943
        },
        {
          "archive": 16,
          "inputs": 75,
          "mean_vrp_ms": 0.147,
          "mean_base_ms": 0.144,
          "overhead": 1.0257
        },
        {
          "archive": 17,
          "inputs": 56,
          "mean_vrp_ms": 0.208,
          "mean_base_ms": 0.197,
          "overhead": 1.0526
        },
        {
          "archive": 18,
          "inputs": 83,
          "mean_vrp_ms": 0.15,
          "mean_base_ms": 0.153,
          "overhead": 0.9776
        },
        {
          "archive": 19,
          "inputs": 58,
          "mean_vrp_ms": 0.228,
          "mean_base_ms": 0.229,
          "overhead": 0.9986
        },
        {
          "archive": 20,
          "inputs": 67,
          "mean_vrp_ms": 0.164,
          "mean_base_ms": 0.171,
          "overhead": 0.9621
        },
        {
          "archive": 21,
          "inputs": 111,
          "mean_vrp_ms": 0.14,
          "mean_base_ms": 0.126,
          "overhead": 1.1121
        },
        {
          "archive": 22,
          "inputs": 125,
          "mean_vrp_ms": 0.12,
          "mean_base_ms": 0.098,
          "overhead": 1.2224
        },
        {
          "archive": 23,
          "inputs": 49,
          "mean_vrp_ms": 0.271,
          "mean_base_ms": 0.258,
          "overhead": 1.0473
        },
        {
          "archive": 24,
          "inputs": 127,
          "mean_vrp_ms": 0.094,
          "mean_base_ms": 0.102,
          "overhead": 0.9254
        },
        {
          "archive": 25,
          "inputs": 79,
          "mean_vrp_ms": 0.191,
          "mean_base_ms": 0.153,
          "overhead": 1.253
        },
        {
          "archive": 26,
          "inputs": 52,
          "mean_vrp_ms": 0.399,
          "mean_base_ms": 0.404,
          "overhead": 0.989
        },
        {
          "archive": 27,
          "inputs": 57,
          "mean_vrp_ms": 0.19,
          "mean_base_ms": 0.192,
          "overhead": 0.9897
        },
        {
          "archive": 28,
          "inputs": 33,
          "mean_vrp_ms": 0.407,
          "mean_base_ms": 0.374,
          "overhead": 1.0868
        },
        {
          "archive": 29,
          "inputs": 71,
          "mean_vrp_ms": 0.168,
          "mean_base_ms": 0.143,
          "overhead": 1.173
        },
        {
          "archive": 30,
          "inputs": 87,
          "mean_vrp_ms": 0.127,
          "mean_base_ms": 0.149,
          "overhead": 0.8505
        },
        {
          "archive": 31,
          "inputs": 99,
          "mean_vrp_ms": 0.122,
          "mean_base_ms": 0.104,
          "overhead": 1.1751
        },
        {
          "archive": 32,
          "inputs": 17,
          "mean_vrp_ms": 0.65,
          "mean_base_ms": 0.645,
          "overhead": 1.0072
        },
        {
          "archive": 33,
          "inputs": 26,
          "mean_vrp_ms": 0.447,
          "mean_base_ms": 0.402,
          "overhead": 1.1123
        },
        {
          "archive": 34,
          "inputs": 22,
          "mean_vrp_ms": 0.537,
          "mean_base_ms": 0.534,
          "overhead": 1.0053
        },
        {
          "archive": 35,
          "inputs": 22,
          "mean_vrp_ms": 0.541,
          "mean_base_ms": 0.526,
          "overhead": 1.0284
        },
        {
          "archive": 36,
          "inputs": 30,
          "mean_vrp_ms": 0.42,
          "mean_base_ms": 0.378,
          "overhead": 1.1125
        },
        {
          "archive": 37,
          "inputs": 46,
          "mean_vrp_ms": 0.242,
          "mean_base_ms": 0.24,
          "overhead": 1.0068
        },
        {
          "archive": 38,
          "inputs": 33,
          "mean_vrp_ms": 0.377,
          "mean_base_ms": 0.353,
          "overhead": 1.068
        },
        {
          "archive": 39,
          "inputs": 67,
          "mean_vrp_ms": 0.197,
          "mean_base_ms": 0.205,
          "overhead": 0.9632
        },
        {
          "archive": 40,
          "inputs": 28,
          "mean_vrp_ms": 0.388,
          "mean_base_ms": 0.384,
          "overhead": 1.0113
        },
        {
          "archive": 41,
          "inputs": 32,
          "mean_vrp_ms": 0.418,
          "mean_base_ms": 0.45,
          "overhead": 0.9286
        },
        {
          "archive": 42,
          "inputs": 58,
          "mean_vrp_ms": 0.194,
          "mean_base_ms": 0.224,
          "overhead": 0.8661
        },
        {
          "archive": 43,
          "inputs": 15,
          "mean_vrp_ms": 0.753,
          "mean_base_ms": 0.728,
          "overhead": 1.0338
        },
        {
          "archive": 44,
          "inputs": 38,
          "mean_vrp_ms": 0.318,
          "mean_base_ms": 0.346,
          "overhead": 0.9193
        },
        {
          "archive": 45,
          "inputs": 32,
          "mean_vrp_ms": 0.336,
          "mean_base_ms": 0.362,
          "overhead": 0.9285
        },
        {
          "archive": 46,
          "inputs": 12,
          "mean_vrp_ms": 1.012,
          "mean_base_ms": 0.902,
          "overhead": 1.1215
        },
        {
          "archive": 47,
          "inputs": 11,
          "mean_vrp_ms": 1.155,
          "mean_base_ms": 0.849,
          "overhead": 1.3598
        },
        {
          "archive": 48,
          "inputs": 14,
          "mean_vrp_ms": 0.91,
          "mean_base_ms": 0.779,
          "overhead": 1.1681
        },
        {
          "archive": 49,
          "inputs": 12,
          "mean_vrp_ms": 0.886,
          "mean_base_ms": 0.841,
          "overhead": 1.0537
        },
        {
          "archive": 50,
          "inputs": 38,
          "mean_vrp_ms": 0.28,
          "mean_base_ms": 0.316,
          "overhead": 0.8873
        },
        {
          "archive": 51,
          "inputs": 7,
          "mean_vrp_ms": 1.434,
          "mean_base_ms": 1.559,
          "overhead": 0.9194
        },
        {
          "archive": 52,
          "inputs": 36,
          "mean_vrp_ms": 0.299,
          "mean_base_ms": 0.314,
          "overhead": 0.9498
        },
        {
          "archive": 53,
          "inputs": 12,
          "mean_vrp_ms": 1.068,
          "mean_base_ms": 0.98,
          "overhead": 1.0902
        },
        {
          "archive": 54,
          "inputs": 12,
          "mean_vrp_ms": 1.129,
          "mean_base_ms": 1.088,
          "overhead": 1.0377
        },
        {
          "archive": 55,
          "inputs": 88,
          "mean_vrp_ms": 0.162,
          "mean_base_ms": 0.16,
          "overhead": 1.0102
        },
        {
          "archive": 56,
          "inputs": 25,
          "mean_vrp_ms": 0.549,
          "mean_base_ms": 0.502,
          "overhead": 1.0957
        },
        {
          "archive": 57,
          "inputs": 24,
          "mean_vrp_ms": 0.678,
          "mean_base_ms": 0.539,
          "overhead": 1.2578
        },
        {
          "archive": 58,
          "inputs": 9,
          "mean_vrp_ms": 1.447,
          "mean_base_ms": 1.368,
          "overhead": 1.0575
        },
        {
          "archive": 59,
          "inputs": 42,
          "mean_vrp_ms": 0.342,
          "mean_base_ms": 0.321,
          "overhead": 1.0651
        },
        {
          "archive": 60,
          "inputs": 20,
          "mean_vrp_ms": 0.616,
          "mean_base_ms": 0.59,
          "overhead": 1.0443
        },
        {
          "archive": 61,
          "inputs": 8,
          "mean_vrp_ms": 1.569,
          "mean_base_ms": 1.5,
          "overhead": 1.046
        },
        {
          "archive": 62,
          "inputs": 14,
          "mean_vrp_ms": 0.862,
          "mean_base_ms": 0.852,
          "overhead": 1.0115
        },
        {
          "archive": 63,
          "inputs": 20,
          "mean_vrp_ms": 0.813,
          "mean_base_ms": 0.662,
          "overhead": 1.2283
        },
        {
          "archive": 64,
          "inputs": 13,
          "mean_vrp_ms": 1.38,
          "mean_base_ms": 1.155,
          "overhead": 1.1954
        },
        {
          "archive": 65,
          "inputs": 10,
          "mean_vrp_ms": 1.338,
          "mean_base_ms": 1.295,
          "overhead": 1.0338
        },
        {
          "archive": 66,
          "inputs": 12,
          "mean_vrp_ms": 1.041,
          "mean_base_ms": 1.007,
          "overhead": 1.0338
        },
        {
          "archive": 67,
          "inputs": 16,
          "mean_vrp_ms": 0.781,
          "mean_base_ms": 0.775,
          "overhead": 1.0085
        },
        {
          "archive": 68,
          "inputs": 12,
          "mean_vrp_ms": 1.011,
          "mean_base_ms": 1.099,
          "overhead": 0.9204
        },
        {
          "archive": 69,
          "inputs": 37,
          "mean_vrp_ms": 0.394,
          "mean_base_ms": 0.445,
          "overhead": 0.8856
        },
        {
          "archive": 70,
          "inputs": 8,
          "mean_vrp_ms": 1.95,
          "mean_base_ms": 1.525,
          "overhead": 1.2788
        },
        {
          "archive": 71,
          "inputs": 42,
          "mean_vrp_ms": 0.281,
          "mean_base_ms": 0.297,
          "overhead": 0.9449
        },
        {
          "archive": 72,
          "inputs": 13,
          "mean_vrp_ms": 0.957,
          "mean_base_ms": 1.006,
          "overhead": 0.9517
        },
        {
          "archive": 73,
          "inputs": 5,
          "mean_vrp_ms": 2.461,
          "mean_base_ms": 2.839,
          "overhead": 0.8667
        },
        {
          "archive": 74,
          "inputs": 8,
          "mean_vrp_ms": 1.903,
          "mean_base_ms": 1.582,
          "overhead": 1.2028
        },
        {
          "archive": 75,
          "inputs": 7,
          "mean_vrp_ms": 1.769,
          "mean_base_ms": 1.796,
          "overhead": 0.9849
        },
        {
          "archive": 76,
          "inputs": 8,
          "mean_vrp_ms": 1.595,
          "mean_base_ms": 1.526,
          "overhead": 1.0453
        },
        {
          "archive": 77,
          "inputs": 22,
          "mean_vrp_ms": 0.57,
          "mean_base_ms": 0.561,
          "overhead": 1.0172
        },
        {
          "archive": 78,
          "inputs": 16,
          "mean_vrp_ms": 0.863,
          "mean_base_ms": 0.753,
          "overhead": 1.1457
        },
        {
          "archive": 79,
          "inputs": 39,
          "mean_vrp_ms": 0.333,
          "mean_base_ms": 0.311,
          "overhead": 1.0696
        },
        {
          "archive": 80,
          "inputs": 68,
          "mean_vrp_ms": 0.185,
          "mean_base_ms": 0.191,
          "overhead": 0.9702
        },
        {
          "archive": 81,
          "inputs": 1,
          "mean_vrp_ms": 12.24,
          "mean_base_ms": 11.061,
          "overhead": 1.1065
        },
        {
          "archive": 82,
          "inputs": 5,
          "mean_vrp_ms": 2.823,
          "mean_base_ms": 2.47,
          "overhead": 1.143
        },
        {
          "archive": 83,
          "inputs": 13,
          "mean_vrp_ms": 0.887,
          "mean_base_ms": 0.823,
          "overhead": 1.0773
        },
        {
          "archive": 84,
          "inputs": 9,
          "mean_vrp_ms": 1.484,
          "mean_base_ms": 1.27,
          "overhead": 1.1685
        },
        {
          "archive": 85,
          "inputs": 10,
          "mean_vrp_ms": 1.178,
          "mean_base_ms": 1.286,
          "overhead": 0.9163
        },
        {
          "archive": 86,
          "inputs": 12,
          "mean_vrp_ms": 0.968,
          "mean_base_ms": 0.959,
          "overhead": 1.0094
        },
        {
          "archive": 87,
          "inputs": 6,
          "mean_vrp_ms": 2.665,
          "mean_base_ms": 2.016,
          "overhead": 1.322
        },
        {
          "archive": 88,
          "inputs": 9,
          "mean_vrp_ms": 1.433,
          "mean_base_ms": 1.609,
          "overhead": 0.8904
        },
        {
          "archive": 89,
          "inputs": 9,
          "mean_vrp_ms": 1.277,
          "mean_base_ms": 1.496,
          "overhead": 0.8531
        },
        {
          "archive": 90,
          "inputs": 10,
          "mean_vrp_ms": 1.15,
          "mean_base_ms": 1.138,
          "overhead": 1.0108
        },
        {
          "archive": 91,
          "inputs": 4,
          "mean_vrp_ms": 2.96,
          "mean_base_ms": 2.757,
          "overhead": 1.0736
        },
        {
          "archive": 92,
          "inputs": 10,
          "mean_vrp_ms": 1.156,
          "mean_base_ms": 1.191,
          "overhead": 0.9711
        },
        {
          "archive": 93,
          "inputs": 6,
          "mean_vrp_ms": 2.231,
          "mean_base_ms": 2.051,
          "overhead": 1.0876
        },
        {
          "archive": 94,
          "inputs": 4,
          "mean_vrp_ms": 3.208,
          "mean_base_ms": 3.211,
          "overhead": 0.9991
        },
        {
          "archive": 95,
          "inputs": 7,
          "mean_vrp_ms": 1.815,
          "mean_base_ms": 1.688,
          "overhead": 1.0752
        },
        {
          "archive": 96,
          "inputs": 0,
          "mean_vrp_ms": 0.0,
          "mean_base_ms": 0.0,
          "overhead": 0.0
        }
      ],
      "summary": {
        "total_inputs": 16947,
        "vrp_mean_ms": 0.084,
        "vrp_median_ms": 0.023,
        "vrp_p95_ms": 0.342,
        "vrp_p99_ms": 1.155,
        "base_mean_ms": 0.081,
        "base_median_ms": 0.025,
        "base_p95_ms": 0.346,
        "base_p99_ms": 1.138,
        "mean_overhead": 1.0311
      }
    }
  }
}