{
  "experiment": "vrp-unfold-eval-big04",
  "benchmark": "freetype2_ftfuzzer",
  "fuzzer": "aflplusplus",
  "instance": "48504",
  "archives_processed": 97,
  "total_inputs": 18134,
  "elapsed_seconds": 17.9,
  "analyzer_results": {
    "vrp_hit_entanglement": {
      "per_archive": [
        {
          "archive": 0,
          "new_inputs": 2,
          "cumulative_inputs": 2,
          "new_vrp_edges": 0,
          "new_base_edges": 0,
          "cumulative_vrp_edges": 0,
          "cumulative_base_edges": 0,
          "classifications": {
            "vrp_only": 0,
            "both": 0,
            "base_only": 0,
            "neither": 2
          }
        },
        {
          "archive": 1,
          "new_inputs": 5619,
          "cumulative_inputs": 5621,
          "new_vrp_edges": 0,
          "new_base_edges": 0,
          "cumulative_vrp_edges": 0,
          "cumulative_base_edges": 0,
          "classifications": {
            "vrp_only": 0,
            "both": 0,
            "base_only": 0,
            "neither": 5619
          }
        },
        {
          "archive": 2,
          "new_inputs": 1855,
          "cumulative_inputs": 7476,
          "new_vrp_edges": 0,
          "new_base_edges": 0,
          "cumulative_vrp_edges": 0,
          "cumulative_base_edges": 0,
          "classifications": {
            "vrp_only": 0,
            "both": 0,
            "base_only": 0,
            "neither": 1855
          }
        },
        {
          "archive": 3,
          "new_inputs": 1555,
          "cumulative_inputs": 9031,
          "new_vrp_edges": 0,
          "new_base_edges": 0,
          "cumulative_vrp_edges": 0,
          "cumulative_base_edges": 0,
          "classifications": {
            "vrp_only": 0,
            "both": 0,
            "base_only": 0,
            "neither": 1555
          }
        },
        {
          "archive": 4,
          "new_inputs": 1207,
          "cumulative_inputs": 10238,
          "new_vrp_edges": 0,
          "new_base_edges": 0,
          "cumulative_vrp_edges": 0,
          "cumulative_base_edges": 0,
          "classifications": {
            "vrp_only": 0,
            "both": 0,
            "base_only": 0,
            "neither": 1207
          }
        },
        {
          "archive": 5,
          "new_inputs": 1159,
          "cumulative_inputs": 11397,
          "new_vrp_edges": 0,
          "new_base_edges": 0,
          "cumulative_vrp_edges": 0,
          "cumulative_base_edges": 0,
          "classifications": {
            "vrp_only": 0,
            "both": 0,
            "base_only": 0,
            "neither": 1159
          }
        },
        {
          "archive": 6,
          "new_inputs": 510,
          "cumulative_inputs": 11907,
          "new_vrp_edges": 0,
          "new_base_edges": 0,
          "cumulative_vrp_edges": 0,
          "cumulative_base_edges": 0,
          "classifications": {
            "vrp_only": 0,
            "both": 0,
            "base_only": 0,
            "neither": 510
          }
        },
        {
          "archive": 7,
          "new_inputs": 607,
          "cumulative_inputs": 12514,
          "new_vrp_edges": 0,
          "new_base_edges": 0,
          "cumulative_vrp_edges": 0,
          "cumulative_base_edges": 0,
          "classifications": {
            "vrp_only": 0,
            "both": 0,
            "base_only": 0,
            "neither": 607
          }
        },
        {
          "archive": 8,
          "new_inputs": 295,
          "cumulative_inputs": 12809,
          "new_vrp_edges": 0,
          "new_base_edges": 0,
          "cumulative_vrp_edges": 0,
          "cumulative_base_edges": 0,
          "classifications": {
            "vrp_only": 0,
            "both": 0,
            "base_only": 0,
            "neither": 295
          }
        },
        {
          "archive": 9,
          "new_inputs": 769,
          "cumulative_inputs": 13578,
          "new_vrp_edges": 0,
          "new_base_edges": 0,
          "cumulative_vrp_edges": 0,
          "cumulative_base_edges": 0,
          "classifications": {
            "vrp_only": 0,
            "both": 0,
            "base_only": 0,
            "neither": 769
          }
        },
        {
          "archive": 10,
          "new_inputs": 938,
          "cumulative_inputs": 14516,
          "new_vrp_edges": 0,
          "new_base_edges": 0,
          "cumulative_vrp_edges": 0,
          "cumulative_base_edges": 0,
          "classifications": {
            "vrp_only": 0,
            "both": 0,
            "base_only": 0,
            "neither": 938
          }
        },
        {
          "archive": 11,
          "new_inputs": 213,
          "cumulative_inputs": 14729,
          "new_vrp_edges": 0,
          "new_base_edges": 0,
          "cumulative_vrp_edges": 0,
          "cumulative_base_edges": 0,
          "classifications": {
            "vrp_only": 0,
            "both": 0,
            "base_only": 0,
            "neither": 213
          }
        },
        {
          "archive": 12,
          "new_inputs": 182,
          "cumulative_inputs": 14911,
          "new_vrp_edges": 0,
          "new_base_edges": 0,
          "cumulative_vrp_edges": 0,
          "cumulative_base_edges": 0,
          "classifications": {
            "vrp_only": 0,
            "both": 0,
            "base_only": 0,
            "neither": 182
          }
        },
        {
          "archive": 13,
          "new_inputs": 87,
          "cumulative_inputs": 14998,
          "new_vrp_edges": 0,
          "new_base_edges": 0,
          "cumulative_vrp_edges": 0,
          "cumulative_base_edges": 0,
          "classifications": {
            "vrp_only": 0,
            "both": 0,
            "base_only": 0,
            "neither": 87
          }
        },
        {
          "archive": 14,
          "new_inputs": 72,
          "cumulative_inputs": 15070,
          "new_vrp_edges": 0,
          "new_base_edges": 0,
          "cumulative_vrp_edges": 0,
          "cumulative_base_edges": 0,
          "classifications": {
            "vrp_only": 0,
            "both": 0,
            "base_only": 0,
            "neither": 72
          }
        },
        {
          "archive": 15,
          "new_inputs": 80,
          "cumulative_inputs": 15150,
          "new_vrp_edges": 0,
          "new_base_edges": 0,
          "cumulative_vrp_edges": 0,
          "cumulative_base_edges": 0,
          "classifications": {
            "vrp_only": 0,
            "both": 0,
            "base_only": 0,
            "neither": 80
          }
        },
        {
          "archive": 16,
          "new_inputs": 189,
          "cumulative_inputs": 15339,
          "new_vrp_edges": 0,
          "new_base_edges": 0,
          "cumulative_vrp_edges": 0,
          "cumulative_base_edges": 0,
          "classifications": {
            "vrp_only": 0,
            "both": 0,
            "base_only": 0,
            "neither": 189
          }
        },
        {
          "archive": 17,
          "new_inputs": 172,
          "cumulative_inputs": 15511,
          "new_vrp_edges": 0,
          "new_base_edges": 0,
          "cumulative_vrp_edges": 0,
          "cumulative_base_edges": 0,
          "classifications": {
            "vrp_only": 0,
            "both": 0,
            "base_only": 0,
            "neither": 172
          }
        },
        {
          "archive": 18,
          "new_inputs": 303,
          "cumulative_inputs": 15814,
          "new_vrp_edges": 0,
          "new_base_edges": 0,
          "cumulative_vrp_edges": 0,
          "cumulative_base_edges": 0,
          "classifications": {
            "vrp_only": 0,
            "both": 0,
            "base_only": 0,
            "neither": 303
          }
        },
        {
          "archive": 19,
          "new_inputs": 140,
          "cumulative_inputs": 15954,
          "new_vrp_edges": 0,
          "new_base_edges": 0,
          "cumulative_vrp_edges": 0,
          "cumulative_base_edges": 0,
          "classifications": {
            "vrp_only": 0,
            "both": 0,
            "base_only": 0,
            "neither": 140
          }
        },
        {
          "archive": 20,
          "new_inputs": 157,
          "cumulative_inputs": 16111,
          "new_vrp_edges": 0,
          "new_base_edges": 0,
          "cumulative_vrp_edges": 0,
          "cumulative_base_edges": 0,
          "classifications": {
            "vrp_only": 0,
            "both": 0,
            "base_only": 0,
            "neither": 157
          }
        },
        {
          "archive": 21,
          "new_inputs": 75,
          "cumulative_inputs": 16186,
          "new_vrp_edges": 0,
          "new_base_edges": 0,
          "cumulative_vrp_edges": 0,
          "cumulative_base_edges": 0,
          "classifications": {
            "vrp_only": 0,
            "both": 0,
            "base_only": 0,
            "neither": 75
          }
        },
        {
          "archive": 22,
          "new_inputs": 65,
          "cumulative_inputs": 16251,
          "new_vrp_edges": 0,
          "new_base_edges": 0,
          "cumulative_vrp_edges": 0,
          "cumulative_base_edges": 0,
          "classifications": {
            "vrp_only": 0,
            "both": 0,
            "base_only": 0,
            "neither": 65
          }
        },
        {
          "archive": 23,
          "new_inputs": 40,
          "cumulative_inputs": 16291,
          "new_vrp_edges": 0,
          "new_base_edges": 0,
          "cumulative_vrp_edges": 0,
          "cumulative_base_edges": 0,
          "classifications": {
            "vrp_only": 0,
            "both": 0,
            "base_only": 0,
            "neither": 40
          }
        },
        {
          "archive": 24,
          "new_inputs": 73,
          "cumulative_inputs": 16364,
          "new_vrp_edges": 0,
          "new_base_edges": 0,
          "cumulative_vrp_edges": 0,
          "cumulative_base_edges": 0,
          "classifications": {
            "vrp_only": 0,
            "both": 0,
            "base_only": 0,
            "neither": 73
          }
        },
        {
          "archive": 25,
          "new_inputs": 34,
          "cumulative_inputs": 16398,
          "new_vrp_edges": 0,
          "new_base_edges": 0,
          "cumulative_vrp_edges": 0,
          "cumulative_base_edges": 0,
          "classifications": {
            "vrp_only": 0,
            "both": 0,
            "base_only": 0,
            "neither": 34
          }
        },
        {
          "archive": 26,
          "new_inputs": 42,
          "cumulative_inputs": 16440,
          "new_vrp_edges": 0,
          "new_base_edges": 0,
          "cumulative_vrp_edges": 0,
          "cumulative_base_edges": 0,
          "classifications": {
            "vrp_only": 0,
            "both": 0,
            "base_only": 0,
            "neither": 42
          }
        },
        {
          "archive": 27,
          "new_inputs": 161,
          "cumulative_inputs": 16601,
          "new_vrp_edges": 0,
          "new_base_edges": 0,
          "cumulative_vrp_edges": 0,
          "cumulative_base_edges": 0,
          "classifications": {
            "vrp_only": 0,
            "both": 0,
            "base_only": 0,
            "neither": 161
          }
        },
        {
          "archive": 28,
          "new_inputs": 33,
          "cumulative_inputs": 16634,
          "new_vrp_edges": 0,
          "new_base_edges": 0,
          "cumulative_vrp_edges": 0,
          "cumulative_base_edges": 0,
          "classifications": {
            "vrp_only": 0,
            "both": 0,
            "base_only": 0,
            "neither": 33
          }
        },
        {
          "archive": 29,
          "new_inputs": 39,
          "cumulative_inputs": 16673,
          "new_vrp_edges": 0,
          "new_base_edges": 0,
          "cumulative_vrp_edges": 0,
          "cumulative_base_edges": 0,
          "classifications": {
            "vrp_only": 0,
            "both": 0,
            "base_only": 0,
            "neither": 39
          }
        },
        {
          "archive": 30,
          "new_inputs": 22,
          "cumulative_inputs": 16695,
          "new_vrp_edges": 0,
          "new_base_edges": 0,
          "cumulative_vrp_edges": 0,
          "cumulative_base_edges": 0,
          "classifications": {
            "vrp_only": 0,
            "both": 0,
            "base_only": 0,
            "neither": 22
          }
        },
        {
          "archive": 31,
          "new_inputs": 33,
          "cumulative_inputs": 16728,
          "new_vrp_edges": 0,
          "new_base_edges": 0,
          "cumulative_vrp_edges": 0,
          "cumulative_base_edges": 0,
          "classifications": {
            "vrp_only": 0,
            "both": 0,
            "base_only": 0,
            "neither": 33
          }
        },
        {
          "archive": 32,
          "new_inputs": 27,
          "cumulative_inputs": 16755,
          "new_vrp_edges": 0,
          "new_base_edges": 0,
          "cumulative_vrp_edges": 0,
          "cumulative_base_edges": 0,
          "classifications": {
            "vrp_only": 0,
            "both": 0,
            "base_only": 0,
            "neither": 27
          }
        },
        {
          "archive": 33,
          "new_inputs": 30,
          "cumulative_inputs": 16785,
          "new_vrp_edges": 0,
          "new_base_edges": 0,
          "cumulative_vrp_edges": 0,
          "cumulative_base_edges": 0,
          "classifications": {
            "vrp_only": 0,
            "both": 0,
            "base_only": 0,
            "neither": 30
          }
        },
        {
          "archive": 34,
          "new_inputs": 24,
          "cumulative_inputs": 16809,
          "new_vrp_edges": 0,
          "new_base_edges": 0,
          "cumulative_vrp_edges": 0,
          "cumulative_base_edges": 0,
          "classifications": {
            "vrp_only": 0,
            "both": 0,
            "base_only": 0,
            "neither": 24
          }
        },
        {
          "archive": 35,
          "new_inputs": 41,
          "cumulative_inputs": 16850,
          "new_vrp_edges": 0,
          "new_base_edges": 0,
          "cumulative_vrp_edges": 0,
          "cumulative_base_edges": 0,
          "classifications": {
            "vrp_only": 0,
            "both": 0,
            "base_only": 0,
            "neither": 41
          }
        },
        {
          "archive": 36,
          "new_inputs": 46,
          "cumulative_inputs": 16896,
          "new_vrp_edges": 0,
          "new_base_edges": 0,
          "cumulative_vrp_edges": 0,
          "cumulative_base_edges": 0,
          "classifications": {
            "vrp_only": 0,
            "both": 0,
            "base_only": 0,
            "neither": 46
          }
        },
        {
          "archive": 37,
          "new_inputs": 81,
          "cumulative_inputs": 16977,
          "new_vrp_edges": 0,
          "new_base_edges": 0,
          "cumulative_vrp_edges": 0,
          "cumulative_base_edges": 0,
          "classifications": {
            "vrp_only": 0,
            "both": 0,
            "base_only": 0,
            "neither": 81
          }
        },
        {
          "archive": 38,
          "new_inputs": 56,
          "cumulative_inputs": 17033,
          "new_vrp_edges": 0,
          "new_base_edges": 0,
          "cumulative_vrp_edges": 0,
          "cumulative_base_edges": 0,
          "classifications": {
            "vrp_only": 0,
            "both": 0,
            "base_only": 0,
            "neither": 56
          }
        },
        {
          "archive": 39,
          "new_inputs": 25,
          "cumulative_inputs": 17058,
          "new_vrp_edges": 0,
          "new_base_edges": 0,
          "cumulative_vrp_edges": 0,
          "cumulative_base_edges": 0,
          "classifications": {
            "vrp_only": 0,
            "both": 0,
            "base_only": 0,
            "neither": 25
          }
        },
        {
          "archive": 40,
          "new_inputs": 67,
          "cumulative_inputs": 17125,
          "new_vrp_edges": 0,
          "new_base_edges": 0,
          "cumulative_vrp_edges": 0,
          "cumulative_base_edges": 0,
          "classifications": {
            "vrp_only": 0,
            "both": 0,
            "base_only": 0,
            "neither": 67
          }
        },
        {
          "archive": 41,
          "new_inputs": 9,
          "cumulative_inputs": 17134,
          "new_vrp_edges": 0,
          "new_base_edges": 0,
          "cumulative_vrp_edges": 0,
          "cumulative_base_edges": 0,
          "classifications": {
            "vrp_only": 0,
            "both": 0,
            "base_only": 0,
            "neither": 9
          }
        },
        {
          "archive": 42,
          "new_inputs": 20,
          "cumulative_inputs": 17154,
          "new_vrp_edges": 0,
          "new_base_edges": 0,
          "cumulative_vrp_edges": 0,
          "cumulative_base_edges": 0,
          "classifications": {
            "vrp_only": 0,
            "both": 0,
            "base_only": 0,
            "neither": 20
          }
        },
        {
          "archive": 43,
          "new_inputs": 18,
          "cumulative_inputs": 17172,
          "new_vrp_edges": 0,
          "new_base_edges": 0,
          "cumulative_vrp_edges": 0,
          "cumulative_base_edges": 0,
          "classifications": {
            "vrp_only": 0,
            "both": 0,
            "base_only": 0,
            "neither": 18
          }
        },
        {
          "archive": 44,
          "new_inputs": 28,
          "cumulative_inputs": 17200,
          "new_vrp_edges": 0,
          "new_base_edges": 0,
          "cumulative_vrp_edges": 0,
          "cumulative_base_edges": 0,
          "classifications": {
            "vrp_only": 0,
            "both": 0,
            "base_only": 0,
            "neither": 28
          }
        },
        {
          "archive": 45,
          "new_inputs": 54,
          "cumulative_inputs": 17254,
          "new_vrp_edges": 0,
          "new_base_edges": 0,
          "cumulative_vrp_edges": 0,
          "cumulative_base_edges": 0,
          "classifications": {
            "vrp_only": 0,
            "both": 0,
            "base_only": 0,
            "neither": 54
          }
        },
        {
          "archive": 46,
          "new_inputs": 37,
          "cumulative_inputs": 17291,
          "new_vrp_edges": 0,
          "new_base_edges": 0,
          "cumulative_vrp_edges": 0,
          "cumulative_base_edges": 0,
          "classifications": {
            "vrp_only": 0,
            "both": 0,
            "base_only": 0,
            "neither": 37
          }
        },
        {
          "archive": 47,
          "new_inputs": 15,
          "cumulative_inputs": 17306,
          "new_vrp_edges": 0,
          "new_base_edges": 0,
          "cumulative_vrp_edges": 0,
          "cumulative_base_edges": 0,
          "classifications": {
            "vrp_only": 0,
            "both": 0,
            "base_only": 0,
            "neither": 15
          }
        },
        {
          "archive": 48,
          "new_inputs": 18,
          "cumulative_inputs": 17324,
          "new_vrp_edges": 0,
          "new_base_edges": 0,
          "cumulative_vrp_edges": 0,
          "cumulative_base_edges": 0,
          "classifications": {
            "vrp_only": 0,
            "both": 0,
            "base_only": 0,
            "neither": 18
          }
        },
        {
          "archive": 49,
          "new_inputs": 30,
          "cumulative_inputs": 17354,
          "new_vrp_edges": 0,
          "new_base_edges": 0,
          "cumulative_vrp_edges": 0,
          "cumulative_base_edges": 0,
          "classifications": {
            "vrp_only": 0,
            "both": 0,
            "base_only": 0,
            "neither": 30
          }
        },
        {
          "archive": 50,
          "new_inputs": 9,
          "cumulative_inputs": 17363,
          "new_vrp_edges": 0,
          "new_base_edges": 0,
          "cumulative_vrp_edges": 0,
          "cumulative_base_edges": 0,
          "classifications": {
            "vrp_only": 0,
            "both": 0,
            "base_only": 0,
            "neither": 9
          }
        },
        {
          "archive": 51,
          "new_inputs": 85,
          "cumulative_inputs": 17448,
          "new_vrp_edges": 0,
          "new_base_edges": 0,
          "cumulative_vrp_edges": 0,
          "cumulative_base_edges": 0,
          "classifications": {
            "vrp_only": 0,
            "both": 0,
            "base_only": 0,
            "neither": 85
          }
        },
        {
          "archive": 52,
          "new_inputs": 12,
          "cumulative_inputs": 17460,
          "new_vrp_edges": 0,
          "new_base_edges": 0,
          "cumulative_vrp_edges": 0,
          "cumulative_base_edges": 0,
          "classifications": {
            "vrp_only": 0,
            "both": 0,
            "base_only": 0,
            "neither": 12
          }
        },
        {
          "archive": 53,
          "new_inputs": 4,
          "cumulative_inputs": 17464,
          "new_vrp_edges": 0,
          "new_base_edges": 0,
          "cumulative_vrp_edges": 0,
          "cumulative_base_edges": 0,
          "classifications": {
            "vrp_only": 0,
            "both": 0,
            "base_only": 0,
            "neither": 4
          }
        },
        {
          "archive": 54,
          "new_inputs": 5,
          "cumulative_inputs": 17469,
          "new_vrp_edges": 0,
          "new_base_edges": 0,
          "cumulative_vrp_edges": 0,
          "cumulative_base_edges": 0,
          "classifications": {
            "vrp_only": 0,
            "both": 0,
            "base_only": 0,
            "neither": 5
          }
        },
        {
          "archive": 55,
          "new_inputs": 11,
          "cumulative_inputs": 17480,
          "new_vrp_edges": 0,
          "new_base_edges": 0,
          "cumulative_vrp_edges": 0,
          "cumulative_base_edges": 0,
          "classifications": {
            "vrp_only": 0,
            "both": 0,
            "base_only": 0,
            "neither": 11
          }
        },
        {
          "archive": 56,
          "new_inputs": 6,
          "cumulative_inputs": 17486,
          "new_vrp_edges": 0,
          "new_base_edges": 0,
          "cumulative_vrp_edges": 0,
          "cumulative_base_edges": 0,
          "classifications": {
            "vrp_only": 0,
            "both": 0,
            "base_only": 0,
            "neither": 6
          }
        },
        {
          "archive": 57,
          "new_inputs": 10,
          "cumulative_inputs": 17496,
          "new_vrp_edges": 0,
          "new_base_edges": 0,
          "cumulative_vrp_edges": 0,
          "cumulative_base_edges": 0,
          "classifications": {
            "vrp_only": 0,
            "both": 0,
            "base_only": 0,
            "neither": 10
          }
        },
        {
          "archive": 58,
          "new_inputs": 13,
          "cumulative_inputs": 17509,
          "new_vrp_edges": 0,
          "new_base_edges": 0,
          "cumulative_vrp_edges": 0,
          "cumulative_base_edges": 0,
          "classifications": {
            "vrp_only": 0,
            "both": 0,
            "base_only": 0,
            "neither": 13
          }
        },
        {
          "archive": 59,
          "new_inputs": 16,
          "cumulative_inputs": 17525,
          "new_vrp_edges": 0,
          "new_base_edges": 0,
          "cumulative_vrp_edges": 0,
          "cumulative_base_edges": 0,
          "classifications": {
            "vrp_only": 0,
            "both": 0,
            "base_only": 0,
            "neither": 16
          }
        },
        {
          "archive": 60,
          "new_inputs": 23,
          "cumulative_inputs": 17548,
          "new_vrp_edges": 0,
          "new_base_edges": 0,
          "cumulative_vrp_edges": 0,
          "cumulative_base_edges": 0,
          "classifications": {
            "vrp_only": 0,
            "both": 0,
            "base_only": 0,
            "neither": 23
          }
        },
        {
          "archive": 61,
          "new_inputs": 17,
          "cumulative_inputs": 17565,
          "new_vrp_edges": 0,
          "new_base_edges": 0,
          "cumulative_vrp_edges": 0,
          "cumulative_base_edges": 0,
          "classifications": {
            "vrp_only": 0,
            "both": 0,
            "base_only": 0,
            "neither": 17
          }
        },
        {
          "archive": 62,
          "new_inputs": 13,
          "cumulative_inputs": 17578,
          "new_vrp_edges": 0,
          "new_base_edges": 0,
          "cumulative_vrp_edges": 0,
          "cumulative_base_edges": 0,
          "classifications": {
            "vrp_only": 0,
            "both": 0,
            "base_only": 0,
            "neither": 13
          }
        },
        {
          "archive": 63,
          "new_inputs": 18,
          "cumulative_inputs": 17596,
          "new_vrp_edges": 0,
          "new_base_edges": 0,
          "cumulative_vrp_edges": 0,
          "cumulative_base_edges": 0,
          "classifications": {
            "vrp_only": 0,
            "both": 0,
            "base_only": 0,
            "neither": 18
          }
        },
        {
          "archive": 64,
          "new_inputs": 21,
          "cumulative_inputs": 17617,
          "new_vrp_edges": 0,
          "new_base_edges": 0,
          "cumulative_vrp_edges": 0,
          "cumulative_base_edges": 0,
          "classifications": {
            "vrp_only": 0,
            "both": 0,
            "base_only": 0,
            "neither": 21
          }
        },
        {
          "archive": 65,
          "new_inputs": 7,
          "cumulative_inputs": 17624,
          "new_vrp_edges": 0,
          "new_base_edges": 0,
          "cumulative_vrp_edges": 0,
          "cumulative_base_edges": 0,
          "classifications": {
            "vrp_only": 0,
            "both": 0,
            "base_only": 0,
            "neither": 7
          }
        },
        {
          "archive": 66,
          "new_inputs": 9,
          "cumulative_inputs": 17633,
          "new_vrp_edges": 0,
          "new_base_edges": 0,
          "cumulative_vrp_edges": 0,
          "cumulative_base_edges": 0,
          "classifications": {
            "vrp_only": 0,
            "both": 0,
            "base_only": 0,
            "neither": 9
          }
        },
        {
          "archive": 67,
          "new_inputs": 3,
          "cumulative_inputs": 17636,
          "new_vrp_edges": 0,
          "new_base_edges": 0,
          "cumulative_vrp_edges": 0,
          "cumulative_base_edges": 0,
          "classifications": {
            "vrp_only": 0,
            "both": 0,
            "base_only": 0,
            "neither": 3
          }
        },
        {
          "archive": 68,
          "new_inputs": 11,
          "cumulative_inputs": 17647,
          "new_vrp_edges": 0,
          "new_base_edges": 0,
          "cumulative_vrp_edges": 0,
          "cumulative_base_edges": 0,
          "classifications": {
            "vrp_only": 0,
            "both": 0,
            "base_only": 0,
            "neither": 11
          }
        },
        {
          "archive": 69,
          "new_inputs": 3,
          "cumulative_inputs": 17650,
          "new_vrp_edges": 0,
          "new_base_edges": 0,
          "cumulative_vrp_edges": 0,
          "cumulative_base_edges": 0,
          "classifications": {
            "vrp_only": 0,
            "both": 0,
            "base_only": 0,
            "neither": 3
          }
        },
        {
          "archive": 70,
          "new_inputs": 104,
          "cumulative_inputs": 17754,
          "new_vrp_edges": 0,
          "new_base_edges": 0,
          "cumulative_vrp_edges": 0,
          "cumulative_base_edges": 0,
          "classifications": {
            "vrp_only": 0,
            "both": 0,
            "base_only": 0,
            "neither": 104
          }
        },
        {
          "archive": 71,
          "new_inputs": 7,
          "cumulative_inputs": 17761,
          "new_vrp_edges": 0,
          "new_base_edges": 0,
          "cumulative_vrp_edges": 0,
          "cumulative_base_edges": 0,
          "classifications": {
            "vrp_only": 0,
            "both": 0,
            "base_only": 0,
            "neither": 7
          }
        },
        {
          "archive": 72,
          "new_inputs": 9,
          "cumulative_inputs": 17770,
          "new_vrp_edges": 0,
          "new_base_edges": 0,
          "cumulative_vrp_edges": 0,
          "cumulative_base_edges": 0,
          "classifications": {
            "vrp_only": 0,
            "both": 0,
            "base_only": 0,
            "neither": 9
          }
        },
        {
          "archive": 73,
          "new_inputs": 21,
          "cumulative_inputs": 17791,
          "new_vrp_edges": 0,
          "new_base_edges": 0,
          "cumulative_vrp_edges": 0,
          "cumulative_base_edges": 0,
          "classifications": {
            "vrp_only": 0,
            "both": 0,
            "base_only": 0,
            "neither": 21
          }
        },
        {
          "archive": 74,
          "new_inputs": 12,
          "cumulative_inputs": 17803,
          "new_vrp_edges": 0,
          "new_base_edges": 0,
          "cumulative_vrp_edges": 0,
          "cumulative_base_edges": 0,
          "classifications": {
            "vrp_only": 0,
            "both": 0,
            "base_only": 0,
            "neither": 12
          }
        },
        {
          "archive": 75,
          "new_inputs": 6,
          "cumulative_inputs": 17809,
          "new_vrp_edges": 0,
          "new_base_edges": 0,
          "cumulative_vrp_edges": 0,
          "cumulative_base_edges": 0,
          "classifications": {
            "vrp_only": 0,
            "both": 0,
            "base_only": 0,
            "neither": 6
          }
        },
        {
          "archive": 76,
          "new_inputs": 8,
          "cumulative_inputs": 17817,
          "new_vrp_edges": 0,
          "new_base_edges": 0,
          "cumulative_vrp_edges": 0,
          "cumulative_base_edges": 0,
          "classifications": {
            "vrp_only": 0,
            "both": 0,
            "base_only": 0,
            "neither": 8
          }
        },
        {
          "archive": 77,
          "new_inputs": 3,
          "cumulative_inputs": 17820,
          "new_vrp_edges": 0,
          "new_base_edges": 0,
          "cumulative_vrp_edges": 0,
          "cumulative_base_edges": 0,
          "classifications": {
            "vrp_only": 0,
            "both": 0,
            "base_only": 0,
            "neither": 3
          }
        },
        {
          "archive": 78,
          "new_inputs": 9,
          "cumulative_inputs": 17829,
          "new_vrp_edges": 0,
          "new_base_edges": 0,
          "cumulative_vrp_edges": 0,
          "cumulative_base_edges": 0,
          "classifications": {
            "vrp_only": 0,
            "both": 0,
            "base_only": 0,
            "neither": 9
          }
        },
        {
          "archive": 79,
          "new_inputs": 7,
          "cumulative_inputs": 17836,
          "new_vrp_edges": 0,
          "new_base_edges": 0,
          "cumulative_vrp_edges": 0,
          "cumulative_base_edges": 0,
          "classifications": {
            "vrp_only": 0,
            "both": 0,
            "base_only": 0,
            "neither": 7
          }
        },
        {
          "archive": 80,
          "new_inputs": 123,
          "cumulative_inputs": 17959,
          "new_vrp_edges": 0,
          "new_base_edges": 0,
          "cumulative_vrp_edges": 0,
          "cumulative_base_edges": 0,
          "classifications": {
            "vrp_only": 0,
            "both": 0,
            "base_only": 0,
            "neither": 123
          }
        },
        {
          "archive": 81,
          "new_inputs": 29,
          "cumulative_inputs": 17988,
          "new_vrp_edges": 0,
          "new_base_edges": 0,
          "cumulative_vrp_edges": 0,
          "cumulative_base_edges": 0,
          "classifications": {
            "vrp_only": 0,
            "both": 0,
            "base_only": 0,
            "neither": 29
          }
        },
        {
          "archive": 82,
          "new_inputs": 10,
          "cumulative_inputs": 17998,
          "new_vrp_edges": 0,
          "new_base_edges": 0,
          "cumulative_vrp_edges": 0,
          "cumulative_base_edges": 0,
          "classifications": {
            "vrp_only": 0,
            "both": 0,
            "base_only": 0,
            "neither": 10
          }
        },
        {
          "archive": 83,
          "new_inputs": 15,
          "cumulative_inputs": 18013,
          "new_vrp_edges": 0,
          "new_base_edges": 0,
          "cumulative_vrp_edges": 0,
          "cumulative_base_edges": 0,
          "classifications": {
            "vrp_only": 0,
            "both": 0,
            "base_only": 0,
            "neither": 15
          }
        },
        {
          "archive": 84,
          "new_inputs": 6,
          "cumulative_inputs": 18019,
          "new_vrp_edges": 0,
          "new_base_edges": 0,
          "cumulative_vrp_edges": 0,
          "cumulative_base_edges": 0,
          "classifications": {
            "vrp_only": 0,
            "both": 0,
            "base_only": 0,
            "neither": 6
          }
        },
        {
          "archive": 85,
          "new_inputs": 10,
          "cumulative_inputs": 18029,
          "new_vrp_edges": 0,
          "new_base_edges": 0,
          "cumulative_vrp_edges": 0,
          "cumulative_base_edges": 0,
          "classifications": {
            "vrp_only": 0,
            "both": 0,
            "base_only": 0,
            "neither": 10
          }
        },
        {
          "archive": 86,
          "new_inputs": 9,
          "cumulative_inputs": 18038,
          "new_vrp_edges": 0,
          "new_base_edges": 0,
          "cumulative_vrp_edges": 0,
          "cumulative_base_edges": 0,
          "classifications": {
            "vrp_only": 0,
            "both": 0,
            "base_only": 0,
            "neither": 9
          }
        },
        {
          "archive": 87,
          "new_inputs": 7,
          "cumulative_inputs": 18045,
          "new_vrp_edges": 0,
          "new_base_edges": 0,
          "cumulative_vrp_edges": 0,
          "cumulative_base_edges": 0,
          "classifications": {
            "vrp_only": 0,
            "both": 0,
            "base_only": 0,
            "neither": 7
          }
        },
        {
          "archive": 88,
          "new_inputs": 15,
          "cumulative_inputs": 18060,
          "new_vrp_edges": 0,
          "new_base_edges": 0,
          "cumulative_vrp_edges": 0,
          "cumulative_base_edges": 0,
          "classifications": {
            "vrp_only": 0,
            "both": 0,
            "base_only": 0,
            "neither": 15
          }
        },
        {
          "archive": 89,
          "new_inputs": 13,
          "cumulative_inputs": 18073,
          "new_vrp_edges": 0,
          "new_base_edges": 0,
          "cumulative_vrp_edges": 0,
          "cumulative_base_edges": 0,
          "classifications": {
            "vrp_only": 0,
            "both": 0,
            "base_only": 0,
            "neither": 13
          }
        },
        {
          "archive": 90,
          "new_inputs": 14,
          "cumulative_inputs": 18087,
          "new_vrp_edges": 0,
          "new_base_edges": 0,
          "cumulative_vrp_edges": 0,
          "cumulative_base_edges": 0,
          "classifications": {
            "vrp_only": 0,
            "both": 0,
            "base_only": 0,
            "neither": 14
          }
        },
        {
          "archive": 91,
          "new_inputs": 11,
          "cumulative_inputs": 18098,
          "new_vrp_edges": 0,
          "new_base_edges": 0,
          "cumulative_vrp_edges": 0,
          "cumulative_base_edges": 0,
          "classifications": {
            "vrp_only": 0,
            "both": 0,
            "base_only": 0,
            "neither": 11
          }
        },
        {
          "archive": 92,
          "new_inputs": 6,
          "cumulative_inputs": 18104,
          "new_vrp_edges": 0,
          "new_base_edges": 0,
          "cumulative_vrp_edges": 0,
          "cumulative_base_edges": 0,
          "classifications": {
            "vrp_only": 0,
            "both": 0,
            "base_only": 0,
            "neither": 6
          }
        },
        {
          "archive": 93,
          "new_inputs": 5,
          "cumulative_inputs": 18109,
          "new_vrp_edges": 0,
          "new_base_edges": 0,
          "cumulative_vrp_edges": 0,
          "cumulative_base_edges": 0,
          "classifications": {
            "vrp_only": 0,
            "both": 0,
            "base_only": 0,
            "neither": 5
          }
        },
        {
          "archive": 94,
          "new_inputs": 4,
          "cumulative_inputs": 18113,
          "new_vrp_edges": 0,
          "new_base_edges": 0,
          "cumulative_vrp_edges": 0,
          "cumulative_base_edges": 0,
          "classifications": {
            "vrp_only": 0,
            "both": 0,
            "base_only": 0,
            "neither": 4
          }
        },
        {
          "archive": 95,
          "new_inputs": 21,
          "cumulative_inputs": 18134,
          "new_vrp_edges": 0,
          "new_base_edges": 0,
          "cumulative_vrp_edges": 0,
          "cumulative_base_edges": 0,
          "classifications": {
            "vrp_only": 0,
            "both": 0,
            "base_only": 0,
            "neither": 21
          }
        },
        {
          "archive": 96,
          "new_inputs": 0,
          "cumulative_inputs": 18134,
          "new_vrp_edges": 0,
          "new_base_edges": 0,
          "cumulative_vrp_edges": 0,
          "cumulative_base_edges": 0,
          "classifications": {
            "vrp_only": 0,
            "both": 0,
            "base_only": 0,
            "neither": 0
          }
        }
      ],
      "summary": {
        "total_inputs": 18134,
        "total_vrp_edges": 0,
        "total_base_edges": 0,
        "entanglement_rate": 0.0,
        "vrp_only_count": 0,
        "both_count": 0,
        "base_only_count": 0,
        "neither_count": 18134
      }
    },
    "vrp_bucket_entanglement": {
      "summary": {
        "total_inputs": 18134,
        "bucket_entanglement_rate": 0.0,
        "vrp_only": 0,
        "both": 0,
        "base_only": 0,
        "neither": 18134,
        "edge_neither_but_bucket_interesting": 0
      }
    },
    "vrp_gradient": {
      "summary": {
        "total_vrp_edges_seen": 0,
        "singleton_edges": 0,
        "low_freq_edges": 0,
        "high_freq_edges": 0,
        "vrp_exclusive_singletons": 0,
        "hit_count_distribution": {
          "1": 0,
          "2-3": 0,
          "4-10": 0,
          "11-50": 0,
          "51-200": 0,
          "200+": 0
        }
      }
    },
    "edge_growth": {
      "growth_curve": [
        {
          "archive": 0,
          "total_inputs": 2,
          "vrp_edges": 0,
          "base_edges": 0
        },
        {
          "archive": 1,
          "total_inputs": 5621,
          "vrp_edges": 0,
          "base_edges": 0
        },
        {
          "archive": 2,
          "total_inputs": 7476,
          "vrp_edges": 0,
          "base_edges": 0
        },
        {
          "archive": 3,
          "total_inputs": 9031,
          "vrp_edges": 0,
          "base_edges": 0
        },
        {
          "archive": 4,
          "total_inputs": 10238,
          "vrp_edges": 0,
          "base_edges": 0
        },
        {
          "archive": 5,
          "total_inputs": 11397,
          "vrp_edges": 0,
          "base_edges": 0
        },
        {
          "archive": 6,
          "total_inputs": 11907,
          "vrp_edges": 0,
          "base_edges": 0
        },
        {
          "archive": 7,
          "total_inputs": 12514,
          "vrp_edges": 0,
          "base_edges": 0
        },
        {
          "archive": 8,
          "total_inputs": 12809,
          "vrp_edges": 0,
          "base_edges": 0
        },
        {
          "archive": 9,
          "total_inputs": 13578,
          "vrp_edges": 0,
          "base_edges": 0
        },
        {
          "archive": 10,
          "total_inputs": 14516,
          "vrp_edges": 0,
          "base_edges": 0
        },
        {
          "archive": 11,
          "total_inputs": 14729,
          "vrp_edges": 0,
          "base_edges": 0
        },
        {
          "archive": 12,
          "total_inputs": 14911,
          "vrp_edges": 0,
          "base_edges": 0
        },
        {
          "archive": 13,
          "total_inputs": 14998,
          "vrp_edges": 0,
          "base_edges": 0
        },
        {
          "archive": 14,
          "total_inputs": 15070,
          "vrp_edges": 0,
          "base_edges": 0
        },
        {
          "archive": 15,
          "total_inputs": 15150,
          "vrp_edges": 0,
          "base_edges": 0
        },
        {
          "archive": 16,
          "total_inputs": 15339,
          "vrp_edges": 0,
          "base_edges": 0
        },
        {
          "archive": 17,
          "total_inputs": 15511,
          "vrp_edges": 0,
          "base_edges": 0
        },
        {
          "archive": 18,
          "total_inputs": 15814,
          "vrp_edges": 0,
          "base_edges": 0
        },
        {
          "archive": 19,
          "total_inputs": 15954,
          "vrp_edges": 0,
          "base_edges": 0
        },
        {
          "archive": 20,
          "total_inputs": 16111,
          "vrp_edges": 0,
          "base_edges": 0
        },
        {
          "archive": 21,
          "total_inputs": 16186,
          "vrp_edges": 0,
          "base_edges": 0
        },
        {
          "archive": 22,
          "total_inputs": 16251,
          "vrp_edges": 0,
          "base_edges": 0
        },
        {
          "archive": 23,
          "total_inputs": 16291,
          "vrp_edges": 0,
          "base_edges": 0
        },
        {
          "archive": 24,
          "total_inputs": 16364,
          "vrp_edges": 0,
          "base_edges": 0
        },
        {
          "archive": 25,
          "total_inputs": 16398,
          "vrp_edges": 0,
          "base_edges": 0
        },
        {
          "archive": 26,
          "total_inputs": 16440,
          "vrp_edges": 0,
          "base_edges": 0
        },
        {
          "archive": 27,
          "total_inputs": 16601,
          "vrp_edges": 0,
          "base_edges": 0
        },
        {
          "archive": 28,
          "total_inputs": 16634,
          "vrp_edges": 0,
          "base_edges": 0
        },
        {
          "archive": 29,
          "total_inputs": 16673,
          "vrp_edges": 0,
          "base_edges": 0
        },
        {
          "archive": 30,
          "total_inputs": 16695,
          "vrp_edges": 0,
          "base_edges": 0
        },
        {
          "archive": 31,
          "total_inputs": 16728,
          "vrp_edges": 0,
          "base_edges": 0
        },
        {
          "archive": 32,
          "total_inputs": 16755,
          "vrp_edges": 0,
          "base_edges": 0
        },
        {
          "archive": 33,
          "total_inputs": 16785,
          "vrp_edges": 0,
          "base_edges": 0
        },
        {
          "archive": 34,
          "total_inputs": 16809,
          "vrp_edges": 0,
          "base_edges": 0
        },
        {
          "archive": 35,
          "total_inputs": 16850,
          "vrp_edges": 0,
          "base_edges": 0
        },
        {
          "archive": 36,
          "total_inputs": 16896,
          "vrp_edges": 0,
          "base_edges": 0
        },
        {
          "archive": 37,
          "total_inputs": 16977,
          "vrp_edges": 0,
          "base_edges": 0
        },
        {
          "archive": 38,
          "total_inputs": 17033,
          "vrp_edges": 0,
          "base_edges": 0
        },
        {
          "archive": 39,
          "total_inputs": 17058,
          "vrp_edges": 0,
          "base_edges": 0
        },
        {
          "archive": 40,
          "total_inputs": 17125,
          "vrp_edges": 0,
          "base_edges": 0
        },
        {
          "archive": 41,
          "total_inputs": 17134,
          "vrp_edges": 0,
          "base_edges": 0
        },
        {
          "archive": 42,
          "total_inputs": 17154,
          "vrp_edges": 0,
          "base_edges": 0
        },
        {
          "archive": 43,
          "total_inputs": 17172,
          "vrp_edges": 0,
          "base_edges": 0
        },
        {
          "archive": 44,
          "total_inputs": 17200,
          "vrp_edges": 0,
          "base_edges": 0
        },
        {
          "archive": 45,
          "total_inputs": 17254,
          "vrp_edges": 0,
          "base_edges": 0
        },
        {
          "archive": 46,
          "total_inputs": 17291,
          "vrp_edges": 0,
          "base_edges": 0
        },
        {
          "archive": 47,
          "total_inputs": 17306,
          "vrp_edges": 0,
          "base_edges": 0
        },
        {
          "archive": 48,
          "total_inputs": 17324,
          "vrp_edges": 0,
          "base_edges": 0
        },
        {
          "archive": 49,
          "total_inputs": 17354,
          "vrp_edges": 0,
          "base_edges": 0
        },
        {
          "archive": 50,
          "total_inputs": 17363,
          "vrp_edges": 0,
          "base_edges": 0
        },
        {
          "archive": 51,
          "total_inputs": 17448,
          "vrp_edges": 0,
          "base_edges": 0
        },
        {
          "archive": 52,
          "total_inputs": 17460,
          "vrp_edges": 0,
          "base_edges": 0
        },
        {
          "archive": 53,
          "total_inputs": 17464,
          "vrp_edges": 0,
          "base_edges": 0
        },
        {
          "archive": 54,
          "total_inputs": 17469,
          "vrp_edges": 0,
          "base_edges": 0
        },
        {
          "archive": 55,
          "total_inputs": 17480,
          "vrp_edges": 0,
          "base_edges": 0
        },
        {
          "archive": 56,
          "total_inputs": 17486,
          "vrp_edges": 0,
          "base_edges": 0
        },
        {
          "archive": 57,
          "total_inputs": 17496,
          "vrp_edges": 0,
          "base_edges": 0
        },
        {
          "archive": 58,
          "total_inputs": 17509,
          "vrp_edges": 0,
          "base_edges": 0
        },
        {
          "archive": 59,
          "total_inputs": 17525,
          "vrp_edges": 0,
          "base_edges": 0
        },
        {
          "archive": 60,
          "total_inputs": 17548,
          "vrp_edges": 0,
          "base_edges": 0
        },
        {
          "archive": 61,
          "total_inputs": 17565,
          "vrp_edges": 0,
          "base_edges": 0
        },
        {
          "archive": 62,
          "total_inputs": 17578,
          "vrp_edges": 0,
          "base_edges": 0
        },
        {
          "archive": 63,
          "total_inputs": 17596,
          "vrp_edges": 0,
          "base_edges": 0
        },
        {
          "archive": 64,
          "total_inputs": 17617,
          "vrp_edges": 0,
          "base_edges": 0
        },
        {
          "archive": 65,
          "total_inputs": 17624,
          "vrp_edges": 0,
          "base_edges": 0
        },
        {
          "archive": 66,
          "total_inputs": 17633,
          "vrp_edges": 0,
          "base_edges": 0
        },
        {
          "archive": 67,
          "total_inputs": 17636,
          "vrp_edges": 0,
          "base_edges": 0
        },
        {
          "archive": 68,
          "total_inputs": 17647,
          "vrp_edges": 0,
          "base_edges": 0
        },
        {
          "archive": 69,
          "total_inputs": 17650,
          "vrp_edges": 0,
          "base_edges": 0
        },
        {
          "archive": 70,
          "total_inputs": 17754,
          "vrp_edges": 0,
          "base_edges": 0
        },
        {
          "archive": 71,
          "total_inputs": 17761,
          "vrp_edges": 0,
          "base_edges": 0
        },
        {
          "archive": 72,
          "total_inputs": 17770,
          "vrp_edges": 0,
          "base_edges": 0
        },
        {
          "archive": 73,
          "total_inputs": 17791,
          "vrp_edges": 0,
          "base_edges": 0
        },
        {
          "archive": 74,
          "total_inputs": 17803,
          "vrp_edges": 0,
          "base_edges": 0
        },
        {
          "archive": 75,
          "total_inputs": 17809,
          "vrp_edges": 0,
          "base_edges": 0
        },
        {
          "archive": 76,
          "total_inputs": 17817,
          "vrp_edges": 0,
          "base_edges": 0
        },
        {
          "archive": 77,
          "total_inputs": 17820,
          "vrp_edges": 0,
          "base_edges": 0
        },
        {
          "archive": 78,
          "total_inputs": 17829,
          "vrp_edges": 0,
          "base_edges": 0
        },
        {
          "archive": 79,
          "total_inputs": 17836,
          "vrp_edges": 0,
          "base_edges": 0
        },
        {
          "archive": 80,
          "total_inputs": 17959,
          "vrp_edges": 0,
          "base_edges": 0
        },
        {
          "archive": 81,
          "total_inputs": 17988,
          "vrp_edges": 0,
          "base_edges": 0
        },
        {
          "archive": 82,
          "total_inputs": 17998,
          "vrp_edges": 0,
          "base_edges": 0
        },
        {
          "archive": 83,
          "total_inputs": 18013,
          "vrp_edges": 0,
          "base_edges": 0
        },
        {
          "archive": 84,
          "total_inputs": 18019,
          "vrp_edges": 0,
          "base_edges": 0
        },
        {
          "archive": 85,
          "total_inputs": 18029,
          "vrp_edges": 0,
          "base_edges": 0
        },
        {
          "archive": 86,
          "total_inputs": 18038,
          "vrp_edges": 0,
          "base_edges": 0
        },
        {
          "archive": 87,
          "total_inputs": 18045,
          "vrp_edges": 0,
          "base_edges": 0
        },
        {
          "archive": 88,
          "total_inputs": 18060,
          "vrp_edges": 0,
          "base_edges": 0
        },
        {
          "archive": 89,
          "total_inputs": 18073,
          "vrp_edges": 0,
          "base_edges": 0
        },
        {
          "archive": 90,
          "total_inputs": 18087,
          "vrp_edges": 0,
          "base_edges": 0
        },
        {
          "archive": 91,
          "total_inputs": 18098,
          "vrp_edges": 0,
          "base_edges": 0
        },
        {
          "archive": 92,
          "total_inputs": 18104,
          "vrp_edges": 0,
          "base_edges": 0
        },
        {
          "archive": 93,
          "total_inputs": 18109,
          "vrp_edges": 0,
          "base_edges": 0
        },
        {
          "archive": 94,
          "total_inputs": 18113,
          "vrp_edges": 0,
          "base_edges": 0
        },
        {
          "archive": 95,
          "total_inputs": 18134,
          "vrp_edges": 0,
          "base_edges": 0
        },
        {
          "archive": 96,
          "total_inputs": 18134,
          "vrp_edges": 0,
          "base_edges": 0
        }
      ],
      "final_vrp_edges": 0,
      "final_base_edges": 0,
      "total_inputs": 18134
    },
    "speed": {
      "per_archive": [
        {
          "archive": 0,
          "inputs": 2,
          "mean_vrp_ms": 6.002,
          "mean_base_ms": 8.033,
          "overhead": 0.7472
        },
        {
          "archive": 1,
          "inputs": 5619,
          "mean_vrp_ms": 0.019,
          "mean_base_ms": 0.019,
          "overhead": 0.9953
        },
        {
          "archive": 2,
          "inputs": 1855,
          "mean_vrp_ms": 0.026,
          "mean_base_ms": 0.025,
          "overhead": 1.0466
        },
        {
          "archive": 3,
          "inputs": 1555,
          "mean_vrp_ms": 0.026,
          "mean_base_ms": 0.024,
          "overhead": 1.0694
        },
        {
          "archive": 4,
          "inputs": 1207,
          "mean_vrp_ms": 0.022,
          "mean_base_ms": 0.024,
          "overhead": 0.9037
        },
        {
          "archive": 5,
          "inputs": 1159,
          "mean_vrp_ms": 0.025,
          "mean_base_ms": 0.025,
          "overhead": 0.9922
        },
        {
          "archive": 6,
          "inputs": 510,
          "mean_vrp_ms": 0.038,
          "mean_base_ms": 0.038,
          "overhead": 1.0003
        },
        {
          "archive": 7,
          "inputs": 607,
          "mean_vrp_ms": 0.036,
          "mean_base_ms": 0.036,
          "overhead": 1.0247
        },
        {
          "archive": 8,
          "inputs": 295,
          "mean_vrp_ms": 0.058,
          "mean_base_ms": 0.052,
          "overhead": 1.1186
        },
        {
          "archive": 9,
          "inputs": 769,
          "mean_vrp_ms": 0.029,
          "mean_base_ms": 0.032,
          "overhead": 0.8835
        },
        {
          "archive": 10,
          "inputs": 938,
          "mean_vrp_ms": 0.024,
          "mean_base_ms": 0.026,
          "overhead": 0.9318
        },
        {
          "archive": 11,
          "inputs": 213,
          "mean_vrp_ms": 0.061,
          "mean_base_ms": 0.064,
          "overhead": 0.9498
        },
        {
          "archive": 12,
          "inputs": 182,
          "mean_vrp_ms": 0.093,
          "mean_base_ms": 0.09,
          "overhead": 1.0411
        },
        {
          "archive": 13,
          "inputs": 87,
          "mean_vrp_ms": 0.147,
          "mean_base_ms": 0.138,
          "overhead": 1.0656
        },
        {
          "archive": 14,
          "inputs": 72,
          "mean_vrp_ms": 0.157,
          "mean_base_ms": 0.168,
          "overhead": 0.9385
        },
        {
          "archive": 15,
          "inputs": 80,
          "mean_vrp_ms": 0.139,
          "mean_base_ms": 0.142,
          "overhead": 0.9818
        },
        {
          "archive": 16,
          "inputs": 189,
          "mean_vrp_ms": 0.078,
          "mean_base_ms": 0.075,
          "overhead": 1.0397
        },
        {
          "archive": 17,
          "inputs": 172,
          "mean_vrp_ms": 0.067,
          "mean_base_ms": 0.078,
          "overhead": 0.8601
        },
        {
          "archive": 18,
          "inputs": 303,
          "mean_vrp_ms": 0.053,
          "mean_base_ms": 0.055,
          "overhead": 0.9668
        },
        {
          "archive": 19,
          "inputs": 140,
          "mean_vrp_ms": 0.085,
          "mean_base_ms": 0.088,
          "overhead": 0.9685
        },
        {
          "archive": 20,
          "inputs": 157,
          "mean_vrp_ms": 0.091,
          "mean_base_ms": 0.081,
          "overhead": 1.1152
        },
        {
          "archive": 21,
          "inputs": 75,
          "mean_vrp_ms": 0.169,
          "mean_base_ms": 0.162,
          "overhead": 1.0459
        },
        {
          "archive": 22,
          "inputs": 65,
          "mean_vrp_ms": 0.16,
          "mean_base_ms": 0.182,
          "overhead": 0.8816
        },
        {
          "archive": 23,
          "inputs": 40,
          "mean_vrp_ms": 0.338,
          "mean_base_ms": 0.285,
          "overhead": 1.187
        },
        {
          "archive": 24,
          "inputs": 73,
          "mean_vrp_ms": 0.218,
          "mean_base_ms": 0.241,
          "overhead": 0.9037
        },
        {
          "archive": 25,
          "inputs": 34,
          "mean_vrp_ms": 0.384,
          "mean_base_ms": 0.368,
          "overhead": 1.0438
        },
        {
          "archive": 26,
          "inputs": 42,
          "mean_vrp_ms": 0.308,
          "mean_base_ms": 0.32,
          "overhead": 0.9631
        },
        {
          "archive": 27,
          "inputs": 161,
          "mean_vrp_ms": 0.09,
          "mean_base_ms": 0.091,
          "overhead": 0.9929
        },
        {
          "archive": 28,
          "inputs": 33,
          "mean_vrp_ms": 0.328,
          "mean_base_ms": 0.323,
          "overhead": 1.0172
        },
        {
          "archive": 29,
          "inputs": 39,
          "mean_vrp_ms": 0.267,
          "mean_base_ms": 0.307,
          "overhead": 0.8686
        },
        {
          "archive": 30,
          "inputs": 22,
          "mean_vrp_ms": 0.739,
          "mean_base_ms": 0.742,
          "overhead": 0.9965
        },
        {
          "archive": 31,
          "inputs": 33,
          "mean_vrp_ms": 0.345,
          "mean_base_ms": 0.336,
          "overhead": 1.027
        },
        {
          "archive": 32,
          "inputs": 27,
          "mean_vrp_ms": 0.482,
          "mean_base_ms": 0.422,
          "overhead": 1.1424
        },
        {
          "archive": 33,
          "inputs": 30,
          "mean_vrp_ms": 0.355,
          "mean_base_ms": 0.333,
          "overhead": 1.0652
        },
        {
          "archive": 34,
          "inputs": 24,
          "mean_vrp_ms": 0.437,
          "mean_base_ms": 0.472,
          "overhead": 0.9254
        },
        {
          "archive": 35,
          "inputs": 41,
          "mean_vrp_ms": 0.316,
          "mean_base_ms": 0.313,
          "overhead": 1.0078
        },
        {
          "archive": 36,
          "inputs": 46,
          "mean_vrp_ms": 0.284,
          "mean_base_ms": 0.248,
          "overhead": 1.1448
        },
        {
          "archive": 37,
          "inputs": 81,
          "mean_vrp_ms": 0.149,
          "mean_base_ms": 0.162,
          "overhead": 0.9199
        },
        {
          "archive": 38,
          "inputs": 56,
          "mean_vrp_ms": 0.196,
          "mean_base_ms": 0.214,
          "overhead": 0.9151
        },
        {
          "archive": 39,
          "inputs": 25,
          "mean_vrp_ms": 0.478,
          "mean_base_ms": 0.472,
          "overhead": 1.012
        },
        {
          "archive": 40,
          "inputs": 67,
          "mean_vrp_ms": 0.165,
          "mean_base_ms": 0.173,
          "overhead": 0.9558
        },
        {
          "archive": 41,
          "inputs": 9,
          "mean_vrp_ms": 1.201,
          "mean_base_ms": 1.171,
          "overhead": 1.025
        },
        {
          "archive": 42,
          "inputs": 20,
          "mean_vrp_ms": 0.537,
          "mean_base_ms": 0.524,
          "overhead": 1.0253
        },
        {
          "archive": 43,
          "inputs": 18,
          "mean_vrp_ms": 0.601,
          "mean_base_ms": 0.608,
          "overhead": 0.9882
        },
        {
          "archive": 44,
          "inputs": 28,
          "mean_vrp_ms": 0.369,
          "mean_base_ms": 0.389,
          "overhead": 0.9476
        },
        {
          "archive": 45,
          "inputs": 54,
          "mean_vrp_ms": 0.256,
          "mean_base_ms": 0.224,
          "overhead": 1.1403
        },
        {
          "archive": 46,
          "inputs": 37,
          "mean_vrp_ms": 0.305,
          "mean_base_ms": 0.31,
          "overhead": 0.9853
        },
        {
          "archive": 47,
          "inputs": 15,
          "mean_vrp_ms": 0.863,
          "mean_base_ms": 0.778,
          "overhead": 1.1095
        },
        {
          "archive": 48,
          "inputs": 18,
          "mean_vrp_ms": 0.634,
          "mean_base_ms": 0.605,
          "overhead": 1.0479
        },
        {
          "archive": 49,
          "inputs": 30,
          "mean_vrp_ms": 0.422,
          "mean_base_ms": 0.377,
          "overhead": 1.1191
        },
        {
          "archive": 50,
          "inputs": 9,
          "mean_vrp_ms": 1.374,
          "mean_base_ms": 1.389,
          "overhead": 0.9898
        },
        {
          "archive": 51,
          "inputs": 85,
          "mean_vrp_ms": 0.131,
          "mean_base_ms": 0.135,
          "overhead": 0.9741
        },
        {
          "archive": 52,
          "inputs": 12,
          "mean_vrp_ms": 0.846,
          "mean_base_ms": 0.966,
          "overhead": 0.8753
        },
        {
          "archive": 53,
          "inputs": 4,
          "mean_vrp_ms": 2.567,
          "mean_base_ms": 2.539,
          "overhead": 1.011
        },
        {
          "archive": 54,
          "inputs": 5,
          "mean_vrp_ms": 2.319,
          "mean_base_ms": 2.067,
          "overhead": 1.1218
        },
        {
          "archive": 55,
          "inputs": 11,
          "mean_vrp_ms": 1.018,
          "mean_base_ms": 1.049,
          "overhead": 0.9697
        },
        {
          "archive": 56,
          "inputs": 6,
          "mean_vrp_ms": 1.766,
          "mean_base_ms": 1.716,
          "overhead": 1.029
        },
        {
          "archive": 57,
          "inputs": 10,
          "mean_vrp_ms": 1.146,
          "mean_base_ms": 1.165,
          "overhead": 0.984
        },
        {
          "archive": 58,
          "inputs": 13,
          "mean_vrp_ms": 0.837,
          "mean_base_ms": 0.921,
          "overhead": 0.9089
        },
        {
          "archive": 59,
          "inputs": 16,
          "mean_vrp_ms": 0.89,
          "mean_base_ms": 0.796,
          "overhead": 1.118
        },
        {
          "archive": 60,
          "inputs": 23,
          "mean_vrp_ms": 0.441,
          "mean_base_ms": 0.46,
          "overhead": 0.9573
        },
        {
          "archive": 61,
          "inputs": 17,
          "mean_vrp_ms": 0.798,
          "mean_base_ms": 0.661,
          "overhead": 1.2073
        },
        {
          "archive": 62,
          "inputs": 13,
          "mean_vrp_ms": 0.804,
          "mean_base_ms": 0.933,
          "overhead": 0.8617
        },
        {
          "archive": 63,
          "inputs": 18,
          "mean_vrp_ms": 0.61,
          "mean_base_ms": 0.663,
          "overhead": 0.9194
        },
        {
          "archive": 64,
          "inputs": 21,
          "mean_vrp_ms": 0.538,
          "mean_base_ms": 0.516,
          "overhead": 1.042
        },
        {
          "archive": 65,
          "inputs": 7,
          "mean_vrp_ms": 1.686,
          "mean_base_ms": 1.683,
          "overhead": 1.0017
        },
        {
          "archive": 66,
          "inputs": 9,
          "mean_vrp_ms": 1.24,
          "mean_base_ms": 1.913,
          "overhead": 0.6483
        },
        {
          "archive": 67,
          "inputs": 3,
          "mean_vrp_ms": 4.496,
          "mean_base_ms": 3.82,
          "overhead": 1.177
        },
        {
          "archive": 68,
          "inputs": 11,
          "mean_vrp_ms": 1.187,
          "mean_base_ms": 0.983,
          "overhead": 1.2072
        },
        {
          "archive": 69,
          "inputs": 3,
          "mean_vrp_ms": 3.796,
          "mean_base_ms": 4.084,
          "overhead": 0.9293
        },
        {
          "archive": 70,
          "inputs": 104,
          "mean_vrp_ms": 0.139,
          "mean_base_ms": 0.115,
          "overhead": 1.208
        },
        {
          "archive": 71,
          "inputs": 7,
          "mean_vrp_ms": 1.525,
          "mean_base_ms": 1.5,
          "overhead": 1.0164
        },
        {
          "archive": 72,
          "inputs": 9,
          "mean_vrp_ms": 1.472,
          "mean_base_ms": 1.457,
          "overhead": 1.0103
        },
        {
          "archive": 73,
          "inputs": 21,
          "mean_vrp_ms": 0.692,
          "mean_base_ms": 0.529,
          "overhead": 1.3076
        },
        {
          "archive": 74,
          "inputs": 12,
          "mean_vrp_ms": 0.956,
          "mean_base_ms": 0.917,
          "overhead": 1.0428
        },
        {
          "archive": 75,
          "inputs": 6,
          "mean_vrp_ms": 1.938,
          "mean_base_ms": 2.149,
          "overhead": 0.9018
        },
        {
          "archive": 76,
          "inputs": 8,
          "mean_vrp_ms": 1.474,
          "mean_base_ms": 1.362,
          "overhead": 1.0827
        },
        {
          "archive": 77,
          "inputs": 3,
          "mean_vrp_ms": 3.664,
          "mean_base_ms": 4.164,
          "overhead": 0.8801
        },
        {
          "archive": 78,
          "inputs": 9,
          "mean_vrp_ms": 1.249,
          "mean_base_ms": 1.582,
          "overhead": 0.7893
        },
        {
          "archive": 79,
          "inputs": 7,
          "mean_vrp_ms": 1.52,
          "mean_base_ms": 1.406,
          "overhead": 1.0812
        },
        {
          "archive": 80,
          "inputs": 123,
          "mean_vrp_ms": 0.116,
          "mean_base_ms": 0.1,
          "overhead": 1.1607
        },
        {
          "archive": 81,
          "inputs": 29,
          "mean_vrp_ms": 0.493,
          "mean_base_ms": 0.405,
          "overhead": 1.2193
        },
        {
          "archive": 82,
          "inputs": 10,
          "mean_vrp_ms": 1.253,
          "mean_base_ms": 1.432,
          "overhead": 0.8751
        },
        {
          "archive": 83,
          "inputs": 15,
          "mean_vrp_ms": 0.807,
          "mean_base_ms": 0.739,
          "overhead": 1.0916
        },
        {
          "archive": 84,
          "inputs": 6,
          "mean_vrp_ms": 2.038,
          "mean_base_ms": 2.209,
          "overhead": 0.9222
        },
        {
          "archive": 85,
          "inputs": 10,
          "mean_vrp_ms": 0.946,
          "mean_base_ms": 1.081,
          "overhead": 0.875
        },
        {
          "archive": 86,
          "inputs": 9,
          "mean_vrp_ms": 1.54,
          "mean_base_ms": 1.288,
          "overhead": 1.1957
        },
        {
          "archive": 87,
          "inputs": 7,
          "mean_vrp_ms": 1.601,
          "mean_base_ms": 1.55,
          "overhead": 1.0328
        },
        {
          "archive": 88,
          "inputs": 15,
          "mean_vrp_ms": 0.749,
          "mean_base_ms": 0.893,
          "overhead": 0.8386
        },
        {
          "archive": 89,
          "inputs": 13,
          "mean_vrp_ms": 0.844,
          "mean_base_ms": 0.901,
          "overhead": 0.9368
        },
        {
          "archive": 90,
          "inputs": 14,
          "mean_vrp_ms": 0.718,
          "mean_base_ms": 0.873,
          "overhead": 0.8223
        },
        {
          "archive": 91,
          "inputs": 11,
          "mean_vrp_ms": 1.054,
          "mean_base_ms": 0.936,
          "overhead": 1.1255
        },
        {
          "archive": 92,
          "inputs": 6,
          "mean_vrp_ms": 2.275,
          "mean_base_ms": 1.845,
          "overhead": 1.2329
        },
        {
          "archive": 93,
          "inputs": 5,
          "mean_vrp_ms": 2.237,
          "mean_base_ms": 2.567,
          "overhead": 0.8716
        },
        {
          "archive": 94,
          "inputs": 4,
          "mean_vrp_ms": 2.959,
          "mean_base_ms": 2.863,
          "overhead": 1.0333
        },
        {
          "archive": 95,
          "inputs": 21,
          "mean_vrp_ms": 0.547,
          "mean_base_ms": 0.501,
          "overhead": 1.0911
        },
        {
          "archive": 96,
          "inputs": 0,
          "mean_vrp_ms": 0.0,
          "mean_base_ms": 0.0,
          "overhead": 0.0
        }
      ],
      "summary": {
        "total_inputs": 18134,
        "vrp_mean_ms": 0.077,
        "vrp_median_ms": 0.026,
        "vrp_p95_ms": 0.316,
        "vrp_p99_ms": 1.054,
        "base_mean_ms": 0.077,
        "base_median_ms": 0.025,
        "base_p95_ms": 0.313,
        "base_p99_ms": 1.049,
        "mean_overhead": 0.9997
      }
    }
  }
}