{
  "experiment": "vrp-unfold-eval-big04",
  "benchmark": "freetype2_ftfuzzer",
  "fuzzer": "aflplusplus_unfold_all",
  "instance": "46725",
  "archives_processed": 97,
  "total_inputs": 18674,
  "elapsed_seconds": 20.8,
  "analyzer_results": {
    "vrp_hit_entanglement": {
      "per_archive": [
        {
          "archive": 0,
          "new_inputs": 2,
          "cumulative_inputs": 2,
          "new_vrp_edges": 0,
          "new_base_edges": 0,
          "cumulative_vrp_edges": 0,
          "cumulative_base_edges": 0,
          "classifications": {
            "vrp_only": 0,
            "both": 0,
            "base_only": 0,
            "neither": 2
          }
        },
        {
          "archive": 1,
          "new_inputs": 6707,
          "cumulative_inputs": 6709,
          "new_vrp_edges": 0,
          "new_base_edges": 0,
          "cumulative_vrp_edges": 0,
          "cumulative_base_edges": 0,
          "classifications": {
            "vrp_only": 0,
            "both": 0,
            "base_only": 0,
            "neither": 6707
          }
        },
        {
          "archive": 2,
          "new_inputs": 2992,
          "cumulative_inputs": 9701,
          "new_vrp_edges": 0,
          "new_base_edges": 0,
          "cumulative_vrp_edges": 0,
          "cumulative_base_edges": 0,
          "classifications": {
            "vrp_only": 0,
            "both": 0,
            "base_only": 0,
            "neither": 2992
          }
        },
        {
          "archive": 3,
          "new_inputs": 1754,
          "cumulative_inputs": 11455,
          "new_vrp_edges": 0,
          "new_base_edges": 0,
          "cumulative_vrp_edges": 0,
          "cumulative_base_edges": 0,
          "classifications": {
            "vrp_only": 0,
            "both": 0,
            "base_only": 0,
            "neither": 1754
          }
        },
        {
          "archive": 4,
          "new_inputs": 1156,
          "cumulative_inputs": 12611,
          "new_vrp_edges": 0,
          "new_base_edges": 0,
          "cumulative_vrp_edges": 0,
          "cumulative_base_edges": 0,
          "classifications": {
            "vrp_only": 0,
            "both": 0,
            "base_only": 0,
            "neither": 1156
          }
        },
        {
          "archive": 5,
          "new_inputs": 655,
          "cumulative_inputs": 13266,
          "new_vrp_edges": 0,
          "new_base_edges": 0,
          "cumulative_vrp_edges": 0,
          "cumulative_base_edges": 0,
          "classifications": {
            "vrp_only": 0,
            "both": 0,
            "base_only": 0,
            "neither": 655
          }
        },
        {
          "archive": 6,
          "new_inputs": 412,
          "cumulative_inputs": 13678,
          "new_vrp_edges": 0,
          "new_base_edges": 0,
          "cumulative_vrp_edges": 0,
          "cumulative_base_edges": 0,
          "classifications": {
            "vrp_only": 0,
            "both": 0,
            "base_only": 0,
            "neither": 412
          }
        },
        {
          "archive": 7,
          "new_inputs": 206,
          "cumulative_inputs": 13884,
          "new_vrp_edges": 0,
          "new_base_edges": 0,
          "cumulative_vrp_edges": 0,
          "cumulative_base_edges": 0,
          "classifications": {
            "vrp_only": 0,
            "both": 0,
            "base_only": 0,
            "neither": 206
          }
        },
        {
          "archive": 8,
          "new_inputs": 287,
          "cumulative_inputs": 14171,
          "new_vrp_edges": 0,
          "new_base_edges": 0,
          "cumulative_vrp_edges": 0,
          "cumulative_base_edges": 0,
          "classifications": {
            "vrp_only": 0,
            "both": 0,
            "base_only": 0,
            "neither": 287
          }
        },
        {
          "archive": 9,
          "new_inputs": 159,
          "cumulative_inputs": 14330,
          "new_vrp_edges": 0,
          "new_base_edges": 0,
          "cumulative_vrp_edges": 0,
          "cumulative_base_edges": 0,
          "classifications": {
            "vrp_only": 0,
            "both": 0,
            "base_only": 0,
            "neither": 159
          }
        },
        {
          "archive": 10,
          "new_inputs": 89,
          "cumulative_inputs": 14419,
          "new_vrp_edges": 0,
          "new_base_edges": 0,
          "cumulative_vrp_edges": 0,
          "cumulative_base_edges": 0,
          "classifications": {
            "vrp_only": 0,
            "both": 0,
            "base_only": 0,
            "neither": 89
          }
        },
        {
          "archive": 11,
          "new_inputs": 114,
          "cumulative_inputs": 14533,
          "new_vrp_edges": 0,
          "new_base_edges": 0,
          "cumulative_vrp_edges": 0,
          "cumulative_base_edges": 0,
          "classifications": {
            "vrp_only": 0,
            "both": 0,
            "base_only": 0,
            "neither": 114
          }
        },
        {
          "archive": 12,
          "new_inputs": 85,
          "cumulative_inputs": 14618,
          "new_vrp_edges": 0,
          "new_base_edges": 0,
          "cumulative_vrp_edges": 0,
          "cumulative_base_edges": 0,
          "classifications": {
            "vrp_only": 0,
            "both": 0,
            "base_only": 0,
            "neither": 85
          }
        },
        {
          "archive": 13,
          "new_inputs": 45,
          "cumulative_inputs": 14663,
          "new_vrp_edges": 0,
          "new_base_edges": 0,
          "cumulative_vrp_edges": 0,
          "cumulative_base_edges": 0,
          "classifications": {
            "vrp_only": 0,
            "both": 0,
            "base_only": 0,
            "neither": 45
          }
        },
        {
          "archive": 14,
          "new_inputs": 59,
          "cumulative_inputs": 14722,
          "new_vrp_edges": 0,
          "new_base_edges": 0,
          "cumulative_vrp_edges": 0,
          "cumulative_base_edges": 0,
          "classifications": {
            "vrp_only": 0,
            "both": 0,
            "base_only": 0,
            "neither": 59
          }
        },
        {
          "archive": 15,
          "new_inputs": 96,
          "cumulative_inputs": 14818,
          "new_vrp_edges": 0,
          "new_base_edges": 0,
          "cumulative_vrp_edges": 0,
          "cumulative_base_edges": 0,
          "classifications": {
            "vrp_only": 0,
            "both": 0,
            "base_only": 0,
            "neither": 96
          }
        },
        {
          "archive": 16,
          "new_inputs": 79,
          "cumulative_inputs": 14897,
          "new_vrp_edges": 0,
          "new_base_edges": 0,
          "cumulative_vrp_edges": 0,
          "cumulative_base_edges": 0,
          "classifications": {
            "vrp_only": 0,
            "both": 0,
            "base_only": 0,
            "neither": 79
          }
        },
        {
          "archive": 17,
          "new_inputs": 289,
          "cumulative_inputs": 15186,
          "new_vrp_edges": 0,
          "new_base_edges": 0,
          "cumulative_vrp_edges": 0,
          "cumulative_base_edges": 0,
          "classifications": {
            "vrp_only": 0,
            "both": 0,
            "base_only": 0,
            "neither": 289
          }
        },
        {
          "archive": 18,
          "new_inputs": 168,
          "cumulative_inputs": 15354,
          "new_vrp_edges": 0,
          "new_base_edges": 0,
          "cumulative_vrp_edges": 0,
          "cumulative_base_edges": 0,
          "classifications": {
            "vrp_only": 0,
            "both": 0,
            "base_only": 0,
            "neither": 168
          }
        },
        {
          "archive": 19,
          "new_inputs": 183,
          "cumulative_inputs": 15537,
          "new_vrp_edges": 0,
          "new_base_edges": 0,
          "cumulative_vrp_edges": 0,
          "cumulative_base_edges": 0,
          "classifications": {
            "vrp_only": 0,
            "both": 0,
            "base_only": 0,
            "neither": 183
          }
        },
        {
          "archive": 20,
          "new_inputs": 69,
          "cumulative_inputs": 15606,
          "new_vrp_edges": 0,
          "new_base_edges": 0,
          "cumulative_vrp_edges": 0,
          "cumulative_base_edges": 0,
          "classifications": {
            "vrp_only": 0,
            "both": 0,
            "base_only": 0,
            "neither": 69
          }
        },
        {
          "archive": 21,
          "new_inputs": 21,
          "cumulative_inputs": 15627,
          "new_vrp_edges": 0,
          "new_base_edges": 0,
          "cumulative_vrp_edges": 0,
          "cumulative_base_edges": 0,
          "classifications": {
            "vrp_only": 0,
            "both": 0,
            "base_only": 0,
            "neither": 21
          }
        },
        {
          "archive": 22,
          "new_inputs": 36,
          "cumulative_inputs": 15663,
          "new_vrp_edges": 0,
          "new_base_edges": 0,
          "cumulative_vrp_edges": 0,
          "cumulative_base_edges": 0,
          "classifications": {
            "vrp_only": 0,
            "both": 0,
            "base_only": 0,
            "neither": 36
          }
        },
        {
          "archive": 23,
          "new_inputs": 32,
          "cumulative_inputs": 15695,
          "new_vrp_edges": 0,
          "new_base_edges": 0,
          "cumulative_vrp_edges": 0,
          "cumulative_base_edges": 0,
          "classifications": {
            "vrp_only": 0,
            "both": 0,
            "base_only": 0,
            "neither": 32
          }
        },
        {
          "archive": 24,
          "new_inputs": 33,
          "cumulative_inputs": 15728,
          "new_vrp_edges": 0,
          "new_base_edges": 0,
          "cumulative_vrp_edges": 0,
          "cumulative_base_edges": 0,
          "classifications": {
            "vrp_only": 0,
            "both": 0,
            "base_only": 0,
            "neither": 33
          }
        },
        {
          "archive": 25,
          "new_inputs": 27,
          "cumulative_inputs": 15755,
          "new_vrp_edges": 0,
          "new_base_edges": 0,
          "cumulative_vrp_edges": 0,
          "cumulative_base_edges": 0,
          "classifications": {
            "vrp_only": 0,
            "both": 0,
            "base_only": 0,
            "neither": 27
          }
        },
        {
          "archive": 26,
          "new_inputs": 25,
          "cumulative_inputs": 15780,
          "new_vrp_edges": 0,
          "new_base_edges": 0,
          "cumulative_vrp_edges": 0,
          "cumulative_base_edges": 0,
          "classifications": {
            "vrp_only": 0,
            "both": 0,
            "base_only": 0,
            "neither": 25
          }
        },
        {
          "archive": 27,
          "new_inputs": 262,
          "cumulative_inputs": 16042,
          "new_vrp_edges": 0,
          "new_base_edges": 0,
          "cumulative_vrp_edges": 0,
          "cumulative_base_edges": 0,
          "classifications": {
            "vrp_only": 0,
            "both": 0,
            "base_only": 0,
            "neither": 262
          }
        },
        {
          "archive": 28,
          "new_inputs": 98,
          "cumulative_inputs": 16140,
          "new_vrp_edges": 0,
          "new_base_edges": 0,
          "cumulative_vrp_edges": 0,
          "cumulative_base_edges": 0,
          "classifications": {
            "vrp_only": 0,
            "both": 0,
            "base_only": 0,
            "neither": 98
          }
        },
        {
          "archive": 29,
          "new_inputs": 32,
          "cumulative_inputs": 16172,
          "new_vrp_edges": 0,
          "new_base_edges": 0,
          "cumulative_vrp_edges": 0,
          "cumulative_base_edges": 0,
          "classifications": {
            "vrp_only": 0,
            "both": 0,
            "base_only": 0,
            "neither": 32
          }
        },
        {
          "archive": 30,
          "new_inputs": 30,
          "cumulative_inputs": 16202,
          "new_vrp_edges": 0,
          "new_base_edges": 0,
          "cumulative_vrp_edges": 0,
          "cumulative_base_edges": 0,
          "classifications": {
            "vrp_only": 0,
            "both": 0,
            "base_only": 0,
            "neither": 30
          }
        },
        {
          "archive": 31,
          "new_inputs": 65,
          "cumulative_inputs": 16267,
          "new_vrp_edges": 0,
          "new_base_edges": 0,
          "cumulative_vrp_edges": 0,
          "cumulative_base_edges": 0,
          "classifications": {
            "vrp_only": 0,
            "both": 0,
            "base_only": 0,
            "neither": 65
          }
        },
        {
          "archive": 32,
          "new_inputs": 20,
          "cumulative_inputs": 16287,
          "new_vrp_edges": 0,
          "new_base_edges": 0,
          "cumulative_vrp_edges": 0,
          "cumulative_base_edges": 0,
          "classifications": {
            "vrp_only": 0,
            "both": 0,
            "base_only": 0,
            "neither": 20
          }
        },
        {
          "archive": 33,
          "new_inputs": 32,
          "cumulative_inputs": 16319,
          "new_vrp_edges": 0,
          "new_base_edges": 0,
          "cumulative_vrp_edges": 0,
          "cumulative_base_edges": 0,
          "classifications": {
            "vrp_only": 0,
            "both": 0,
            "base_only": 0,
            "neither": 32
          }
        },
        {
          "archive": 34,
          "new_inputs": 45,
          "cumulative_inputs": 16364,
          "new_vrp_edges": 0,
          "new_base_edges": 0,
          "cumulative_vrp_edges": 0,
          "cumulative_base_edges": 0,
          "classifications": {
            "vrp_only": 0,
            "both": 0,
            "base_only": 0,
            "neither": 45
          }
        },
        {
          "archive": 35,
          "new_inputs": 27,
          "cumulative_inputs": 16391,
          "new_vrp_edges": 0,
          "new_base_edges": 0,
          "cumulative_vrp_edges": 0,
          "cumulative_base_edges": 0,
          "classifications": {
            "vrp_only": 0,
            "both": 0,
            "base_only": 0,
            "neither": 27
          }
        },
        {
          "archive": 36,
          "new_inputs": 20,
          "cumulative_inputs": 16411,
          "new_vrp_edges": 0,
          "new_base_edges": 0,
          "cumulative_vrp_edges": 0,
          "cumulative_base_edges": 0,
          "classifications": {
            "vrp_only": 0,
            "both": 0,
            "base_only": 0,
            "neither": 20
          }
        },
        {
          "archive": 37,
          "new_inputs": 20,
          "cumulative_inputs": 16431,
          "new_vrp_edges": 0,
          "new_base_edges": 0,
          "cumulative_vrp_edges": 0,
          "cumulative_base_edges": 0,
          "classifications": {
            "vrp_only": 0,
            "both": 0,
            "base_only": 0,
            "neither": 20
          }
        },
        {
          "archive": 38,
          "new_inputs": 26,
          "cumulative_inputs": 16457,
          "new_vrp_edges": 0,
          "new_base_edges": 0,
          "cumulative_vrp_edges": 0,
          "cumulative_base_edges": 0,
          "classifications": {
            "vrp_only": 0,
            "both": 0,
            "base_only": 0,
            "neither": 26
          }
        },
        {
          "archive": 39,
          "new_inputs": 62,
          "cumulative_inputs": 16519,
          "new_vrp_edges": 0,
          "new_base_edges": 0,
          "cumulative_vrp_edges": 0,
          "cumulative_base_edges": 0,
          "classifications": {
            "vrp_only": 0,
            "both": 0,
            "base_only": 0,
            "neither": 62
          }
        },
        {
          "archive": 40,
          "new_inputs": 115,
          "cumulative_inputs": 16634,
          "new_vrp_edges": 0,
          "new_base_edges": 0,
          "cumulative_vrp_edges": 0,
          "cumulative_base_edges": 0,
          "classifications": {
            "vrp_only": 0,
            "both": 0,
            "base_only": 0,
            "neither": 115
          }
        },
        {
          "archive": 41,
          "new_inputs": 42,
          "cumulative_inputs": 16676,
          "new_vrp_edges": 0,
          "new_base_edges": 0,
          "cumulative_vrp_edges": 0,
          "cumulative_base_edges": 0,
          "classifications": {
            "vrp_only": 0,
            "both": 0,
            "base_only": 0,
            "neither": 42
          }
        },
        {
          "archive": 42,
          "new_inputs": 29,
          "cumulative_inputs": 16705,
          "new_vrp_edges": 0,
          "new_base_edges": 0,
          "cumulative_vrp_edges": 0,
          "cumulative_base_edges": 0,
          "classifications": {
            "vrp_only": 0,
            "both": 0,
            "base_only": 0,
            "neither": 29
          }
        },
        {
          "archive": 43,
          "new_inputs": 46,
          "cumulative_inputs": 16751,
          "new_vrp_edges": 0,
          "new_base_edges": 0,
          "cumulative_vrp_edges": 0,
          "cumulative_base_edges": 0,
          "classifications": {
            "vrp_only": 0,
            "both": 0,
            "base_only": 0,
            "neither": 46
          }
        },
        {
          "archive": 44,
          "new_inputs": 20,
          "cumulative_inputs": 16771,
          "new_vrp_edges": 0,
          "new_base_edges": 0,
          "cumulative_vrp_edges": 0,
          "cumulative_base_edges": 0,
          "classifications": {
            "vrp_only": 0,
            "both": 0,
            "base_only": 0,
            "neither": 20
          }
        },
        {
          "archive": 45,
          "new_inputs": 19,
          "cumulative_inputs": 16790,
          "new_vrp_edges": 0,
          "new_base_edges": 0,
          "cumulative_vrp_edges": 0,
          "cumulative_base_edges": 0,
          "classifications": {
            "vrp_only": 0,
            "both": 0,
            "base_only": 0,
            "neither": 19
          }
        },
        {
          "archive": 46,
          "new_inputs": 66,
          "cumulative_inputs": 16856,
          "new_vrp_edges": 0,
          "new_base_edges": 0,
          "cumulative_vrp_edges": 0,
          "cumulative_base_edges": 0,
          "classifications": {
            "vrp_only": 0,
            "both": 0,
            "base_only": 0,
            "neither": 66
          }
        },
        {
          "archive": 47,
          "new_inputs": 19,
          "cumulative_inputs": 16875,
          "new_vrp_edges": 0,
          "new_base_edges": 0,
          "cumulative_vrp_edges": 0,
          "cumulative_base_edges": 0,
          "classifications": {
            "vrp_only": 0,
            "both": 0,
            "base_only": 0,
            "neither": 19
          }
        },
        {
          "archive": 48,
          "new_inputs": 14,
          "cumulative_inputs": 16889,
          "new_vrp_edges": 0,
          "new_base_edges": 0,
          "cumulative_vrp_edges": 0,
          "cumulative_base_edges": 0,
          "classifications": {
            "vrp_only": 0,
            "both": 0,
            "base_only": 0,
            "neither": 14
          }
        },
        {
          "archive": 49,
          "new_inputs": 21,
          "cumulative_inputs": 16910,
          "new_vrp_edges": 0,
          "new_base_edges": 0,
          "cumulative_vrp_edges": 0,
          "cumulative_base_edges": 0,
          "classifications": {
            "vrp_only": 0,
            "both": 0,
            "base_only": 0,
            "neither": 21
          }
        },
        {
          "archive": 50,
          "new_inputs": 42,
          "cumulative_inputs": 16952,
          "new_vrp_edges": 0,
          "new_base_edges": 0,
          "cumulative_vrp_edges": 0,
          "cumulative_base_edges": 0,
          "classifications": {
            "vrp_only": 0,
            "both": 0,
            "base_only": 0,
            "neither": 42
          }
        },
        {
          "archive": 51,
          "new_inputs": 13,
          "cumulative_inputs": 16965,
          "new_vrp_edges": 0,
          "new_base_edges": 0,
          "cumulative_vrp_edges": 0,
          "cumulative_base_edges": 0,
          "classifications": {
            "vrp_only": 0,
            "both": 0,
            "base_only": 0,
            "neither": 13
          }
        },
        {
          "archive": 52,
          "new_inputs": 29,
          "cumulative_inputs": 16994,
          "new_vrp_edges": 0,
          "new_base_edges": 0,
          "cumulative_vrp_edges": 0,
          "cumulative_base_edges": 0,
          "classifications": {
            "vrp_only": 0,
            "both": 0,
            "base_only": 0,
            "neither": 29
          }
        },
        {
          "archive": 53,
          "new_inputs": 22,
          "cumulative_inputs": 17016,
          "new_vrp_edges": 0,
          "new_base_edges": 0,
          "cumulative_vrp_edges": 0,
          "cumulative_base_edges": 0,
          "classifications": {
            "vrp_only": 0,
            "both": 0,
            "base_only": 0,
            "neither": 22
          }
        },
        {
          "archive": 54,
          "new_inputs": 15,
          "cumulative_inputs": 17031,
          "new_vrp_edges": 0,
          "new_base_edges": 0,
          "cumulative_vrp_edges": 0,
          "cumulative_base_edges": 0,
          "classifications": {
            "vrp_only": 0,
            "both": 0,
            "base_only": 0,
            "neither": 15
          }
        },
        {
          "archive": 55,
          "new_inputs": 5,
          "cumulative_inputs": 17036,
          "new_vrp_edges": 0,
          "new_base_edges": 0,
          "cumulative_vrp_edges": 0,
          "cumulative_base_edges": 0,
          "classifications": {
            "vrp_only": 0,
            "both": 0,
            "base_only": 0,
            "neither": 5
          }
        },
        {
          "archive": 56,
          "new_inputs": 11,
          "cumulative_inputs": 17047,
          "new_vrp_edges": 0,
          "new_base_edges": 0,
          "cumulative_vrp_edges": 0,
          "cumulative_base_edges": 0,
          "classifications": {
            "vrp_only": 0,
            "both": 0,
            "base_only": 0,
            "neither": 11
          }
        },
        {
          "archive": 57,
          "new_inputs": 24,
          "cumulative_inputs": 17071,
          "new_vrp_edges": 0,
          "new_base_edges": 0,
          "cumulative_vrp_edges": 0,
          "cumulative_base_edges": 0,
          "classifications": {
            "vrp_only": 0,
            "both": 0,
            "base_only": 0,
            "neither": 24
          }
        },
        {
          "archive": 58,
          "new_inputs": 8,
          "cumulative_inputs": 17079,
          "new_vrp_edges": 0,
          "new_base_edges": 0,
          "cumulative_vrp_edges": 0,
          "cumulative_base_edges": 0,
          "classifications": {
            "vrp_only": 0,
            "both": 0,
            "base_only": 0,
            "neither": 8
          }
        },
        {
          "archive": 59,
          "new_inputs": 78,
          "cumulative_inputs": 17157,
          "new_vrp_edges": 0,
          "new_base_edges": 0,
          "cumulative_vrp_edges": 0,
          "cumulative_base_edges": 0,
          "classifications": {
            "vrp_only": 0,
            "both": 0,
            "base_only": 0,
            "neither": 78
          }
        },
        {
          "archive": 60,
          "new_inputs": 69,
          "cumulative_inputs": 17226,
          "new_vrp_edges": 0,
          "new_base_edges": 0,
          "cumulative_vrp_edges": 0,
          "cumulative_base_edges": 0,
          "classifications": {
            "vrp_only": 0,
            "both": 0,
            "base_only": 0,
            "neither": 69
          }
        },
        {
          "archive": 61,
          "new_inputs": 10,
          "cumulative_inputs": 17236,
          "new_vrp_edges": 0,
          "new_base_edges": 0,
          "cumulative_vrp_edges": 0,
          "cumulative_base_edges": 0,
          "classifications": {
            "vrp_only": 0,
            "both": 0,
            "base_only": 0,
            "neither": 10
          }
        },
        {
          "archive": 62,
          "new_inputs": 22,
          "cumulative_inputs": 17258,
          "new_vrp_edges": 0,
          "new_base_edges": 0,
          "cumulative_vrp_edges": 0,
          "cumulative_base_edges": 0,
          "classifications": {
            "vrp_only": 0,
            "both": 0,
            "base_only": 0,
            "neither": 22
          }
        },
        {
          "archive": 63,
          "new_inputs": 33,
          "cumulative_inputs": 17291,
          "new_vrp_edges": 0,
          "new_base_edges": 0,
          "cumulative_vrp_edges": 0,
          "cumulative_base_edges": 0,
          "classifications": {
            "vrp_only": 0,
            "both": 0,
            "base_only": 0,
            "neither": 33
          }
        },
        {
          "archive": 64,
          "new_inputs": 131,
          "cumulative_inputs": 17422,
          "new_vrp_edges": 0,
          "new_base_edges": 0,
          "cumulative_vrp_edges": 0,
          "cumulative_base_edges": 0,
          "classifications": {
            "vrp_only": 0,
            "both": 0,
            "base_only": 0,
            "neither": 131
          }
        },
        {
          "archive": 65,
          "new_inputs": 12,
          "cumulative_inputs": 17434,
          "new_vrp_edges": 0,
          "new_base_edges": 0,
          "cumulative_vrp_edges": 0,
          "cumulative_base_edges": 0,
          "classifications": {
            "vrp_only": 0,
            "both": 0,
            "base_only": 0,
            "neither": 12
          }
        },
        {
          "archive": 66,
          "new_inputs": 22,
          "cumulative_inputs": 17456,
          "new_vrp_edges": 0,
          "new_base_edges": 0,
          "cumulative_vrp_edges": 0,
          "cumulative_base_edges": 0,
          "classifications": {
            "vrp_only": 0,
            "both": 0,
            "base_only": 0,
            "neither": 22
          }
        },
        {
          "archive": 67,
          "new_inputs": 29,
          "cumulative_inputs": 17485,
          "new_vrp_edges": 0,
          "new_base_edges": 0,
          "cumulative_vrp_edges": 0,
          "cumulative_base_edges": 0,
          "classifications": {
            "vrp_only": 0,
            "both": 0,
            "base_only": 0,
            "neither": 29
          }
        },
        {
          "archive": 68,
          "new_inputs": 75,
          "cumulative_inputs": 17560,
          "new_vrp_edges": 0,
          "new_base_edges": 0,
          "cumulative_vrp_edges": 0,
          "cumulative_base_edges": 0,
          "classifications": {
            "vrp_only": 0,
            "both": 0,
            "base_only": 0,
            "neither": 75
          }
        },
        {
          "archive": 69,
          "new_inputs": 155,
          "cumulative_inputs": 17715,
          "new_vrp_edges": 0,
          "new_base_edges": 0,
          "cumulative_vrp_edges": 0,
          "cumulative_base_edges": 0,
          "classifications": {
            "vrp_only": 0,
            "both": 0,
            "base_only": 0,
            "neither": 155
          }
        },
        {
          "archive": 70,
          "new_inputs": 26,
          "cumulative_inputs": 17741,
          "new_vrp_edges": 0,
          "new_base_edges": 0,
          "cumulative_vrp_edges": 0,
          "cumulative_base_edges": 0,
          "classifications": {
            "vrp_only": 0,
            "both": 0,
            "base_only": 0,
            "neither": 26
          }
        },
        {
          "archive": 71,
          "new_inputs": 11,
          "cumulative_inputs": 17752,
          "new_vrp_edges": 0,
          "new_base_edges": 0,
          "cumulative_vrp_edges": 0,
          "cumulative_base_edges": 0,
          "classifications": {
            "vrp_only": 0,
            "both": 0,
            "base_only": 0,
            "neither": 11
          }
        },
        {
          "archive": 72,
          "new_inputs": 135,
          "cumulative_inputs": 17887,
          "new_vrp_edges": 0,
          "new_base_edges": 0,
          "cumulative_vrp_edges": 0,
          "cumulative_base_edges": 0,
          "classifications": {
            "vrp_only": 0,
            "both": 0,
            "base_only": 0,
            "neither": 135
          }
        },
        {
          "archive": 73,
          "new_inputs": 27,
          "cumulative_inputs": 17914,
          "new_vrp_edges": 0,
          "new_base_edges": 0,
          "cumulative_vrp_edges": 0,
          "cumulative_base_edges": 0,
          "classifications": {
            "vrp_only": 0,
            "both": 0,
            "base_only": 0,
            "neither": 27
          }
        },
        {
          "archive": 74,
          "new_inputs": 26,
          "cumulative_inputs": 17940,
          "new_vrp_edges": 0,
          "new_base_edges": 0,
          "cumulative_vrp_edges": 0,
          "cumulative_base_edges": 0,
          "classifications": {
            "vrp_only": 0,
            "both": 0,
            "base_only": 0,
            "neither": 26
          }
        },
        {
          "archive": 75,
          "new_inputs": 41,
          "cumulative_inputs": 17981,
          "new_vrp_edges": 0,
          "new_base_edges": 0,
          "cumulative_vrp_edges": 0,
          "cumulative_base_edges": 0,
          "classifications": {
            "vrp_only": 0,
            "both": 0,
            "base_only": 0,
            "neither": 41
          }
        },
        {
          "archive": 76,
          "new_inputs": 65,
          "cumulative_inputs": 18046,
          "new_vrp_edges": 0,
          "new_base_edges": 0,
          "cumulative_vrp_edges": 0,
          "cumulative_base_edges": 0,
          "classifications": {
            "vrp_only": 0,
            "both": 0,
            "base_only": 0,
            "neither": 65
          }
        },
        {
          "archive": 77,
          "new_inputs": 12,
          "cumulative_inputs": 18058,
          "new_vrp_edges": 0,
          "new_base_edges": 0,
          "cumulative_vrp_edges": 0,
          "cumulative_base_edges": 0,
          "classifications": {
            "vrp_only": 0,
            "both": 0,
            "base_only": 0,
            "neither": 12
          }
        },
        {
          "archive": 78,
          "new_inputs": 27,
          "cumulative_inputs": 18085,
          "new_vrp_edges": 0,
          "new_base_edges": 0,
          "cumulative_vrp_edges": 0,
          "cumulative_base_edges": 0,
          "classifications": {
            "vrp_only": 0,
            "both": 0,
            "base_only": 0,
            "neither": 27
          }
        },
        {
          "archive": 79,
          "new_inputs": 10,
          "cumulative_inputs": 18095,
          "new_vrp_edges": 0,
          "new_base_edges": 0,
          "cumulative_vrp_edges": 0,
          "cumulative_base_edges": 0,
          "classifications": {
            "vrp_only": 0,
            "both": 0,
            "base_only": 0,
            "neither": 10
          }
        },
        {
          "archive": 80,
          "new_inputs": 13,
          "cumulative_inputs": 18108,
          "new_vrp_edges": 0,
          "new_base_edges": 0,
          "cumulative_vrp_edges": 0,
          "cumulative_base_edges": 0,
          "classifications": {
            "vrp_only": 0,
            "both": 0,
            "base_only": 0,
            "neither": 13
          }
        },
        {
          "archive": 81,
          "new_inputs": 18,
          "cumulative_inputs": 18126,
          "new_vrp_edges": 0,
          "new_base_edges": 0,
          "cumulative_vrp_edges": 0,
          "cumulative_base_edges": 0,
          "classifications": {
            "vrp_only": 0,
            "both": 0,
            "base_only": 0,
            "neither": 18
          }
        },
        {
          "archive": 82,
          "new_inputs": 11,
          "cumulative_inputs": 18137,
          "new_vrp_edges": 0,
          "new_base_edges": 0,
          "cumulative_vrp_edges": 0,
          "cumulative_base_edges": 0,
          "classifications": {
            "vrp_only": 0,
            "both": 0,
            "base_only": 0,
            "neither": 11
          }
        },
        {
          "archive": 83,
          "new_inputs": 5,
          "cumulative_inputs": 18142,
          "new_vrp_edges": 0,
          "new_base_edges": 0,
          "cumulative_vrp_edges": 0,
          "cumulative_base_edges": 0,
          "classifications": {
            "vrp_only": 0,
            "both": 0,
            "base_only": 0,
            "neither": 5
          }
        },
        {
          "archive": 84,
          "new_inputs": 23,
          "cumulative_inputs": 18165,
          "new_vrp_edges": 0,
          "new_base_edges": 0,
          "cumulative_vrp_edges": 0,
          "cumulative_base_edges": 0,
          "classifications": {
            "vrp_only": 0,
            "both": 0,
            "base_only": 0,
            "neither": 23
          }
        },
        {
          "archive": 85,
          "new_inputs": 82,
          "cumulative_inputs": 18247,
          "new_vrp_edges": 0,
          "new_base_edges": 0,
          "cumulative_vrp_edges": 0,
          "cumulative_base_edges": 0,
          "classifications": {
            "vrp_only": 0,
            "both": 0,
            "base_only": 0,
            "neither": 82
          }
        },
        {
          "archive": 86,
          "new_inputs": 14,
          "cumulative_inputs": 18261,
          "new_vrp_edges": 0,
          "new_base_edges": 0,
          "cumulative_vrp_edges": 0,
          "cumulative_base_edges": 0,
          "classifications": {
            "vrp_only": 0,
            "both": 0,
            "base_only": 0,
            "neither": 14
          }
        },
        {
          "archive": 87,
          "new_inputs": 59,
          "cumulative_inputs": 18320,
          "new_vrp_edges": 0,
          "new_base_edges": 0,
          "cumulative_vrp_edges": 0,
          "cumulative_base_edges": 0,
          "classifications": {
            "vrp_only": 0,
            "both": 0,
            "base_only": 0,
            "neither": 59
          }
        },
        {
          "archive": 88,
          "new_inputs": 20,
          "cumulative_inputs": 18340,
          "new_vrp_edges": 0,
          "new_base_edges": 0,
          "cumulative_vrp_edges": 0,
          "cumulative_base_edges": 0,
          "classifications": {
            "vrp_only": 0,
            "both": 0,
            "base_only": 0,
            "neither": 20
          }
        },
        {
          "archive": 89,
          "new_inputs": 33,
          "cumulative_inputs": 18373,
          "new_vrp_edges": 0,
          "new_base_edges": 0,
          "cumulative_vrp_edges": 0,
          "cumulative_base_edges": 0,
          "classifications": {
            "vrp_only": 0,
            "both": 0,
            "base_only": 0,
            "neither": 33
          }
        },
        {
          "archive": 90,
          "new_inputs": 143,
          "cumulative_inputs": 18516,
          "new_vrp_edges": 0,
          "new_base_edges": 0,
          "cumulative_vrp_edges": 0,
          "cumulative_base_edges": 0,
          "classifications": {
            "vrp_only": 0,
            "both": 0,
            "base_only": 0,
            "neither": 143
          }
        },
        {
          "archive": 91,
          "new_inputs": 53,
          "cumulative_inputs": 18569,
          "new_vrp_edges": 0,
          "new_base_edges": 0,
          "cumulative_vrp_edges": 0,
          "cumulative_base_edges": 0,
          "classifications": {
            "vrp_only": 0,
            "both": 0,
            "base_only": 0,
            "neither": 53
          }
        },
        {
          "archive": 92,
          "new_inputs": 27,
          "cumulative_inputs": 18596,
          "new_vrp_edges": 0,
          "new_base_edges": 0,
          "cumulative_vrp_edges": 0,
          "cumulative_base_edges": 0,
          "classifications": {
            "vrp_only": 0,
            "both": 0,
            "base_only": 0,
            "neither": 27
          }
        },
        {
          "archive": 93,
          "new_inputs": 24,
          "cumulative_inputs": 18620,
          "new_vrp_edges": 0,
          "new_base_edges": 0,
          "cumulative_vrp_edges": 0,
          "cumulative_base_edges": 0,
          "classifications": {
            "vrp_only": 0,
            "both": 0,
            "base_only": 0,
            "neither": 24
          }
        },
        {
          "archive": 94,
          "new_inputs": 26,
          "cumulative_inputs": 18646,
          "new_vrp_edges": 0,
          "new_base_edges": 0,
          "cumulative_vrp_edges": 0,
          "cumulative_base_edges": 0,
          "classifications": {
            "vrp_only": 0,
            "both": 0,
            "base_only": 0,
            "neither": 26
          }
        },
        {
          "archive": 95,
          "new_inputs": 28,
          "cumulative_inputs": 18674,
          "new_vrp_edges": 0,
          "new_base_edges": 0,
          "cumulative_vrp_edges": 0,
          "cumulative_base_edges": 0,
          "classifications": {
            "vrp_only": 0,
            "both": 0,
            "base_only": 0,
            "neither": 28
          }
        },
        {
          "archive": 96,
          "new_inputs": 0,
          "cumulative_inputs": 18674,
          "new_vrp_edges": 0,
          "new_base_edges": 0,
          "cumulative_vrp_edges": 0,
          "cumulative_base_edges": 0,
          "classifications": {
            "vrp_only": 0,
            "both": 0,
            "base_only": 0,
            "neither": 0
          }
        }
      ],
      "summary": {
        "total_inputs": 18674,
        "total_vrp_edges": 0,
        "total_base_edges": 0,
        "entanglement_rate": 0.0,
        "vrp_only_count": 0,
        "both_count": 0,
        "base_only_count": 0,
        "neither_count": 18674
      }
    },
    "vrp_bucket_entanglement": {
      "summary": {
        "total_inputs": 18674,
        "bucket_entanglement_rate": 0.0,
        "vrp_only": 0,
        "both": 0,
        "base_only": 0,
        "neither": 18674,
        "edge_neither_but_bucket_interesting": 0
      }
    },
    "vrp_gradient": {
      "summary": {
        "total_vrp_edges_seen": 0,
        "singleton_edges": 0,
        "low_freq_edges": 0,
        "high_freq_edges": 0,
        "vrp_exclusive_singletons": 0,
        "hit_count_distribution": {
          "1": 0,
          "2-3": 0,
          "4-10": 0,
          "11-50": 0,
          "51-200": 0,
          "200+": 0
        }
      }
    },
    "edge_growth": {
      "growth_curve": [
        {
          "archive": 0,
          "total_inputs": 2,
          "vrp_edges": 0,
          "base_edges": 0
        },
        {
          "archive": 1,
          "total_inputs": 6709,
          "vrp_edges": 0,
          "base_edges": 0
        },
        {
          "archive": 2,
          "total_inputs": 9701,
          "vrp_edges": 0,
          "base_edges": 0
        },
        {
          "archive": 3,
          "total_inputs": 11455,
          "vrp_edges": 0,
          "base_edges": 0
        },
        {
          "archive": 4,
          "total_inputs": 12611,
          "vrp_edges": 0,
          "base_edges": 0
        },
        {
          "archive": 5,
          "total_inputs": 13266,
          "vrp_edges": 0,
          "base_edges": 0
        },
        {
          "archive": 6,
          "total_inputs": 13678,
          "vrp_edges": 0,
          "base_edges": 0
        },
        {
          "archive": 7,
          "total_inputs": 13884,
          "vrp_edges": 0,
          "base_edges": 0
        },
        {
          "archive": 8,
          "total_inputs": 14171,
          "vrp_edges": 0,
          "base_edges": 0
        },
        {
          "archive": 9,
          "total_inputs": 14330,
          "vrp_edges": 0,
          "base_edges": 0
        },
        {
          "archive": 10,
          "total_inputs": 14419,
          "vrp_edges": 0,
          "base_edges": 0
        },
        {
          "archive": 11,
          "total_inputs": 14533,
          "vrp_edges": 0,
          "base_edges": 0
        },
        {
          "archive": 12,
          "total_inputs": 14618,
          "vrp_edges": 0,
          "base_edges": 0
        },
        {
          "archive": 13,
          "total_inputs": 14663,
          "vrp_edges": 0,
          "base_edges": 0
        },
        {
          "archive": 14,
          "total_inputs": 14722,
          "vrp_edges": 0,
          "base_edges": 0
        },
        {
          "archive": 15,
          "total_inputs": 14818,
          "vrp_edges": 0,
          "base_edges": 0
        },
        {
          "archive": 16,
          "total_inputs": 14897,
          "vrp_edges": 0,
          "base_edges": 0
        },
        {
          "archive": 17,
          "total_inputs": 15186,
          "vrp_edges": 0,
          "base_edges": 0
        },
        {
          "archive": 18,
          "total_inputs": 15354,
          "vrp_edges": 0,
          "base_edges": 0
        },
        {
          "archive": 19,
          "total_inputs": 15537,
          "vrp_edges": 0,
          "base_edges": 0
        },
        {
          "archive": 20,
          "total_inputs": 15606,
          "vrp_edges": 0,
          "base_edges": 0
        },
        {
          "archive": 21,
          "total_inputs": 15627,
          "vrp_edges": 0,
          "base_edges": 0
        },
        {
          "archive": 22,
          "total_inputs": 15663,
          "vrp_edges": 0,
          "base_edges": 0
        },
        {
          "archive": 23,
          "total_inputs": 15695,
          "vrp_edges": 0,
          "base_edges": 0
        },
        {
          "archive": 24,
          "total_inputs": 15728,
          "vrp_edges": 0,
          "base_edges": 0
        },
        {
          "archive": 25,
          "total_inputs": 15755,
          "vrp_edges": 0,
          "base_edges": 0
        },
        {
          "archive": 26,
          "total_inputs": 15780,
          "vrp_edges": 0,
          "base_edges": 0
        },
        {
          "archive": 27,
          "total_inputs": 16042,
          "vrp_edges": 0,
          "base_edges": 0
        },
        {
          "archive": 28,
          "total_inputs": 16140,
          "vrp_edges": 0,
          "base_edges": 0
        },
        {
          "archive": 29,
          "total_inputs": 16172,
          "vrp_edges": 0,
          "base_edges": 0
        },
        {
          "archive": 30,
          "total_inputs": 16202,
          "vrp_edges": 0,
          "base_edges": 0
        },
        {
          "archive": 31,
          "total_inputs": 16267,
          "vrp_edges": 0,
          "base_edges": 0
        },
        {
          "archive": 32,
          "total_inputs": 16287,
          "vrp_edges": 0,
          "base_edges": 0
        },
        {
          "archive": 33,
          "total_inputs": 16319,
          "vrp_edges": 0,
          "base_edges": 0
        },
        {
          "archive": 34,
          "total_inputs": 16364,
          "vrp_edges": 0,
          "base_edges": 0
        },
        {
          "archive": 35,
          "total_inputs": 16391,
          "vrp_edges": 0,
          "base_edges": 0
        },
        {
          "archive": 36,
          "total_inputs": 16411,
          "vrp_edges": 0,
          "base_edges": 0
        },
        {
          "archive": 37,
          "total_inputs": 16431,
          "vrp_edges": 0,
          "base_edges": 0
        },
        {
          "archive": 38,
          "total_inputs": 16457,
          "vrp_edges": 0,
          "base_edges": 0
        },
        {
          "archive": 39,
          "total_inputs": 16519,
          "vrp_edges": 0,
          "base_edges": 0
        },
        {
          "archive": 40,
          "total_inputs": 16634,
          "vrp_edges": 0,
          "base_edges": 0
        },
        {
          "archive": 41,
          "total_inputs": 16676,
          "vrp_edges": 0,
          "base_edges": 0
        },
        {
          "archive": 42,
          "total_inputs": 16705,
          "vrp_edges": 0,
          "base_edges": 0
        },
        {
          "archive": 43,
          "total_inputs": 16751,
          "vrp_edges": 0,
          "base_edges": 0
        },
        {
          "archive": 44,
          "total_inputs": 16771,
          "vrp_edges": 0,
          "base_edges": 0
        },
        {
          "archive": 45,
          "total_inputs": 16790,
          "vrp_edges": 0,
          "base_edges": 0
        },
        {
          "archive": 46,
          "total_inputs": 16856,
          "vrp_edges": 0,
          "base_edges": 0
        },
        {
          "archive": 47,
          "total_inputs": 16875,
          "vrp_edges": 0,
          "base_edges": 0
        },
        {
          "archive": 48,
          "total_inputs": 16889,
          "vrp_edges": 0,
          "base_edges": 0
        },
        {
          "archive": 49,
          "total_inputs": 16910,
          "vrp_edges": 0,
          "base_edges": 0
        },
        {
          "archive": 50,
          "total_inputs": 16952,
          "vrp_edges": 0,
          "base_edges": 0
        },
        {
          "archive": 51,
          "total_inputs": 16965,
          "vrp_edges": 0,
          "base_edges": 0
        },
        {
          "archive": 52,
          "total_inputs": 16994,
          "vrp_edges": 0,
          "base_edges": 0
        },
        {
          "archive": 53,
          "total_inputs": 17016,
          "vrp_edges": 0,
          "base_edges": 0
        },
        {
          "archive": 54,
          "total_inputs": 17031,
          "vrp_edges": 0,
          "base_edges": 0
        },
        {
          "archive": 55,
          "total_inputs": 17036,
          "vrp_edges": 0,
          "base_edges": 0
        },
        {
          "archive": 56,
          "total_inputs": 17047,
          "vrp_edges": 0,
          "base_edges": 0
        },
        {
          "archive": 57,
          "total_inputs": 17071,
          "vrp_edges": 0,
          "base_edges": 0
        },
        {
          "archive": 58,
          "total_inputs": 17079,
          "vrp_edges": 0,
          "base_edges": 0
        },
        {
          "archive": 59,
          "total_inputs": 17157,
          "vrp_edges": 0,
          "base_edges": 0
        },
        {
          "archive": 60,
          "total_inputs": 17226,
          "vrp_edges": 0,
          "base_edges": 0
        },
        {
          "archive": 61,
          "total_inputs": 17236,
          "vrp_edges": 0,
          "base_edges": 0
        },
        {
          "archive": 62,
          "total_inputs": 17258,
          "vrp_edges": 0,
          "base_edges": 0
        },
        {
          "archive": 63,
          "total_inputs": 17291,
          "vrp_edges": 0,
          "base_edges": 0
        },
        {
          "archive": 64,
          "total_inputs": 17422,
          "vrp_edges": 0,
          "base_edges": 0
        },
        {
          "archive": 65,
          "total_inputs": 17434,
          "vrp_edges": 0,
          "base_edges": 0
        },
        {
          "archive": 66,
          "total_inputs": 17456,
          "vrp_edges": 0,
          "base_edges": 0
        },
        {
          "archive": 67,
          "total_inputs": 17485,
          "vrp_edges": 0,
          "base_edges": 0
        },
        {
          "archive": 68,
          "total_inputs": 17560,
          "vrp_edges": 0,
          "base_edges": 0
        },
        {
          "archive": 69,
          "total_inputs": 17715,
          "vrp_edges": 0,
          "base_edges": 0
        },
        {
          "archive": 70,
          "total_inputs": 17741,
          "vrp_edges": 0,
          "base_edges": 0
        },
        {
          "archive": 71,
          "total_inputs": 17752,
          "vrp_edges": 0,
          "base_edges": 0
        },
        {
          "archive": 72,
          "total_inputs": 17887,
          "vrp_edges": 0,
          "base_edges": 0
        },
        {
          "archive": 73,
          "total_inputs": 17914,
          "vrp_edges": 0,
          "base_edges": 0
        },
        {
          "archive": 74,
          "total_inputs": 17940,
          "vrp_edges": 0,
          "base_edges": 0
        },
        {
          "archive": 75,
          "total_inputs": 17981,
          "vrp_edges": 0,
          "base_edges": 0
        },
        {
          "archive": 76,
          "total_inputs": 18046,
          "vrp_edges": 0,
          "base_edges": 0
        },
        {
          "archive": 77,
          "total_inputs": 18058,
          "vrp_edges": 0,
          "base_edges": 0
        },
        {
          "archive": 78,
          "total_inputs": 18085,
          "vrp_edges": 0,
          "base_edges": 0
        },
        {
          "archive": 79,
          "total_inputs": 18095,
          "vrp_edges": 0,
          "base_edges": 0
        },
        {
          "archive": 80,
          "total_inputs": 18108,
          "vrp_edges": 0,
          "base_edges": 0
        },
        {
          "archive": 81,
          "total_inputs": 18126,
          "vrp_edges": 0,
          "base_edges": 0
        },
        {
          "archive": 82,
          "total_inputs": 18137,
          "vrp_edges": 0,
          "base_edges": 0
        },
        {
          "archive": 83,
          "total_inputs": 18142,
          "vrp_edges": 0,
          "base_edges": 0
        },
        {
          "archive": 84,
          "total_inputs": 18165,
          "vrp_edges": 0,
          "base_edges": 0
        },
        {
          "archive": 85,
          "total_inputs": 18247,
          "vrp_edges": 0,
          "base_edges": 0
        },
        {
          "archive": 86,
          "total_inputs": 18261,
          "vrp_edges": 0,
          "base_edges": 0
        },
        {
          "archive": 87,
          "total_inputs": 18320,
          "vrp_edges": 0,
          "base_edges": 0
        },
        {
          "archive": 88,
          "total_inputs": 18340,
          "vrp_edges": 0,
          "base_edges": 0
        },
        {
          "archive": 89,
          "total_inputs": 18373,
          "vrp_edges": 0,
          "base_edges": 0
        },
        {
          "archive": 90,
          "total_inputs": 18516,
          "vrp_edges": 0,
          "base_edges": 0
        },
        {
          "archive": 91,
          "total_inputs": 18569,
          "vrp_edges": 0,
          "base_edges": 0
        },
        {
          "archive": 92,
          "total_inputs": 18596,
          "vrp_edges": 0,
          "base_edges": 0
        },
        {
          "archive": 93,
          "total_inputs": 18620,
          "vrp_edges": 0,
          "base_edges": 0
        },
        {
          "archive": 94,
          "total_inputs": 18646,
          "vrp_edges": 0,
          "base_edges": 0
        },
        {
          "archive": 95,
          "total_inputs": 18674,
          "vrp_edges": 0,
          "base_edges": 0
        },
        {
          "archive": 96,
          "total_inputs": 18674,
          "vrp_edges": 0,
          "base_edges": 0
        }
      ],
      "final_vrp_edges": 0,
      "final_base_edges": 0,
      "total_inputs": 18674
    },
    "speed": {
      "per_archive": [
        {
          "archive": 0,
          "inputs": 2,
          "mean_vrp_ms": 5.921,
          "mean_base_ms": 6.341,
          "overhead": 0.9338
        },
        {
          "archive": 1,
          "inputs": 6707,
          "mean_vrp_ms": 0.019,
          "mean_base_ms": 0.019,
          "overhead": 0.9963
        },
        {
          "archive": 2,
          "inputs": 2992,
          "mean_vrp_ms": 0.018,
          "mean_base_ms": 0.02,
          "overhead": 0.9349
        },
        {
          "archive": 3,
          "inputs": 1754,
          "mean_vrp_ms": 0.021,
          "mean_base_ms": 0.023,
          "overhead": 0.9418
        },
        {
          "archive": 4,
          "inputs": 1156,
          "mean_vrp_ms": 0.024,
          "mean_base_ms": 0.027,
          "overhead": 0.8952
        },
        {
          "archive": 5,
          "inputs": 655,
          "mean_vrp_ms": 0.038,
          "mean_base_ms": 0.036,
          "overhead": 1.0512
        },
        {
          "archive": 6,
          "inputs": 412,
          "mean_vrp_ms": 0.053,
          "mean_base_ms": 0.051,
          "overhead": 1.045
        },
        {
          "archive": 7,
          "inputs": 206,
          "mean_vrp_ms": 0.069,
          "mean_base_ms": 0.07,
          "overhead": 0.9845
        },
        {
          "archive": 8,
          "inputs": 287,
          "mean_vrp_ms": 0.053,
          "mean_base_ms": 0.06,
          "overhead": 0.8954
        },
        {
          "archive": 9,
          "inputs": 159,
          "mean_vrp_ms": 0.11,
          "mean_base_ms": 0.093,
          "overhead": 1.1827
        },
        {
          "archive": 10,
          "inputs": 89,
          "mean_vrp_ms": 0.149,
          "mean_base_ms": 0.154,
          "overhead": 0.9658
        },
        {
          "archive": 11,
          "inputs": 114,
          "mean_vrp_ms": 0.101,
          "mean_base_ms": 0.107,
          "overhead": 0.9452
        },
        {
          "archive": 12,
          "inputs": 85,
          "mean_vrp_ms": 0.148,
          "mean_base_ms": 0.143,
          "overhead": 1.0334
        },
        {
          "archive": 13,
          "inputs": 45,
          "mean_vrp_ms": 0.286,
          "mean_base_ms": 0.274,
          "overhead": 1.0444
        },
        {
          "archive": 14,
          "inputs": 59,
          "mean_vrp_ms": 0.234,
          "mean_base_ms": 0.2,
          "overhead": 1.1694
        },
        {
          "archive": 15,
          "inputs": 96,
          "mean_vrp_ms": 0.141,
          "mean_base_ms": 0.131,
          "overhead": 1.0792
        },
        {
          "archive": 16,
          "inputs": 79,
          "mean_vrp_ms": 0.193,
          "mean_base_ms": 0.157,
          "overhead": 1.2315
        },
        {
          "archive": 17,
          "inputs": 289,
          "mean_vrp_ms": 0.055,
          "mean_base_ms": 0.057,
          "overhead": 0.9693
        },
        {
          "archive": 18,
          "inputs": 168,
          "mean_vrp_ms": 0.088,
          "mean_base_ms": 0.081,
          "overhead": 1.0771
        },
        {
          "archive": 19,
          "inputs": 183,
          "mean_vrp_ms": 0.087,
          "mean_base_ms": 0.095,
          "overhead": 0.911
        },
        {
          "archive": 20,
          "inputs": 69,
          "mean_vrp_ms": 0.231,
          "mean_base_ms": 0.2,
          "overhead": 1.1589
        },
        {
          "archive": 21,
          "inputs": 21,
          "mean_vrp_ms": 0.651,
          "mean_base_ms": 0.545,
          "overhead": 1.1955
        },
        {
          "archive": 22,
          "inputs": 36,
          "mean_vrp_ms": 0.404,
          "mean_base_ms": 0.325,
          "overhead": 1.2431
        },
        {
          "archive": 23,
          "inputs": 32,
          "mean_vrp_ms": 0.394,
          "mean_base_ms": 0.346,
          "overhead": 1.1398
        },
        {
          "archive": 24,
          "inputs": 33,
          "mean_vrp_ms": 0.325,
          "mean_base_ms": 0.334,
          "overhead": 0.9758
        },
        {
          "archive": 25,
          "inputs": 27,
          "mean_vrp_ms": 0.452,
          "mean_base_ms": 0.404,
          "overhead": 1.1171
        },
        {
          "archive": 26,
          "inputs": 25,
          "mean_vrp_ms": 0.454,
          "mean_base_ms": 0.451,
          "overhead": 1.0062
        },
        {
          "archive": 27,
          "inputs": 262,
          "mean_vrp_ms": 0.069,
          "mean_base_ms": 0.059,
          "overhead": 1.17
        },
        {
          "archive": 28,
          "inputs": 98,
          "mean_vrp_ms": 0.148,
          "mean_base_ms": 0.13,
          "overhead": 1.1398
        },
        {
          "archive": 29,
          "inputs": 32,
          "mean_vrp_ms": 0.433,
          "mean_base_ms": 0.396,
          "overhead": 1.0916
        },
        {
          "archive": 30,
          "inputs": 30,
          "mean_vrp_ms": 0.424,
          "mean_base_ms": 0.372,
          "overhead": 1.1378
        },
        {
          "archive": 31,
          "inputs": 65,
          "mean_vrp_ms": 0.197,
          "mean_base_ms": 0.191,
          "overhead": 1.0326
        },
        {
          "archive": 32,
          "inputs": 20,
          "mean_vrp_ms": 0.622,
          "mean_base_ms": 0.571,
          "overhead": 1.0891
        },
        {
          "archive": 33,
          "inputs": 32,
          "mean_vrp_ms": 0.365,
          "mean_base_ms": 0.34,
          "overhead": 1.0743
        },
        {
          "archive": 34,
          "inputs": 45,
          "mean_vrp_ms": 0.318,
          "mean_base_ms": 0.38,
          "overhead": 0.8354
        },
        {
          "archive": 35,
          "inputs": 27,
          "mean_vrp_ms": 0.434,
          "mean_base_ms": 0.405,
          "overhead": 1.0709
        },
        {
          "archive": 36,
          "inputs": 20,
          "mean_vrp_ms": 0.787,
          "mean_base_ms": 0.574,
          "overhead": 1.3701
        },
        {
          "archive": 37,
          "inputs": 20,
          "mean_vrp_ms": 0.65,
          "mean_base_ms": 0.635,
          "overhead": 1.0239
        },
        {
          "archive": 38,
          "inputs": 26,
          "mean_vrp_ms": 0.454,
          "mean_base_ms": 0.473,
          "overhead": 0.9601
        },
        {
          "archive": 39,
          "inputs": 62,
          "mean_vrp_ms": 0.221,
          "mean_base_ms": 0.201,
          "overhead": 1.0991
        },
        {
          "archive": 40,
          "inputs": 115,
          "mean_vrp_ms": 0.146,
          "mean_base_ms": 0.125,
          "overhead": 1.1706
        },
        {
          "archive": 41,
          "inputs": 42,
          "mean_vrp_ms": 0.273,
          "mean_base_ms": 0.269,
          "overhead": 1.0162
        },
        {
          "archive": 42,
          "inputs": 29,
          "mean_vrp_ms": 0.426,
          "mean_base_ms": 0.504,
          "overhead": 0.8455
        },
        {
          "archive": 43,
          "inputs": 46,
          "mean_vrp_ms": 0.314,
          "mean_base_ms": 0.265,
          "overhead": 1.1855
        },
        {
          "archive": 44,
          "inputs": 20,
          "mean_vrp_ms": 0.54,
          "mean_base_ms": 0.582,
          "overhead": 0.9271
        },
        {
          "archive": 45,
          "inputs": 19,
          "mean_vrp_ms": 0.819,
          "mean_base_ms": 0.656,
          "overhead": 1.2483
        },
        {
          "archive": 46,
          "inputs": 66,
          "mean_vrp_ms": 0.24,
          "mean_base_ms": 0.2,
          "overhead": 1.2024
        },
        {
          "archive": 47,
          "inputs": 19,
          "mean_vrp_ms": 0.874,
          "mean_base_ms": 0.69,
          "overhead": 1.2673
        },
        {
          "archive": 48,
          "inputs": 14,
          "mean_vrp_ms": 1.021,
          "mean_base_ms": 1.101,
          "overhead": 0.9275
        },
        {
          "archive": 49,
          "inputs": 21,
          "mean_vrp_ms": 0.677,
          "mean_base_ms": 0.647,
          "overhead": 1.0476
        },
        {
          "archive": 50,
          "inputs": 42,
          "mean_vrp_ms": 0.368,
          "mean_base_ms": 0.322,
          "overhead": 1.1443
        },
        {
          "archive": 51,
          "inputs": 13,
          "mean_vrp_ms": 0.996,
          "mean_base_ms": 1.111,
          "overhead": 0.897
        },
        {
          "archive": 52,
          "inputs": 29,
          "mean_vrp_ms": 0.46,
          "mean_base_ms": 0.393,
          "overhead": 1.1724
        },
        {
          "archive": 53,
          "inputs": 22,
          "mean_vrp_ms": 0.732,
          "mean_base_ms": 0.613,
          "overhead": 1.1943
        },
        {
          "archive": 54,
          "inputs": 15,
          "mean_vrp_ms": 0.984,
          "mean_base_ms": 0.873,
          "overhead": 1.1271
        },
        {
          "archive": 55,
          "inputs": 5,
          "mean_vrp_ms": 2.943,
          "mean_base_ms": 2.137,
          "overhead": 1.3774
        },
        {
          "archive": 56,
          "inputs": 11,
          "mean_vrp_ms": 1.448,
          "mean_base_ms": 1.085,
          "overhead": 1.3345
        },
        {
          "archive": 57,
          "inputs": 24,
          "mean_vrp_ms": 0.486,
          "mean_base_ms": 0.468,
          "overhead": 1.0384
        },
        {
          "archive": 58,
          "inputs": 8,
          "mean_vrp_ms": 1.808,
          "mean_base_ms": 1.592,
          "overhead": 1.1354
        },
        {
          "archive": 59,
          "inputs": 78,
          "mean_vrp_ms": 0.157,
          "mean_base_ms": 0.176,
          "overhead": 0.8887
        },
        {
          "archive": 60,
          "inputs": 69,
          "mean_vrp_ms": 0.188,
          "mean_base_ms": 0.18,
          "overhead": 1.0398
        },
        {
          "archive": 61,
          "inputs": 10,
          "mean_vrp_ms": 1.133,
          "mean_base_ms": 1.117,
          "overhead": 1.0149
        },
        {
          "archive": 62,
          "inputs": 22,
          "mean_vrp_ms": 0.483,
          "mean_base_ms": 0.487,
          "overhead": 0.992
        },
        {
          "archive": 63,
          "inputs": 33,
          "mean_vrp_ms": 0.325,
          "mean_base_ms": 0.34,
          "overhead": 0.9541
        },
        {
          "archive": 64,
          "inputs": 131,
          "mean_vrp_ms": 0.099,
          "mean_base_ms": 0.098,
          "overhead": 1.0088
        },
        {
          "archive": 65,
          "inputs": 12,
          "mean_vrp_ms": 1.237,
          "mean_base_ms": 1.088,
          "overhead": 1.1372
        },
        {
          "archive": 66,
          "inputs": 22,
          "mean_vrp_ms": 0.64,
          "mean_base_ms": 0.552,
          "overhead": 1.1587
        },
        {
          "archive": 67,
          "inputs": 29,
          "mean_vrp_ms": 0.378,
          "mean_base_ms": 0.424,
          "overhead": 0.8915
        },
        {
          "archive": 68,
          "inputs": 75,
          "mean_vrp_ms": 0.164,
          "mean_base_ms": 0.182,
          "overhead": 0.9045
        },
        {
          "archive": 69,
          "inputs": 155,
          "mean_vrp_ms": 0.089,
          "mean_base_ms": 0.091,
          "overhead": 0.9685
        },
        {
          "archive": 70,
          "inputs": 26,
          "mean_vrp_ms": 0.455,
          "mean_base_ms": 0.477,
          "overhead": 0.9525
        },
        {
          "archive": 71,
          "inputs": 11,
          "mean_vrp_ms": 1.192,
          "mean_base_ms": 0.956,
          "overhead": 1.247
        },
        {
          "archive": 72,
          "inputs": 135,
          "mean_vrp_ms": 0.103,
          "mean_base_ms": 0.098,
          "overhead": 1.0568
        },
        {
          "archive": 73,
          "inputs": 27,
          "mean_vrp_ms": 0.594,
          "mean_base_ms": 0.459,
          "overhead": 1.2925
        },
        {
          "archive": 74,
          "inputs": 26,
          "mean_vrp_ms": 0.563,
          "mean_base_ms": 0.454,
          "overhead": 1.2408
        },
        {
          "archive": 75,
          "inputs": 41,
          "mean_vrp_ms": 0.279,
          "mean_base_ms": 0.292,
          "overhead": 0.9531
        },
        {
          "archive": 76,
          "inputs": 65,
          "mean_vrp_ms": 0.195,
          "mean_base_ms": 0.217,
          "overhead": 0.9001
        },
        {
          "archive": 77,
          "inputs": 12,
          "mean_vrp_ms": 1.095,
          "mean_base_ms": 0.973,
          "overhead": 1.1256
        },
        {
          "archive": 78,
          "inputs": 27,
          "mean_vrp_ms": 0.459,
          "mean_base_ms": 0.463,
          "overhead": 0.9923
        },
        {
          "archive": 79,
          "inputs": 10,
          "mean_vrp_ms": 1.16,
          "mean_base_ms": 1.224,
          "overhead": 0.9475
        },
        {
          "archive": 80,
          "inputs": 13,
          "mean_vrp_ms": 0.876,
          "mean_base_ms": 0.953,
          "overhead": 0.9191
        },
        {
          "archive": 81,
          "inputs": 18,
          "mean_vrp_ms": 0.702,
          "mean_base_ms": 0.657,
          "overhead": 1.0694
        },
        {
          "archive": 82,
          "inputs": 11,
          "mean_vrp_ms": 1.08,
          "mean_base_ms": 1.104,
          "overhead": 0.9782
        },
        {
          "archive": 83,
          "inputs": 5,
          "mean_vrp_ms": 2.339,
          "mean_base_ms": 2.355,
          "overhead": 0.9931
        },
        {
          "archive": 84,
          "inputs": 23,
          "mean_vrp_ms": 0.556,
          "mean_base_ms": 0.586,
          "overhead": 0.9482
        },
        {
          "archive": 85,
          "inputs": 82,
          "mean_vrp_ms": 0.204,
          "mean_base_ms": 0.152,
          "overhead": 1.3406
        },
        {
          "archive": 86,
          "inputs": 14,
          "mean_vrp_ms": 1.071,
          "mean_base_ms": 0.808,
          "overhead": 1.3265
        },
        {
          "archive": 87,
          "inputs": 59,
          "mean_vrp_ms": 0.213,
          "mean_base_ms": 0.218,
          "overhead": 0.9783
        },
        {
          "archive": 88,
          "inputs": 20,
          "mean_vrp_ms": 0.613,
          "mean_base_ms": 0.567,
          "overhead": 1.0804
        },
        {
          "archive": 89,
          "inputs": 33,
          "mean_vrp_ms": 0.458,
          "mean_base_ms": 0.411,
          "overhead": 1.1151
        },
        {
          "archive": 90,
          "inputs": 143,
          "mean_vrp_ms": 0.128,
          "mean_base_ms": 0.107,
          "overhead": 1.1905
        },
        {
          "archive": 91,
          "inputs": 53,
          "mean_vrp_ms": 0.208,
          "mean_base_ms": 0.238,
          "overhead": 0.8757
        },
        {
          "archive": 92,
          "inputs": 27,
          "mean_vrp_ms": 0.445,
          "mean_base_ms": 0.555,
          "overhead": 0.8008
        },
        {
          "archive": 93,
          "inputs": 24,
          "mean_vrp_ms": 0.624,
          "mean_base_ms": 0.499,
          "overhead": 1.2492
        },
        {
          "archive": 94,
          "inputs": 26,
          "mean_vrp_ms": 0.485,
          "mean_base_ms": 0.463,
          "overhead": 1.0481
        },
        {
          "archive": 95,
          "inputs": 28,
          "mean_vrp_ms": 0.469,
          "mean_base_ms": 0.44,
          "overhead": 1.065
        },
        {
          "archive": 96,
          "inputs": 0,
          "mean_vrp_ms": 0.0,
          "mean_base_ms": 0.0,
          "overhead": 0.0
        }
      ],
      "summary": {
        "total_inputs": 18674,
        "vrp_mean_ms": 0.081,
        "vrp_median_ms": 0.019,
        "vrp_p95_ms": 0.424,
        "vrp_p99_ms": 0.819,
        "base_mean_ms": 0.078,
        "base_median_ms": 0.02,
        "base_p95_ms": 0.393,
        "base_p99_ms": 0.657,
        "mean_overhead": 1.0454
      }
    }
  }
}