{
  "experiment": "vrp-unfold-eval-big04",
  "benchmark": "freetype2_ftfuzzer",
  "fuzzer": "aflplusplus_lto",
  "instance": "43994",
  "archives_processed": 97,
  "total_inputs": 16462,
  "elapsed_seconds": 17.3,
  "analyzer_results": {
    "vrp_hit_entanglement": {
      "per_archive": [
        {
          "archive": 0,
          "new_inputs": 2,
          "cumulative_inputs": 2,
          "new_vrp_edges": 0,
          "new_base_edges": 0,
          "cumulative_vrp_edges": 0,
          "cumulative_base_edges": 0,
          "classifications": {
            "vrp_only": 0,
            "both": 0,
            "base_only": 0,
            "neither": 2
          }
        },
        {
          "archive": 1,
          "new_inputs": 7729,
          "cumulative_inputs": 7731,
          "new_vrp_edges": 0,
          "new_base_edges": 0,
          "cumulative_vrp_edges": 0,
          "cumulative_base_edges": 0,
          "classifications": {
            "vrp_only": 0,
            "both": 0,
            "base_only": 0,
            "neither": 7729
          }
        },
        {
          "archive": 2,
          "new_inputs": 1793,
          "cumulative_inputs": 9524,
          "new_vrp_edges": 0,
          "new_base_edges": 0,
          "cumulative_vrp_edges": 0,
          "cumulative_base_edges": 0,
          "classifications": {
            "vrp_only": 0,
            "both": 0,
            "base_only": 0,
            "neither": 1793
          }
        },
        {
          "archive": 3,
          "new_inputs": 1295,
          "cumulative_inputs": 10819,
          "new_vrp_edges": 0,
          "new_base_edges": 0,
          "cumulative_vrp_edges": 0,
          "cumulative_base_edges": 0,
          "classifications": {
            "vrp_only": 0,
            "both": 0,
            "base_only": 0,
            "neither": 1295
          }
        },
        {
          "archive": 4,
          "new_inputs": 548,
          "cumulative_inputs": 11367,
          "new_vrp_edges": 0,
          "new_base_edges": 0,
          "cumulative_vrp_edges": 0,
          "cumulative_base_edges": 0,
          "classifications": {
            "vrp_only": 0,
            "both": 0,
            "base_only": 0,
            "neither": 548
          }
        },
        {
          "archive": 5,
          "new_inputs": 355,
          "cumulative_inputs": 11722,
          "new_vrp_edges": 0,
          "new_base_edges": 0,
          "cumulative_vrp_edges": 0,
          "cumulative_base_edges": 0,
          "classifications": {
            "vrp_only": 0,
            "both": 0,
            "base_only": 0,
            "neither": 355
          }
        },
        {
          "archive": 6,
          "new_inputs": 241,
          "cumulative_inputs": 11963,
          "new_vrp_edges": 0,
          "new_base_edges": 0,
          "cumulative_vrp_edges": 0,
          "cumulative_base_edges": 0,
          "classifications": {
            "vrp_only": 0,
            "both": 0,
            "base_only": 0,
            "neither": 241
          }
        },
        {
          "archive": 7,
          "new_inputs": 406,
          "cumulative_inputs": 12369,
          "new_vrp_edges": 0,
          "new_base_edges": 0,
          "cumulative_vrp_edges": 0,
          "cumulative_base_edges": 0,
          "classifications": {
            "vrp_only": 0,
            "both": 0,
            "base_only": 0,
            "neither": 406
          }
        },
        {
          "archive": 8,
          "new_inputs": 120,
          "cumulative_inputs": 12489,
          "new_vrp_edges": 0,
          "new_base_edges": 0,
          "cumulative_vrp_edges": 0,
          "cumulative_base_edges": 0,
          "classifications": {
            "vrp_only": 0,
            "both": 0,
            "base_only": 0,
            "neither": 120
          }
        },
        {
          "archive": 9,
          "new_inputs": 166,
          "cumulative_inputs": 12655,
          "new_vrp_edges": 0,
          "new_base_edges": 0,
          "cumulative_vrp_edges": 0,
          "cumulative_base_edges": 0,
          "classifications": {
            "vrp_only": 0,
            "both": 0,
            "base_only": 0,
            "neither": 166
          }
        },
        {
          "archive": 10,
          "new_inputs": 78,
          "cumulative_inputs": 12733,
          "new_vrp_edges": 0,
          "new_base_edges": 0,
          "cumulative_vrp_edges": 0,
          "cumulative_base_edges": 0,
          "classifications": {
            "vrp_only": 0,
            "both": 0,
            "base_only": 0,
            "neither": 78
          }
        },
        {
          "archive": 11,
          "new_inputs": 62,
          "cumulative_inputs": 12795,
          "new_vrp_edges": 0,
          "new_base_edges": 0,
          "cumulative_vrp_edges": 0,
          "cumulative_base_edges": 0,
          "classifications": {
            "vrp_only": 0,
            "both": 0,
            "base_only": 0,
            "neither": 62
          }
        },
        {
          "archive": 12,
          "new_inputs": 111,
          "cumulative_inputs": 12906,
          "new_vrp_edges": 0,
          "new_base_edges": 0,
          "cumulative_vrp_edges": 0,
          "cumulative_base_edges": 0,
          "classifications": {
            "vrp_only": 0,
            "both": 0,
            "base_only": 0,
            "neither": 111
          }
        },
        {
          "archive": 13,
          "new_inputs": 85,
          "cumulative_inputs": 12991,
          "new_vrp_edges": 0,
          "new_base_edges": 0,
          "cumulative_vrp_edges": 0,
          "cumulative_base_edges": 0,
          "classifications": {
            "vrp_only": 0,
            "both": 0,
            "base_only": 0,
            "neither": 85
          }
        },
        {
          "archive": 14,
          "new_inputs": 56,
          "cumulative_inputs": 13047,
          "new_vrp_edges": 0,
          "new_base_edges": 0,
          "cumulative_vrp_edges": 0,
          "cumulative_base_edges": 0,
          "classifications": {
            "vrp_only": 0,
            "both": 0,
            "base_only": 0,
            "neither": 56
          }
        },
        {
          "archive": 15,
          "new_inputs": 59,
          "cumulative_inputs": 13106,
          "new_vrp_edges": 0,
          "new_base_edges": 0,
          "cumulative_vrp_edges": 0,
          "cumulative_base_edges": 0,
          "classifications": {
            "vrp_only": 0,
            "both": 0,
            "base_only": 0,
            "neither": 59
          }
        },
        {
          "archive": 16,
          "new_inputs": 86,
          "cumulative_inputs": 13192,
          "new_vrp_edges": 0,
          "new_base_edges": 0,
          "cumulative_vrp_edges": 0,
          "cumulative_base_edges": 0,
          "classifications": {
            "vrp_only": 0,
            "both": 0,
            "base_only": 0,
            "neither": 86
          }
        },
        {
          "archive": 17,
          "new_inputs": 61,
          "cumulative_inputs": 13253,
          "new_vrp_edges": 0,
          "new_base_edges": 0,
          "cumulative_vrp_edges": 0,
          "cumulative_base_edges": 0,
          "classifications": {
            "vrp_only": 0,
            "both": 0,
            "base_only": 0,
            "neither": 61
          }
        },
        {
          "archive": 18,
          "new_inputs": 79,
          "cumulative_inputs": 13332,
          "new_vrp_edges": 0,
          "new_base_edges": 0,
          "cumulative_vrp_edges": 0,
          "cumulative_base_edges": 0,
          "classifications": {
            "vrp_only": 0,
            "both": 0,
            "base_only": 0,
            "neither": 79
          }
        },
        {
          "archive": 19,
          "new_inputs": 78,
          "cumulative_inputs": 13410,
          "new_vrp_edges": 0,
          "new_base_edges": 0,
          "cumulative_vrp_edges": 0,
          "cumulative_base_edges": 0,
          "classifications": {
            "vrp_only": 0,
            "both": 0,
            "base_only": 0,
            "neither": 78
          }
        },
        {
          "archive": 20,
          "new_inputs": 65,
          "cumulative_inputs": 13475,
          "new_vrp_edges": 0,
          "new_base_edges": 0,
          "cumulative_vrp_edges": 0,
          "cumulative_base_edges": 0,
          "classifications": {
            "vrp_only": 0,
            "both": 0,
            "base_only": 0,
            "neither": 65
          }
        },
        {
          "archive": 21,
          "new_inputs": 46,
          "cumulative_inputs": 13521,
          "new_vrp_edges": 0,
          "new_base_edges": 0,
          "cumulative_vrp_edges": 0,
          "cumulative_base_edges": 0,
          "classifications": {
            "vrp_only": 0,
            "both": 0,
            "base_only": 0,
            "neither": 46
          }
        },
        {
          "archive": 22,
          "new_inputs": 67,
          "cumulative_inputs": 13588,
          "new_vrp_edges": 0,
          "new_base_edges": 0,
          "cumulative_vrp_edges": 0,
          "cumulative_base_edges": 0,
          "classifications": {
            "vrp_only": 0,
            "both": 0,
            "base_only": 0,
            "neither": 67
          }
        },
        {
          "archive": 23,
          "new_inputs": 30,
          "cumulative_inputs": 13618,
          "new_vrp_edges": 0,
          "new_base_edges": 0,
          "cumulative_vrp_edges": 0,
          "cumulative_base_edges": 0,
          "classifications": {
            "vrp_only": 0,
            "both": 0,
            "base_only": 0,
            "neither": 30
          }
        },
        {
          "archive": 24,
          "new_inputs": 15,
          "cumulative_inputs": 13633,
          "new_vrp_edges": 0,
          "new_base_edges": 0,
          "cumulative_vrp_edges": 0,
          "cumulative_base_edges": 0,
          "classifications": {
            "vrp_only": 0,
            "both": 0,
            "base_only": 0,
            "neither": 15
          }
        },
        {
          "archive": 25,
          "new_inputs": 28,
          "cumulative_inputs": 13661,
          "new_vrp_edges": 0,
          "new_base_edges": 0,
          "cumulative_vrp_edges": 0,
          "cumulative_base_edges": 0,
          "classifications": {
            "vrp_only": 0,
            "both": 0,
            "base_only": 0,
            "neither": 28
          }
        },
        {
          "archive": 26,
          "new_inputs": 38,
          "cumulative_inputs": 13699,
          "new_vrp_edges": 0,
          "new_base_edges": 0,
          "cumulative_vrp_edges": 0,
          "cumulative_base_edges": 0,
          "classifications": {
            "vrp_only": 0,
            "both": 0,
            "base_only": 0,
            "neither": 38
          }
        },
        {
          "archive": 27,
          "new_inputs": 20,
          "cumulative_inputs": 13719,
          "new_vrp_edges": 0,
          "new_base_edges": 0,
          "cumulative_vrp_edges": 0,
          "cumulative_base_edges": 0,
          "classifications": {
            "vrp_only": 0,
            "both": 0,
            "base_only": 0,
            "neither": 20
          }
        },
        {
          "archive": 28,
          "new_inputs": 75,
          "cumulative_inputs": 13794,
          "new_vrp_edges": 0,
          "new_base_edges": 0,
          "cumulative_vrp_edges": 0,
          "cumulative_base_edges": 0,
          "classifications": {
            "vrp_only": 0,
            "both": 0,
            "base_only": 0,
            "neither": 75
          }
        },
        {
          "archive": 29,
          "new_inputs": 10,
          "cumulative_inputs": 13804,
          "new_vrp_edges": 0,
          "new_base_edges": 0,
          "cumulative_vrp_edges": 0,
          "cumulative_base_edges": 0,
          "classifications": {
            "vrp_only": 0,
            "both": 0,
            "base_only": 0,
            "neither": 10
          }
        },
        {
          "archive": 30,
          "new_inputs": 31,
          "cumulative_inputs": 13835,
          "new_vrp_edges": 0,
          "new_base_edges": 0,
          "cumulative_vrp_edges": 0,
          "cumulative_base_edges": 0,
          "classifications": {
            "vrp_only": 0,
            "both": 0,
            "base_only": 0,
            "neither": 31
          }
        },
        {
          "archive": 31,
          "new_inputs": 22,
          "cumulative_inputs": 13857,
          "new_vrp_edges": 0,
          "new_base_edges": 0,
          "cumulative_vrp_edges": 0,
          "cumulative_base_edges": 0,
          "classifications": {
            "vrp_only": 0,
            "both": 0,
            "base_only": 0,
            "neither": 22
          }
        },
        {
          "archive": 32,
          "new_inputs": 9,
          "cumulative_inputs": 13866,
          "new_vrp_edges": 0,
          "new_base_edges": 0,
          "cumulative_vrp_edges": 0,
          "cumulative_base_edges": 0,
          "classifications": {
            "vrp_only": 0,
            "both": 0,
            "base_only": 0,
            "neither": 9
          }
        },
        {
          "archive": 33,
          "new_inputs": 126,
          "cumulative_inputs": 13992,
          "new_vrp_edges": 0,
          "new_base_edges": 0,
          "cumulative_vrp_edges": 0,
          "cumulative_base_edges": 0,
          "classifications": {
            "vrp_only": 0,
            "both": 0,
            "base_only": 0,
            "neither": 126
          }
        },
        {
          "archive": 34,
          "new_inputs": 94,
          "cumulative_inputs": 14086,
          "new_vrp_edges": 0,
          "new_base_edges": 0,
          "cumulative_vrp_edges": 0,
          "cumulative_base_edges": 0,
          "classifications": {
            "vrp_only": 0,
            "both": 0,
            "base_only": 0,
            "neither": 94
          }
        },
        {
          "archive": 35,
          "new_inputs": 56,
          "cumulative_inputs": 14142,
          "new_vrp_edges": 0,
          "new_base_edges": 0,
          "cumulative_vrp_edges": 0,
          "cumulative_base_edges": 0,
          "classifications": {
            "vrp_only": 0,
            "both": 0,
            "base_only": 0,
            "neither": 56
          }
        },
        {
          "archive": 36,
          "new_inputs": 162,
          "cumulative_inputs": 14304,
          "new_vrp_edges": 0,
          "new_base_edges": 0,
          "cumulative_vrp_edges": 0,
          "cumulative_base_edges": 0,
          "classifications": {
            "vrp_only": 0,
            "both": 0,
            "base_only": 0,
            "neither": 162
          }
        },
        {
          "archive": 37,
          "new_inputs": 129,
          "cumulative_inputs": 14433,
          "new_vrp_edges": 0,
          "new_base_edges": 0,
          "cumulative_vrp_edges": 0,
          "cumulative_base_edges": 0,
          "classifications": {
            "vrp_only": 0,
            "both": 0,
            "base_only": 0,
            "neither": 129
          }
        },
        {
          "archive": 38,
          "new_inputs": 115,
          "cumulative_inputs": 14548,
          "new_vrp_edges": 0,
          "new_base_edges": 0,
          "cumulative_vrp_edges": 0,
          "cumulative_base_edges": 0,
          "classifications": {
            "vrp_only": 0,
            "both": 0,
            "base_only": 0,
            "neither": 115
          }
        },
        {
          "archive": 39,
          "new_inputs": 60,
          "cumulative_inputs": 14608,
          "new_vrp_edges": 0,
          "new_base_edges": 0,
          "cumulative_vrp_edges": 0,
          "cumulative_base_edges": 0,
          "classifications": {
            "vrp_only": 0,
            "both": 0,
            "base_only": 0,
            "neither": 60
          }
        },
        {
          "archive": 40,
          "new_inputs": 62,
          "cumulative_inputs": 14670,
          "new_vrp_edges": 0,
          "new_base_edges": 0,
          "cumulative_vrp_edges": 0,
          "cumulative_base_edges": 0,
          "classifications": {
            "vrp_only": 0,
            "both": 0,
            "base_only": 0,
            "neither": 62
          }
        },
        {
          "archive": 41,
          "new_inputs": 96,
          "cumulative_inputs": 14766,
          "new_vrp_edges": 0,
          "new_base_edges": 0,
          "cumulative_vrp_edges": 0,
          "cumulative_base_edges": 0,
          "classifications": {
            "vrp_only": 0,
            "both": 0,
            "base_only": 0,
            "neither": 96
          }
        },
        {
          "archive": 42,
          "new_inputs": 33,
          "cumulative_inputs": 14799,
          "new_vrp_edges": 0,
          "new_base_edges": 0,
          "cumulative_vrp_edges": 0,
          "cumulative_base_edges": 0,
          "classifications": {
            "vrp_only": 0,
            "both": 0,
            "base_only": 0,
            "neither": 33
          }
        },
        {
          "archive": 43,
          "new_inputs": 24,
          "cumulative_inputs": 14823,
          "new_vrp_edges": 0,
          "new_base_edges": 0,
          "cumulative_vrp_edges": 0,
          "cumulative_base_edges": 0,
          "classifications": {
            "vrp_only": 0,
            "both": 0,
            "base_only": 0,
            "neither": 24
          }
        },
        {
          "archive": 44,
          "new_inputs": 34,
          "cumulative_inputs": 14857,
          "new_vrp_edges": 0,
          "new_base_edges": 0,
          "cumulative_vrp_edges": 0,
          "cumulative_base_edges": 0,
          "classifications": {
            "vrp_only": 0,
            "both": 0,
            "base_only": 0,
            "neither": 34
          }
        },
        {
          "archive": 45,
          "new_inputs": 21,
          "cumulative_inputs": 14878,
          "new_vrp_edges": 0,
          "new_base_edges": 0,
          "cumulative_vrp_edges": 0,
          "cumulative_base_edges": 0,
          "classifications": {
            "vrp_only": 0,
            "both": 0,
            "base_only": 0,
            "neither": 21
          }
        },
        {
          "archive": 46,
          "new_inputs": 17,
          "cumulative_inputs": 14895,
          "new_vrp_edges": 0,
          "new_base_edges": 0,
          "cumulative_vrp_edges": 0,
          "cumulative_base_edges": 0,
          "classifications": {
            "vrp_only": 0,
            "both": 0,
            "base_only": 0,
            "neither": 17
          }
        },
        {
          "archive": 47,
          "new_inputs": 18,
          "cumulative_inputs": 14913,
          "new_vrp_edges": 0,
          "new_base_edges": 0,
          "cumulative_vrp_edges": 0,
          "cumulative_base_edges": 0,
          "classifications": {
            "vrp_only": 0,
            "both": 0,
            "base_only": 0,
            "neither": 18
          }
        },
        {
          "archive": 48,
          "new_inputs": 15,
          "cumulative_inputs": 14928,
          "new_vrp_edges": 0,
          "new_base_edges": 0,
          "cumulative_vrp_edges": 0,
          "cumulative_base_edges": 0,
          "classifications": {
            "vrp_only": 0,
            "both": 0,
            "base_only": 0,
            "neither": 15
          }
        },
        {
          "archive": 49,
          "new_inputs": 57,
          "cumulative_inputs": 14985,
          "new_vrp_edges": 0,
          "new_base_edges": 0,
          "cumulative_vrp_edges": 0,
          "cumulative_base_edges": 0,
          "classifications": {
            "vrp_only": 0,
            "both": 0,
            "base_only": 0,
            "neither": 57
          }
        },
        {
          "archive": 50,
          "new_inputs": 14,
          "cumulative_inputs": 14999,
          "new_vrp_edges": 0,
          "new_base_edges": 0,
          "cumulative_vrp_edges": 0,
          "cumulative_base_edges": 0,
          "classifications": {
            "vrp_only": 0,
            "both": 0,
            "base_only": 0,
            "neither": 14
          }
        },
        {
          "archive": 51,
          "new_inputs": 62,
          "cumulative_inputs": 15061,
          "new_vrp_edges": 0,
          "new_base_edges": 0,
          "cumulative_vrp_edges": 0,
          "cumulative_base_edges": 0,
          "classifications": {
            "vrp_only": 0,
            "both": 0,
            "base_only": 0,
            "neither": 62
          }
        },
        {
          "archive": 52,
          "new_inputs": 77,
          "cumulative_inputs": 15138,
          "new_vrp_edges": 0,
          "new_base_edges": 0,
          "cumulative_vrp_edges": 0,
          "cumulative_base_edges": 0,
          "classifications": {
            "vrp_only": 0,
            "both": 0,
            "base_only": 0,
            "neither": 77
          }
        },
        {
          "archive": 53,
          "new_inputs": 62,
          "cumulative_inputs": 15200,
          "new_vrp_edges": 0,
          "new_base_edges": 0,
          "cumulative_vrp_edges": 0,
          "cumulative_base_edges": 0,
          "classifications": {
            "vrp_only": 0,
            "both": 0,
            "base_only": 0,
            "neither": 62
          }
        },
        {
          "archive": 54,
          "new_inputs": 70,
          "cumulative_inputs": 15270,
          "new_vrp_edges": 0,
          "new_base_edges": 0,
          "cumulative_vrp_edges": 0,
          "cumulative_base_edges": 0,
          "classifications": {
            "vrp_only": 0,
            "both": 0,
            "base_only": 0,
            "neither": 70
          }
        },
        {
          "archive": 55,
          "new_inputs": 32,
          "cumulative_inputs": 15302,
          "new_vrp_edges": 0,
          "new_base_edges": 0,
          "cumulative_vrp_edges": 0,
          "cumulative_base_edges": 0,
          "classifications": {
            "vrp_only": 0,
            "both": 0,
            "base_only": 0,
            "neither": 32
          }
        },
        {
          "archive": 56,
          "new_inputs": 19,
          "cumulative_inputs": 15321,
          "new_vrp_edges": 0,
          "new_base_edges": 0,
          "cumulative_vrp_edges": 0,
          "cumulative_base_edges": 0,
          "classifications": {
            "vrp_only": 0,
            "both": 0,
            "base_only": 0,
            "neither": 19
          }
        },
        {
          "archive": 57,
          "new_inputs": 74,
          "cumulative_inputs": 15395,
          "new_vrp_edges": 0,
          "new_base_edges": 0,
          "cumulative_vrp_edges": 0,
          "cumulative_base_edges": 0,
          "classifications": {
            "vrp_only": 0,
            "both": 0,
            "base_only": 0,
            "neither": 74
          }
        },
        {
          "archive": 58,
          "new_inputs": 47,
          "cumulative_inputs": 15442,
          "new_vrp_edges": 0,
          "new_base_edges": 0,
          "cumulative_vrp_edges": 0,
          "cumulative_base_edges": 0,
          "classifications": {
            "vrp_only": 0,
            "both": 0,
            "base_only": 0,
            "neither": 47
          }
        },
        {
          "archive": 59,
          "new_inputs": 17,
          "cumulative_inputs": 15459,
          "new_vrp_edges": 0,
          "new_base_edges": 0,
          "cumulative_vrp_edges": 0,
          "cumulative_base_edges": 0,
          "classifications": {
            "vrp_only": 0,
            "both": 0,
            "base_only": 0,
            "neither": 17
          }
        },
        {
          "archive": 60,
          "new_inputs": 24,
          "cumulative_inputs": 15483,
          "new_vrp_edges": 0,
          "new_base_edges": 0,
          "cumulative_vrp_edges": 0,
          "cumulative_base_edges": 0,
          "classifications": {
            "vrp_only": 0,
            "both": 0,
            "base_only": 0,
            "neither": 24
          }
        },
        {
          "archive": 61,
          "new_inputs": 52,
          "cumulative_inputs": 15535,
          "new_vrp_edges": 0,
          "new_base_edges": 0,
          "cumulative_vrp_edges": 0,
          "cumulative_base_edges": 0,
          "classifications": {
            "vrp_only": 0,
            "both": 0,
            "base_only": 0,
            "neither": 52
          }
        },
        {
          "archive": 62,
          "new_inputs": 16,
          "cumulative_inputs": 15551,
          "new_vrp_edges": 0,
          "new_base_edges": 0,
          "cumulative_vrp_edges": 0,
          "cumulative_base_edges": 0,
          "classifications": {
            "vrp_only": 0,
            "both": 0,
            "base_only": 0,
            "neither": 16
          }
        },
        {
          "archive": 63,
          "new_inputs": 36,
          "cumulative_inputs": 15587,
          "new_vrp_edges": 0,
          "new_base_edges": 0,
          "cumulative_vrp_edges": 0,
          "cumulative_base_edges": 0,
          "classifications": {
            "vrp_only": 0,
            "both": 0,
            "base_only": 0,
            "neither": 36
          }
        },
        {
          "archive": 64,
          "new_inputs": 44,
          "cumulative_inputs": 15631,
          "new_vrp_edges": 0,
          "new_base_edges": 0,
          "cumulative_vrp_edges": 0,
          "cumulative_base_edges": 0,
          "classifications": {
            "vrp_only": 0,
            "both": 0,
            "base_only": 0,
            "neither": 44
          }
        },
        {
          "archive": 65,
          "new_inputs": 87,
          "cumulative_inputs": 15718,
          "new_vrp_edges": 0,
          "new_base_edges": 0,
          "cumulative_vrp_edges": 0,
          "cumulative_base_edges": 0,
          "classifications": {
            "vrp_only": 0,
            "both": 0,
            "base_only": 0,
            "neither": 87
          }
        },
        {
          "archive": 66,
          "new_inputs": 37,
          "cumulative_inputs": 15755,
          "new_vrp_edges": 0,
          "new_base_edges": 0,
          "cumulative_vrp_edges": 0,
          "cumulative_base_edges": 0,
          "classifications": {
            "vrp_only": 0,
            "both": 0,
            "base_only": 0,
            "neither": 37
          }
        },
        {
          "archive": 67,
          "new_inputs": 16,
          "cumulative_inputs": 15771,
          "new_vrp_edges": 0,
          "new_base_edges": 0,
          "cumulative_vrp_edges": 0,
          "cumulative_base_edges": 0,
          "classifications": {
            "vrp_only": 0,
            "both": 0,
            "base_only": 0,
            "neither": 16
          }
        },
        {
          "archive": 68,
          "new_inputs": 18,
          "cumulative_inputs": 15789,
          "new_vrp_edges": 0,
          "new_base_edges": 0,
          "cumulative_vrp_edges": 0,
          "cumulative_base_edges": 0,
          "classifications": {
            "vrp_only": 0,
            "both": 0,
            "base_only": 0,
            "neither": 18
          }
        },
        {
          "archive": 69,
          "new_inputs": 18,
          "cumulative_inputs": 15807,
          "new_vrp_edges": 0,
          "new_base_edges": 0,
          "cumulative_vrp_edges": 0,
          "cumulative_base_edges": 0,
          "classifications": {
            "vrp_only": 0,
            "both": 0,
            "base_only": 0,
            "neither": 18
          }
        },
        {
          "archive": 70,
          "new_inputs": 7,
          "cumulative_inputs": 15814,
          "new_vrp_edges": 0,
          "new_base_edges": 0,
          "cumulative_vrp_edges": 0,
          "cumulative_base_edges": 0,
          "classifications": {
            "vrp_only": 0,
            "both": 0,
            "base_only": 0,
            "neither": 7
          }
        },
        {
          "archive": 71,
          "new_inputs": 8,
          "cumulative_inputs": 15822,
          "new_vrp_edges": 0,
          "new_base_edges": 0,
          "cumulative_vrp_edges": 0,
          "cumulative_base_edges": 0,
          "classifications": {
            "vrp_only": 0,
            "both": 0,
            "base_only": 0,
            "neither": 8
          }
        },
        {
          "archive": 72,
          "new_inputs": 11,
          "cumulative_inputs": 15833,
          "new_vrp_edges": 0,
          "new_base_edges": 0,
          "cumulative_vrp_edges": 0,
          "cumulative_base_edges": 0,
          "classifications": {
            "vrp_only": 0,
            "both": 0,
            "base_only": 0,
            "neither": 11
          }
        },
        {
          "archive": 73,
          "new_inputs": 242,
          "cumulative_inputs": 16075,
          "new_vrp_edges": 0,
          "new_base_edges": 0,
          "cumulative_vrp_edges": 0,
          "cumulative_base_edges": 0,
          "classifications": {
            "vrp_only": 0,
            "both": 0,
            "base_only": 0,
            "neither": 242
          }
        },
        {
          "archive": 74,
          "new_inputs": 35,
          "cumulative_inputs": 16110,
          "new_vrp_edges": 0,
          "new_base_edges": 0,
          "cumulative_vrp_edges": 0,
          "cumulative_base_edges": 0,
          "classifications": {
            "vrp_only": 0,
            "both": 0,
            "base_only": 0,
            "neither": 35
          }
        },
        {
          "archive": 75,
          "new_inputs": 31,
          "cumulative_inputs": 16141,
          "new_vrp_edges": 0,
          "new_base_edges": 0,
          "cumulative_vrp_edges": 0,
          "cumulative_base_edges": 0,
          "classifications": {
            "vrp_only": 0,
            "both": 0,
            "base_only": 0,
            "neither": 31
          }
        },
        {
          "archive": 76,
          "new_inputs": 12,
          "cumulative_inputs": 16153,
          "new_vrp_edges": 0,
          "new_base_edges": 0,
          "cumulative_vrp_edges": 0,
          "cumulative_base_edges": 0,
          "classifications": {
            "vrp_only": 0,
            "both": 0,
            "base_only": 0,
            "neither": 12
          }
        },
        {
          "archive": 77,
          "new_inputs": 2,
          "cumulative_inputs": 16155,
          "new_vrp_edges": 0,
          "new_base_edges": 0,
          "cumulative_vrp_edges": 0,
          "cumulative_base_edges": 0,
          "classifications": {
            "vrp_only": 0,
            "both": 0,
            "base_only": 0,
            "neither": 2
          }
        },
        {
          "archive": 78,
          "new_inputs": 17,
          "cumulative_inputs": 16172,
          "new_vrp_edges": 0,
          "new_base_edges": 0,
          "cumulative_vrp_edges": 0,
          "cumulative_base_edges": 0,
          "classifications": {
            "vrp_only": 0,
            "both": 0,
            "base_only": 0,
            "neither": 17
          }
        },
        {
          "archive": 79,
          "new_inputs": 25,
          "cumulative_inputs": 16197,
          "new_vrp_edges": 0,
          "new_base_edges": 0,
          "cumulative_vrp_edges": 0,
          "cumulative_base_edges": 0,
          "classifications": {
            "vrp_only": 0,
            "both": 0,
            "base_only": 0,
            "neither": 25
          }
        },
        {
          "archive": 80,
          "new_inputs": 19,
          "cumulative_inputs": 16216,
          "new_vrp_edges": 0,
          "new_base_edges": 0,
          "cumulative_vrp_edges": 0,
          "cumulative_base_edges": 0,
          "classifications": {
            "vrp_only": 0,
            "both": 0,
            "base_only": 0,
            "neither": 19
          }
        },
        {
          "archive": 81,
          "new_inputs": 27,
          "cumulative_inputs": 16243,
          "new_vrp_edges": 0,
          "new_base_edges": 0,
          "cumulative_vrp_edges": 0,
          "cumulative_base_edges": 0,
          "classifications": {
            "vrp_only": 0,
            "both": 0,
            "base_only": 0,
            "neither": 27
          }
        },
        {
          "archive": 82,
          "new_inputs": 25,
          "cumulative_inputs": 16268,
          "new_vrp_edges": 0,
          "new_base_edges": 0,
          "cumulative_vrp_edges": 0,
          "cumulative_base_edges": 0,
          "classifications": {
            "vrp_only": 0,
            "both": 0,
            "base_only": 0,
            "neither": 25
          }
        },
        {
          "archive": 83,
          "new_inputs": 22,
          "cumulative_inputs": 16290,
          "new_vrp_edges": 0,
          "new_base_edges": 0,
          "cumulative_vrp_edges": 0,
          "cumulative_base_edges": 0,
          "classifications": {
            "vrp_only": 0,
            "both": 0,
            "base_only": 0,
            "neither": 22
          }
        },
        {
          "archive": 84,
          "new_inputs": 23,
          "cumulative_inputs": 16313,
          "new_vrp_edges": 0,
          "new_base_edges": 0,
          "cumulative_vrp_edges": 0,
          "cumulative_base_edges": 0,
          "classifications": {
            "vrp_only": 0,
            "both": 0,
            "base_only": 0,
            "neither": 23
          }
        },
        {
          "archive": 85,
          "new_inputs": 40,
          "cumulative_inputs": 16353,
          "new_vrp_edges": 0,
          "new_base_edges": 0,
          "cumulative_vrp_edges": 0,
          "cumulative_base_edges": 0,
          "classifications": {
            "vrp_only": 0,
            "both": 0,
            "base_only": 0,
            "neither": 40
          }
        },
        {
          "archive": 86,
          "new_inputs": 11,
          "cumulative_inputs": 16364,
          "new_vrp_edges": 0,
          "new_base_edges": 0,
          "cumulative_vrp_edges": 0,
          "cumulative_base_edges": 0,
          "classifications": {
            "vrp_only": 0,
            "both": 0,
            "base_only": 0,
            "neither": 11
          }
        },
        {
          "archive": 87,
          "new_inputs": 16,
          "cumulative_inputs": 16380,
          "new_vrp_edges": 0,
          "new_base_edges": 0,
          "cumulative_vrp_edges": 0,
          "cumulative_base_edges": 0,
          "classifications": {
            "vrp_only": 0,
            "both": 0,
            "base_only": 0,
            "neither": 16
          }
        },
        {
          "archive": 88,
          "new_inputs": 10,
          "cumulative_inputs": 16390,
          "new_vrp_edges": 0,
          "new_base_edges": 0,
          "cumulative_vrp_edges": 0,
          "cumulative_base_edges": 0,
          "classifications": {
            "vrp_only": 0,
            "both": 0,
            "base_only": 0,
            "neither": 10
          }
        },
        {
          "archive": 89,
          "new_inputs": 3,
          "cumulative_inputs": 16393,
          "new_vrp_edges": 0,
          "new_base_edges": 0,
          "cumulative_vrp_edges": 0,
          "cumulative_base_edges": 0,
          "classifications": {
            "vrp_only": 0,
            "both": 0,
            "base_only": 0,
            "neither": 3
          }
        },
        {
          "archive": 90,
          "new_inputs": 10,
          "cumulative_inputs": 16403,
          "new_vrp_edges": 0,
          "new_base_edges": 0,
          "cumulative_vrp_edges": 0,
          "cumulative_base_edges": 0,
          "classifications": {
            "vrp_only": 0,
            "both": 0,
            "base_only": 0,
            "neither": 10
          }
        },
        {
          "archive": 91,
          "new_inputs": 18,
          "cumulative_inputs": 16421,
          "new_vrp_edges": 0,
          "new_base_edges": 0,
          "cumulative_vrp_edges": 0,
          "cumulative_base_edges": 0,
          "classifications": {
            "vrp_only": 0,
            "both": 0,
            "base_only": 0,
            "neither": 18
          }
        },
        {
          "archive": 92,
          "new_inputs": 3,
          "cumulative_inputs": 16424,
          "new_vrp_edges": 0,
          "new_base_edges": 0,
          "cumulative_vrp_edges": 0,
          "cumulative_base_edges": 0,
          "classifications": {
            "vrp_only": 0,
            "both": 0,
            "base_only": 0,
            "neither": 3
          }
        },
        {
          "archive": 93,
          "new_inputs": 18,
          "cumulative_inputs": 16442,
          "new_vrp_edges": 0,
          "new_base_edges": 0,
          "cumulative_vrp_edges": 0,
          "cumulative_base_edges": 0,
          "classifications": {
            "vrp_only": 0,
            "both": 0,
            "base_only": 0,
            "neither": 18
          }
        },
        {
          "archive": 94,
          "new_inputs": 9,
          "cumulative_inputs": 16451,
          "new_vrp_edges": 0,
          "new_base_edges": 0,
          "cumulative_vrp_edges": 0,
          "cumulative_base_edges": 0,
          "classifications": {
            "vrp_only": 0,
            "both": 0,
            "base_only": 0,
            "neither": 9
          }
        },
        {
          "archive": 95,
          "new_inputs": 11,
          "cumulative_inputs": 16462,
          "new_vrp_edges": 0,
          "new_base_edges": 0,
          "cumulative_vrp_edges": 0,
          "cumulative_base_edges": 0,
          "classifications": {
            "vrp_only": 0,
            "both": 0,
            "base_only": 0,
            "neither": 11
          }
        },
        {
          "archive": 96,
          "new_inputs": 0,
          "cumulative_inputs": 16462,
          "new_vrp_edges": 0,
          "new_base_edges": 0,
          "cumulative_vrp_edges": 0,
          "cumulative_base_edges": 0,
          "classifications": {
            "vrp_only": 0,
            "both": 0,
            "base_only": 0,
            "neither": 0
          }
        }
      ],
      "summary": {
        "total_inputs": 16462,
        "total_vrp_edges": 0,
        "total_base_edges": 0,
        "entanglement_rate": 0.0,
        "vrp_only_count": 0,
        "both_count": 0,
        "base_only_count": 0,
        "neither_count": 16462
      }
    },
    "vrp_bucket_entanglement": {
      "summary": {
        "total_inputs": 16462,
        "bucket_entanglement_rate": 0.0,
        "vrp_only": 0,
        "both": 0,
        "base_only": 0,
        "neither": 16462,
        "edge_neither_but_bucket_interesting": 0
      }
    },
    "vrp_gradient": {
      "summary": {
        "total_vrp_edges_seen": 0,
        "singleton_edges": 0,
        "low_freq_edges": 0,
        "high_freq_edges": 0,
        "vrp_exclusive_singletons": 0,
        "hit_count_distribution": {
          "1": 0,
          "2-3": 0,
          "4-10": 0,
          "11-50": 0,
          "51-200": 0,
          "200+": 0
        }
      }
    },
    "edge_growth": {
      "growth_curve": [
        {
          "archive": 0,
          "total_inputs": 2,
          "vrp_edges": 0,
          "base_edges": 0
        },
        {
          "archive": 1,
          "total_inputs": 7731,
          "vrp_edges": 0,
          "base_edges": 0
        },
        {
          "archive": 2,
          "total_inputs": 9524,
          "vrp_edges": 0,
          "base_edges": 0
        },
        {
          "archive": 3,
          "total_inputs": 10819,
          "vrp_edges": 0,
          "base_edges": 0
        },
        {
          "archive": 4,
          "total_inputs": 11367,
          "vrp_edges": 0,
          "base_edges": 0
        },
        {
          "archive": 5,
          "total_inputs": 11722,
          "vrp_edges": 0,
          "base_edges": 0
        },
        {
          "archive": 6,
          "total_inputs": 11963,
          "vrp_edges": 0,
          "base_edges": 0
        },
        {
          "archive": 7,
          "total_inputs": 12369,
          "vrp_edges": 0,
          "base_edges": 0
        },
        {
          "archive": 8,
          "total_inputs": 12489,
          "vrp_edges": 0,
          "base_edges": 0
        },
        {
          "archive": 9,
          "total_inputs": 12655,
          "vrp_edges": 0,
          "base_edges": 0
        },
        {
          "archive": 10,
          "total_inputs": 12733,
          "vrp_edges": 0,
          "base_edges": 0
        },
        {
          "archive": 11,
          "total_inputs": 12795,
          "vrp_edges": 0,
          "base_edges": 0
        },
        {
          "archive": 12,
          "total_inputs": 12906,
          "vrp_edges": 0,
          "base_edges": 0
        },
        {
          "archive": 13,
          "total_inputs": 12991,
          "vrp_edges": 0,
          "base_edges": 0
        },
        {
          "archive": 14,
          "total_inputs": 13047,
          "vrp_edges": 0,
          "base_edges": 0
        },
        {
          "archive": 15,
          "total_inputs": 13106,
          "vrp_edges": 0,
          "base_edges": 0
        },
        {
          "archive": 16,
          "total_inputs": 13192,
          "vrp_edges": 0,
          "base_edges": 0
        },
        {
          "archive": 17,
          "total_inputs": 13253,
          "vrp_edges": 0,
          "base_edges": 0
        },
        {
          "archive": 18,
          "total_inputs": 13332,
          "vrp_edges": 0,
          "base_edges": 0
        },
        {
          "archive": 19,
          "total_inputs": 13410,
          "vrp_edges": 0,
          "base_edges": 0
        },
        {
          "archive": 20,
          "total_inputs": 13475,
          "vrp_edges": 0,
          "base_edges": 0
        },
        {
          "archive": 21,
          "total_inputs": 13521,
          "vrp_edges": 0,
          "base_edges": 0
        },
        {
          "archive": 22,
          "total_inputs": 13588,
          "vrp_edges": 0,
          "base_edges": 0
        },
        {
          "archive": 23,
          "total_inputs": 13618,
          "vrp_edges": 0,
          "base_edges": 0
        },
        {
          "archive": 24,
          "total_inputs": 13633,
          "vrp_edges": 0,
          "base_edges": 0
        },
        {
          "archive": 25,
          "total_inputs": 13661,
          "vrp_edges": 0,
          "base_edges": 0
        },
        {
          "archive": 26,
          "total_inputs": 13699,
          "vrp_edges": 0,
          "base_edges": 0
        },
        {
          "archive": 27,
          "total_inputs": 13719,
          "vrp_edges": 0,
          "base_edges": 0
        },
        {
          "archive": 28,
          "total_inputs": 13794,
          "vrp_edges": 0,
          "base_edges": 0
        },
        {
          "archive": 29,
          "total_inputs": 13804,
          "vrp_edges": 0,
          "base_edges": 0
        },
        {
          "archive": 30,
          "total_inputs": 13835,
          "vrp_edges": 0,
          "base_edges": 0
        },
        {
          "archive": 31,
          "total_inputs": 13857,
          "vrp_edges": 0,
          "base_edges": 0
        },
        {
          "archive": 32,
          "total_inputs": 13866,
          "vrp_edges": 0,
          "base_edges": 0
        },
        {
          "archive": 33,
          "total_inputs": 13992,
          "vrp_edges": 0,
          "base_edges": 0
        },
        {
          "archive": 34,
          "total_inputs": 14086,
          "vrp_edges": 0,
          "base_edges": 0
        },
        {
          "archive": 35,
          "total_inputs": 14142,
          "vrp_edges": 0,
          "base_edges": 0
        },
        {
          "archive": 36,
          "total_inputs": 14304,
          "vrp_edges": 0,
          "base_edges": 0
        },
        {
          "archive": 37,
          "total_inputs": 14433,
          "vrp_edges": 0,
          "base_edges": 0
        },
        {
          "archive": 38,
          "total_inputs": 14548,
          "vrp_edges": 0,
          "base_edges": 0
        },
        {
          "archive": 39,
          "total_inputs": 14608,
          "vrp_edges": 0,
          "base_edges": 0
        },
        {
          "archive": 40,
          "total_inputs": 14670,
          "vrp_edges": 0,
          "base_edges": 0
        },
        {
          "archive": 41,
          "total_inputs": 14766,
          "vrp_edges": 0,
          "base_edges": 0
        },
        {
          "archive": 42,
          "total_inputs": 14799,
          "vrp_edges": 0,
          "base_edges": 0
        },
        {
          "archive": 43,
          "total_inputs": 14823,
          "vrp_edges": 0,
          "base_edges": 0
        },
        {
          "archive": 44,
          "total_inputs": 14857,
          "vrp_edges": 0,
          "base_edges": 0
        },
        {
          "archive": 45,
          "total_inputs": 14878,
          "vrp_edges": 0,
          "base_edges": 0
        },
        {
          "archive": 46,
          "total_inputs": 14895,
          "vrp_edges": 0,
          "base_edges": 0
        },
        {
          "archive": 47,
          "total_inputs": 14913,
          "vrp_edges": 0,
          "base_edges": 0
        },
        {
          "archive": 48,
          "total_inputs": 14928,
          "vrp_edges": 0,
          "base_edges": 0
        },
        {
          "archive": 49,
          "total_inputs": 14985,
          "vrp_edges": 0,
          "base_edges": 0
        },
        {
          "archive": 50,
          "total_inputs": 14999,
          "vrp_edges": 0,
          "base_edges": 0
        },
        {
          "archive": 51,
          "total_inputs": 15061,
          "vrp_edges": 0,
          "base_edges": 0
        },
        {
          "archive": 52,
          "total_inputs": 15138,
          "vrp_edges": 0,
          "base_edges": 0
        },
        {
          "archive": 53,
          "total_inputs": 15200,
          "vrp_edges": 0,
          "base_edges": 0
        },
        {
          "archive": 54,
          "total_inputs": 15270,
          "vrp_edges": 0,
          "base_edges": 0
        },
        {
          "archive": 55,
          "total_inputs": 15302,
          "vrp_edges": 0,
          "base_edges": 0
        },
        {
          "archive": 56,
          "total_inputs": 15321,
          "vrp_edges": 0,
          "base_edges": 0
        },
        {
          "archive": 57,
          "total_inputs": 15395,
          "vrp_edges": 0,
          "base_edges": 0
        },
        {
          "archive": 58,
          "total_inputs": 15442,
          "vrp_edges": 0,
          "base_edges": 0
        },
        {
          "archive": 59,
          "total_inputs": 15459,
          "vrp_edges": 0,
          "base_edges": 0
        },
        {
          "archive": 60,
          "total_inputs": 15483,
          "vrp_edges": 0,
          "base_edges": 0
        },
        {
          "archive": 61,
          "total_inputs": 15535,
          "vrp_edges": 0,
          "base_edges": 0
        },
        {
          "archive": 62,
          "total_inputs": 15551,
          "vrp_edges": 0,
          "base_edges": 0
        },
        {
          "archive": 63,
          "total_inputs": 15587,
          "vrp_edges": 0,
          "base_edges": 0
        },
        {
          "archive": 64,
          "total_inputs": 15631,
          "vrp_edges": 0,
          "base_edges": 0
        },
        {
          "archive": 65,
          "total_inputs": 15718,
          "vrp_edges": 0,
          "base_edges": 0
        },
        {
          "archive": 66,
          "total_inputs": 15755,
          "vrp_edges": 0,
          "base_edges": 0
        },
        {
          "archive": 67,
          "total_inputs": 15771,
          "vrp_edges": 0,
          "base_edges": 0
        },
        {
          "archive": 68,
          "total_inputs": 15789,
          "vrp_edges": 0,
          "base_edges": 0
        },
        {
          "archive": 69,
          "total_inputs": 15807,
          "vrp_edges": 0,
          "base_edges": 0
        },
        {
          "archive": 70,
          "total_inputs": 15814,
          "vrp_edges": 0,
          "base_edges": 0
        },
        {
          "archive": 71,
          "total_inputs": 15822,
          "vrp_edges": 0,
          "base_edges": 0
        },
        {
          "archive": 72,
          "total_inputs": 15833,
          "vrp_edges": 0,
          "base_edges": 0
        },
        {
          "archive": 73,
          "total_inputs": 16075,
          "vrp_edges": 0,
          "base_edges": 0
        },
        {
          "archive": 74,
          "total_inputs": 16110,
          "vrp_edges": 0,
          "base_edges": 0
        },
        {
          "archive": 75,
          "total_inputs": 16141,
          "vrp_edges": 0,
          "base_edges": 0
        },
        {
          "archive": 76,
          "total_inputs": 16153,
          "vrp_edges": 0,
          "base_edges": 0
        },
        {
          "archive": 77,
          "total_inputs": 16155,
          "vrp_edges": 0,
          "base_edges": 0
        },
        {
          "archive": 78,
          "total_inputs": 16172,
          "vrp_edges": 0,
          "base_edges": 0
        },
        {
          "archive": 79,
          "total_inputs": 16197,
          "vrp_edges": 0,
          "base_edges": 0
        },
        {
          "archive": 80,
          "total_inputs": 16216,
          "vrp_edges": 0,
          "base_edges": 0
        },
        {
          "archive": 81,
          "total_inputs": 16243,
          "vrp_edges": 0,
          "base_edges": 0
        },
        {
          "archive": 82,
          "total_inputs": 16268,
          "vrp_edges": 0,
          "base_edges": 0
        },
        {
          "archive": 83,
          "total_inputs": 16290,
          "vrp_edges": 0,
          "base_edges": 0
        },
        {
          "archive": 84,
          "total_inputs": 16313,
          "vrp_edges": 0,
          "base_edges": 0
        },
        {
          "archive": 85,
          "total_inputs": 16353,
          "vrp_edges": 0,
          "base_edges": 0
        },
        {
          "archive": 86,
          "total_inputs": 16364,
          "vrp_edges": 0,
          "base_edges": 0
        },
        {
          "archive": 87,
          "total_inputs": 16380,
          "vrp_edges": 0,
          "base_edges": 0
        },
        {
          "archive": 88,
          "total_inputs": 16390,
          "vrp_edges": 0,
          "base_edges": 0
        },
        {
          "archive": 89,
          "total_inputs": 16393,
          "vrp_edges": 0,
          "base_edges": 0
        },
        {
          "archive": 90,
          "total_inputs": 16403,
          "vrp_edges": 0,
          "base_edges": 0
        },
        {
          "archive": 91,
          "total_inputs": 16421,
          "vrp_edges": 0,
          "base_edges": 0
        },
        {
          "archive": 92,
          "total_inputs": 16424,
          "vrp_edges": 0,
          "base_edges": 0
        },
        {
          "archive": 93,
          "total_inputs": 16442,
          "vrp_edges": 0,
          "base_edges": 0
        },
        {
          "archive": 94,
          "total_inputs": 16451,
          "vrp_edges": 0,
          "base_edges": 0
        },
        {
          "archive": 95,
          "total_inputs": 16462,
          "vrp_edges": 0,
          "base_edges": 0
        },
        {
          "archive": 96,
          "total_inputs": 16462,
          "vrp_edges": 0,
          "base_edges": 0
        }
      ],
      "final_vrp_edges": 0,
      "final_base_edges": 0,
      "total_inputs": 16462
    },
    "speed": {
      "per_archive": [
        {
          "archive": 0,
          "inputs": 2,
          "mean_vrp_ms": 13.579,
          "mean_base_ms": 13.25,
          "overhead": 1.0248
        },
        {
          "archive": 1,
          "inputs": 7729,
          "mean_vrp_ms": 0.017,
          "mean_base_ms": 0.017,
          "overhead": 0.9923
        },
        {
          "archive": 2,
          "inputs": 1793,
          "mean_vrp_ms": 0.018,
          "mean_base_ms": 0.021,
          "overhead": 0.8897
        },
        {
          "archive": 3,
          "inputs": 1295,
          "mean_vrp_ms": 0.023,
          "mean_base_ms": 0.026,
          "overhead": 0.8993
        },
        {
          "archive": 4,
          "inputs": 548,
          "mean_vrp_ms": 0.037,
          "mean_base_ms": 0.039,
          "overhead": 0.9474
        },
        {
          "archive": 5,
          "inputs": 355,
          "mean_vrp_ms": 0.043,
          "mean_base_ms": 0.045,
          "overhead": 0.9595
        },
        {
          "archive": 6,
          "inputs": 241,
          "mean_vrp_ms": 0.06,
          "mean_base_ms": 0.063,
          "overhead": 0.9474
        },
        {
          "archive": 7,
          "inputs": 406,
          "mean_vrp_ms": 0.043,
          "mean_base_ms": 0.046,
          "overhead": 0.9364
        },
        {
          "archive": 8,
          "inputs": 120,
          "mean_vrp_ms": 0.139,
          "mean_base_ms": 0.124,
          "overhead": 1.1176
        },
        {
          "archive": 9,
          "inputs": 166,
          "mean_vrp_ms": 0.097,
          "mean_base_ms": 0.092,
          "overhead": 1.0541
        },
        {
          "archive": 10,
          "inputs": 78,
          "mean_vrp_ms": 0.137,
          "mean_base_ms": 0.147,
          "overhead": 0.934
        },
        {
          "archive": 11,
          "inputs": 62,
          "mean_vrp_ms": 0.191,
          "mean_base_ms": 0.177,
          "overhead": 1.0845
        },
        {
          "archive": 12,
          "inputs": 111,
          "mean_vrp_ms": 0.137,
          "mean_base_ms": 0.119,
          "overhead": 1.1558
        },
        {
          "archive": 13,
          "inputs": 85,
          "mean_vrp_ms": 0.142,
          "mean_base_ms": 0.147,
          "overhead": 0.9721
        },
        {
          "archive": 14,
          "inputs": 56,
          "mean_vrp_ms": 0.28,
          "mean_base_ms": 0.207,
          "overhead": 1.3505
        },
        {
          "archive": 15,
          "inputs": 59,
          "mean_vrp_ms": 0.255,
          "mean_base_ms": 0.21,
          "overhead": 1.2165
        },
        {
          "archive": 16,
          "inputs": 86,
          "mean_vrp_ms": 0.173,
          "mean_base_ms": 0.149,
          "overhead": 1.1602
        },
        {
          "archive": 17,
          "inputs": 61,
          "mean_vrp_ms": 0.225,
          "mean_base_ms": 0.176,
          "overhead": 1.283
        },
        {
          "archive": 18,
          "inputs": 79,
          "mean_vrp_ms": 0.163,
          "mean_base_ms": 0.17,
          "overhead": 0.9546
        },
        {
          "archive": 19,
          "inputs": 78,
          "mean_vrp_ms": 0.176,
          "mean_base_ms": 0.207,
          "overhead": 0.8487
        },
        {
          "archive": 20,
          "inputs": 65,
          "mean_vrp_ms": 0.245,
          "mean_base_ms": 0.205,
          "overhead": 1.1961
        },
        {
          "archive": 21,
          "inputs": 46,
          "mean_vrp_ms": 0.393,
          "mean_base_ms": 0.33,
          "overhead": 1.1909
        },
        {
          "archive": 22,
          "inputs": 67,
          "mean_vrp_ms": 0.205,
          "mean_base_ms": 0.173,
          "overhead": 1.1806
        },
        {
          "archive": 23,
          "inputs": 30,
          "mean_vrp_ms": 0.447,
          "mean_base_ms": 0.451,
          "overhead": 0.9917
        },
        {
          "archive": 24,
          "inputs": 15,
          "mean_vrp_ms": 0.881,
          "mean_base_ms": 0.751,
          "overhead": 1.1732
        },
        {
          "archive": 25,
          "inputs": 28,
          "mean_vrp_ms": 0.534,
          "mean_base_ms": 0.348,
          "overhead": 1.5338
        },
        {
          "archive": 26,
          "inputs": 38,
          "mean_vrp_ms": 0.343,
          "mean_base_ms": 0.389,
          "overhead": 0.882
        },
        {
          "archive": 27,
          "inputs": 20,
          "mean_vrp_ms": 0.681,
          "mean_base_ms": 0.539,
          "overhead": 1.2636
        },
        {
          "archive": 28,
          "inputs": 75,
          "mean_vrp_ms": 0.17,
          "mean_base_ms": 0.165,
          "overhead": 1.033
        },
        {
          "archive": 29,
          "inputs": 10,
          "mean_vrp_ms": 1.081,
          "mean_base_ms": 1.091,
          "overhead": 0.9915
        },
        {
          "archive": 30,
          "inputs": 31,
          "mean_vrp_ms": 0.392,
          "mean_base_ms": 0.382,
          "overhead": 1.0273
        },
        {
          "archive": 31,
          "inputs": 22,
          "mean_vrp_ms": 0.522,
          "mean_base_ms": 0.527,
          "overhead": 0.9887
        },
        {
          "archive": 32,
          "inputs": 9,
          "mean_vrp_ms": 1.318,
          "mean_base_ms": 1.697,
          "overhead": 0.7769
        },
        {
          "archive": 33,
          "inputs": 126,
          "mean_vrp_ms": 0.125,
          "mean_base_ms": 0.097,
          "overhead": 1.2843
        },
        {
          "archive": 34,
          "inputs": 94,
          "mean_vrp_ms": 0.141,
          "mean_base_ms": 0.161,
          "overhead": 0.8733
        },
        {
          "archive": 35,
          "inputs": 56,
          "mean_vrp_ms": 0.222,
          "mean_base_ms": 0.211,
          "overhead": 1.0494
        },
        {
          "archive": 36,
          "inputs": 162,
          "mean_vrp_ms": 0.095,
          "mean_base_ms": 0.088,
          "overhead": 1.0804
        },
        {
          "archive": 37,
          "inputs": 129,
          "mean_vrp_ms": 0.099,
          "mean_base_ms": 0.087,
          "overhead": 1.1385
        },
        {
          "archive": 38,
          "inputs": 115,
          "mean_vrp_ms": 0.136,
          "mean_base_ms": 0.14,
          "overhead": 0.9743
        },
        {
          "archive": 39,
          "inputs": 60,
          "mean_vrp_ms": 0.193,
          "mean_base_ms": 0.201,
          "overhead": 0.961
        },
        {
          "archive": 40,
          "inputs": 62,
          "mean_vrp_ms": 0.225,
          "mean_base_ms": 0.181,
          "overhead": 1.244
        },
        {
          "archive": 41,
          "inputs": 96,
          "mean_vrp_ms": 0.158,
          "mean_base_ms": 0.129,
          "overhead": 1.2246
        },
        {
          "archive": 42,
          "inputs": 33,
          "mean_vrp_ms": 0.367,
          "mean_base_ms": 0.331,
          "overhead": 1.1092
        },
        {
          "archive": 43,
          "inputs": 24,
          "mean_vrp_ms": 0.504,
          "mean_base_ms": 0.583,
          "overhead": 0.8655
        },
        {
          "archive": 44,
          "inputs": 34,
          "mean_vrp_ms": 0.345,
          "mean_base_ms": 0.347,
          "overhead": 0.9955
        },
        {
          "archive": 45,
          "inputs": 21,
          "mean_vrp_ms": 0.671,
          "mean_base_ms": 0.524,
          "overhead": 1.2807
        },
        {
          "archive": 46,
          "inputs": 17,
          "mean_vrp_ms": 0.698,
          "mean_base_ms": 0.8,
          "overhead": 0.8734
        },
        {
          "archive": 47,
          "inputs": 18,
          "mean_vrp_ms": 0.654,
          "mean_base_ms": 0.671,
          "overhead": 0.9737
        },
        {
          "archive": 48,
          "inputs": 15,
          "mean_vrp_ms": 0.916,
          "mean_base_ms": 0.809,
          "overhead": 1.133
        },
        {
          "archive": 49,
          "inputs": 57,
          "mean_vrp_ms": 0.25,
          "mean_base_ms": 0.209,
          "overhead": 1.1924
        },
        {
          "archive": 50,
          "inputs": 14,
          "mean_vrp_ms": 0.926,
          "mean_base_ms": 0.847,
          "overhead": 1.0929
        },
        {
          "archive": 51,
          "inputs": 62,
          "mean_vrp_ms": 0.256,
          "mean_base_ms": 0.201,
          "overhead": 1.2731
        },
        {
          "archive": 52,
          "inputs": 77,
          "mean_vrp_ms": 0.159,
          "mean_base_ms": 0.155,
          "overhead": 1.0288
        },
        {
          "archive": 53,
          "inputs": 62,
          "mean_vrp_ms": 0.183,
          "mean_base_ms": 0.193,
          "overhead": 0.9494
        },
        {
          "archive": 54,
          "inputs": 70,
          "mean_vrp_ms": 0.167,
          "mean_base_ms": 0.181,
          "overhead": 0.9235
        },
        {
          "archive": 55,
          "inputs": 32,
          "mean_vrp_ms": 0.383,
          "mean_base_ms": 0.447,
          "overhead": 0.8572
        },
        {
          "archive": 56,
          "inputs": 19,
          "mean_vrp_ms": 0.597,
          "mean_base_ms": 0.579,
          "overhead": 1.0322
        },
        {
          "archive": 57,
          "inputs": 74,
          "mean_vrp_ms": 0.167,
          "mean_base_ms": 0.166,
          "overhead": 1.0075
        },
        {
          "archive": 58,
          "inputs": 47,
          "mean_vrp_ms": 0.311,
          "mean_base_ms": 0.256,
          "overhead": 1.2151
        },
        {
          "archive": 59,
          "inputs": 17,
          "mean_vrp_ms": 0.702,
          "mean_base_ms": 0.647,
          "overhead": 1.0848
        },
        {
          "archive": 60,
          "inputs": 24,
          "mean_vrp_ms": 0.614,
          "mean_base_ms": 0.509,
          "overhead": 1.2069
        },
        {
          "archive": 61,
          "inputs": 52,
          "mean_vrp_ms": 0.269,
          "mean_base_ms": 0.222,
          "overhead": 1.2138
        },
        {
          "archive": 62,
          "inputs": 16,
          "mean_vrp_ms": 0.713,
          "mean_base_ms": 0.707,
          "overhead": 1.0076
        },
        {
          "archive": 63,
          "inputs": 36,
          "mean_vrp_ms": 0.338,
          "mean_base_ms": 0.329,
          "overhead": 1.0283
        },
        {
          "archive": 64,
          "inputs": 44,
          "mean_vrp_ms": 0.326,
          "mean_base_ms": 0.286,
          "overhead": 1.1401
        },
        {
          "archive": 65,
          "inputs": 87,
          "mean_vrp_ms": 0.147,
          "mean_base_ms": 0.146,
          "overhead": 1.0114
        },
        {
          "archive": 66,
          "inputs": 37,
          "mean_vrp_ms": 0.394,
          "mean_base_ms": 0.297,
          "overhead": 1.3261
        },
        {
          "archive": 67,
          "inputs": 16,
          "mean_vrp_ms": 0.649,
          "mean_base_ms": 0.649,
          "overhead": 0.9999
        },
        {
          "archive": 68,
          "inputs": 18,
          "mean_vrp_ms": 0.756,
          "mean_base_ms": 0.664,
          "overhead": 1.1391
        },
        {
          "archive": 69,
          "inputs": 18,
          "mean_vrp_ms": 0.818,
          "mean_base_ms": 0.584,
          "overhead": 1.3993
        },
        {
          "archive": 70,
          "inputs": 7,
          "mean_vrp_ms": 1.709,
          "mean_base_ms": 1.773,
          "overhead": 0.9643
        },
        {
          "archive": 71,
          "inputs": 8,
          "mean_vrp_ms": 1.5,
          "mean_base_ms": 1.388,
          "overhead": 1.0808
        },
        {
          "archive": 72,
          "inputs": 11,
          "mean_vrp_ms": 1.138,
          "mean_base_ms": 1.083,
          "overhead": 1.0509
        },
        {
          "archive": 73,
          "inputs": 242,
          "mean_vrp_ms": 0.065,
          "mean_base_ms": 0.071,
          "overhead": 0.9265
        },
        {
          "archive": 74,
          "inputs": 35,
          "mean_vrp_ms": 0.351,
          "mean_base_ms": 0.312,
          "overhead": 1.1271
        },
        {
          "archive": 75,
          "inputs": 31,
          "mean_vrp_ms": 0.406,
          "mean_base_ms": 0.385,
          "overhead": 1.0536
        },
        {
          "archive": 76,
          "inputs": 12,
          "mean_vrp_ms": 1.073,
          "mean_base_ms": 0.878,
          "overhead": 1.222
        },
        {
          "archive": 77,
          "inputs": 2,
          "mean_vrp_ms": 6.28,
          "mean_base_ms": 5.266,
          "overhead": 1.1925
        },
        {
          "archive": 78,
          "inputs": 17,
          "mean_vrp_ms": 0.672,
          "mean_base_ms": 0.667,
          "overhead": 1.0064
        },
        {
          "archive": 79,
          "inputs": 25,
          "mean_vrp_ms": 0.582,
          "mean_base_ms": 0.444,
          "overhead": 1.3109
        },
        {
          "archive": 80,
          "inputs": 19,
          "mean_vrp_ms": 0.632,
          "mean_base_ms": 0.599,
          "overhead": 1.054
        },
        {
          "archive": 81,
          "inputs": 27,
          "mean_vrp_ms": 0.462,
          "mean_base_ms": 0.432,
          "overhead": 1.0692
        },
        {
          "archive": 82,
          "inputs": 25,
          "mean_vrp_ms": 0.462,
          "mean_base_ms": 0.487,
          "overhead": 0.9498
        },
        {
          "archive": 83,
          "inputs": 22,
          "mean_vrp_ms": 0.635,
          "mean_base_ms": 0.444,
          "overhead": 1.4315
        },
        {
          "archive": 84,
          "inputs": 23,
          "mean_vrp_ms": 0.588,
          "mean_base_ms": 0.629,
          "overhead": 0.9339
        },
        {
          "archive": 85,
          "inputs": 40,
          "mean_vrp_ms": 0.309,
          "mean_base_ms": 0.272,
          "overhead": 1.1344
        },
        {
          "archive": 86,
          "inputs": 11,
          "mean_vrp_ms": 1.196,
          "mean_base_ms": 1.035,
          "overhead": 1.1555
        },
        {
          "archive": 87,
          "inputs": 16,
          "mean_vrp_ms": 0.762,
          "mean_base_ms": 0.864,
          "overhead": 0.882
        },
        {
          "archive": 88,
          "inputs": 10,
          "mean_vrp_ms": 1.286,
          "mean_base_ms": 1.11,
          "overhead": 1.1588
        },
        {
          "archive": 89,
          "inputs": 3,
          "mean_vrp_ms": 3.914,
          "mean_base_ms": 3.541,
          "overhead": 1.1054
        },
        {
          "archive": 90,
          "inputs": 10,
          "mean_vrp_ms": 1.12,
          "mean_base_ms": 1.201,
          "overhead": 0.9322
        },
        {
          "archive": 91,
          "inputs": 18,
          "mean_vrp_ms": 0.647,
          "mean_base_ms": 0.569,
          "overhead": 1.1381
        },
        {
          "archive": 92,
          "inputs": 3,
          "mean_vrp_ms": 4.542,
          "mean_base_ms": 4.126,
          "overhead": 1.1009
        },
        {
          "archive": 93,
          "inputs": 18,
          "mean_vrp_ms": 0.656,
          "mean_base_ms": 0.634,
          "overhead": 1.0347
        },
        {
          "archive": 94,
          "inputs": 9,
          "mean_vrp_ms": 1.711,
          "mean_base_ms": 1.268,
          "overhead": 1.35
        },
        {
          "archive": 95,
          "inputs": 11,
          "mean_vrp_ms": 0.965,
          "mean_base_ms": 1.026,
          "overhead": 0.9409
        },
        {
          "archive": 96,
          "inputs": 0,
          "mean_vrp_ms": 0.0,
          "mean_base_ms": 0.0,
          "overhead": 0.0
        }
      ],
      "summary": {
        "total_inputs": 16462,
        "vrp_mean_ms": 0.088,
        "vrp_median_ms": 0.018,
        "vrp_p95_ms": 0.392,
        "vrp_p99_ms": 0.818,
        "base_mean_ms": 0.083,
        "base_median_ms": 0.021,
        "base_p95_ms": 0.347,
        "base_p99_ms": 0.8,
        "mean_overhead": 1.0538
      }
    }
  }
}