{
  "experiment": "vrp-unfold-eval-big04",
  "benchmark": "freetype2_ftfuzzer",
  "fuzzer": "aflplusplus_lto",
  "instance": "45236",
  "archives_processed": 97,
  "total_inputs": 18444,
  "elapsed_seconds": 16.7,
  "analyzer_results": {
    "vrp_hit_entanglement": {
      "per_archive": [
        {
          "archive": 0,
          "new_inputs": 2,
          "cumulative_inputs": 2,
          "new_vrp_edges": 0,
          "new_base_edges": 0,
          "cumulative_vrp_edges": 0,
          "cumulative_base_edges": 0,
          "classifications": {
            "vrp_only": 0,
            "both": 0,
            "base_only": 0,
            "neither": 2
          }
        },
        {
          "archive": 1,
          "new_inputs": 6739,
          "cumulative_inputs": 6741,
          "new_vrp_edges": 0,
          "new_base_edges": 0,
          "cumulative_vrp_edges": 0,
          "cumulative_base_edges": 0,
          "classifications": {
            "vrp_only": 0,
            "both": 0,
            "base_only": 0,
            "neither": 6739
          }
        },
        {
          "archive": 2,
          "new_inputs": 2074,
          "cumulative_inputs": 8815,
          "new_vrp_edges": 0,
          "new_base_edges": 0,
          "cumulative_vrp_edges": 0,
          "cumulative_base_edges": 0,
          "classifications": {
            "vrp_only": 0,
            "both": 0,
            "base_only": 0,
            "neither": 2074
          }
        },
        {
          "archive": 3,
          "new_inputs": 1247,
          "cumulative_inputs": 10062,
          "new_vrp_edges": 0,
          "new_base_edges": 0,
          "cumulative_vrp_edges": 0,
          "cumulative_base_edges": 0,
          "classifications": {
            "vrp_only": 0,
            "both": 0,
            "base_only": 0,
            "neither": 1247
          }
        },
        {
          "archive": 4,
          "new_inputs": 985,
          "cumulative_inputs": 11047,
          "new_vrp_edges": 0,
          "new_base_edges": 0,
          "cumulative_vrp_edges": 0,
          "cumulative_base_edges": 0,
          "classifications": {
            "vrp_only": 0,
            "both": 0,
            "base_only": 0,
            "neither": 985
          }
        },
        {
          "archive": 5,
          "new_inputs": 414,
          "cumulative_inputs": 11461,
          "new_vrp_edges": 0,
          "new_base_edges": 0,
          "cumulative_vrp_edges": 0,
          "cumulative_base_edges": 0,
          "classifications": {
            "vrp_only": 0,
            "both": 0,
            "base_only": 0,
            "neither": 414
          }
        },
        {
          "archive": 6,
          "new_inputs": 652,
          "cumulative_inputs": 12113,
          "new_vrp_edges": 0,
          "new_base_edges": 0,
          "cumulative_vrp_edges": 0,
          "cumulative_base_edges": 0,
          "classifications": {
            "vrp_only": 0,
            "both": 0,
            "base_only": 0,
            "neither": 652
          }
        },
        {
          "archive": 7,
          "new_inputs": 369,
          "cumulative_inputs": 12482,
          "new_vrp_edges": 0,
          "new_base_edges": 0,
          "cumulative_vrp_edges": 0,
          "cumulative_base_edges": 0,
          "classifications": {
            "vrp_only": 0,
            "both": 0,
            "base_only": 0,
            "neither": 369
          }
        },
        {
          "archive": 8,
          "new_inputs": 204,
          "cumulative_inputs": 12686,
          "new_vrp_edges": 0,
          "new_base_edges": 0,
          "cumulative_vrp_edges": 0,
          "cumulative_base_edges": 0,
          "classifications": {
            "vrp_only": 0,
            "both": 0,
            "base_only": 0,
            "neither": 204
          }
        },
        {
          "archive": 9,
          "new_inputs": 141,
          "cumulative_inputs": 12827,
          "new_vrp_edges": 0,
          "new_base_edges": 0,
          "cumulative_vrp_edges": 0,
          "cumulative_base_edges": 0,
          "classifications": {
            "vrp_only": 0,
            "both": 0,
            "base_only": 0,
            "neither": 141
          }
        },
        {
          "archive": 10,
          "new_inputs": 163,
          "cumulative_inputs": 12990,
          "new_vrp_edges": 0,
          "new_base_edges": 0,
          "cumulative_vrp_edges": 0,
          "cumulative_base_edges": 0,
          "classifications": {
            "vrp_only": 0,
            "both": 0,
            "base_only": 0,
            "neither": 163
          }
        },
        {
          "archive": 11,
          "new_inputs": 140,
          "cumulative_inputs": 13130,
          "new_vrp_edges": 0,
          "new_base_edges": 0,
          "cumulative_vrp_edges": 0,
          "cumulative_base_edges": 0,
          "classifications": {
            "vrp_only": 0,
            "both": 0,
            "base_only": 0,
            "neither": 140
          }
        },
        {
          "archive": 12,
          "new_inputs": 93,
          "cumulative_inputs": 13223,
          "new_vrp_edges": 0,
          "new_base_edges": 0,
          "cumulative_vrp_edges": 0,
          "cumulative_base_edges": 0,
          "classifications": {
            "vrp_only": 0,
            "both": 0,
            "base_only": 0,
            "neither": 93
          }
        },
        {
          "archive": 13,
          "new_inputs": 103,
          "cumulative_inputs": 13326,
          "new_vrp_edges": 0,
          "new_base_edges": 0,
          "cumulative_vrp_edges": 0,
          "cumulative_base_edges": 0,
          "classifications": {
            "vrp_only": 0,
            "both": 0,
            "base_only": 0,
            "neither": 103
          }
        },
        {
          "archive": 14,
          "new_inputs": 62,
          "cumulative_inputs": 13388,
          "new_vrp_edges": 0,
          "new_base_edges": 0,
          "cumulative_vrp_edges": 0,
          "cumulative_base_edges": 0,
          "classifications": {
            "vrp_only": 0,
            "both": 0,
            "base_only": 0,
            "neither": 62
          }
        },
        {
          "archive": 15,
          "new_inputs": 82,
          "cumulative_inputs": 13470,
          "new_vrp_edges": 0,
          "new_base_edges": 0,
          "cumulative_vrp_edges": 0,
          "cumulative_base_edges": 0,
          "classifications": {
            "vrp_only": 0,
            "both": 0,
            "base_only": 0,
            "neither": 82
          }
        },
        {
          "archive": 16,
          "new_inputs": 67,
          "cumulative_inputs": 13537,
          "new_vrp_edges": 0,
          "new_base_edges": 0,
          "cumulative_vrp_edges": 0,
          "cumulative_base_edges": 0,
          "classifications": {
            "vrp_only": 0,
            "both": 0,
            "base_only": 0,
            "neither": 67
          }
        },
        {
          "archive": 17,
          "new_inputs": 59,
          "cumulative_inputs": 13596,
          "new_vrp_edges": 0,
          "new_base_edges": 0,
          "cumulative_vrp_edges": 0,
          "cumulative_base_edges": 0,
          "classifications": {
            "vrp_only": 0,
            "both": 0,
            "base_only": 0,
            "neither": 59
          }
        },
        {
          "archive": 18,
          "new_inputs": 40,
          "cumulative_inputs": 13636,
          "new_vrp_edges": 0,
          "new_base_edges": 0,
          "cumulative_vrp_edges": 0,
          "cumulative_base_edges": 0,
          "classifications": {
            "vrp_only": 0,
            "both": 0,
            "base_only": 0,
            "neither": 40
          }
        },
        {
          "archive": 19,
          "new_inputs": 56,
          "cumulative_inputs": 13692,
          "new_vrp_edges": 0,
          "new_base_edges": 0,
          "cumulative_vrp_edges": 0,
          "cumulative_base_edges": 0,
          "classifications": {
            "vrp_only": 0,
            "both": 0,
            "base_only": 0,
            "neither": 56
          }
        },
        {
          "archive": 20,
          "new_inputs": 57,
          "cumulative_inputs": 13749,
          "new_vrp_edges": 0,
          "new_base_edges": 0,
          "cumulative_vrp_edges": 0,
          "cumulative_base_edges": 0,
          "classifications": {
            "vrp_only": 0,
            "both": 0,
            "base_only": 0,
            "neither": 57
          }
        },
        {
          "archive": 21,
          "new_inputs": 127,
          "cumulative_inputs": 13876,
          "new_vrp_edges": 0,
          "new_base_edges": 0,
          "cumulative_vrp_edges": 0,
          "cumulative_base_edges": 0,
          "classifications": {
            "vrp_only": 0,
            "both": 0,
            "base_only": 0,
            "neither": 127
          }
        },
        {
          "archive": 22,
          "new_inputs": 30,
          "cumulative_inputs": 13906,
          "new_vrp_edges": 0,
          "new_base_edges": 0,
          "cumulative_vrp_edges": 0,
          "cumulative_base_edges": 0,
          "classifications": {
            "vrp_only": 0,
            "both": 0,
            "base_only": 0,
            "neither": 30
          }
        },
        {
          "archive": 23,
          "new_inputs": 41,
          "cumulative_inputs": 13947,
          "new_vrp_edges": 0,
          "new_base_edges": 0,
          "cumulative_vrp_edges": 0,
          "cumulative_base_edges": 0,
          "classifications": {
            "vrp_only": 0,
            "both": 0,
            "base_only": 0,
            "neither": 41
          }
        },
        {
          "archive": 24,
          "new_inputs": 22,
          "cumulative_inputs": 13969,
          "new_vrp_edges": 0,
          "new_base_edges": 0,
          "cumulative_vrp_edges": 0,
          "cumulative_base_edges": 0,
          "classifications": {
            "vrp_only": 0,
            "both": 0,
            "base_only": 0,
            "neither": 22
          }
        },
        {
          "archive": 25,
          "new_inputs": 23,
          "cumulative_inputs": 13992,
          "new_vrp_edges": 0,
          "new_base_edges": 0,
          "cumulative_vrp_edges": 0,
          "cumulative_base_edges": 0,
          "classifications": {
            "vrp_only": 0,
            "both": 0,
            "base_only": 0,
            "neither": 23
          }
        },
        {
          "archive": 26,
          "new_inputs": 289,
          "cumulative_inputs": 14281,
          "new_vrp_edges": 0,
          "new_base_edges": 0,
          "cumulative_vrp_edges": 0,
          "cumulative_base_edges": 0,
          "classifications": {
            "vrp_only": 0,
            "both": 0,
            "base_only": 0,
            "neither": 289
          }
        },
        {
          "archive": 27,
          "new_inputs": 117,
          "cumulative_inputs": 14398,
          "new_vrp_edges": 0,
          "new_base_edges": 0,
          "cumulative_vrp_edges": 0,
          "cumulative_base_edges": 0,
          "classifications": {
            "vrp_only": 0,
            "both": 0,
            "base_only": 0,
            "neither": 117
          }
        },
        {
          "archive": 28,
          "new_inputs": 63,
          "cumulative_inputs": 14461,
          "new_vrp_edges": 0,
          "new_base_edges": 0,
          "cumulative_vrp_edges": 0,
          "cumulative_base_edges": 0,
          "classifications": {
            "vrp_only": 0,
            "both": 0,
            "base_only": 0,
            "neither": 63
          }
        },
        {
          "archive": 29,
          "new_inputs": 44,
          "cumulative_inputs": 14505,
          "new_vrp_edges": 0,
          "new_base_edges": 0,
          "cumulative_vrp_edges": 0,
          "cumulative_base_edges": 0,
          "classifications": {
            "vrp_only": 0,
            "both": 0,
            "base_only": 0,
            "neither": 44
          }
        },
        {
          "archive": 30,
          "new_inputs": 35,
          "cumulative_inputs": 14540,
          "new_vrp_edges": 0,
          "new_base_edges": 0,
          "cumulative_vrp_edges": 0,
          "cumulative_base_edges": 0,
          "classifications": {
            "vrp_only": 0,
            "both": 0,
            "base_only": 0,
            "neither": 35
          }
        },
        {
          "archive": 31,
          "new_inputs": 66,
          "cumulative_inputs": 14606,
          "new_vrp_edges": 0,
          "new_base_edges": 0,
          "cumulative_vrp_edges": 0,
          "cumulative_base_edges": 0,
          "classifications": {
            "vrp_only": 0,
            "both": 0,
            "base_only": 0,
            "neither": 66
          }
        },
        {
          "archive": 32,
          "new_inputs": 39,
          "cumulative_inputs": 14645,
          "new_vrp_edges": 0,
          "new_base_edges": 0,
          "cumulative_vrp_edges": 0,
          "cumulative_base_edges": 0,
          "classifications": {
            "vrp_only": 0,
            "both": 0,
            "base_only": 0,
            "neither": 39
          }
        },
        {
          "archive": 33,
          "new_inputs": 27,
          "cumulative_inputs": 14672,
          "new_vrp_edges": 0,
          "new_base_edges": 0,
          "cumulative_vrp_edges": 0,
          "cumulative_base_edges": 0,
          "classifications": {
            "vrp_only": 0,
            "both": 0,
            "base_only": 0,
            "neither": 27
          }
        },
        {
          "archive": 34,
          "new_inputs": 31,
          "cumulative_inputs": 14703,
          "new_vrp_edges": 0,
          "new_base_edges": 0,
          "cumulative_vrp_edges": 0,
          "cumulative_base_edges": 0,
          "classifications": {
            "vrp_only": 0,
            "both": 0,
            "base_only": 0,
            "neither": 31
          }
        },
        {
          "archive": 35,
          "new_inputs": 17,
          "cumulative_inputs": 14720,
          "new_vrp_edges": 0,
          "new_base_edges": 0,
          "cumulative_vrp_edges": 0,
          "cumulative_base_edges": 0,
          "classifications": {
            "vrp_only": 0,
            "both": 0,
            "base_only": 0,
            "neither": 17
          }
        },
        {
          "archive": 36,
          "new_inputs": 184,
          "cumulative_inputs": 14904,
          "new_vrp_edges": 0,
          "new_base_edges": 0,
          "cumulative_vrp_edges": 0,
          "cumulative_base_edges": 0,
          "classifications": {
            "vrp_only": 0,
            "both": 0,
            "base_only": 0,
            "neither": 184
          }
        },
        {
          "archive": 37,
          "new_inputs": 563,
          "cumulative_inputs": 15467,
          "new_vrp_edges": 0,
          "new_base_edges": 0,
          "cumulative_vrp_edges": 0,
          "cumulative_base_edges": 0,
          "classifications": {
            "vrp_only": 0,
            "both": 0,
            "base_only": 0,
            "neither": 563
          }
        },
        {
          "archive": 38,
          "new_inputs": 383,
          "cumulative_inputs": 15850,
          "new_vrp_edges": 0,
          "new_base_edges": 0,
          "cumulative_vrp_edges": 0,
          "cumulative_base_edges": 0,
          "classifications": {
            "vrp_only": 0,
            "both": 0,
            "base_only": 0,
            "neither": 383
          }
        },
        {
          "archive": 39,
          "new_inputs": 215,
          "cumulative_inputs": 16065,
          "new_vrp_edges": 0,
          "new_base_edges": 0,
          "cumulative_vrp_edges": 0,
          "cumulative_base_edges": 0,
          "classifications": {
            "vrp_only": 0,
            "both": 0,
            "base_only": 0,
            "neither": 215
          }
        },
        {
          "archive": 40,
          "new_inputs": 67,
          "cumulative_inputs": 16132,
          "new_vrp_edges": 0,
          "new_base_edges": 0,
          "cumulative_vrp_edges": 0,
          "cumulative_base_edges": 0,
          "classifications": {
            "vrp_only": 0,
            "both": 0,
            "base_only": 0,
            "neither": 67
          }
        },
        {
          "archive": 41,
          "new_inputs": 51,
          "cumulative_inputs": 16183,
          "new_vrp_edges": 0,
          "new_base_edges": 0,
          "cumulative_vrp_edges": 0,
          "cumulative_base_edges": 0,
          "classifications": {
            "vrp_only": 0,
            "both": 0,
            "base_only": 0,
            "neither": 51
          }
        },
        {
          "archive": 42,
          "new_inputs": 27,
          "cumulative_inputs": 16210,
          "new_vrp_edges": 0,
          "new_base_edges": 0,
          "cumulative_vrp_edges": 0,
          "cumulative_base_edges": 0,
          "classifications": {
            "vrp_only": 0,
            "both": 0,
            "base_only": 0,
            "neither": 27
          }
        },
        {
          "archive": 43,
          "new_inputs": 19,
          "cumulative_inputs": 16229,
          "new_vrp_edges": 0,
          "new_base_edges": 0,
          "cumulative_vrp_edges": 0,
          "cumulative_base_edges": 0,
          "classifications": {
            "vrp_only": 0,
            "both": 0,
            "base_only": 0,
            "neither": 19
          }
        },
        {
          "archive": 44,
          "new_inputs": 17,
          "cumulative_inputs": 16246,
          "new_vrp_edges": 0,
          "new_base_edges": 0,
          "cumulative_vrp_edges": 0,
          "cumulative_base_edges": 0,
          "classifications": {
            "vrp_only": 0,
            "both": 0,
            "base_only": 0,
            "neither": 17
          }
        },
        {
          "archive": 45,
          "new_inputs": 39,
          "cumulative_inputs": 16285,
          "new_vrp_edges": 0,
          "new_base_edges": 0,
          "cumulative_vrp_edges": 0,
          "cumulative_base_edges": 0,
          "classifications": {
            "vrp_only": 0,
            "both": 0,
            "base_only": 0,
            "neither": 39
          }
        },
        {
          "archive": 46,
          "new_inputs": 15,
          "cumulative_inputs": 16300,
          "new_vrp_edges": 0,
          "new_base_edges": 0,
          "cumulative_vrp_edges": 0,
          "cumulative_base_edges": 0,
          "classifications": {
            "vrp_only": 0,
            "both": 0,
            "base_only": 0,
            "neither": 15
          }
        },
        {
          "archive": 47,
          "new_inputs": 46,
          "cumulative_inputs": 16346,
          "new_vrp_edges": 0,
          "new_base_edges": 0,
          "cumulative_vrp_edges": 0,
          "cumulative_base_edges": 0,
          "classifications": {
            "vrp_only": 0,
            "both": 0,
            "base_only": 0,
            "neither": 46
          }
        },
        {
          "archive": 48,
          "new_inputs": 33,
          "cumulative_inputs": 16379,
          "new_vrp_edges": 0,
          "new_base_edges": 0,
          "cumulative_vrp_edges": 0,
          "cumulative_base_edges": 0,
          "classifications": {
            "vrp_only": 0,
            "both": 0,
            "base_only": 0,
            "neither": 33
          }
        },
        {
          "archive": 49,
          "new_inputs": 99,
          "cumulative_inputs": 16478,
          "new_vrp_edges": 0,
          "new_base_edges": 0,
          "cumulative_vrp_edges": 0,
          "cumulative_base_edges": 0,
          "classifications": {
            "vrp_only": 0,
            "both": 0,
            "base_only": 0,
            "neither": 99
          }
        },
        {
          "archive": 50,
          "new_inputs": 20,
          "cumulative_inputs": 16498,
          "new_vrp_edges": 0,
          "new_base_edges": 0,
          "cumulative_vrp_edges": 0,
          "cumulative_base_edges": 0,
          "classifications": {
            "vrp_only": 0,
            "both": 0,
            "base_only": 0,
            "neither": 20
          }
        },
        {
          "archive": 51,
          "new_inputs": 15,
          "cumulative_inputs": 16513,
          "new_vrp_edges": 0,
          "new_base_edges": 0,
          "cumulative_vrp_edges": 0,
          "cumulative_base_edges": 0,
          "classifications": {
            "vrp_only": 0,
            "both": 0,
            "base_only": 0,
            "neither": 15
          }
        },
        {
          "archive": 52,
          "new_inputs": 26,
          "cumulative_inputs": 16539,
          "new_vrp_edges": 0,
          "new_base_edges": 0,
          "cumulative_vrp_edges": 0,
          "cumulative_base_edges": 0,
          "classifications": {
            "vrp_only": 0,
            "both": 0,
            "base_only": 0,
            "neither": 26
          }
        },
        {
          "archive": 53,
          "new_inputs": 19,
          "cumulative_inputs": 16558,
          "new_vrp_edges": 0,
          "new_base_edges": 0,
          "cumulative_vrp_edges": 0,
          "cumulative_base_edges": 0,
          "classifications": {
            "vrp_only": 0,
            "both": 0,
            "base_only": 0,
            "neither": 19
          }
        },
        {
          "archive": 54,
          "new_inputs": 16,
          "cumulative_inputs": 16574,
          "new_vrp_edges": 0,
          "new_base_edges": 0,
          "cumulative_vrp_edges": 0,
          "cumulative_base_edges": 0,
          "classifications": {
            "vrp_only": 0,
            "both": 0,
            "base_only": 0,
            "neither": 16
          }
        },
        {
          "archive": 55,
          "new_inputs": 47,
          "cumulative_inputs": 16621,
          "new_vrp_edges": 0,
          "new_base_edges": 0,
          "cumulative_vrp_edges": 0,
          "cumulative_base_edges": 0,
          "classifications": {
            "vrp_only": 0,
            "both": 0,
            "base_only": 0,
            "neither": 47
          }
        },
        {
          "archive": 56,
          "new_inputs": 291,
          "cumulative_inputs": 16912,
          "new_vrp_edges": 0,
          "new_base_edges": 0,
          "cumulative_vrp_edges": 0,
          "cumulative_base_edges": 0,
          "classifications": {
            "vrp_only": 0,
            "both": 0,
            "base_only": 0,
            "neither": 291
          }
        },
        {
          "archive": 57,
          "new_inputs": 50,
          "cumulative_inputs": 16962,
          "new_vrp_edges": 0,
          "new_base_edges": 0,
          "cumulative_vrp_edges": 0,
          "cumulative_base_edges": 0,
          "classifications": {
            "vrp_only": 0,
            "both": 0,
            "base_only": 0,
            "neither": 50
          }
        },
        {
          "archive": 58,
          "new_inputs": 30,
          "cumulative_inputs": 16992,
          "new_vrp_edges": 0,
          "new_base_edges": 0,
          "cumulative_vrp_edges": 0,
          "cumulative_base_edges": 0,
          "classifications": {
            "vrp_only": 0,
            "both": 0,
            "base_only": 0,
            "neither": 30
          }
        },
        {
          "archive": 59,
          "new_inputs": 8,
          "cumulative_inputs": 17000,
          "new_vrp_edges": 0,
          "new_base_edges": 0,
          "cumulative_vrp_edges": 0,
          "cumulative_base_edges": 0,
          "classifications": {
            "vrp_only": 0,
            "both": 0,
            "base_only": 0,
            "neither": 8
          }
        },
        {
          "archive": 60,
          "new_inputs": 25,
          "cumulative_inputs": 17025,
          "new_vrp_edges": 0,
          "new_base_edges": 0,
          "cumulative_vrp_edges": 0,
          "cumulative_base_edges": 0,
          "classifications": {
            "vrp_only": 0,
            "both": 0,
            "base_only": 0,
            "neither": 25
          }
        },
        {
          "archive": 61,
          "new_inputs": 76,
          "cumulative_inputs": 17101,
          "new_vrp_edges": 0,
          "new_base_edges": 0,
          "cumulative_vrp_edges": 0,
          "cumulative_base_edges": 0,
          "classifications": {
            "vrp_only": 0,
            "both": 0,
            "base_only": 0,
            "neither": 76
          }
        },
        {
          "archive": 62,
          "new_inputs": 14,
          "cumulative_inputs": 17115,
          "new_vrp_edges": 0,
          "new_base_edges": 0,
          "cumulative_vrp_edges": 0,
          "cumulative_base_edges": 0,
          "classifications": {
            "vrp_only": 0,
            "both": 0,
            "base_only": 0,
            "neither": 14
          }
        },
        {
          "archive": 63,
          "new_inputs": 12,
          "cumulative_inputs": 17127,
          "new_vrp_edges": 0,
          "new_base_edges": 0,
          "cumulative_vrp_edges": 0,
          "cumulative_base_edges": 0,
          "classifications": {
            "vrp_only": 0,
            "both": 0,
            "base_only": 0,
            "neither": 12
          }
        },
        {
          "archive": 64,
          "new_inputs": 10,
          "cumulative_inputs": 17137,
          "new_vrp_edges": 0,
          "new_base_edges": 0,
          "cumulative_vrp_edges": 0,
          "cumulative_base_edges": 0,
          "classifications": {
            "vrp_only": 0,
            "both": 0,
            "base_only": 0,
            "neither": 10
          }
        },
        {
          "archive": 65,
          "new_inputs": 9,
          "cumulative_inputs": 17146,
          "new_vrp_edges": 0,
          "new_base_edges": 0,
          "cumulative_vrp_edges": 0,
          "cumulative_base_edges": 0,
          "classifications": {
            "vrp_only": 0,
            "both": 0,
            "base_only": 0,
            "neither": 9
          }
        },
        {
          "archive": 66,
          "new_inputs": 24,
          "cumulative_inputs": 17170,
          "new_vrp_edges": 0,
          "new_base_edges": 0,
          "cumulative_vrp_edges": 0,
          "cumulative_base_edges": 0,
          "classifications": {
            "vrp_only": 0,
            "both": 0,
            "base_only": 0,
            "neither": 24
          }
        },
        {
          "archive": 67,
          "new_inputs": 99,
          "cumulative_inputs": 17269,
          "new_vrp_edges": 0,
          "new_base_edges": 0,
          "cumulative_vrp_edges": 0,
          "cumulative_base_edges": 0,
          "classifications": {
            "vrp_only": 0,
            "both": 0,
            "base_only": 0,
            "neither": 99
          }
        },
        {
          "archive": 68,
          "new_inputs": 201,
          "cumulative_inputs": 17470,
          "new_vrp_edges": 0,
          "new_base_edges": 0,
          "cumulative_vrp_edges": 0,
          "cumulative_base_edges": 0,
          "classifications": {
            "vrp_only": 0,
            "both": 0,
            "base_only": 0,
            "neither": 201
          }
        },
        {
          "archive": 69,
          "new_inputs": 286,
          "cumulative_inputs": 17756,
          "new_vrp_edges": 0,
          "new_base_edges": 0,
          "cumulative_vrp_edges": 0,
          "cumulative_base_edges": 0,
          "classifications": {
            "vrp_only": 0,
            "both": 0,
            "base_only": 0,
            "neither": 286
          }
        },
        {
          "archive": 70,
          "new_inputs": 81,
          "cumulative_inputs": 17837,
          "new_vrp_edges": 0,
          "new_base_edges": 0,
          "cumulative_vrp_edges": 0,
          "cumulative_base_edges": 0,
          "classifications": {
            "vrp_only": 0,
            "both": 0,
            "base_only": 0,
            "neither": 81
          }
        },
        {
          "archive": 71,
          "new_inputs": 44,
          "cumulative_inputs": 17881,
          "new_vrp_edges": 0,
          "new_base_edges": 0,
          "cumulative_vrp_edges": 0,
          "cumulative_base_edges": 0,
          "classifications": {
            "vrp_only": 0,
            "both": 0,
            "base_only": 0,
            "neither": 44
          }
        },
        {
          "archive": 72,
          "new_inputs": 44,
          "cumulative_inputs": 17925,
          "new_vrp_edges": 0,
          "new_base_edges": 0,
          "cumulative_vrp_edges": 0,
          "cumulative_base_edges": 0,
          "classifications": {
            "vrp_only": 0,
            "both": 0,
            "base_only": 0,
            "neither": 44
          }
        },
        {
          "archive": 73,
          "new_inputs": 62,
          "cumulative_inputs": 17987,
          "new_vrp_edges": 0,
          "new_base_edges": 0,
          "cumulative_vrp_edges": 0,
          "cumulative_base_edges": 0,
          "classifications": {
            "vrp_only": 0,
            "both": 0,
            "base_only": 0,
            "neither": 62
          }
        },
        {
          "archive": 74,
          "new_inputs": 34,
          "cumulative_inputs": 18021,
          "new_vrp_edges": 0,
          "new_base_edges": 0,
          "cumulative_vrp_edges": 0,
          "cumulative_base_edges": 0,
          "classifications": {
            "vrp_only": 0,
            "both": 0,
            "base_only": 0,
            "neither": 34
          }
        },
        {
          "archive": 75,
          "new_inputs": 37,
          "cumulative_inputs": 18058,
          "new_vrp_edges": 0,
          "new_base_edges": 0,
          "cumulative_vrp_edges": 0,
          "cumulative_base_edges": 0,
          "classifications": {
            "vrp_only": 0,
            "both": 0,
            "base_only": 0,
            "neither": 37
          }
        },
        {
          "archive": 76,
          "new_inputs": 29,
          "cumulative_inputs": 18087,
          "new_vrp_edges": 0,
          "new_base_edges": 0,
          "cumulative_vrp_edges": 0,
          "cumulative_base_edges": 0,
          "classifications": {
            "vrp_only": 0,
            "both": 0,
            "base_only": 0,
            "neither": 29
          }
        },
        {
          "archive": 77,
          "new_inputs": 19,
          "cumulative_inputs": 18106,
          "new_vrp_edges": 0,
          "new_base_edges": 0,
          "cumulative_vrp_edges": 0,
          "cumulative_base_edges": 0,
          "classifications": {
            "vrp_only": 0,
            "both": 0,
            "base_only": 0,
            "neither": 19
          }
        },
        {
          "archive": 78,
          "new_inputs": 14,
          "cumulative_inputs": 18120,
          "new_vrp_edges": 0,
          "new_base_edges": 0,
          "cumulative_vrp_edges": 0,
          "cumulative_base_edges": 0,
          "classifications": {
            "vrp_only": 0,
            "both": 0,
            "base_only": 0,
            "neither": 14
          }
        },
        {
          "archive": 79,
          "new_inputs": 12,
          "cumulative_inputs": 18132,
          "new_vrp_edges": 0,
          "new_base_edges": 0,
          "cumulative_vrp_edges": 0,
          "cumulative_base_edges": 0,
          "classifications": {
            "vrp_only": 0,
            "both": 0,
            "base_only": 0,
            "neither": 12
          }
        },
        {
          "archive": 80,
          "new_inputs": 31,
          "cumulative_inputs": 18163,
          "new_vrp_edges": 0,
          "new_base_edges": 0,
          "cumulative_vrp_edges": 0,
          "cumulative_base_edges": 0,
          "classifications": {
            "vrp_only": 0,
            "both": 0,
            "base_only": 0,
            "neither": 31
          }
        },
        {
          "archive": 81,
          "new_inputs": 11,
          "cumulative_inputs": 18174,
          "new_vrp_edges": 0,
          "new_base_edges": 0,
          "cumulative_vrp_edges": 0,
          "cumulative_base_edges": 0,
          "classifications": {
            "vrp_only": 0,
            "both": 0,
            "base_only": 0,
            "neither": 11
          }
        },
        {
          "archive": 82,
          "new_inputs": 16,
          "cumulative_inputs": 18190,
          "new_vrp_edges": 0,
          "new_base_edges": 0,
          "cumulative_vrp_edges": 0,
          "cumulative_base_edges": 0,
          "classifications": {
            "vrp_only": 0,
            "both": 0,
            "base_only": 0,
            "neither": 16
          }
        },
        {
          "archive": 83,
          "new_inputs": 8,
          "cumulative_inputs": 18198,
          "new_vrp_edges": 0,
          "new_base_edges": 0,
          "cumulative_vrp_edges": 0,
          "cumulative_base_edges": 0,
          "classifications": {
            "vrp_only": 0,
            "both": 0,
            "base_only": 0,
            "neither": 8
          }
        },
        {
          "archive": 84,
          "new_inputs": 6,
          "cumulative_inputs": 18204,
          "new_vrp_edges": 0,
          "new_base_edges": 0,
          "cumulative_vrp_edges": 0,
          "cumulative_base_edges": 0,
          "classifications": {
            "vrp_only": 0,
            "both": 0,
            "base_only": 0,
            "neither": 6
          }
        },
        {
          "archive": 85,
          "new_inputs": 18,
          "cumulative_inputs": 18222,
          "new_vrp_edges": 0,
          "new_base_edges": 0,
          "cumulative_vrp_edges": 0,
          "cumulative_base_edges": 0,
          "classifications": {
            "vrp_only": 0,
            "both": 0,
            "base_only": 0,
            "neither": 18
          }
        },
        {
          "archive": 86,
          "new_inputs": 41,
          "cumulative_inputs": 18263,
          "new_vrp_edges": 0,
          "new_base_edges": 0,
          "cumulative_vrp_edges": 0,
          "cumulative_base_edges": 0,
          "classifications": {
            "vrp_only": 0,
            "both": 0,
            "base_only": 0,
            "neither": 41
          }
        },
        {
          "archive": 87,
          "new_inputs": 27,
          "cumulative_inputs": 18290,
          "new_vrp_edges": 0,
          "new_base_edges": 0,
          "cumulative_vrp_edges": 0,
          "cumulative_base_edges": 0,
          "classifications": {
            "vrp_only": 0,
            "both": 0,
            "base_only": 0,
            "neither": 27
          }
        },
        {
          "archive": 88,
          "new_inputs": 5,
          "cumulative_inputs": 18295,
          "new_vrp_edges": 0,
          "new_base_edges": 0,
          "cumulative_vrp_edges": 0,
          "cumulative_base_edges": 0,
          "classifications": {
            "vrp_only": 0,
            "both": 0,
            "base_only": 0,
            "neither": 5
          }
        },
        {
          "archive": 89,
          "new_inputs": 12,
          "cumulative_inputs": 18307,
          "new_vrp_edges": 0,
          "new_base_edges": 0,
          "cumulative_vrp_edges": 0,
          "cumulative_base_edges": 0,
          "classifications": {
            "vrp_only": 0,
            "both": 0,
            "base_only": 0,
            "neither": 12
          }
        },
        {
          "archive": 90,
          "new_inputs": 12,
          "cumulative_inputs": 18319,
          "new_vrp_edges": 0,
          "new_base_edges": 0,
          "cumulative_vrp_edges": 0,
          "cumulative_base_edges": 0,
          "classifications": {
            "vrp_only": 0,
            "both": 0,
            "base_only": 0,
            "neither": 12
          }
        },
        {
          "archive": 91,
          "new_inputs": 12,
          "cumulative_inputs": 18331,
          "new_vrp_edges": 0,
          "new_base_edges": 0,
          "cumulative_vrp_edges": 0,
          "cumulative_base_edges": 0,
          "classifications": {
            "vrp_only": 0,
            "both": 0,
            "base_only": 0,
            "neither": 12
          }
        },
        {
          "archive": 92,
          "new_inputs": 16,
          "cumulative_inputs": 18347,
          "new_vrp_edges": 0,
          "new_base_edges": 0,
          "cumulative_vrp_edges": 0,
          "cumulative_base_edges": 0,
          "classifications": {
            "vrp_only": 0,
            "both": 0,
            "base_only": 0,
            "neither": 16
          }
        },
        {
          "archive": 93,
          "new_inputs": 14,
          "cumulative_inputs": 18361,
          "new_vrp_edges": 0,
          "new_base_edges": 0,
          "cumulative_vrp_edges": 0,
          "cumulative_base_edges": 0,
          "classifications": {
            "vrp_only": 0,
            "both": 0,
            "base_only": 0,
            "neither": 14
          }
        },
        {
          "archive": 94,
          "new_inputs": 71,
          "cumulative_inputs": 18432,
          "new_vrp_edges": 0,
          "new_base_edges": 0,
          "cumulative_vrp_edges": 0,
          "cumulative_base_edges": 0,
          "classifications": {
            "vrp_only": 0,
            "both": 0,
            "base_only": 0,
            "neither": 71
          }
        },
        {
          "archive": 95,
          "new_inputs": 12,
          "cumulative_inputs": 18444,
          "new_vrp_edges": 0,
          "new_base_edges": 0,
          "cumulative_vrp_edges": 0,
          "cumulative_base_edges": 0,
          "classifications": {
            "vrp_only": 0,
            "both": 0,
            "base_only": 0,
            "neither": 12
          }
        },
        {
          "archive": 96,
          "new_inputs": 0,
          "cumulative_inputs": 18444,
          "new_vrp_edges": 0,
          "new_base_edges": 0,
          "cumulative_vrp_edges": 0,
          "cumulative_base_edges": 0,
          "classifications": {
            "vrp_only": 0,
            "both": 0,
            "base_only": 0,
            "neither": 0
          }
        }
      ],
      "summary": {
        "total_inputs": 18444,
        "total_vrp_edges": 0,
        "total_base_edges": 0,
        "entanglement_rate": 0.0,
        "vrp_only_count": 0,
        "both_count": 0,
        "base_only_count": 0,
        "neither_count": 18444
      }
    },
    "vrp_bucket_entanglement": {
      "summary": {
        "total_inputs": 18444,
        "bucket_entanglement_rate": 0.0,
        "vrp_only": 0,
        "both": 0,
        "base_only": 0,
        "neither": 18444,
        "edge_neither_but_bucket_interesting": 0
      }
    },
    "vrp_gradient": {
      "summary": {
        "total_vrp_edges_seen": 0,
        "singleton_edges": 0,
        "low_freq_edges": 0,
        "high_freq_edges": 0,
        "vrp_exclusive_singletons": 0,
        "hit_count_distribution": {
          "1": 0,
          "2-3": 0,
          "4-10": 0,
          "11-50": 0,
          "51-200": 0,
          "200+": 0
        }
      }
    },
    "edge_growth": {
      "growth_curve": [
        {
          "archive": 0,
          "total_inputs": 2,
          "vrp_edges": 0,
          "base_edges": 0
        },
        {
          "archive": 1,
          "total_inputs": 6741,
          "vrp_edges": 0,
          "base_edges": 0
        },
        {
          "archive": 2,
          "total_inputs": 8815,
          "vrp_edges": 0,
          "base_edges": 0
        },
        {
          "archive": 3,
          "total_inputs": 10062,
          "vrp_edges": 0,
          "base_edges": 0
        },
        {
          "archive": 4,
          "total_inputs": 11047,
          "vrp_edges": 0,
          "base_edges": 0
        },
        {
          "archive": 5,
          "total_inputs": 11461,
          "vrp_edges": 0,
          "base_edges": 0
        },
        {
          "archive": 6,
          "total_inputs": 12113,
          "vrp_edges": 0,
          "base_edges": 0
        },
        {
          "archive": 7,
          "total_inputs": 12482,
          "vrp_edges": 0,
          "base_edges": 0
        },
        {
          "archive": 8,
          "total_inputs": 12686,
          "vrp_edges": 0,
          "base_edges": 0
        },
        {
          "archive": 9,
          "total_inputs": 12827,
          "vrp_edges": 0,
          "base_edges": 0
        },
        {
          "archive": 10,
          "total_inputs": 12990,
          "vrp_edges": 0,
          "base_edges": 0
        },
        {
          "archive": 11,
          "total_inputs": 13130,
          "vrp_edges": 0,
          "base_edges": 0
        },
        {
          "archive": 12,
          "total_inputs": 13223,
          "vrp_edges": 0,
          "base_edges": 0
        },
        {
          "archive": 13,
          "total_inputs": 13326,
          "vrp_edges": 0,
          "base_edges": 0
        },
        {
          "archive": 14,
          "total_inputs": 13388,
          "vrp_edges": 0,
          "base_edges": 0
        },
        {
          "archive": 15,
          "total_inputs": 13470,
          "vrp_edges": 0,
          "base_edges": 0
        },
        {
          "archive": 16,
          "total_inputs": 13537,
          "vrp_edges": 0,
          "base_edges": 0
        },
        {
          "archive": 17,
          "total_inputs": 13596,
          "vrp_edges": 0,
          "base_edges": 0
        },
        {
          "archive": 18,
          "total_inputs": 13636,
          "vrp_edges": 0,
          "base_edges": 0
        },
        {
          "archive": 19,
          "total_inputs": 13692,
          "vrp_edges": 0,
          "base_edges": 0
        },
        {
          "archive": 20,
          "total_inputs": 13749,
          "vrp_edges": 0,
          "base_edges": 0
        },
        {
          "archive": 21,
          "total_inputs": 13876,
          "vrp_edges": 0,
          "base_edges": 0
        },
        {
          "archive": 22,
          "total_inputs": 13906,
          "vrp_edges": 0,
          "base_edges": 0
        },
        {
          "archive": 23,
          "total_inputs": 13947,
          "vrp_edges": 0,
          "base_edges": 0
        },
        {
          "archive": 24,
          "total_inputs": 13969,
          "vrp_edges": 0,
          "base_edges": 0
        },
        {
          "archive": 25,
          "total_inputs": 13992,
          "vrp_edges": 0,
          "base_edges": 0
        },
        {
          "archive": 26,
          "total_inputs": 14281,
          "vrp_edges": 0,
          "base_edges": 0
        },
        {
          "archive": 27,
          "total_inputs": 14398,
          "vrp_edges": 0,
          "base_edges": 0
        },
        {
          "archive": 28,
          "total_inputs": 14461,
          "vrp_edges": 0,
          "base_edges": 0
        },
        {
          "archive": 29,
          "total_inputs": 14505,
          "vrp_edges": 0,
          "base_edges": 0
        },
        {
          "archive": 30,
          "total_inputs": 14540,
          "vrp_edges": 0,
          "base_edges": 0
        },
        {
          "archive": 31,
          "total_inputs": 14606,
          "vrp_edges": 0,
          "base_edges": 0
        },
        {
          "archive": 32,
          "total_inputs": 14645,
          "vrp_edges": 0,
          "base_edges": 0
        },
        {
          "archive": 33,
          "total_inputs": 14672,
          "vrp_edges": 0,
          "base_edges": 0
        },
        {
          "archive": 34,
          "total_inputs": 14703,
          "vrp_edges": 0,
          "base_edges": 0
        },
        {
          "archive": 35,
          "total_inputs": 14720,
          "vrp_edges": 0,
          "base_edges": 0
        },
        {
          "archive": 36,
          "total_inputs": 14904,
          "vrp_edges": 0,
          "base_edges": 0
        },
        {
          "archive": 37,
          "total_inputs": 15467,
          "vrp_edges": 0,
          "base_edges": 0
        },
        {
          "archive": 38,
          "total_inputs": 15850,
          "vrp_edges": 0,
          "base_edges": 0
        },
        {
          "archive": 39,
          "total_inputs": 16065,
          "vrp_edges": 0,
          "base_edges": 0
        },
        {
          "archive": 40,
          "total_inputs": 16132,
          "vrp_edges": 0,
          "base_edges": 0
        },
        {
          "archive": 41,
          "total_inputs": 16183,
          "vrp_edges": 0,
          "base_edges": 0
        },
        {
          "archive": 42,
          "total_inputs": 16210,
          "vrp_edges": 0,
          "base_edges": 0
        },
        {
          "archive": 43,
          "total_inputs": 16229,
          "vrp_edges": 0,
          "base_edges": 0
        },
        {
          "archive": 44,
          "total_inputs": 16246,
          "vrp_edges": 0,
          "base_edges": 0
        },
        {
          "archive": 45,
          "total_inputs": 16285,
          "vrp_edges": 0,
          "base_edges": 0
        },
        {
          "archive": 46,
          "total_inputs": 16300,
          "vrp_edges": 0,
          "base_edges": 0
        },
        {
          "archive": 47,
          "total_inputs": 16346,
          "vrp_edges": 0,
          "base_edges": 0
        },
        {
          "archive": 48,
          "total_inputs": 16379,
          "vrp_edges": 0,
          "base_edges": 0
        },
        {
          "archive": 49,
          "total_inputs": 16478,
          "vrp_edges": 0,
          "base_edges": 0
        },
        {
          "archive": 50,
          "total_inputs": 16498,
          "vrp_edges": 0,
          "base_edges": 0
        },
        {
          "archive": 51,
          "total_inputs": 16513,
          "vrp_edges": 0,
          "base_edges": 0
        },
        {
          "archive": 52,
          "total_inputs": 16539,
          "vrp_edges": 0,
          "base_edges": 0
        },
        {
          "archive": 53,
          "total_inputs": 16558,
          "vrp_edges": 0,
          "base_edges": 0
        },
        {
          "archive": 54,
          "total_inputs": 16574,
          "vrp_edges": 0,
          "base_edges": 0
        },
        {
          "archive": 55,
          "total_inputs": 16621,
          "vrp_edges": 0,
          "base_edges": 0
        },
        {
          "archive": 56,
          "total_inputs": 16912,
          "vrp_edges": 0,
          "base_edges": 0
        },
        {
          "archive": 57,
          "total_inputs": 16962,
          "vrp_edges": 0,
          "base_edges": 0
        },
        {
          "archive": 58,
          "total_inputs": 16992,
          "vrp_edges": 0,
          "base_edges": 0
        },
        {
          "archive": 59,
          "total_inputs": 17000,
          "vrp_edges": 0,
          "base_edges": 0
        },
        {
          "archive": 60,
          "total_inputs": 17025,
          "vrp_edges": 0,
          "base_edges": 0
        },
        {
          "archive": 61,
          "total_inputs": 17101,
          "vrp_edges": 0,
          "base_edges": 0
        },
        {
          "archive": 62,
          "total_inputs": 17115,
          "vrp_edges": 0,
          "base_edges": 0
        },
        {
          "archive": 63,
          "total_inputs": 17127,
          "vrp_edges": 0,
          "base_edges": 0
        },
        {
          "archive": 64,
          "total_inputs": 17137,
          "vrp_edges": 0,
          "base_edges": 0
        },
        {
          "archive": 65,
          "total_inputs": 17146,
          "vrp_edges": 0,
          "base_edges": 0
        },
        {
          "archive": 66,
          "total_inputs": 17170,
          "vrp_edges": 0,
          "base_edges": 0
        },
        {
          "archive": 67,
          "total_inputs": 17269,
          "vrp_edges": 0,
          "base_edges": 0
        },
        {
          "archive": 68,
          "total_inputs": 17470,
          "vrp_edges": 0,
          "base_edges": 0
        },
        {
          "archive": 69,
          "total_inputs": 17756,
          "vrp_edges": 0,
          "base_edges": 0
        },
        {
          "archive": 70,
          "total_inputs": 17837,
          "vrp_edges": 0,
          "base_edges": 0
        },
        {
          "archive": 71,
          "total_inputs": 17881,
          "vrp_edges": 0,
          "base_edges": 0
        },
        {
          "archive": 72,
          "total_inputs": 17925,
          "vrp_edges": 0,
          "base_edges": 0
        },
        {
          "archive": 73,
          "total_inputs": 17987,
          "vrp_edges": 0,
          "base_edges": 0
        },
        {
          "archive": 74,
          "total_inputs": 18021,
          "vrp_edges": 0,
          "base_edges": 0
        },
        {
          "archive": 75,
          "total_inputs": 18058,
          "vrp_edges": 0,
          "base_edges": 0
        },
        {
          "archive": 76,
          "total_inputs": 18087,
          "vrp_edges": 0,
          "base_edges": 0
        },
        {
          "archive": 77,
          "total_inputs": 18106,
          "vrp_edges": 0,
          "base_edges": 0
        },
        {
          "archive": 78,
          "total_inputs": 18120,
          "vrp_edges": 0,
          "base_edges": 0
        },
        {
          "archive": 79,
          "total_inputs": 18132,
          "vrp_edges": 0,
          "base_edges": 0
        },
        {
          "archive": 80,
          "total_inputs": 18163,
          "vrp_edges": 0,
          "base_edges": 0
        },
        {
          "archive": 81,
          "total_inputs": 18174,
          "vrp_edges": 0,
          "base_edges": 0
        },
        {
          "archive": 82,
          "total_inputs": 18190,
          "vrp_edges": 0,
          "base_edges": 0
        },
        {
          "archive": 83,
          "total_inputs": 18198,
          "vrp_edges": 0,
          "base_edges": 0
        },
        {
          "archive": 84,
          "total_inputs": 18204,
          "vrp_edges": 0,
          "base_edges": 0
        },
        {
          "archive": 85,
          "total_inputs": 18222,
          "vrp_edges": 0,
          "base_edges": 0
        },
        {
          "archive": 86,
          "total_inputs": 18263,
          "vrp_edges": 0,
          "base_edges": 0
        },
        {
          "archive": 87,
          "total_inputs": 18290,
          "vrp_edges": 0,
          "base_edges": 0
        },
        {
          "archive": 88,
          "total_inputs": 18295,
          "vrp_edges": 0,
          "base_edges": 0
        },
        {
          "archive": 89,
          "total_inputs": 18307,
          "vrp_edges": 0,
          "base_edges": 0
        },
        {
          "archive": 90,
          "total_inputs": 18319,
          "vrp_edges": 0,
          "base_edges": 0
        },
        {
          "archive": 91,
          "total_inputs": 18331,
          "vrp_edges": 0,
          "base_edges": 0
        },
        {
          "archive": 92,
          "total_inputs": 18347,
          "vrp_edges": 0,
          "base_edges": 0
        },
        {
          "archive": 93,
          "total_inputs": 18361,
          "vrp_edges": 0,
          "base_edges": 0
        },
        {
          "archive": 94,
          "total_inputs": 18432,
          "vrp_edges": 0,
          "base_edges": 0
        },
        {
          "archive": 95,
          "total_inputs": 18444,
          "vrp_edges": 0,
          "base_edges": 0
        },
        {
          "archive": 96,
          "total_inputs": 18444,
          "vrp_edges": 0,
          "base_edges": 0
        }
      ],
      "final_vrp_edges": 0,
      "final_base_edges": 0,
      "total_inputs": 18444
    },
    "speed": {
      "per_archive": [
        {
          "archive": 0,
          "inputs": 2,
          "mean_vrp_ms": 8.452,
          "mean_base_ms": 8.739,
          "overhead": 0.9672
        },
        {
          "archive": 1,
          "inputs": 6739,
          "mean_vrp_ms": 0.02,
          "mean_base_ms": 0.02,
          "overhead": 0.9855
        },
        {
          "archive": 2,
          "inputs": 2074,
          "mean_vrp_ms": 0.02,
          "mean_base_ms": 0.022,
          "overhead": 0.9249
        },
        {
          "archive": 3,
          "inputs": 1247,
          "mean_vrp_ms": 0.022,
          "mean_base_ms": 0.023,
          "overhead": 0.9338
        },
        {
          "archive": 4,
          "inputs": 985,
          "mean_vrp_ms": 0.029,
          "mean_base_ms": 0.028,
          "overhead": 1.0256
        },
        {
          "archive": 5,
          "inputs": 414,
          "mean_vrp_ms": 0.048,
          "mean_base_ms": 0.038,
          "overhead": 1.2618
        },
        {
          "archive": 6,
          "inputs": 652,
          "mean_vrp_ms": 0.034,
          "mean_base_ms": 0.035,
          "overhead": 0.9755
        },
        {
          "archive": 7,
          "inputs": 369,
          "mean_vrp_ms": 0.044,
          "mean_base_ms": 0.045,
          "overhead": 0.9673
        },
        {
          "archive": 8,
          "inputs": 204,
          "mean_vrp_ms": 0.079,
          "mean_base_ms": 0.07,
          "overhead": 1.1344
        },
        {
          "archive": 9,
          "inputs": 141,
          "mean_vrp_ms": 0.09,
          "mean_base_ms": 0.103,
          "overhead": 0.8727
        },
        {
          "archive": 10,
          "inputs": 163,
          "mean_vrp_ms": 0.081,
          "mean_base_ms": 0.086,
          "overhead": 0.9444
        },
        {
          "archive": 11,
          "inputs": 140,
          "mean_vrp_ms": 0.113,
          "mean_base_ms": 0.117,
          "overhead": 0.9684
        },
        {
          "archive": 12,
          "inputs": 93,
          "mean_vrp_ms": 0.141,
          "mean_base_ms": 0.144,
          "overhead": 0.9797
        },
        {
          "archive": 13,
          "inputs": 103,
          "mean_vrp_ms": 0.121,
          "mean_base_ms": 0.12,
          "overhead": 1.0124
        },
        {
          "archive": 14,
          "inputs": 62,
          "mean_vrp_ms": 0.191,
          "mean_base_ms": 0.203,
          "overhead": 0.9402
        },
        {
          "archive": 15,
          "inputs": 82,
          "mean_vrp_ms": 0.151,
          "mean_base_ms": 0.155,
          "overhead": 0.9743
        },
        {
          "archive": 16,
          "inputs": 67,
          "mean_vrp_ms": 0.17,
          "mean_base_ms": 0.177,
          "overhead": 0.9615
        },
        {
          "archive": 17,
          "inputs": 59,
          "mean_vrp_ms": 0.231,
          "mean_base_ms": 0.213,
          "overhead": 1.0831
        },
        {
          "archive": 18,
          "inputs": 40,
          "mean_vrp_ms": 0.302,
          "mean_base_ms": 0.333,
          "overhead": 0.9076
        },
        {
          "archive": 19,
          "inputs": 56,
          "mean_vrp_ms": 0.247,
          "mean_base_ms": 0.235,
          "overhead": 1.0527
        },
        {
          "archive": 20,
          "inputs": 57,
          "mean_vrp_ms": 0.222,
          "mean_base_ms": 0.23,
          "overhead": 0.9649
        },
        {
          "archive": 21,
          "inputs": 127,
          "mean_vrp_ms": 0.096,
          "mean_base_ms": 0.116,
          "overhead": 0.8273
        },
        {
          "archive": 22,
          "inputs": 30,
          "mean_vrp_ms": 0.428,
          "mean_base_ms": 0.401,
          "overhead": 1.0681
        },
        {
          "archive": 23,
          "inputs": 41,
          "mean_vrp_ms": 0.319,
          "mean_base_ms": 0.373,
          "overhead": 0.8572
        },
        {
          "archive": 24,
          "inputs": 22,
          "mean_vrp_ms": 0.664,
          "mean_base_ms": 0.559,
          "overhead": 1.1867
        },
        {
          "archive": 25,
          "inputs": 23,
          "mean_vrp_ms": 0.495,
          "mean_base_ms": 0.514,
          "overhead": 0.9635
        },
        {
          "archive": 26,
          "inputs": 289,
          "mean_vrp_ms": 0.056,
          "mean_base_ms": 0.058,
          "overhead": 0.9684
        },
        {
          "archive": 27,
          "inputs": 117,
          "mean_vrp_ms": 0.128,
          "mean_base_ms": 0.11,
          "overhead": 1.1615
        },
        {
          "archive": 28,
          "inputs": 63,
          "mean_vrp_ms": 0.19,
          "mean_base_ms": 0.201,
          "overhead": 0.9458
        },
        {
          "archive": 29,
          "inputs": 44,
          "mean_vrp_ms": 0.268,
          "mean_base_ms": 0.261,
          "overhead": 1.0261
        },
        {
          "archive": 30,
          "inputs": 35,
          "mean_vrp_ms": 0.399,
          "mean_base_ms": 0.35,
          "overhead": 1.1377
        },
        {
          "archive": 31,
          "inputs": 66,
          "mean_vrp_ms": 0.198,
          "mean_base_ms": 0.184,
          "overhead": 1.0751
        },
        {
          "archive": 32,
          "inputs": 39,
          "mean_vrp_ms": 0.363,
          "mean_base_ms": 0.316,
          "overhead": 1.1507
        },
        {
          "archive": 33,
          "inputs": 27,
          "mean_vrp_ms": 0.496,
          "mean_base_ms": 0.385,
          "overhead": 1.2868
        },
        {
          "archive": 34,
          "inputs": 31,
          "mean_vrp_ms": 0.376,
          "mean_base_ms": 0.407,
          "overhead": 0.9247
        },
        {
          "archive": 35,
          "inputs": 17,
          "mean_vrp_ms": 0.71,
          "mean_base_ms": 0.675,
          "overhead": 1.0529
        },
        {
          "archive": 36,
          "inputs": 184,
          "mean_vrp_ms": 0.084,
          "mean_base_ms": 0.08,
          "overhead": 1.0497
        },
        {
          "archive": 37,
          "inputs": 563,
          "mean_vrp_ms": 0.034,
          "mean_base_ms": 0.038,
          "overhead": 0.9082
        },
        {
          "archive": 38,
          "inputs": 383,
          "mean_vrp_ms": 0.053,
          "mean_base_ms": 0.054,
          "overhead": 0.9855
        },
        {
          "archive": 39,
          "inputs": 215,
          "mean_vrp_ms": 0.085,
          "mean_base_ms": 0.082,
          "overhead": 1.0369
        },
        {
          "archive": 40,
          "inputs": 67,
          "mean_vrp_ms": 0.24,
          "mean_base_ms": 0.194,
          "overhead": 1.241
        },
        {
          "archive": 41,
          "inputs": 51,
          "mean_vrp_ms": 0.252,
          "mean_base_ms": 0.225,
          "overhead": 1.1205
        },
        {
          "archive": 42,
          "inputs": 27,
          "mean_vrp_ms": 0.447,
          "mean_base_ms": 0.521,
          "overhead": 0.858
        },
        {
          "archive": 43,
          "inputs": 19,
          "mean_vrp_ms": 0.685,
          "mean_base_ms": 0.628,
          "overhead": 1.0904
        },
        {
          "archive": 44,
          "inputs": 17,
          "mean_vrp_ms": 0.894,
          "mean_base_ms": 0.775,
          "overhead": 1.1531
        },
        {
          "archive": 45,
          "inputs": 39,
          "mean_vrp_ms": 0.439,
          "mean_base_ms": 0.351,
          "overhead": 1.249
        },
        {
          "archive": 46,
          "inputs": 15,
          "mean_vrp_ms": 0.811,
          "mean_base_ms": 0.778,
          "overhead": 1.0421
        },
        {
          "archive": 47,
          "inputs": 46,
          "mean_vrp_ms": 0.298,
          "mean_base_ms": 0.325,
          "overhead": 0.9159
        },
        {
          "archive": 48,
          "inputs": 33,
          "mean_vrp_ms": 0.35,
          "mean_base_ms": 0.404,
          "overhead": 0.8674
        },
        {
          "archive": 49,
          "inputs": 99,
          "mean_vrp_ms": 0.154,
          "mean_base_ms": 0.153,
          "overhead": 1.0063
        },
        {
          "archive": 50,
          "inputs": 20,
          "mean_vrp_ms": 0.748,
          "mean_base_ms": 0.589,
          "overhead": 1.27
        },
        {
          "archive": 51,
          "inputs": 15,
          "mean_vrp_ms": 0.935,
          "mean_base_ms": 0.757,
          "overhead": 1.2358
        },
        {
          "archive": 52,
          "inputs": 26,
          "mean_vrp_ms": 0.47,
          "mean_base_ms": 0.543,
          "overhead": 0.8658
        },
        {
          "archive": 53,
          "inputs": 19,
          "mean_vrp_ms": 0.771,
          "mean_base_ms": 0.635,
          "overhead": 1.215
        },
        {
          "archive": 54,
          "inputs": 16,
          "mean_vrp_ms": 0.717,
          "mean_base_ms": 0.654,
          "overhead": 1.0968
        },
        {
          "archive": 55,
          "inputs": 47,
          "mean_vrp_ms": 0.253,
          "mean_base_ms": 0.241,
          "overhead": 1.0515
        },
        {
          "archive": 56,
          "inputs": 291,
          "mean_vrp_ms": 0.052,
          "mean_base_ms": 0.062,
          "overhead": 0.8431
        },
        {
          "archive": 57,
          "inputs": 50,
          "mean_vrp_ms": 0.328,
          "mean_base_ms": 0.272,
          "overhead": 1.2045
        },
        {
          "archive": 58,
          "inputs": 30,
          "mean_vrp_ms": 0.485,
          "mean_base_ms": 0.401,
          "overhead": 1.2096
        },
        {
          "archive": 59,
          "inputs": 8,
          "mean_vrp_ms": 1.508,
          "mean_base_ms": 1.368,
          "overhead": 1.1025
        },
        {
          "archive": 60,
          "inputs": 25,
          "mean_vrp_ms": 0.469,
          "mean_base_ms": 0.45,
          "overhead": 1.0419
        },
        {
          "archive": 61,
          "inputs": 76,
          "mean_vrp_ms": 0.157,
          "mean_base_ms": 0.165,
          "overhead": 0.9532
        },
        {
          "archive": 62,
          "inputs": 14,
          "mean_vrp_ms": 0.873,
          "mean_base_ms": 0.86,
          "overhead": 1.0147
        },
        {
          "archive": 63,
          "inputs": 12,
          "mean_vrp_ms": 1.016,
          "mean_base_ms": 1.156,
          "overhead": 0.8789
        },
        {
          "archive": 64,
          "inputs": 10,
          "mean_vrp_ms": 1.257,
          "mean_base_ms": 1.427,
          "overhead": 0.8806
        },
        {
          "archive": 65,
          "inputs": 9,
          "mean_vrp_ms": 1.21,
          "mean_base_ms": 1.252,
          "overhead": 0.9662
        },
        {
          "archive": 66,
          "inputs": 24,
          "mean_vrp_ms": 0.459,
          "mean_base_ms": 0.507,
          "overhead": 0.9056
        },
        {
          "archive": 67,
          "inputs": 99,
          "mean_vrp_ms": 0.123,
          "mean_base_ms": 0.126,
          "overhead": 0.9819
        },
        {
          "archive": 68,
          "inputs": 201,
          "mean_vrp_ms": 0.081,
          "mean_base_ms": 0.077,
          "overhead": 1.0486
        },
        {
          "archive": 69,
          "inputs": 286,
          "mean_vrp_ms": 0.056,
          "mean_base_ms": 0.059,
          "overhead": 0.9458
        },
        {
          "archive": 70,
          "inputs": 81,
          "mean_vrp_ms": 0.162,
          "mean_base_ms": 0.184,
          "overhead": 0.8842
        },
        {
          "archive": 71,
          "inputs": 44,
          "mean_vrp_ms": 0.268,
          "mean_base_ms": 0.263,
          "overhead": 1.0201
        },
        {
          "archive": 72,
          "inputs": 44,
          "mean_vrp_ms": 0.284,
          "mean_base_ms": 0.348,
          "overhead": 0.8165
        },
        {
          "archive": 73,
          "inputs": 62,
          "mean_vrp_ms": 0.237,
          "mean_base_ms": 0.163,
          "overhead": 1.4489
        },
        {
          "archive": 74,
          "inputs": 34,
          "mean_vrp_ms": 0.371,
          "mean_base_ms": 0.448,
          "overhead": 0.8277
        },
        {
          "archive": 75,
          "inputs": 37,
          "mean_vrp_ms": 0.316,
          "mean_base_ms": 0.365,
          "overhead": 0.8657
        },
        {
          "archive": 76,
          "inputs": 29,
          "mean_vrp_ms": 0.442,
          "mean_base_ms": 0.328,
          "overhead": 1.3494
        },
        {
          "archive": 77,
          "inputs": 19,
          "mean_vrp_ms": 0.556,
          "mean_base_ms": 0.579,
          "overhead": 0.9603
        },
        {
          "archive": 78,
          "inputs": 14,
          "mean_vrp_ms": 0.773,
          "mean_base_ms": 0.772,
          "overhead": 1.0023
        },
        {
          "archive": 79,
          "inputs": 12,
          "mean_vrp_ms": 1.048,
          "mean_base_ms": 1.023,
          "overhead": 1.0248
        },
        {
          "archive": 80,
          "inputs": 31,
          "mean_vrp_ms": 0.455,
          "mean_base_ms": 0.398,
          "overhead": 1.1418
        },
        {
          "archive": 81,
          "inputs": 11,
          "mean_vrp_ms": 1.367,
          "mean_base_ms": 1.017,
          "overhead": 1.3444
        },
        {
          "archive": 82,
          "inputs": 16,
          "mean_vrp_ms": 0.634,
          "mean_base_ms": 0.686,
          "overhead": 0.9241
        },
        {
          "archive": 83,
          "inputs": 8,
          "mean_vrp_ms": 1.391,
          "mean_base_ms": 1.461,
          "overhead": 0.9524
        },
        {
          "archive": 84,
          "inputs": 6,
          "mean_vrp_ms": 2.315,
          "mean_base_ms": 2.15,
          "overhead": 1.0765
        },
        {
          "archive": 85,
          "inputs": 18,
          "mean_vrp_ms": 0.607,
          "mean_base_ms": 0.65,
          "overhead": 0.9346
        },
        {
          "archive": 86,
          "inputs": 41,
          "mean_vrp_ms": 0.278,
          "mean_base_ms": 0.284,
          "overhead": 0.9772
        },
        {
          "archive": 87,
          "inputs": 27,
          "mean_vrp_ms": 0.41,
          "mean_base_ms": 0.485,
          "overhead": 0.844
        },
        {
          "archive": 88,
          "inputs": 5,
          "mean_vrp_ms": 2.825,
          "mean_base_ms": 2.182,
          "overhead": 1.2947
        },
        {
          "archive": 89,
          "inputs": 12,
          "mean_vrp_ms": 0.947,
          "mean_base_ms": 0.851,
          "overhead": 1.1121
        },
        {
          "archive": 90,
          "inputs": 12,
          "mean_vrp_ms": 0.92,
          "mean_base_ms": 0.982,
          "overhead": 0.9367
        },
        {
          "archive": 91,
          "inputs": 12,
          "mean_vrp_ms": 1.068,
          "mean_base_ms": 1.028,
          "overhead": 1.0396
        },
        {
          "archive": 92,
          "inputs": 16,
          "mean_vrp_ms": 0.81,
          "mean_base_ms": 0.842,
          "overhead": 0.9616
        },
        {
          "archive": 93,
          "inputs": 14,
          "mean_vrp_ms": 0.951,
          "mean_base_ms": 0.773,
          "overhead": 1.2311
        },
        {
          "archive": 94,
          "inputs": 71,
          "mean_vrp_ms": 0.205,
          "mean_base_ms": 0.163,
          "overhead": 1.2586
        },
        {
          "archive": 95,
          "inputs": 12,
          "mean_vrp_ms": 4.373,
          "mean_base_ms": 0.923,
          "overhead": 4.7366
        },
        {
          "archive": 96,
          "inputs": 0,
          "mean_vrp_ms": 0.0,
          "mean_base_ms": 0.0,
          "overhead": 0.0
        }
      ],
      "summary": {
        "total_inputs": 18444,
        "vrp_mean_ms": 0.082,
        "vrp_median_ms": 0.022,
        "vrp_p95_ms": 0.328,
        "vrp_p99_ms": 0.873,
        "base_mean_ms": 0.079,
        "base_median_ms": 0.023,
        "base_p95_ms": 0.348,
        "base_p99_ms": 0.775,
        "mean_overhead": 1.0435
      }
    }
  }
}