{
  "experiment": "vrp-unfold-eval-big04",
  "benchmark": "freetype2_ftfuzzer",
  "fuzzer": "aflplusplus_vrp_lto",
  "instance": "48878",
  "archives_processed": 97,
  "total_inputs": 19594,
  "elapsed_seconds": 21.1,
  "analyzer_results": {
    "vrp_hit_entanglement": {
      "per_archive": [
        {
          "archive": 0,
          "new_inputs": 2,
          "cumulative_inputs": 2,
          "new_vrp_edges": 0,
          "new_base_edges": 0,
          "cumulative_vrp_edges": 0,
          "cumulative_base_edges": 0,
          "classifications": {
            "vrp_only": 0,
            "both": 0,
            "base_only": 0,
            "neither": 2
          }
        },
        {
          "archive": 1,
          "new_inputs": 6727,
          "cumulative_inputs": 6729,
          "new_vrp_edges": 0,
          "new_base_edges": 0,
          "cumulative_vrp_edges": 0,
          "cumulative_base_edges": 0,
          "classifications": {
            "vrp_only": 0,
            "both": 0,
            "base_only": 0,
            "neither": 6727
          }
        },
        {
          "archive": 2,
          "new_inputs": 2832,
          "cumulative_inputs": 9561,
          "new_vrp_edges": 0,
          "new_base_edges": 0,
          "cumulative_vrp_edges": 0,
          "cumulative_base_edges": 0,
          "classifications": {
            "vrp_only": 0,
            "both": 0,
            "base_only": 0,
            "neither": 2832
          }
        },
        {
          "archive": 3,
          "new_inputs": 1895,
          "cumulative_inputs": 11456,
          "new_vrp_edges": 0,
          "new_base_edges": 0,
          "cumulative_vrp_edges": 0,
          "cumulative_base_edges": 0,
          "classifications": {
            "vrp_only": 0,
            "both": 0,
            "base_only": 0,
            "neither": 1895
          }
        },
        {
          "archive": 4,
          "new_inputs": 1135,
          "cumulative_inputs": 12591,
          "new_vrp_edges": 0,
          "new_base_edges": 0,
          "cumulative_vrp_edges": 0,
          "cumulative_base_edges": 0,
          "classifications": {
            "vrp_only": 0,
            "both": 0,
            "base_only": 0,
            "neither": 1135
          }
        },
        {
          "archive": 5,
          "new_inputs": 647,
          "cumulative_inputs": 13238,
          "new_vrp_edges": 0,
          "new_base_edges": 0,
          "cumulative_vrp_edges": 0,
          "cumulative_base_edges": 0,
          "classifications": {
            "vrp_only": 0,
            "both": 0,
            "base_only": 0,
            "neither": 647
          }
        },
        {
          "archive": 6,
          "new_inputs": 672,
          "cumulative_inputs": 13910,
          "new_vrp_edges": 0,
          "new_base_edges": 0,
          "cumulative_vrp_edges": 0,
          "cumulative_base_edges": 0,
          "classifications": {
            "vrp_only": 0,
            "both": 0,
            "base_only": 0,
            "neither": 672
          }
        },
        {
          "archive": 7,
          "new_inputs": 483,
          "cumulative_inputs": 14393,
          "new_vrp_edges": 0,
          "new_base_edges": 0,
          "cumulative_vrp_edges": 0,
          "cumulative_base_edges": 0,
          "classifications": {
            "vrp_only": 0,
            "both": 0,
            "base_only": 0,
            "neither": 483
          }
        },
        {
          "archive": 8,
          "new_inputs": 295,
          "cumulative_inputs": 14688,
          "new_vrp_edges": 0,
          "new_base_edges": 0,
          "cumulative_vrp_edges": 0,
          "cumulative_base_edges": 0,
          "classifications": {
            "vrp_only": 0,
            "both": 0,
            "base_only": 0,
            "neither": 295
          }
        },
        {
          "archive": 9,
          "new_inputs": 261,
          "cumulative_inputs": 14949,
          "new_vrp_edges": 0,
          "new_base_edges": 0,
          "cumulative_vrp_edges": 0,
          "cumulative_base_edges": 0,
          "classifications": {
            "vrp_only": 0,
            "both": 0,
            "base_only": 0,
            "neither": 261
          }
        },
        {
          "archive": 10,
          "new_inputs": 333,
          "cumulative_inputs": 15282,
          "new_vrp_edges": 0,
          "new_base_edges": 0,
          "cumulative_vrp_edges": 0,
          "cumulative_base_edges": 0,
          "classifications": {
            "vrp_only": 0,
            "both": 0,
            "base_only": 0,
            "neither": 333
          }
        },
        {
          "archive": 11,
          "new_inputs": 382,
          "cumulative_inputs": 15664,
          "new_vrp_edges": 0,
          "new_base_edges": 0,
          "cumulative_vrp_edges": 0,
          "cumulative_base_edges": 0,
          "classifications": {
            "vrp_only": 0,
            "both": 0,
            "base_only": 0,
            "neither": 382
          }
        },
        {
          "archive": 12,
          "new_inputs": 254,
          "cumulative_inputs": 15918,
          "new_vrp_edges": 0,
          "new_base_edges": 0,
          "cumulative_vrp_edges": 0,
          "cumulative_base_edges": 0,
          "classifications": {
            "vrp_only": 0,
            "both": 0,
            "base_only": 0,
            "neither": 254
          }
        },
        {
          "archive": 13,
          "new_inputs": 196,
          "cumulative_inputs": 16114,
          "new_vrp_edges": 0,
          "new_base_edges": 0,
          "cumulative_vrp_edges": 0,
          "cumulative_base_edges": 0,
          "classifications": {
            "vrp_only": 0,
            "both": 0,
            "base_only": 0,
            "neither": 196
          }
        },
        {
          "archive": 14,
          "new_inputs": 155,
          "cumulative_inputs": 16269,
          "new_vrp_edges": 0,
          "new_base_edges": 0,
          "cumulative_vrp_edges": 0,
          "cumulative_base_edges": 0,
          "classifications": {
            "vrp_only": 0,
            "both": 0,
            "base_only": 0,
            "neither": 155
          }
        },
        {
          "archive": 15,
          "new_inputs": 132,
          "cumulative_inputs": 16401,
          "new_vrp_edges": 0,
          "new_base_edges": 0,
          "cumulative_vrp_edges": 0,
          "cumulative_base_edges": 0,
          "classifications": {
            "vrp_only": 0,
            "both": 0,
            "base_only": 0,
            "neither": 132
          }
        },
        {
          "archive": 16,
          "new_inputs": 47,
          "cumulative_inputs": 16448,
          "new_vrp_edges": 0,
          "new_base_edges": 0,
          "cumulative_vrp_edges": 0,
          "cumulative_base_edges": 0,
          "classifications": {
            "vrp_only": 0,
            "both": 0,
            "base_only": 0,
            "neither": 47
          }
        },
        {
          "archive": 17,
          "new_inputs": 57,
          "cumulative_inputs": 16505,
          "new_vrp_edges": 0,
          "new_base_edges": 0,
          "cumulative_vrp_edges": 0,
          "cumulative_base_edges": 0,
          "classifications": {
            "vrp_only": 0,
            "both": 0,
            "base_only": 0,
            "neither": 57
          }
        },
        {
          "archive": 18,
          "new_inputs": 66,
          "cumulative_inputs": 16571,
          "new_vrp_edges": 0,
          "new_base_edges": 0,
          "cumulative_vrp_edges": 0,
          "cumulative_base_edges": 0,
          "classifications": {
            "vrp_only": 0,
            "both": 0,
            "base_only": 0,
            "neither": 66
          }
        },
        {
          "archive": 19,
          "new_inputs": 48,
          "cumulative_inputs": 16619,
          "new_vrp_edges": 0,
          "new_base_edges": 0,
          "cumulative_vrp_edges": 0,
          "cumulative_base_edges": 0,
          "classifications": {
            "vrp_only": 0,
            "both": 0,
            "base_only": 0,
            "neither": 48
          }
        },
        {
          "archive": 20,
          "new_inputs": 70,
          "cumulative_inputs": 16689,
          "new_vrp_edges": 0,
          "new_base_edges": 0,
          "cumulative_vrp_edges": 0,
          "cumulative_base_edges": 0,
          "classifications": {
            "vrp_only": 0,
            "both": 0,
            "base_only": 0,
            "neither": 70
          }
        },
        {
          "archive": 21,
          "new_inputs": 155,
          "cumulative_inputs": 16844,
          "new_vrp_edges": 0,
          "new_base_edges": 0,
          "cumulative_vrp_edges": 0,
          "cumulative_base_edges": 0,
          "classifications": {
            "vrp_only": 0,
            "both": 0,
            "base_only": 0,
            "neither": 155
          }
        },
        {
          "archive": 22,
          "new_inputs": 56,
          "cumulative_inputs": 16900,
          "new_vrp_edges": 0,
          "new_base_edges": 0,
          "cumulative_vrp_edges": 0,
          "cumulative_base_edges": 0,
          "classifications": {
            "vrp_only": 0,
            "both": 0,
            "base_only": 0,
            "neither": 56
          }
        },
        {
          "archive": 23,
          "new_inputs": 55,
          "cumulative_inputs": 16955,
          "new_vrp_edges": 0,
          "new_base_edges": 0,
          "cumulative_vrp_edges": 0,
          "cumulative_base_edges": 0,
          "classifications": {
            "vrp_only": 0,
            "both": 0,
            "base_only": 0,
            "neither": 55
          }
        },
        {
          "archive": 24,
          "new_inputs": 34,
          "cumulative_inputs": 16989,
          "new_vrp_edges": 0,
          "new_base_edges": 0,
          "cumulative_vrp_edges": 0,
          "cumulative_base_edges": 0,
          "classifications": {
            "vrp_only": 0,
            "both": 0,
            "base_only": 0,
            "neither": 34
          }
        },
        {
          "archive": 25,
          "new_inputs": 38,
          "cumulative_inputs": 17027,
          "new_vrp_edges": 0,
          "new_base_edges": 0,
          "cumulative_vrp_edges": 0,
          "cumulative_base_edges": 0,
          "classifications": {
            "vrp_only": 0,
            "both": 0,
            "base_only": 0,
            "neither": 38
          }
        },
        {
          "archive": 26,
          "new_inputs": 25,
          "cumulative_inputs": 17052,
          "new_vrp_edges": 0,
          "new_base_edges": 0,
          "cumulative_vrp_edges": 0,
          "cumulative_base_edges": 0,
          "classifications": {
            "vrp_only": 0,
            "both": 0,
            "base_only": 0,
            "neither": 25
          }
        },
        {
          "archive": 27,
          "new_inputs": 32,
          "cumulative_inputs": 17084,
          "new_vrp_edges": 0,
          "new_base_edges": 0,
          "cumulative_vrp_edges": 0,
          "cumulative_base_edges": 0,
          "classifications": {
            "vrp_only": 0,
            "both": 0,
            "base_only": 0,
            "neither": 32
          }
        },
        {
          "archive": 28,
          "new_inputs": 134,
          "cumulative_inputs": 17218,
          "new_vrp_edges": 0,
          "new_base_edges": 0,
          "cumulative_vrp_edges": 0,
          "cumulative_base_edges": 0,
          "classifications": {
            "vrp_only": 0,
            "both": 0,
            "base_only": 0,
            "neither": 134
          }
        },
        {
          "archive": 29,
          "new_inputs": 62,
          "cumulative_inputs": 17280,
          "new_vrp_edges": 0,
          "new_base_edges": 0,
          "cumulative_vrp_edges": 0,
          "cumulative_base_edges": 0,
          "classifications": {
            "vrp_only": 0,
            "both": 0,
            "base_only": 0,
            "neither": 62
          }
        },
        {
          "archive": 30,
          "new_inputs": 116,
          "cumulative_inputs": 17396,
          "new_vrp_edges": 0,
          "new_base_edges": 0,
          "cumulative_vrp_edges": 0,
          "cumulative_base_edges": 0,
          "classifications": {
            "vrp_only": 0,
            "both": 0,
            "base_only": 0,
            "neither": 116
          }
        },
        {
          "archive": 31,
          "new_inputs": 46,
          "cumulative_inputs": 17442,
          "new_vrp_edges": 0,
          "new_base_edges": 0,
          "cumulative_vrp_edges": 0,
          "cumulative_base_edges": 0,
          "classifications": {
            "vrp_only": 0,
            "both": 0,
            "base_only": 0,
            "neither": 46
          }
        },
        {
          "archive": 32,
          "new_inputs": 23,
          "cumulative_inputs": 17465,
          "new_vrp_edges": 0,
          "new_base_edges": 0,
          "cumulative_vrp_edges": 0,
          "cumulative_base_edges": 0,
          "classifications": {
            "vrp_only": 0,
            "both": 0,
            "base_only": 0,
            "neither": 23
          }
        },
        {
          "archive": 33,
          "new_inputs": 22,
          "cumulative_inputs": 17487,
          "new_vrp_edges": 0,
          "new_base_edges": 0,
          "cumulative_vrp_edges": 0,
          "cumulative_base_edges": 0,
          "classifications": {
            "vrp_only": 0,
            "both": 0,
            "base_only": 0,
            "neither": 22
          }
        },
        {
          "archive": 34,
          "new_inputs": 19,
          "cumulative_inputs": 17506,
          "new_vrp_edges": 0,
          "new_base_edges": 0,
          "cumulative_vrp_edges": 0,
          "cumulative_base_edges": 0,
          "classifications": {
            "vrp_only": 0,
            "both": 0,
            "base_only": 0,
            "neither": 19
          }
        },
        {
          "archive": 35,
          "new_inputs": 30,
          "cumulative_inputs": 17536,
          "new_vrp_edges": 0,
          "new_base_edges": 0,
          "cumulative_vrp_edges": 0,
          "cumulative_base_edges": 0,
          "classifications": {
            "vrp_only": 0,
            "both": 0,
            "base_only": 0,
            "neither": 30
          }
        },
        {
          "archive": 36,
          "new_inputs": 21,
          "cumulative_inputs": 17557,
          "new_vrp_edges": 0,
          "new_base_edges": 0,
          "cumulative_vrp_edges": 0,
          "cumulative_base_edges": 0,
          "classifications": {
            "vrp_only": 0,
            "both": 0,
            "base_only": 0,
            "neither": 21
          }
        },
        {
          "archive": 37,
          "new_inputs": 35,
          "cumulative_inputs": 17592,
          "new_vrp_edges": 0,
          "new_base_edges": 0,
          "cumulative_vrp_edges": 0,
          "cumulative_base_edges": 0,
          "classifications": {
            "vrp_only": 0,
            "both": 0,
            "base_only": 0,
            "neither": 35
          }
        },
        {
          "archive": 38,
          "new_inputs": 28,
          "cumulative_inputs": 17620,
          "new_vrp_edges": 0,
          "new_base_edges": 0,
          "cumulative_vrp_edges": 0,
          "cumulative_base_edges": 0,
          "classifications": {
            "vrp_only": 0,
            "both": 0,
            "base_only": 0,
            "neither": 28
          }
        },
        {
          "archive": 39,
          "new_inputs": 6,
          "cumulative_inputs": 17626,
          "new_vrp_edges": 0,
          "new_base_edges": 0,
          "cumulative_vrp_edges": 0,
          "cumulative_base_edges": 0,
          "classifications": {
            "vrp_only": 0,
            "both": 0,
            "base_only": 0,
            "neither": 6
          }
        },
        {
          "archive": 40,
          "new_inputs": 67,
          "cumulative_inputs": 17693,
          "new_vrp_edges": 0,
          "new_base_edges": 0,
          "cumulative_vrp_edges": 0,
          "cumulative_base_edges": 0,
          "classifications": {
            "vrp_only": 0,
            "both": 0,
            "base_only": 0,
            "neither": 67
          }
        },
        {
          "archive": 41,
          "new_inputs": 31,
          "cumulative_inputs": 17724,
          "new_vrp_edges": 0,
          "new_base_edges": 0,
          "cumulative_vrp_edges": 0,
          "cumulative_base_edges": 0,
          "classifications": {
            "vrp_only": 0,
            "both": 0,
            "base_only": 0,
            "neither": 31
          }
        },
        {
          "archive": 42,
          "new_inputs": 17,
          "cumulative_inputs": 17741,
          "new_vrp_edges": 0,
          "new_base_edges": 0,
          "cumulative_vrp_edges": 0,
          "cumulative_base_edges": 0,
          "classifications": {
            "vrp_only": 0,
            "both": 0,
            "base_only": 0,
            "neither": 17
          }
        },
        {
          "archive": 43,
          "new_inputs": 62,
          "cumulative_inputs": 17803,
          "new_vrp_edges": 0,
          "new_base_edges": 0,
          "cumulative_vrp_edges": 0,
          "cumulative_base_edges": 0,
          "classifications": {
            "vrp_only": 0,
            "both": 0,
            "base_only": 0,
            "neither": 62
          }
        },
        {
          "archive": 44,
          "new_inputs": 14,
          "cumulative_inputs": 17817,
          "new_vrp_edges": 0,
          "new_base_edges": 0,
          "cumulative_vrp_edges": 0,
          "cumulative_base_edges": 0,
          "classifications": {
            "vrp_only": 0,
            "both": 0,
            "base_only": 0,
            "neither": 14
          }
        },
        {
          "archive": 45,
          "new_inputs": 44,
          "cumulative_inputs": 17861,
          "new_vrp_edges": 0,
          "new_base_edges": 0,
          "cumulative_vrp_edges": 0,
          "cumulative_base_edges": 0,
          "classifications": {
            "vrp_only": 0,
            "both": 0,
            "base_only": 0,
            "neither": 44
          }
        },
        {
          "archive": 46,
          "new_inputs": 19,
          "cumulative_inputs": 17880,
          "new_vrp_edges": 0,
          "new_base_edges": 0,
          "cumulative_vrp_edges": 0,
          "cumulative_base_edges": 0,
          "classifications": {
            "vrp_only": 0,
            "both": 0,
            "base_only": 0,
            "neither": 19
          }
        },
        {
          "archive": 47,
          "new_inputs": 16,
          "cumulative_inputs": 17896,
          "new_vrp_edges": 0,
          "new_base_edges": 0,
          "cumulative_vrp_edges": 0,
          "cumulative_base_edges": 0,
          "classifications": {
            "vrp_only": 0,
            "both": 0,
            "base_only": 0,
            "neither": 16
          }
        },
        {
          "archive": 48,
          "new_inputs": 15,
          "cumulative_inputs": 17911,
          "new_vrp_edges": 0,
          "new_base_edges": 0,
          "cumulative_vrp_edges": 0,
          "cumulative_base_edges": 0,
          "classifications": {
            "vrp_only": 0,
            "both": 0,
            "base_only": 0,
            "neither": 15
          }
        },
        {
          "archive": 49,
          "new_inputs": 27,
          "cumulative_inputs": 17938,
          "new_vrp_edges": 0,
          "new_base_edges": 0,
          "cumulative_vrp_edges": 0,
          "cumulative_base_edges": 0,
          "classifications": {
            "vrp_only": 0,
            "both": 0,
            "base_only": 0,
            "neither": 27
          }
        },
        {
          "archive": 50,
          "new_inputs": 14,
          "cumulative_inputs": 17952,
          "new_vrp_edges": 0,
          "new_base_edges": 0,
          "cumulative_vrp_edges": 0,
          "cumulative_base_edges": 0,
          "classifications": {
            "vrp_only": 0,
            "both": 0,
            "base_only": 0,
            "neither": 14
          }
        },
        {
          "archive": 51,
          "new_inputs": 19,
          "cumulative_inputs": 17971,
          "new_vrp_edges": 0,
          "new_base_edges": 0,
          "cumulative_vrp_edges": 0,
          "cumulative_base_edges": 0,
          "classifications": {
            "vrp_only": 0,
            "both": 0,
            "base_only": 0,
            "neither": 19
          }
        },
        {
          "archive": 52,
          "new_inputs": 20,
          "cumulative_inputs": 17991,
          "new_vrp_edges": 0,
          "new_base_edges": 0,
          "cumulative_vrp_edges": 0,
          "cumulative_base_edges": 0,
          "classifications": {
            "vrp_only": 0,
            "both": 0,
            "base_only": 0,
            "neither": 20
          }
        },
        {
          "archive": 53,
          "new_inputs": 201,
          "cumulative_inputs": 18192,
          "new_vrp_edges": 0,
          "new_base_edges": 0,
          "cumulative_vrp_edges": 0,
          "cumulative_base_edges": 0,
          "classifications": {
            "vrp_only": 0,
            "both": 0,
            "base_only": 0,
            "neither": 201
          }
        },
        {
          "archive": 54,
          "new_inputs": 149,
          "cumulative_inputs": 18341,
          "new_vrp_edges": 0,
          "new_base_edges": 0,
          "cumulative_vrp_edges": 0,
          "cumulative_base_edges": 0,
          "classifications": {
            "vrp_only": 0,
            "both": 0,
            "base_only": 0,
            "neither": 149
          }
        },
        {
          "archive": 55,
          "new_inputs": 35,
          "cumulative_inputs": 18376,
          "new_vrp_edges": 0,
          "new_base_edges": 0,
          "cumulative_vrp_edges": 0,
          "cumulative_base_edges": 0,
          "classifications": {
            "vrp_only": 0,
            "both": 0,
            "base_only": 0,
            "neither": 35
          }
        },
        {
          "archive": 56,
          "new_inputs": 11,
          "cumulative_inputs": 18387,
          "new_vrp_edges": 0,
          "new_base_edges": 0,
          "cumulative_vrp_edges": 0,
          "cumulative_base_edges": 0,
          "classifications": {
            "vrp_only": 0,
            "both": 0,
            "base_only": 0,
            "neither": 11
          }
        },
        {
          "archive": 57,
          "new_inputs": 20,
          "cumulative_inputs": 18407,
          "new_vrp_edges": 0,
          "new_base_edges": 0,
          "cumulative_vrp_edges": 0,
          "cumulative_base_edges": 0,
          "classifications": {
            "vrp_only": 0,
            "both": 0,
            "base_only": 0,
            "neither": 20
          }
        },
        {
          "archive": 58,
          "new_inputs": 27,
          "cumulative_inputs": 18434,
          "new_vrp_edges": 0,
          "new_base_edges": 0,
          "cumulative_vrp_edges": 0,
          "cumulative_base_edges": 0,
          "classifications": {
            "vrp_only": 0,
            "both": 0,
            "base_only": 0,
            "neither": 27
          }
        },
        {
          "archive": 59,
          "new_inputs": 267,
          "cumulative_inputs": 18701,
          "new_vrp_edges": 0,
          "new_base_edges": 0,
          "cumulative_vrp_edges": 0,
          "cumulative_base_edges": 0,
          "classifications": {
            "vrp_only": 0,
            "both": 0,
            "base_only": 0,
            "neither": 267
          }
        },
        {
          "archive": 60,
          "new_inputs": 69,
          "cumulative_inputs": 18770,
          "new_vrp_edges": 0,
          "new_base_edges": 0,
          "cumulative_vrp_edges": 0,
          "cumulative_base_edges": 0,
          "classifications": {
            "vrp_only": 0,
            "both": 0,
            "base_only": 0,
            "neither": 69
          }
        },
        {
          "archive": 61,
          "new_inputs": 40,
          "cumulative_inputs": 18810,
          "new_vrp_edges": 0,
          "new_base_edges": 0,
          "cumulative_vrp_edges": 0,
          "cumulative_base_edges": 0,
          "classifications": {
            "vrp_only": 0,
            "both": 0,
            "base_only": 0,
            "neither": 40
          }
        },
        {
          "archive": 62,
          "new_inputs": 23,
          "cumulative_inputs": 18833,
          "new_vrp_edges": 0,
          "new_base_edges": 0,
          "cumulative_vrp_edges": 0,
          "cumulative_base_edges": 0,
          "classifications": {
            "vrp_only": 0,
            "both": 0,
            "base_only": 0,
            "neither": 23
          }
        },
        {
          "archive": 63,
          "new_inputs": 22,
          "cumulative_inputs": 18855,
          "new_vrp_edges": 0,
          "new_base_edges": 0,
          "cumulative_vrp_edges": 0,
          "cumulative_base_edges": 0,
          "classifications": {
            "vrp_only": 0,
            "both": 0,
            "base_only": 0,
            "neither": 22
          }
        },
        {
          "archive": 64,
          "new_inputs": 23,
          "cumulative_inputs": 18878,
          "new_vrp_edges": 0,
          "new_base_edges": 0,
          "cumulative_vrp_edges": 0,
          "cumulative_base_edges": 0,
          "classifications": {
            "vrp_only": 0,
            "both": 0,
            "base_only": 0,
            "neither": 23
          }
        },
        {
          "archive": 65,
          "new_inputs": 27,
          "cumulative_inputs": 18905,
          "new_vrp_edges": 0,
          "new_base_edges": 0,
          "cumulative_vrp_edges": 0,
          "cumulative_base_edges": 0,
          "classifications": {
            "vrp_only": 0,
            "both": 0,
            "base_only": 0,
            "neither": 27
          }
        },
        {
          "archive": 66,
          "new_inputs": 13,
          "cumulative_inputs": 18918,
          "new_vrp_edges": 0,
          "new_base_edges": 0,
          "cumulative_vrp_edges": 0,
          "cumulative_base_edges": 0,
          "classifications": {
            "vrp_only": 0,
            "both": 0,
            "base_only": 0,
            "neither": 13
          }
        },
        {
          "archive": 67,
          "new_inputs": 13,
          "cumulative_inputs": 18931,
          "new_vrp_edges": 0,
          "new_base_edges": 0,
          "cumulative_vrp_edges": 0,
          "cumulative_base_edges": 0,
          "classifications": {
            "vrp_only": 0,
            "both": 0,
            "base_only": 0,
            "neither": 13
          }
        },
        {
          "archive": 68,
          "new_inputs": 17,
          "cumulative_inputs": 18948,
          "new_vrp_edges": 0,
          "new_base_edges": 0,
          "cumulative_vrp_edges": 0,
          "cumulative_base_edges": 0,
          "classifications": {
            "vrp_only": 0,
            "both": 0,
            "base_only": 0,
            "neither": 17
          }
        },
        {
          "archive": 69,
          "new_inputs": 14,
          "cumulative_inputs": 18962,
          "new_vrp_edges": 0,
          "new_base_edges": 0,
          "cumulative_vrp_edges": 0,
          "cumulative_base_edges": 0,
          "classifications": {
            "vrp_only": 0,
            "both": 0,
            "base_only": 0,
            "neither": 14
          }
        },
        {
          "archive": 70,
          "new_inputs": 14,
          "cumulative_inputs": 18976,
          "new_vrp_edges": 0,
          "new_base_edges": 0,
          "cumulative_vrp_edges": 0,
          "cumulative_base_edges": 0,
          "classifications": {
            "vrp_only": 0,
            "both": 0,
            "base_only": 0,
            "neither": 14
          }
        },
        {
          "archive": 71,
          "new_inputs": 11,
          "cumulative_inputs": 18987,
          "new_vrp_edges": 0,
          "new_base_edges": 0,
          "cumulative_vrp_edges": 0,
          "cumulative_base_edges": 0,
          "classifications": {
            "vrp_only": 0,
            "both": 0,
            "base_only": 0,
            "neither": 11
          }
        },
        {
          "archive": 72,
          "new_inputs": 19,
          "cumulative_inputs": 19006,
          "new_vrp_edges": 0,
          "new_base_edges": 0,
          "cumulative_vrp_edges": 0,
          "cumulative_base_edges": 0,
          "classifications": {
            "vrp_only": 0,
            "both": 0,
            "base_only": 0,
            "neither": 19
          }
        },
        {
          "archive": 73,
          "new_inputs": 17,
          "cumulative_inputs": 19023,
          "new_vrp_edges": 0,
          "new_base_edges": 0,
          "cumulative_vrp_edges": 0,
          "cumulative_base_edges": 0,
          "classifications": {
            "vrp_only": 0,
            "both": 0,
            "base_only": 0,
            "neither": 17
          }
        },
        {
          "archive": 74,
          "new_inputs": 17,
          "cumulative_inputs": 19040,
          "new_vrp_edges": 0,
          "new_base_edges": 0,
          "cumulative_vrp_edges": 0,
          "cumulative_base_edges": 0,
          "classifications": {
            "vrp_only": 0,
            "both": 0,
            "base_only": 0,
            "neither": 17
          }
        },
        {
          "archive": 75,
          "new_inputs": 26,
          "cumulative_inputs": 19066,
          "new_vrp_edges": 0,
          "new_base_edges": 0,
          "cumulative_vrp_edges": 0,
          "cumulative_base_edges": 0,
          "classifications": {
            "vrp_only": 0,
            "both": 0,
            "base_only": 0,
            "neither": 26
          }
        },
        {
          "archive": 76,
          "new_inputs": 16,
          "cumulative_inputs": 19082,
          "new_vrp_edges": 0,
          "new_base_edges": 0,
          "cumulative_vrp_edges": 0,
          "cumulative_base_edges": 0,
          "classifications": {
            "vrp_only": 0,
            "both": 0,
            "base_only": 0,
            "neither": 16
          }
        },
        {
          "archive": 77,
          "new_inputs": 14,
          "cumulative_inputs": 19096,
          "new_vrp_edges": 0,
          "new_base_edges": 0,
          "cumulative_vrp_edges": 0,
          "cumulative_base_edges": 0,
          "classifications": {
            "vrp_only": 0,
            "both": 0,
            "base_only": 0,
            "neither": 14
          }
        },
        {
          "archive": 78,
          "new_inputs": 10,
          "cumulative_inputs": 19106,
          "new_vrp_edges": 0,
          "new_base_edges": 0,
          "cumulative_vrp_edges": 0,
          "cumulative_base_edges": 0,
          "classifications": {
            "vrp_only": 0,
            "both": 0,
            "base_only": 0,
            "neither": 10
          }
        },
        {
          "archive": 79,
          "new_inputs": 7,
          "cumulative_inputs": 19113,
          "new_vrp_edges": 0,
          "new_base_edges": 0,
          "cumulative_vrp_edges": 0,
          "cumulative_base_edges": 0,
          "classifications": {
            "vrp_only": 0,
            "both": 0,
            "base_only": 0,
            "neither": 7
          }
        },
        {
          "archive": 80,
          "new_inputs": 14,
          "cumulative_inputs": 19127,
          "new_vrp_edges": 0,
          "new_base_edges": 0,
          "cumulative_vrp_edges": 0,
          "cumulative_base_edges": 0,
          "classifications": {
            "vrp_only": 0,
            "both": 0,
            "base_only": 0,
            "neither": 14
          }
        },
        {
          "archive": 81,
          "new_inputs": 28,
          "cumulative_inputs": 19155,
          "new_vrp_edges": 0,
          "new_base_edges": 0,
          "cumulative_vrp_edges": 0,
          "cumulative_base_edges": 0,
          "classifications": {
            "vrp_only": 0,
            "both": 0,
            "base_only": 0,
            "neither": 28
          }
        },
        {
          "archive": 82,
          "new_inputs": 31,
          "cumulative_inputs": 19186,
          "new_vrp_edges": 0,
          "new_base_edges": 0,
          "cumulative_vrp_edges": 0,
          "cumulative_base_edges": 0,
          "classifications": {
            "vrp_only": 0,
            "both": 0,
            "base_only": 0,
            "neither": 31
          }
        },
        {
          "archive": 83,
          "new_inputs": 62,
          "cumulative_inputs": 19248,
          "new_vrp_edges": 0,
          "new_base_edges": 0,
          "cumulative_vrp_edges": 0,
          "cumulative_base_edges": 0,
          "classifications": {
            "vrp_only": 0,
            "both": 0,
            "base_only": 0,
            "neither": 62
          }
        },
        {
          "archive": 84,
          "new_inputs": 46,
          "cumulative_inputs": 19294,
          "new_vrp_edges": 0,
          "new_base_edges": 0,
          "cumulative_vrp_edges": 0,
          "cumulative_base_edges": 0,
          "classifications": {
            "vrp_only": 0,
            "both": 0,
            "base_only": 0,
            "neither": 46
          }
        },
        {
          "archive": 85,
          "new_inputs": 167,
          "cumulative_inputs": 19461,
          "new_vrp_edges": 0,
          "new_base_edges": 0,
          "cumulative_vrp_edges": 0,
          "cumulative_base_edges": 0,
          "classifications": {
            "vrp_only": 0,
            "both": 0,
            "base_only": 0,
            "neither": 167
          }
        },
        {
          "archive": 86,
          "new_inputs": 18,
          "cumulative_inputs": 19479,
          "new_vrp_edges": 0,
          "new_base_edges": 0,
          "cumulative_vrp_edges": 0,
          "cumulative_base_edges": 0,
          "classifications": {
            "vrp_only": 0,
            "both": 0,
            "base_only": 0,
            "neither": 18
          }
        },
        {
          "archive": 87,
          "new_inputs": 16,
          "cumulative_inputs": 19495,
          "new_vrp_edges": 0,
          "new_base_edges": 0,
          "cumulative_vrp_edges": 0,
          "cumulative_base_edges": 0,
          "classifications": {
            "vrp_only": 0,
            "both": 0,
            "base_only": 0,
            "neither": 16
          }
        },
        {
          "archive": 88,
          "new_inputs": 20,
          "cumulative_inputs": 19515,
          "new_vrp_edges": 0,
          "new_base_edges": 0,
          "cumulative_vrp_edges": 0,
          "cumulative_base_edges": 0,
          "classifications": {
            "vrp_only": 0,
            "both": 0,
            "base_only": 0,
            "neither": 20
          }
        },
        {
          "archive": 89,
          "new_inputs": 15,
          "cumulative_inputs": 19530,
          "new_vrp_edges": 0,
          "new_base_edges": 0,
          "cumulative_vrp_edges": 0,
          "cumulative_base_edges": 0,
          "classifications": {
            "vrp_only": 0,
            "both": 0,
            "base_only": 0,
            "neither": 15
          }
        },
        {
          "archive": 90,
          "new_inputs": 10,
          "cumulative_inputs": 19540,
          "new_vrp_edges": 0,
          "new_base_edges": 0,
          "cumulative_vrp_edges": 0,
          "cumulative_base_edges": 0,
          "classifications": {
            "vrp_only": 0,
            "both": 0,
            "base_only": 0,
            "neither": 10
          }
        },
        {
          "archive": 91,
          "new_inputs": 10,
          "cumulative_inputs": 19550,
          "new_vrp_edges": 0,
          "new_base_edges": 0,
          "cumulative_vrp_edges": 0,
          "cumulative_base_edges": 0,
          "classifications": {
            "vrp_only": 0,
            "both": 0,
            "base_only": 0,
            "neither": 10
          }
        },
        {
          "archive": 92,
          "new_inputs": 4,
          "cumulative_inputs": 19554,
          "new_vrp_edges": 0,
          "new_base_edges": 0,
          "cumulative_vrp_edges": 0,
          "cumulative_base_edges": 0,
          "classifications": {
            "vrp_only": 0,
            "both": 0,
            "base_only": 0,
            "neither": 4
          }
        },
        {
          "archive": 93,
          "new_inputs": 12,
          "cumulative_inputs": 19566,
          "new_vrp_edges": 0,
          "new_base_edges": 0,
          "cumulative_vrp_edges": 0,
          "cumulative_base_edges": 0,
          "classifications": {
            "vrp_only": 0,
            "both": 0,
            "base_only": 0,
            "neither": 12
          }
        },
        {
          "archive": 94,
          "new_inputs": 22,
          "cumulative_inputs": 19588,
          "new_vrp_edges": 0,
          "new_base_edges": 0,
          "cumulative_vrp_edges": 0,
          "cumulative_base_edges": 0,
          "classifications": {
            "vrp_only": 0,
            "both": 0,
            "base_only": 0,
            "neither": 22
          }
        },
        {
          "archive": 95,
          "new_inputs": 6,
          "cumulative_inputs": 19594,
          "new_vrp_edges": 0,
          "new_base_edges": 0,
          "cumulative_vrp_edges": 0,
          "cumulative_base_edges": 0,
          "classifications": {
            "vrp_only": 0,
            "both": 0,
            "base_only": 0,
            "neither": 6
          }
        },
        {
          "archive": 96,
          "new_inputs": 0,
          "cumulative_inputs": 19594,
          "new_vrp_edges": 0,
          "new_base_edges": 0,
          "cumulative_vrp_edges": 0,
          "cumulative_base_edges": 0,
          "classifications": {
            "vrp_only": 0,
            "both": 0,
            "base_only": 0,
            "neither": 0
          }
        }
      ],
      "summary": {
        "total_inputs": 19594,
        "total_vrp_edges": 0,
        "total_base_edges": 0,
        "entanglement_rate": 0.0,
        "vrp_only_count": 0,
        "both_count": 0,
        "base_only_count": 0,
        "neither_count": 19594
      }
    },
    "vrp_bucket_entanglement": {
      "summary": {
        "total_inputs": 19594,
        "bucket_entanglement_rate": 0.0,
        "vrp_only": 0,
        "both": 0,
        "base_only": 0,
        "neither": 19594,
        "edge_neither_but_bucket_interesting": 0
      }
    },
    "vrp_gradient": {
      "summary": {
        "total_vrp_edges_seen": 0,
        "singleton_edges": 0,
        "low_freq_edges": 0,
        "high_freq_edges": 0,
        "vrp_exclusive_singletons": 0,
        "hit_count_distribution": {
          "1": 0,
          "2-3": 0,
          "4-10": 0,
          "11-50": 0,
          "51-200": 0,
          "200+": 0
        }
      }
    },
    "edge_growth": {
      "growth_curve": [
        {
          "archive": 0,
          "total_inputs": 2,
          "vrp_edges": 0,
          "base_edges": 0
        },
        {
          "archive": 1,
          "total_inputs": 6729,
          "vrp_edges": 0,
          "base_edges": 0
        },
        {
          "archive": 2,
          "total_inputs": 9561,
          "vrp_edges": 0,
          "base_edges": 0
        },
        {
          "archive": 3,
          "total_inputs": 11456,
          "vrp_edges": 0,
          "base_edges": 0
        },
        {
          "archive": 4,
          "total_inputs": 12591,
          "vrp_edges": 0,
          "base_edges": 0
        },
        {
          "archive": 5,
          "total_inputs": 13238,
          "vrp_edges": 0,
          "base_edges": 0
        },
        {
          "archive": 6,
          "total_inputs": 13910,
          "vrp_edges": 0,
          "base_edges": 0
        },
        {
          "archive": 7,
          "total_inputs": 14393,
          "vrp_edges": 0,
          "base_edges": 0
        },
        {
          "archive": 8,
          "total_inputs": 14688,
          "vrp_edges": 0,
          "base_edges": 0
        },
        {
          "archive": 9,
          "total_inputs": 14949,
          "vrp_edges": 0,
          "base_edges": 0
        },
        {
          "archive": 10,
          "total_inputs": 15282,
          "vrp_edges": 0,
          "base_edges": 0
        },
        {
          "archive": 11,
          "total_inputs": 15664,
          "vrp_edges": 0,
          "base_edges": 0
        },
        {
          "archive": 12,
          "total_inputs": 15918,
          "vrp_edges": 0,
          "base_edges": 0
        },
        {
          "archive": 13,
          "total_inputs": 16114,
          "vrp_edges": 0,
          "base_edges": 0
        },
        {
          "archive": 14,
          "total_inputs": 16269,
          "vrp_edges": 0,
          "base_edges": 0
        },
        {
          "archive": 15,
          "total_inputs": 16401,
          "vrp_edges": 0,
          "base_edges": 0
        },
        {
          "archive": 16,
          "total_inputs": 16448,
          "vrp_edges": 0,
          "base_edges": 0
        },
        {
          "archive": 17,
          "total_inputs": 16505,
          "vrp_edges": 0,
          "base_edges": 0
        },
        {
          "archive": 18,
          "total_inputs": 16571,
          "vrp_edges": 0,
          "base_edges": 0
        },
        {
          "archive": 19,
          "total_inputs": 16619,
          "vrp_edges": 0,
          "base_edges": 0
        },
        {
          "archive": 20,
          "total_inputs": 16689,
          "vrp_edges": 0,
          "base_edges": 0
        },
        {
          "archive": 21,
          "total_inputs": 16844,
          "vrp_edges": 0,
          "base_edges": 0
        },
        {
          "archive": 22,
          "total_inputs": 16900,
          "vrp_edges": 0,
          "base_edges": 0
        },
        {
          "archive": 23,
          "total_inputs": 16955,
          "vrp_edges": 0,
          "base_edges": 0
        },
        {
          "archive": 24,
          "total_inputs": 16989,
          "vrp_edges": 0,
          "base_edges": 0
        },
        {
          "archive": 25,
          "total_inputs": 17027,
          "vrp_edges": 0,
          "base_edges": 0
        },
        {
          "archive": 26,
          "total_inputs": 17052,
          "vrp_edges": 0,
          "base_edges": 0
        },
        {
          "archive": 27,
          "total_inputs": 17084,
          "vrp_edges": 0,
          "base_edges": 0
        },
        {
          "archive": 28,
          "total_inputs": 17218,
          "vrp_edges": 0,
          "base_edges": 0
        },
        {
          "archive": 29,
          "total_inputs": 17280,
          "vrp_edges": 0,
          "base_edges": 0
        },
        {
          "archive": 30,
          "total_inputs": 17396,
          "vrp_edges": 0,
          "base_edges": 0
        },
        {
          "archive": 31,
          "total_inputs": 17442,
          "vrp_edges": 0,
          "base_edges": 0
        },
        {
          "archive": 32,
          "total_inputs": 17465,
          "vrp_edges": 0,
          "base_edges": 0
        },
        {
          "archive": 33,
          "total_inputs": 17487,
          "vrp_edges": 0,
          "base_edges": 0
        },
        {
          "archive": 34,
          "total_inputs": 17506,
          "vrp_edges": 0,
          "base_edges": 0
        },
        {
          "archive": 35,
          "total_inputs": 17536,
          "vrp_edges": 0,
          "base_edges": 0
        },
        {
          "archive": 36,
          "total_inputs": 17557,
          "vrp_edges": 0,
          "base_edges": 0
        },
        {
          "archive": 37,
          "total_inputs": 17592,
          "vrp_edges": 0,
          "base_edges": 0
        },
        {
          "archive": 38,
          "total_inputs": 17620,
          "vrp_edges": 0,
          "base_edges": 0
        },
        {
          "archive": 39,
          "total_inputs": 17626,
          "vrp_edges": 0,
          "base_edges": 0
        },
        {
          "archive": 40,
          "total_inputs": 17693,
          "vrp_edges": 0,
          "base_edges": 0
        },
        {
          "archive": 41,
          "total_inputs": 17724,
          "vrp_edges": 0,
          "base_edges": 0
        },
        {
          "archive": 42,
          "total_inputs": 17741,
          "vrp_edges": 0,
          "base_edges": 0
        },
        {
          "archive": 43,
          "total_inputs": 17803,
          "vrp_edges": 0,
          "base_edges": 0
        },
        {
          "archive": 44,
          "total_inputs": 17817,
          "vrp_edges": 0,
          "base_edges": 0
        },
        {
          "archive": 45,
          "total_inputs": 17861,
          "vrp_edges": 0,
          "base_edges": 0
        },
        {
          "archive": 46,
          "total_inputs": 17880,
          "vrp_edges": 0,
          "base_edges": 0
        },
        {
          "archive": 47,
          "total_inputs": 17896,
          "vrp_edges": 0,
          "base_edges": 0
        },
        {
          "archive": 48,
          "total_inputs": 17911,
          "vrp_edges": 0,
          "base_edges": 0
        },
        {
          "archive": 49,
          "total_inputs": 17938,
          "vrp_edges": 0,
          "base_edges": 0
        },
        {
          "archive": 50,
          "total_inputs": 17952,
          "vrp_edges": 0,
          "base_edges": 0
        },
        {
          "archive": 51,
          "total_inputs": 17971,
          "vrp_edges": 0,
          "base_edges": 0
        },
        {
          "archive": 52,
          "total_inputs": 17991,
          "vrp_edges": 0,
          "base_edges": 0
        },
        {
          "archive": 53,
          "total_inputs": 18192,
          "vrp_edges": 0,
          "base_edges": 0
        },
        {
          "archive": 54,
          "total_inputs": 18341,
          "vrp_edges": 0,
          "base_edges": 0
        },
        {
          "archive": 55,
          "total_inputs": 18376,
          "vrp_edges": 0,
          "base_edges": 0
        },
        {
          "archive": 56,
          "total_inputs": 18387,
          "vrp_edges": 0,
          "base_edges": 0
        },
        {
          "archive": 57,
          "total_inputs": 18407,
          "vrp_edges": 0,
          "base_edges": 0
        },
        {
          "archive": 58,
          "total_inputs": 18434,
          "vrp_edges": 0,
          "base_edges": 0
        },
        {
          "archive": 59,
          "total_inputs": 18701,
          "vrp_edges": 0,
          "base_edges": 0
        },
        {
          "archive": 60,
          "total_inputs": 18770,
          "vrp_edges": 0,
          "base_edges": 0
        },
        {
          "archive": 61,
          "total_inputs": 18810,
          "vrp_edges": 0,
          "base_edges": 0
        },
        {
          "archive": 62,
          "total_inputs": 18833,
          "vrp_edges": 0,
          "base_edges": 0
        },
        {
          "archive": 63,
          "total_inputs": 18855,
          "vrp_edges": 0,
          "base_edges": 0
        },
        {
          "archive": 64,
          "total_inputs": 18878,
          "vrp_edges": 0,
          "base_edges": 0
        },
        {
          "archive": 65,
          "total_inputs": 18905,
          "vrp_edges": 0,
          "base_edges": 0
        },
        {
          "archive": 66,
          "total_inputs": 18918,
          "vrp_edges": 0,
          "base_edges": 0
        },
        {
          "archive": 67,
          "total_inputs": 18931,
          "vrp_edges": 0,
          "base_edges": 0
        },
        {
          "archive": 68,
          "total_inputs": 18948,
          "vrp_edges": 0,
          "base_edges": 0
        },
        {
          "archive": 69,
          "total_inputs": 18962,
          "vrp_edges": 0,
          "base_edges": 0
        },
        {
          "archive": 70,
          "total_inputs": 18976,
          "vrp_edges": 0,
          "base_edges": 0
        },
        {
          "archive": 71,
          "total_inputs": 18987,
          "vrp_edges": 0,
          "base_edges": 0
        },
        {
          "archive": 72,
          "total_inputs": 19006,
          "vrp_edges": 0,
          "base_edges": 0
        },
        {
          "archive": 73,
          "total_inputs": 19023,
          "vrp_edges": 0,
          "base_edges": 0
        },
        {
          "archive": 74,
          "total_inputs": 19040,
          "vrp_edges": 0,
          "base_edges": 0
        },
        {
          "archive": 75,
          "total_inputs": 19066,
          "vrp_edges": 0,
          "base_edges": 0
        },
        {
          "archive": 76,
          "total_inputs": 19082,
          "vrp_edges": 0,
          "base_edges": 0
        },
        {
          "archive": 77,
          "total_inputs": 19096,
          "vrp_edges": 0,
          "base_edges": 0
        },
        {
          "archive": 78,
          "total_inputs": 19106,
          "vrp_edges": 0,
          "base_edges": 0
        },
        {
          "archive": 79,
          "total_inputs": 19113,
          "vrp_edges": 0,
          "base_edges": 0
        },
        {
          "archive": 80,
          "total_inputs": 19127,
          "vrp_edges": 0,
          "base_edges": 0
        },
        {
          "archive": 81,
          "total_inputs": 19155,
          "vrp_edges": 0,
          "base_edges": 0
        },
        {
          "archive": 82,
          "total_inputs": 19186,
          "vrp_edges": 0,
          "base_edges": 0
        },
        {
          "archive": 83,
          "total_inputs": 19248,
          "vrp_edges": 0,
          "base_edges": 0
        },
        {
          "archive": 84,
          "total_inputs": 19294,
          "vrp_edges": 0,
          "base_edges": 0
        },
        {
          "archive": 85,
          "total_inputs": 19461,
          "vrp_edges": 0,
          "base_edges": 0
        },
        {
          "archive": 86,
          "total_inputs": 19479,
          "vrp_edges": 0,
          "base_edges": 0
        },
        {
          "archive": 87,
          "total_inputs": 19495,
          "vrp_edges": 0,
          "base_edges": 0
        },
        {
          "archive": 88,
          "total_inputs": 19515,
          "vrp_edges": 0,
          "base_edges": 0
        },
        {
          "archive": 89,
          "total_inputs": 19530,
          "vrp_edges": 0,
          "base_edges": 0
        },
        {
          "archive": 90,
          "total_inputs": 19540,
          "vrp_edges": 0,
          "base_edges": 0
        },
        {
          "archive": 91,
          "total_inputs": 19550,
          "vrp_edges": 0,
          "base_edges": 0
        },
        {
          "archive": 92,
          "total_inputs": 19554,
          "vrp_edges": 0,
          "base_edges": 0
        },
        {
          "archive": 93,
          "total_inputs": 19566,
          "vrp_edges": 0,
          "base_edges": 0
        },
        {
          "archive": 94,
          "total_inputs": 19588,
          "vrp_edges": 0,
          "base_edges": 0
        },
        {
          "archive": 95,
          "total_inputs": 19594,
          "vrp_edges": 0,
          "base_edges": 0
        },
        {
          "archive": 96,
          "total_inputs": 19594,
          "vrp_edges": 0,
          "base_edges": 0
        }
      ],
      "final_vrp_edges": 0,
      "final_base_edges": 0,
      "total_inputs": 19594
    },
    "speed": {
      "per_archive": [
        {
          "archive": 0,
          "inputs": 2,
          "mean_vrp_ms": 9.093,
          "mean_base_ms": 8.598,
          "overhead": 1.0576
        },
        {
          "archive": 1,
          "inputs": 6727,
          "mean_vrp_ms": 0.018,
          "mean_base_ms": 0.018,
          "overhead": 1.0061
        },
        {
          "archive": 2,
          "inputs": 2832,
          "mean_vrp_ms": 0.021,
          "mean_base_ms": 0.021,
          "overhead": 0.9871
        },
        {
          "archive": 3,
          "inputs": 1895,
          "mean_vrp_ms": 0.019,
          "mean_base_ms": 0.021,
          "overhead": 0.916
        },
        {
          "archive": 4,
          "inputs": 1135,
          "mean_vrp_ms": 0.028,
          "mean_base_ms": 0.029,
          "overhead": 0.974
        },
        {
          "archive": 5,
          "inputs": 647,
          "mean_vrp_ms": 0.033,
          "mean_base_ms": 0.036,
          "overhead": 0.9197
        },
        {
          "archive": 6,
          "inputs": 672,
          "mean_vrp_ms": 0.033,
          "mean_base_ms": 0.034,
          "overhead": 0.9759
        },
        {
          "archive": 7,
          "inputs": 483,
          "mean_vrp_ms": 0.036,
          "mean_base_ms": 0.041,
          "overhead": 0.8911
        },
        {
          "archive": 8,
          "inputs": 295,
          "mean_vrp_ms": 0.058,
          "mean_base_ms": 0.058,
          "overhead": 1.0003
        },
        {
          "archive": 9,
          "inputs": 261,
          "mean_vrp_ms": 0.074,
          "mean_base_ms": 0.056,
          "overhead": 1.3198
        },
        {
          "archive": 10,
          "inputs": 333,
          "mean_vrp_ms": 0.048,
          "mean_base_ms": 0.049,
          "overhead": 0.9861
        },
        {
          "archive": 11,
          "inputs": 382,
          "mean_vrp_ms": 0.051,
          "mean_base_ms": 0.044,
          "overhead": 1.1621
        },
        {
          "archive": 12,
          "inputs": 254,
          "mean_vrp_ms": 0.065,
          "mean_base_ms": 0.067,
          "overhead": 0.9699
        },
        {
          "archive": 13,
          "inputs": 196,
          "mean_vrp_ms": 0.069,
          "mean_base_ms": 0.071,
          "overhead": 0.9712
        },
        {
          "archive": 14,
          "inputs": 155,
          "mean_vrp_ms": 0.116,
          "mean_base_ms": 0.109,
          "overhead": 1.0634
        },
        {
          "archive": 15,
          "inputs": 132,
          "mean_vrp_ms": 0.128,
          "mean_base_ms": 0.118,
          "overhead": 1.0871
        },
        {
          "archive": 16,
          "inputs": 47,
          "mean_vrp_ms": 0.23,
          "mean_base_ms": 0.258,
          "overhead": 0.8937
        },
        {
          "archive": 17,
          "inputs": 57,
          "mean_vrp_ms": 0.211,
          "mean_base_ms": 0.221,
          "overhead": 0.9532
        },
        {
          "archive": 18,
          "inputs": 66,
          "mean_vrp_ms": 0.171,
          "mean_base_ms": 0.176,
          "overhead": 0.9746
        },
        {
          "archive": 19,
          "inputs": 48,
          "mean_vrp_ms": 0.325,
          "mean_base_ms": 0.282,
          "overhead": 1.1535
        },
        {
          "archive": 20,
          "inputs": 70,
          "mean_vrp_ms": 0.183,
          "mean_base_ms": 0.183,
          "overhead": 1.0015
        },
        {
          "archive": 21,
          "inputs": 155,
          "mean_vrp_ms": 0.095,
          "mean_base_ms": 0.09,
          "overhead": 1.0587
        },
        {
          "archive": 22,
          "inputs": 56,
          "mean_vrp_ms": 0.277,
          "mean_base_ms": 0.231,
          "overhead": 1.1996
        },
        {
          "archive": 23,
          "inputs": 55,
          "mean_vrp_ms": 0.205,
          "mean_base_ms": 0.228,
          "overhead": 0.9011
        },
        {
          "archive": 24,
          "inputs": 34,
          "mean_vrp_ms": 0.309,
          "mean_base_ms": 0.347,
          "overhead": 0.8914
        },
        {
          "archive": 25,
          "inputs": 38,
          "mean_vrp_ms": 0.348,
          "mean_base_ms": 0.391,
          "overhead": 0.8887
        },
        {
          "archive": 26,
          "inputs": 25,
          "mean_vrp_ms": 0.426,
          "mean_base_ms": 0.44,
          "overhead": 0.9676
        },
        {
          "archive": 27,
          "inputs": 32,
          "mean_vrp_ms": 0.462,
          "mean_base_ms": 0.367,
          "overhead": 1.258
        },
        {
          "archive": 28,
          "inputs": 134,
          "mean_vrp_ms": 0.095,
          "mean_base_ms": 0.093,
          "overhead": 1.0225
        },
        {
          "archive": 29,
          "inputs": 62,
          "mean_vrp_ms": 0.181,
          "mean_base_ms": 0.193,
          "overhead": 0.9349
        },
        {
          "archive": 30,
          "inputs": 116,
          "mean_vrp_ms": 0.107,
          "mean_base_ms": 0.109,
          "overhead": 0.9882
        },
        {
          "archive": 31,
          "inputs": 46,
          "mean_vrp_ms": 0.271,
          "mean_base_ms": 0.244,
          "overhead": 1.1079
        },
        {
          "archive": 32,
          "inputs": 23,
          "mean_vrp_ms": 0.515,
          "mean_base_ms": 0.531,
          "overhead": 0.9712
        },
        {
          "archive": 33,
          "inputs": 22,
          "mean_vrp_ms": 0.636,
          "mean_base_ms": 0.569,
          "overhead": 1.1185
        },
        {
          "archive": 34,
          "inputs": 19,
          "mean_vrp_ms": 0.673,
          "mean_base_ms": 0.635,
          "overhead": 1.0613
        },
        {
          "archive": 35,
          "inputs": 30,
          "mean_vrp_ms": 0.447,
          "mean_base_ms": 0.411,
          "overhead": 1.0886
        },
        {
          "archive": 36,
          "inputs": 21,
          "mean_vrp_ms": 0.733,
          "mean_base_ms": 0.541,
          "overhead": 1.3539
        },
        {
          "archive": 37,
          "inputs": 35,
          "mean_vrp_ms": 0.348,
          "mean_base_ms": 0.343,
          "overhead": 1.0135
        },
        {
          "archive": 38,
          "inputs": 28,
          "mean_vrp_ms": 0.401,
          "mean_base_ms": 0.425,
          "overhead": 0.9425
        },
        {
          "archive": 39,
          "inputs": 6,
          "mean_vrp_ms": 2.496,
          "mean_base_ms": 2.118,
          "overhead": 1.1787
        },
        {
          "archive": 40,
          "inputs": 67,
          "mean_vrp_ms": 0.21,
          "mean_base_ms": 0.18,
          "overhead": 1.1671
        },
        {
          "archive": 41,
          "inputs": 31,
          "mean_vrp_ms": 0.381,
          "mean_base_ms": 0.377,
          "overhead": 1.0101
        },
        {
          "archive": 42,
          "inputs": 17,
          "mean_vrp_ms": 0.884,
          "mean_base_ms": 0.811,
          "overhead": 1.0907
        },
        {
          "archive": 43,
          "inputs": 62,
          "mean_vrp_ms": 0.219,
          "mean_base_ms": 0.184,
          "overhead": 1.1872
        },
        {
          "archive": 44,
          "inputs": 14,
          "mean_vrp_ms": 0.893,
          "mean_base_ms": 0.926,
          "overhead": 0.9636
        },
        {
          "archive": 45,
          "inputs": 44,
          "mean_vrp_ms": 0.284,
          "mean_base_ms": 0.275,
          "overhead": 1.0328
        },
        {
          "archive": 46,
          "inputs": 19,
          "mean_vrp_ms": 0.629,
          "mean_base_ms": 0.679,
          "overhead": 0.9258
        },
        {
          "archive": 47,
          "inputs": 16,
          "mean_vrp_ms": 0.766,
          "mean_base_ms": 0.831,
          "overhead": 0.9219
        },
        {
          "archive": 48,
          "inputs": 15,
          "mean_vrp_ms": 0.799,
          "mean_base_ms": 0.821,
          "overhead": 0.9741
        },
        {
          "archive": 49,
          "inputs": 27,
          "mean_vrp_ms": 0.511,
          "mean_base_ms": 0.465,
          "overhead": 1.0986
        },
        {
          "archive": 50,
          "inputs": 14,
          "mean_vrp_ms": 1.058,
          "mean_base_ms": 0.828,
          "overhead": 1.2783
        },
        {
          "archive": 51,
          "inputs": 19,
          "mean_vrp_ms": 0.773,
          "mean_base_ms": 0.767,
          "overhead": 1.0083
        },
        {
          "archive": 52,
          "inputs": 20,
          "mean_vrp_ms": 0.664,
          "mean_base_ms": 0.627,
          "overhead": 1.0579
        },
        {
          "archive": 53,
          "inputs": 201,
          "mean_vrp_ms": 0.086,
          "mean_base_ms": 0.071,
          "overhead": 1.224
        },
        {
          "archive": 54,
          "inputs": 149,
          "mean_vrp_ms": 0.109,
          "mean_base_ms": 0.097,
          "overhead": 1.1255
        },
        {
          "archive": 55,
          "inputs": 35,
          "mean_vrp_ms": 0.307,
          "mean_base_ms": 0.337,
          "overhead": 0.9101
        },
        {
          "archive": 56,
          "inputs": 11,
          "mean_vrp_ms": 0.965,
          "mean_base_ms": 0.998,
          "overhead": 0.9668
        },
        {
          "archive": 57,
          "inputs": 20,
          "mean_vrp_ms": 0.843,
          "mean_base_ms": 0.609,
          "overhead": 1.3835
        },
        {
          "archive": 58,
          "inputs": 27,
          "mean_vrp_ms": 0.425,
          "mean_base_ms": 0.462,
          "overhead": 0.9189
        },
        {
          "archive": 59,
          "inputs": 267,
          "mean_vrp_ms": 0.056,
          "mean_base_ms": 0.058,
          "overhead": 0.9711
        },
        {
          "archive": 60,
          "inputs": 69,
          "mean_vrp_ms": 0.203,
          "mean_base_ms": 0.176,
          "overhead": 1.1565
        },
        {
          "archive": 61,
          "inputs": 40,
          "mean_vrp_ms": 0.314,
          "mean_base_ms": 0.375,
          "overhead": 0.8378
        },
        {
          "archive": 62,
          "inputs": 23,
          "mean_vrp_ms": 0.574,
          "mean_base_ms": 0.569,
          "overhead": 1.0086
        },
        {
          "archive": 63,
          "inputs": 22,
          "mean_vrp_ms": 0.511,
          "mean_base_ms": 0.505,
          "overhead": 1.0125
        },
        {
          "archive": 64,
          "inputs": 23,
          "mean_vrp_ms": 0.564,
          "mean_base_ms": 0.534,
          "overhead": 1.0561
        },
        {
          "archive": 65,
          "inputs": 27,
          "mean_vrp_ms": 0.433,
          "mean_base_ms": 0.431,
          "overhead": 1.0058
        },
        {
          "archive": 66,
          "inputs": 13,
          "mean_vrp_ms": 1.099,
          "mean_base_ms": 0.944,
          "overhead": 1.1647
        },
        {
          "archive": 67,
          "inputs": 13,
          "mean_vrp_ms": 1.064,
          "mean_base_ms": 0.933,
          "overhead": 1.141
        },
        {
          "archive": 68,
          "inputs": 17,
          "mean_vrp_ms": 0.716,
          "mean_base_ms": 0.688,
          "overhead": 1.0397
        },
        {
          "archive": 69,
          "inputs": 14,
          "mean_vrp_ms": 0.867,
          "mean_base_ms": 0.835,
          "overhead": 1.0388
        },
        {
          "archive": 70,
          "inputs": 14,
          "mean_vrp_ms": 0.897,
          "mean_base_ms": 0.819,
          "overhead": 1.0954
        },
        {
          "archive": 71,
          "inputs": 11,
          "mean_vrp_ms": 1.074,
          "mean_base_ms": 1.086,
          "overhead": 0.9889
        },
        {
          "archive": 72,
          "inputs": 19,
          "mean_vrp_ms": 0.692,
          "mean_base_ms": 0.687,
          "overhead": 1.0076
        },
        {
          "archive": 73,
          "inputs": 17,
          "mean_vrp_ms": 0.952,
          "mean_base_ms": 0.721,
          "overhead": 1.3196
        },
        {
          "archive": 74,
          "inputs": 17,
          "mean_vrp_ms": 0.696,
          "mean_base_ms": 0.719,
          "overhead": 0.9676
        },
        {
          "archive": 75,
          "inputs": 26,
          "mean_vrp_ms": 0.445,
          "mean_base_ms": 0.489,
          "overhead": 0.9107
        },
        {
          "archive": 76,
          "inputs": 16,
          "mean_vrp_ms": 0.759,
          "mean_base_ms": 0.737,
          "overhead": 1.0296
        },
        {
          "archive": 77,
          "inputs": 14,
          "mean_vrp_ms": 1.154,
          "mean_base_ms": 0.922,
          "overhead": 1.2514
        },
        {
          "archive": 78,
          "inputs": 10,
          "mean_vrp_ms": 1.648,
          "mean_base_ms": 1.175,
          "overhead": 1.402
        },
        {
          "archive": 79,
          "inputs": 7,
          "mean_vrp_ms": 1.76,
          "mean_base_ms": 1.52,
          "overhead": 1.1575
        },
        {
          "archive": 80,
          "inputs": 14,
          "mean_vrp_ms": 0.854,
          "mean_base_ms": 0.879,
          "overhead": 0.9721
        },
        {
          "archive": 81,
          "inputs": 28,
          "mean_vrp_ms": 0.401,
          "mean_base_ms": 0.426,
          "overhead": 0.9417
        },
        {
          "archive": 82,
          "inputs": 31,
          "mean_vrp_ms": 0.384,
          "mean_base_ms": 0.418,
          "overhead": 0.9185
        },
        {
          "archive": 83,
          "inputs": 62,
          "mean_vrp_ms": 0.204,
          "mean_base_ms": 0.206,
          "overhead": 0.991
        },
        {
          "archive": 84,
          "inputs": 46,
          "mean_vrp_ms": 0.281,
          "mean_base_ms": 0.345,
          "overhead": 0.8139
        },
        {
          "archive": 85,
          "inputs": 167,
          "mean_vrp_ms": 0.095,
          "mean_base_ms": 0.1,
          "overhead": 0.9531
        },
        {
          "archive": 86,
          "inputs": 18,
          "mean_vrp_ms": 0.697,
          "mean_base_ms": 0.674,
          "overhead": 1.0331
        },
        {
          "archive": 87,
          "inputs": 16,
          "mean_vrp_ms": 0.832,
          "mean_base_ms": 0.732,
          "overhead": 1.1374
        },
        {
          "archive": 88,
          "inputs": 20,
          "mean_vrp_ms": 0.706,
          "mean_base_ms": 0.672,
          "overhead": 1.0504
        },
        {
          "archive": 89,
          "inputs": 15,
          "mean_vrp_ms": 0.885,
          "mean_base_ms": 0.653,
          "overhead": 1.3548
        },
        {
          "archive": 90,
          "inputs": 10,
          "mean_vrp_ms": 1.618,
          "mean_base_ms": 1.566,
          "overhead": 1.0328
        },
        {
          "archive": 91,
          "inputs": 10,
          "mean_vrp_ms": 1.191,
          "mean_base_ms": 1.154,
          "overhead": 1.0321
        },
        {
          "archive": 92,
          "inputs": 4,
          "mean_vrp_ms": 3.236,
          "mean_base_ms": 3.26,
          "overhead": 0.9924
        },
        {
          "archive": 93,
          "inputs": 12,
          "mean_vrp_ms": 0.919,
          "mean_base_ms": 0.942,
          "overhead": 0.9753
        },
        {
          "archive": 94,
          "inputs": 22,
          "mean_vrp_ms": 0.561,
          "mean_base_ms": 0.451,
          "overhead": 1.2438
        },
        {
          "archive": 95,
          "inputs": 6,
          "mean_vrp_ms": 1.873,
          "mean_base_ms": 1.87,
          "overhead": 1.0014
        },
        {
          "archive": 96,
          "inputs": 0,
          "mean_vrp_ms": 0.0,
          "mean_base_ms": 0.0,
          "overhead": 0.0
        }
      ],
      "summary": {
        "total_inputs": 19594,
        "vrp_mean_ms": 0.077,
        "vrp_median_ms": 0.021,
        "vrp_p95_ms": 0.348,
        "vrp_p99_ms": 0.885,
        "base_mean_ms": 0.075,
        "base_median_ms": 0.021,
        "base_p95_ms": 0.375,
        "base_p99_ms": 0.828,
        "mean_overhead": 1.0334
      }
    }
  }
}