{
  "experiment": "vrp-unfold-eval-big04",
  "benchmark": "freetype2_ftfuzzer",
  "fuzzer": "aflplusplus_unfold_all",
  "instance": "48174",
  "archives_processed": 97,
  "total_inputs": 18764,
  "elapsed_seconds": 20.3,
  "analyzer_results": {
    "vrp_hit_entanglement": {
      "per_archive": [
        {
          "archive": 0,
          "new_inputs": 2,
          "cumulative_inputs": 2,
          "new_vrp_edges": 0,
          "new_base_edges": 0,
          "cumulative_vrp_edges": 0,
          "cumulative_base_edges": 0,
          "classifications": {
            "vrp_only": 0,
            "both": 0,
            "base_only": 0,
            "neither": 2
          }
        },
        {
          "archive": 1,
          "new_inputs": 6969,
          "cumulative_inputs": 6971,
          "new_vrp_edges": 0,
          "new_base_edges": 0,
          "cumulative_vrp_edges": 0,
          "cumulative_base_edges": 0,
          "classifications": {
            "vrp_only": 0,
            "both": 0,
            "base_only": 0,
            "neither": 6969
          }
        },
        {
          "archive": 2,
          "new_inputs": 2755,
          "cumulative_inputs": 9726,
          "new_vrp_edges": 0,
          "new_base_edges": 0,
          "cumulative_vrp_edges": 0,
          "cumulative_base_edges": 0,
          "classifications": {
            "vrp_only": 0,
            "both": 0,
            "base_only": 0,
            "neither": 2755
          }
        },
        {
          "archive": 3,
          "new_inputs": 1585,
          "cumulative_inputs": 11311,
          "new_vrp_edges": 0,
          "new_base_edges": 0,
          "cumulative_vrp_edges": 0,
          "cumulative_base_edges": 0,
          "classifications": {
            "vrp_only": 0,
            "both": 0,
            "base_only": 0,
            "neither": 1585
          }
        },
        {
          "archive": 4,
          "new_inputs": 1221,
          "cumulative_inputs": 12532,
          "new_vrp_edges": 0,
          "new_base_edges": 0,
          "cumulative_vrp_edges": 0,
          "cumulative_base_edges": 0,
          "classifications": {
            "vrp_only": 0,
            "both": 0,
            "base_only": 0,
            "neither": 1221
          }
        },
        {
          "archive": 5,
          "new_inputs": 978,
          "cumulative_inputs": 13510,
          "new_vrp_edges": 0,
          "new_base_edges": 0,
          "cumulative_vrp_edges": 0,
          "cumulative_base_edges": 0,
          "classifications": {
            "vrp_only": 0,
            "both": 0,
            "base_only": 0,
            "neither": 978
          }
        },
        {
          "archive": 6,
          "new_inputs": 578,
          "cumulative_inputs": 14088,
          "new_vrp_edges": 0,
          "new_base_edges": 0,
          "cumulative_vrp_edges": 0,
          "cumulative_base_edges": 0,
          "classifications": {
            "vrp_only": 0,
            "both": 0,
            "base_only": 0,
            "neither": 578
          }
        },
        {
          "archive": 7,
          "new_inputs": 309,
          "cumulative_inputs": 14397,
          "new_vrp_edges": 0,
          "new_base_edges": 0,
          "cumulative_vrp_edges": 0,
          "cumulative_base_edges": 0,
          "classifications": {
            "vrp_only": 0,
            "both": 0,
            "base_only": 0,
            "neither": 309
          }
        },
        {
          "archive": 8,
          "new_inputs": 269,
          "cumulative_inputs": 14666,
          "new_vrp_edges": 0,
          "new_base_edges": 0,
          "cumulative_vrp_edges": 0,
          "cumulative_base_edges": 0,
          "classifications": {
            "vrp_only": 0,
            "both": 0,
            "base_only": 0,
            "neither": 269
          }
        },
        {
          "archive": 9,
          "new_inputs": 164,
          "cumulative_inputs": 14830,
          "new_vrp_edges": 0,
          "new_base_edges": 0,
          "cumulative_vrp_edges": 0,
          "cumulative_base_edges": 0,
          "classifications": {
            "vrp_only": 0,
            "both": 0,
            "base_only": 0,
            "neither": 164
          }
        },
        {
          "archive": 10,
          "new_inputs": 172,
          "cumulative_inputs": 15002,
          "new_vrp_edges": 0,
          "new_base_edges": 0,
          "cumulative_vrp_edges": 0,
          "cumulative_base_edges": 0,
          "classifications": {
            "vrp_only": 0,
            "both": 0,
            "base_only": 0,
            "neither": 172
          }
        },
        {
          "archive": 11,
          "new_inputs": 90,
          "cumulative_inputs": 15092,
          "new_vrp_edges": 0,
          "new_base_edges": 0,
          "cumulative_vrp_edges": 0,
          "cumulative_base_edges": 0,
          "classifications": {
            "vrp_only": 0,
            "both": 0,
            "base_only": 0,
            "neither": 90
          }
        },
        {
          "archive": 12,
          "new_inputs": 84,
          "cumulative_inputs": 15176,
          "new_vrp_edges": 0,
          "new_base_edges": 0,
          "cumulative_vrp_edges": 0,
          "cumulative_base_edges": 0,
          "classifications": {
            "vrp_only": 0,
            "both": 0,
            "base_only": 0,
            "neither": 84
          }
        },
        {
          "archive": 13,
          "new_inputs": 100,
          "cumulative_inputs": 15276,
          "new_vrp_edges": 0,
          "new_base_edges": 0,
          "cumulative_vrp_edges": 0,
          "cumulative_base_edges": 0,
          "classifications": {
            "vrp_only": 0,
            "both": 0,
            "base_only": 0,
            "neither": 100
          }
        },
        {
          "archive": 14,
          "new_inputs": 198,
          "cumulative_inputs": 15474,
          "new_vrp_edges": 0,
          "new_base_edges": 0,
          "cumulative_vrp_edges": 0,
          "cumulative_base_edges": 0,
          "classifications": {
            "vrp_only": 0,
            "both": 0,
            "base_only": 0,
            "neither": 198
          }
        },
        {
          "archive": 15,
          "new_inputs": 52,
          "cumulative_inputs": 15526,
          "new_vrp_edges": 0,
          "new_base_edges": 0,
          "cumulative_vrp_edges": 0,
          "cumulative_base_edges": 0,
          "classifications": {
            "vrp_only": 0,
            "both": 0,
            "base_only": 0,
            "neither": 52
          }
        },
        {
          "archive": 16,
          "new_inputs": 67,
          "cumulative_inputs": 15593,
          "new_vrp_edges": 0,
          "new_base_edges": 0,
          "cumulative_vrp_edges": 0,
          "cumulative_base_edges": 0,
          "classifications": {
            "vrp_only": 0,
            "both": 0,
            "base_only": 0,
            "neither": 67
          }
        },
        {
          "archive": 17,
          "new_inputs": 90,
          "cumulative_inputs": 15683,
          "new_vrp_edges": 0,
          "new_base_edges": 0,
          "cumulative_vrp_edges": 0,
          "cumulative_base_edges": 0,
          "classifications": {
            "vrp_only": 0,
            "both": 0,
            "base_only": 0,
            "neither": 90
          }
        },
        {
          "archive": 18,
          "new_inputs": 84,
          "cumulative_inputs": 15767,
          "new_vrp_edges": 0,
          "new_base_edges": 0,
          "cumulative_vrp_edges": 0,
          "cumulative_base_edges": 0,
          "classifications": {
            "vrp_only": 0,
            "both": 0,
            "base_only": 0,
            "neither": 84
          }
        },
        {
          "archive": 19,
          "new_inputs": 44,
          "cumulative_inputs": 15811,
          "new_vrp_edges": 0,
          "new_base_edges": 0,
          "cumulative_vrp_edges": 0,
          "cumulative_base_edges": 0,
          "classifications": {
            "vrp_only": 0,
            "both": 0,
            "base_only": 0,
            "neither": 44
          }
        },
        {
          "archive": 20,
          "new_inputs": 49,
          "cumulative_inputs": 15860,
          "new_vrp_edges": 0,
          "new_base_edges": 0,
          "cumulative_vrp_edges": 0,
          "cumulative_base_edges": 0,
          "classifications": {
            "vrp_only": 0,
            "both": 0,
            "base_only": 0,
            "neither": 49
          }
        },
        {
          "archive": 21,
          "new_inputs": 41,
          "cumulative_inputs": 15901,
          "new_vrp_edges": 0,
          "new_base_edges": 0,
          "cumulative_vrp_edges": 0,
          "cumulative_base_edges": 0,
          "classifications": {
            "vrp_only": 0,
            "both": 0,
            "base_only": 0,
            "neither": 41
          }
        },
        {
          "archive": 22,
          "new_inputs": 66,
          "cumulative_inputs": 15967,
          "new_vrp_edges": 0,
          "new_base_edges": 0,
          "cumulative_vrp_edges": 0,
          "cumulative_base_edges": 0,
          "classifications": {
            "vrp_only": 0,
            "both": 0,
            "base_only": 0,
            "neither": 66
          }
        },
        {
          "archive": 23,
          "new_inputs": 85,
          "cumulative_inputs": 16052,
          "new_vrp_edges": 0,
          "new_base_edges": 0,
          "cumulative_vrp_edges": 0,
          "cumulative_base_edges": 0,
          "classifications": {
            "vrp_only": 0,
            "both": 0,
            "base_only": 0,
            "neither": 85
          }
        },
        {
          "archive": 24,
          "new_inputs": 210,
          "cumulative_inputs": 16262,
          "new_vrp_edges": 0,
          "new_base_edges": 0,
          "cumulative_vrp_edges": 0,
          "cumulative_base_edges": 0,
          "classifications": {
            "vrp_only": 0,
            "both": 0,
            "base_only": 0,
            "neither": 210
          }
        },
        {
          "archive": 25,
          "new_inputs": 268,
          "cumulative_inputs": 16530,
          "new_vrp_edges": 0,
          "new_base_edges": 0,
          "cumulative_vrp_edges": 0,
          "cumulative_base_edges": 0,
          "classifications": {
            "vrp_only": 0,
            "both": 0,
            "base_only": 0,
            "neither": 268
          }
        },
        {
          "archive": 26,
          "new_inputs": 45,
          "cumulative_inputs": 16575,
          "new_vrp_edges": 0,
          "new_base_edges": 0,
          "cumulative_vrp_edges": 0,
          "cumulative_base_edges": 0,
          "classifications": {
            "vrp_only": 0,
            "both": 0,
            "base_only": 0,
            "neither": 45
          }
        },
        {
          "archive": 27,
          "new_inputs": 35,
          "cumulative_inputs": 16610,
          "new_vrp_edges": 0,
          "new_base_edges": 0,
          "cumulative_vrp_edges": 0,
          "cumulative_base_edges": 0,
          "classifications": {
            "vrp_only": 0,
            "both": 0,
            "base_only": 0,
            "neither": 35
          }
        },
        {
          "archive": 28,
          "new_inputs": 77,
          "cumulative_inputs": 16687,
          "new_vrp_edges": 0,
          "new_base_edges": 0,
          "cumulative_vrp_edges": 0,
          "cumulative_base_edges": 0,
          "classifications": {
            "vrp_only": 0,
            "both": 0,
            "base_only": 0,
            "neither": 77
          }
        },
        {
          "archive": 29,
          "new_inputs": 25,
          "cumulative_inputs": 16712,
          "new_vrp_edges": 0,
          "new_base_edges": 0,
          "cumulative_vrp_edges": 0,
          "cumulative_base_edges": 0,
          "classifications": {
            "vrp_only": 0,
            "both": 0,
            "base_only": 0,
            "neither": 25
          }
        },
        {
          "archive": 30,
          "new_inputs": 32,
          "cumulative_inputs": 16744,
          "new_vrp_edges": 0,
          "new_base_edges": 0,
          "cumulative_vrp_edges": 0,
          "cumulative_base_edges": 0,
          "classifications": {
            "vrp_only": 0,
            "both": 0,
            "base_only": 0,
            "neither": 32
          }
        },
        {
          "archive": 31,
          "new_inputs": 34,
          "cumulative_inputs": 16778,
          "new_vrp_edges": 0,
          "new_base_edges": 0,
          "cumulative_vrp_edges": 0,
          "cumulative_base_edges": 0,
          "classifications": {
            "vrp_only": 0,
            "both": 0,
            "base_only": 0,
            "neither": 34
          }
        },
        {
          "archive": 32,
          "new_inputs": 52,
          "cumulative_inputs": 16830,
          "new_vrp_edges": 0,
          "new_base_edges": 0,
          "cumulative_vrp_edges": 0,
          "cumulative_base_edges": 0,
          "classifications": {
            "vrp_only": 0,
            "both": 0,
            "base_only": 0,
            "neither": 52
          }
        },
        {
          "archive": 33,
          "new_inputs": 62,
          "cumulative_inputs": 16892,
          "new_vrp_edges": 0,
          "new_base_edges": 0,
          "cumulative_vrp_edges": 0,
          "cumulative_base_edges": 0,
          "classifications": {
            "vrp_only": 0,
            "both": 0,
            "base_only": 0,
            "neither": 62
          }
        },
        {
          "archive": 34,
          "new_inputs": 47,
          "cumulative_inputs": 16939,
          "new_vrp_edges": 0,
          "new_base_edges": 0,
          "cumulative_vrp_edges": 0,
          "cumulative_base_edges": 0,
          "classifications": {
            "vrp_only": 0,
            "both": 0,
            "base_only": 0,
            "neither": 47
          }
        },
        {
          "archive": 35,
          "new_inputs": 28,
          "cumulative_inputs": 16967,
          "new_vrp_edges": 0,
          "new_base_edges": 0,
          "cumulative_vrp_edges": 0,
          "cumulative_base_edges": 0,
          "classifications": {
            "vrp_only": 0,
            "both": 0,
            "base_only": 0,
            "neither": 28
          }
        },
        {
          "archive": 36,
          "new_inputs": 21,
          "cumulative_inputs": 16988,
          "new_vrp_edges": 0,
          "new_base_edges": 0,
          "cumulative_vrp_edges": 0,
          "cumulative_base_edges": 0,
          "classifications": {
            "vrp_only": 0,
            "both": 0,
            "base_only": 0,
            "neither": 21
          }
        },
        {
          "archive": 37,
          "new_inputs": 26,
          "cumulative_inputs": 17014,
          "new_vrp_edges": 0,
          "new_base_edges": 0,
          "cumulative_vrp_edges": 0,
          "cumulative_base_edges": 0,
          "classifications": {
            "vrp_only": 0,
            "both": 0,
            "base_only": 0,
            "neither": 26
          }
        },
        {
          "archive": 38,
          "new_inputs": 29,
          "cumulative_inputs": 17043,
          "new_vrp_edges": 0,
          "new_base_edges": 0,
          "cumulative_vrp_edges": 0,
          "cumulative_base_edges": 0,
          "classifications": {
            "vrp_only": 0,
            "both": 0,
            "base_only": 0,
            "neither": 29
          }
        },
        {
          "archive": 39,
          "new_inputs": 15,
          "cumulative_inputs": 17058,
          "new_vrp_edges": 0,
          "new_base_edges": 0,
          "cumulative_vrp_edges": 0,
          "cumulative_base_edges": 0,
          "classifications": {
            "vrp_only": 0,
            "both": 0,
            "base_only": 0,
            "neither": 15
          }
        },
        {
          "archive": 40,
          "new_inputs": 31,
          "cumulative_inputs": 17089,
          "new_vrp_edges": 0,
          "new_base_edges": 0,
          "cumulative_vrp_edges": 0,
          "cumulative_base_edges": 0,
          "classifications": {
            "vrp_only": 0,
            "both": 0,
            "base_only": 0,
            "neither": 31
          }
        },
        {
          "archive": 41,
          "new_inputs": 23,
          "cumulative_inputs": 17112,
          "new_vrp_edges": 0,
          "new_base_edges": 0,
          "cumulative_vrp_edges": 0,
          "cumulative_base_edges": 0,
          "classifications": {
            "vrp_only": 0,
            "both": 0,
            "base_only": 0,
            "neither": 23
          }
        },
        {
          "archive": 42,
          "new_inputs": 26,
          "cumulative_inputs": 17138,
          "new_vrp_edges": 0,
          "new_base_edges": 0,
          "cumulative_vrp_edges": 0,
          "cumulative_base_edges": 0,
          "classifications": {
            "vrp_only": 0,
            "both": 0,
            "base_only": 0,
            "neither": 26
          }
        },
        {
          "archive": 43,
          "new_inputs": 27,
          "cumulative_inputs": 17165,
          "new_vrp_edges": 0,
          "new_base_edges": 0,
          "cumulative_vrp_edges": 0,
          "cumulative_base_edges": 0,
          "classifications": {
            "vrp_only": 0,
            "both": 0,
            "base_only": 0,
            "neither": 27
          }
        },
        {
          "archive": 44,
          "new_inputs": 28,
          "cumulative_inputs": 17193,
          "new_vrp_edges": 0,
          "new_base_edges": 0,
          "cumulative_vrp_edges": 0,
          "cumulative_base_edges": 0,
          "classifications": {
            "vrp_only": 0,
            "both": 0,
            "base_only": 0,
            "neither": 28
          }
        },
        {
          "archive": 45,
          "new_inputs": 17,
          "cumulative_inputs": 17210,
          "new_vrp_edges": 0,
          "new_base_edges": 0,
          "cumulative_vrp_edges": 0,
          "cumulative_base_edges": 0,
          "classifications": {
            "vrp_only": 0,
            "both": 0,
            "base_only": 0,
            "neither": 17
          }
        },
        {
          "archive": 46,
          "new_inputs": 9,
          "cumulative_inputs": 17219,
          "new_vrp_edges": 0,
          "new_base_edges": 0,
          "cumulative_vrp_edges": 0,
          "cumulative_base_edges": 0,
          "classifications": {
            "vrp_only": 0,
            "both": 0,
            "base_only": 0,
            "neither": 9
          }
        },
        {
          "archive": 47,
          "new_inputs": 13,
          "cumulative_inputs": 17232,
          "new_vrp_edges": 0,
          "new_base_edges": 0,
          "cumulative_vrp_edges": 0,
          "cumulative_base_edges": 0,
          "classifications": {
            "vrp_only": 0,
            "both": 0,
            "base_only": 0,
            "neither": 13
          }
        },
        {
          "archive": 48,
          "new_inputs": 20,
          "cumulative_inputs": 17252,
          "new_vrp_edges": 0,
          "new_base_edges": 0,
          "cumulative_vrp_edges": 0,
          "cumulative_base_edges": 0,
          "classifications": {
            "vrp_only": 0,
            "both": 0,
            "base_only": 0,
            "neither": 20
          }
        },
        {
          "archive": 49,
          "new_inputs": 26,
          "cumulative_inputs": 17278,
          "new_vrp_edges": 0,
          "new_base_edges": 0,
          "cumulative_vrp_edges": 0,
          "cumulative_base_edges": 0,
          "classifications": {
            "vrp_only": 0,
            "both": 0,
            "base_only": 0,
            "neither": 26
          }
        },
        {
          "archive": 50,
          "new_inputs": 19,
          "cumulative_inputs": 17297,
          "new_vrp_edges": 0,
          "new_base_edges": 0,
          "cumulative_vrp_edges": 0,
          "cumulative_base_edges": 0,
          "classifications": {
            "vrp_only": 0,
            "both": 0,
            "base_only": 0,
            "neither": 19
          }
        },
        {
          "archive": 51,
          "new_inputs": 11,
          "cumulative_inputs": 17308,
          "new_vrp_edges": 0,
          "new_base_edges": 0,
          "cumulative_vrp_edges": 0,
          "cumulative_base_edges": 0,
          "classifications": {
            "vrp_only": 0,
            "both": 0,
            "base_only": 0,
            "neither": 11
          }
        },
        {
          "archive": 52,
          "new_inputs": 7,
          "cumulative_inputs": 17315,
          "new_vrp_edges": 0,
          "new_base_edges": 0,
          "cumulative_vrp_edges": 0,
          "cumulative_base_edges": 0,
          "classifications": {
            "vrp_only": 0,
            "both": 0,
            "base_only": 0,
            "neither": 7
          }
        },
        {
          "archive": 53,
          "new_inputs": 24,
          "cumulative_inputs": 17339,
          "new_vrp_edges": 0,
          "new_base_edges": 0,
          "cumulative_vrp_edges": 0,
          "cumulative_base_edges": 0,
          "classifications": {
            "vrp_only": 0,
            "both": 0,
            "base_only": 0,
            "neither": 24
          }
        },
        {
          "archive": 54,
          "new_inputs": 25,
          "cumulative_inputs": 17364,
          "new_vrp_edges": 0,
          "new_base_edges": 0,
          "cumulative_vrp_edges": 0,
          "cumulative_base_edges": 0,
          "classifications": {
            "vrp_only": 0,
            "both": 0,
            "base_only": 0,
            "neither": 25
          }
        },
        {
          "archive": 55,
          "new_inputs": 332,
          "cumulative_inputs": 17696,
          "new_vrp_edges": 0,
          "new_base_edges": 0,
          "cumulative_vrp_edges": 0,
          "cumulative_base_edges": 0,
          "classifications": {
            "vrp_only": 0,
            "both": 0,
            "base_only": 0,
            "neither": 332
          }
        },
        {
          "archive": 56,
          "new_inputs": 68,
          "cumulative_inputs": 17764,
          "new_vrp_edges": 0,
          "new_base_edges": 0,
          "cumulative_vrp_edges": 0,
          "cumulative_base_edges": 0,
          "classifications": {
            "vrp_only": 0,
            "both": 0,
            "base_only": 0,
            "neither": 68
          }
        },
        {
          "archive": 57,
          "new_inputs": 48,
          "cumulative_inputs": 17812,
          "new_vrp_edges": 0,
          "new_base_edges": 0,
          "cumulative_vrp_edges": 0,
          "cumulative_base_edges": 0,
          "classifications": {
            "vrp_only": 0,
            "both": 0,
            "base_only": 0,
            "neither": 48
          }
        },
        {
          "archive": 58,
          "new_inputs": 83,
          "cumulative_inputs": 17895,
          "new_vrp_edges": 0,
          "new_base_edges": 0,
          "cumulative_vrp_edges": 0,
          "cumulative_base_edges": 0,
          "classifications": {
            "vrp_only": 0,
            "both": 0,
            "base_only": 0,
            "neither": 83
          }
        },
        {
          "archive": 59,
          "new_inputs": 68,
          "cumulative_inputs": 17963,
          "new_vrp_edges": 0,
          "new_base_edges": 0,
          "cumulative_vrp_edges": 0,
          "cumulative_base_edges": 0,
          "classifications": {
            "vrp_only": 0,
            "both": 0,
            "base_only": 0,
            "neither": 68
          }
        },
        {
          "archive": 60,
          "new_inputs": 39,
          "cumulative_inputs": 18002,
          "new_vrp_edges": 0,
          "new_base_edges": 0,
          "cumulative_vrp_edges": 0,
          "cumulative_base_edges": 0,
          "classifications": {
            "vrp_only": 0,
            "both": 0,
            "base_only": 0,
            "neither": 39
          }
        },
        {
          "archive": 61,
          "new_inputs": 17,
          "cumulative_inputs": 18019,
          "new_vrp_edges": 0,
          "new_base_edges": 0,
          "cumulative_vrp_edges": 0,
          "cumulative_base_edges": 0,
          "classifications": {
            "vrp_only": 0,
            "both": 0,
            "base_only": 0,
            "neither": 17
          }
        },
        {
          "archive": 62,
          "new_inputs": 12,
          "cumulative_inputs": 18031,
          "new_vrp_edges": 0,
          "new_base_edges": 0,
          "cumulative_vrp_edges": 0,
          "cumulative_base_edges": 0,
          "classifications": {
            "vrp_only": 0,
            "both": 0,
            "base_only": 0,
            "neither": 12
          }
        },
        {
          "archive": 63,
          "new_inputs": 17,
          "cumulative_inputs": 18048,
          "new_vrp_edges": 0,
          "new_base_edges": 0,
          "cumulative_vrp_edges": 0,
          "cumulative_base_edges": 0,
          "classifications": {
            "vrp_only": 0,
            "both": 0,
            "base_only": 0,
            "neither": 17
          }
        },
        {
          "archive": 64,
          "new_inputs": 14,
          "cumulative_inputs": 18062,
          "new_vrp_edges": 0,
          "new_base_edges": 0,
          "cumulative_vrp_edges": 0,
          "cumulative_base_edges": 0,
          "classifications": {
            "vrp_only": 0,
            "both": 0,
            "base_only": 0,
            "neither": 14
          }
        },
        {
          "archive": 65,
          "new_inputs": 11,
          "cumulative_inputs": 18073,
          "new_vrp_edges": 0,
          "new_base_edges": 0,
          "cumulative_vrp_edges": 0,
          "cumulative_base_edges": 0,
          "classifications": {
            "vrp_only": 0,
            "both": 0,
            "base_only": 0,
            "neither": 11
          }
        },
        {
          "archive": 66,
          "new_inputs": 144,
          "cumulative_inputs": 18217,
          "new_vrp_edges": 0,
          "new_base_edges": 0,
          "cumulative_vrp_edges": 0,
          "cumulative_base_edges": 0,
          "classifications": {
            "vrp_only": 0,
            "both": 0,
            "base_only": 0,
            "neither": 144
          }
        },
        {
          "archive": 67,
          "new_inputs": 29,
          "cumulative_inputs": 18246,
          "new_vrp_edges": 0,
          "new_base_edges": 0,
          "cumulative_vrp_edges": 0,
          "cumulative_base_edges": 0,
          "classifications": {
            "vrp_only": 0,
            "both": 0,
            "base_only": 0,
            "neither": 29
          }
        },
        {
          "archive": 68,
          "new_inputs": 17,
          "cumulative_inputs": 18263,
          "new_vrp_edges": 0,
          "new_base_edges": 0,
          "cumulative_vrp_edges": 0,
          "cumulative_base_edges": 0,
          "classifications": {
            "vrp_only": 0,
            "both": 0,
            "base_only": 0,
            "neither": 17
          }
        },
        {
          "archive": 69,
          "new_inputs": 30,
          "cumulative_inputs": 18293,
          "new_vrp_edges": 0,
          "new_base_edges": 0,
          "cumulative_vrp_edges": 0,
          "cumulative_base_edges": 0,
          "classifications": {
            "vrp_only": 0,
            "both": 0,
            "base_only": 0,
            "neither": 30
          }
        },
        {
          "archive": 70,
          "new_inputs": 15,
          "cumulative_inputs": 18308,
          "new_vrp_edges": 0,
          "new_base_edges": 0,
          "cumulative_vrp_edges": 0,
          "cumulative_base_edges": 0,
          "classifications": {
            "vrp_only": 0,
            "both": 0,
            "base_only": 0,
            "neither": 15
          }
        },
        {
          "archive": 71,
          "new_inputs": 32,
          "cumulative_inputs": 18340,
          "new_vrp_edges": 0,
          "new_base_edges": 0,
          "cumulative_vrp_edges": 0,
          "cumulative_base_edges": 0,
          "classifications": {
            "vrp_only": 0,
            "both": 0,
            "base_only": 0,
            "neither": 32
          }
        },
        {
          "archive": 72,
          "new_inputs": 19,
          "cumulative_inputs": 18359,
          "new_vrp_edges": 0,
          "new_base_edges": 0,
          "cumulative_vrp_edges": 0,
          "cumulative_base_edges": 0,
          "classifications": {
            "vrp_only": 0,
            "both": 0,
            "base_only": 0,
            "neither": 19
          }
        },
        {
          "archive": 73,
          "new_inputs": 18,
          "cumulative_inputs": 18377,
          "new_vrp_edges": 0,
          "new_base_edges": 0,
          "cumulative_vrp_edges": 0,
          "cumulative_base_edges": 0,
          "classifications": {
            "vrp_only": 0,
            "both": 0,
            "base_only": 0,
            "neither": 18
          }
        },
        {
          "archive": 74,
          "new_inputs": 14,
          "cumulative_inputs": 18391,
          "new_vrp_edges": 0,
          "new_base_edges": 0,
          "cumulative_vrp_edges": 0,
          "cumulative_base_edges": 0,
          "classifications": {
            "vrp_only": 0,
            "both": 0,
            "base_only": 0,
            "neither": 14
          }
        },
        {
          "archive": 75,
          "new_inputs": 21,
          "cumulative_inputs": 18412,
          "new_vrp_edges": 0,
          "new_base_edges": 0,
          "cumulative_vrp_edges": 0,
          "cumulative_base_edges": 0,
          "classifications": {
            "vrp_only": 0,
            "both": 0,
            "base_only": 0,
            "neither": 21
          }
        },
        {
          "archive": 76,
          "new_inputs": 12,
          "cumulative_inputs": 18424,
          "new_vrp_edges": 0,
          "new_base_edges": 0,
          "cumulative_vrp_edges": 0,
          "cumulative_base_edges": 0,
          "classifications": {
            "vrp_only": 0,
            "both": 0,
            "base_only": 0,
            "neither": 12
          }
        },
        {
          "archive": 77,
          "new_inputs": 9,
          "cumulative_inputs": 18433,
          "new_vrp_edges": 0,
          "new_base_edges": 0,
          "cumulative_vrp_edges": 0,
          "cumulative_base_edges": 0,
          "classifications": {
            "vrp_only": 0,
            "both": 0,
            "base_only": 0,
            "neither": 9
          }
        },
        {
          "archive": 78,
          "new_inputs": 46,
          "cumulative_inputs": 18479,
          "new_vrp_edges": 0,
          "new_base_edges": 0,
          "cumulative_vrp_edges": 0,
          "cumulative_base_edges": 0,
          "classifications": {
            "vrp_only": 0,
            "both": 0,
            "base_only": 0,
            "neither": 46
          }
        },
        {
          "archive": 79,
          "new_inputs": 4,
          "cumulative_inputs": 18483,
          "new_vrp_edges": 0,
          "new_base_edges": 0,
          "cumulative_vrp_edges": 0,
          "cumulative_base_edges": 0,
          "classifications": {
            "vrp_only": 0,
            "both": 0,
            "base_only": 0,
            "neither": 4
          }
        },
        {
          "archive": 80,
          "new_inputs": 18,
          "cumulative_inputs": 18501,
          "new_vrp_edges": 0,
          "new_base_edges": 0,
          "cumulative_vrp_edges": 0,
          "cumulative_base_edges": 0,
          "classifications": {
            "vrp_only": 0,
            "both": 0,
            "base_only": 0,
            "neither": 18
          }
        },
        {
          "archive": 81,
          "new_inputs": 10,
          "cumulative_inputs": 18511,
          "new_vrp_edges": 0,
          "new_base_edges": 0,
          "cumulative_vrp_edges": 0,
          "cumulative_base_edges": 0,
          "classifications": {
            "vrp_only": 0,
            "both": 0,
            "base_only": 0,
            "neither": 10
          }
        },
        {
          "archive": 82,
          "new_inputs": 7,
          "cumulative_inputs": 18518,
          "new_vrp_edges": 0,
          "new_base_edges": 0,
          "cumulative_vrp_edges": 0,
          "cumulative_base_edges": 0,
          "classifications": {
            "vrp_only": 0,
            "both": 0,
            "base_only": 0,
            "neither": 7
          }
        },
        {
          "archive": 83,
          "new_inputs": 21,
          "cumulative_inputs": 18539,
          "new_vrp_edges": 0,
          "new_base_edges": 0,
          "cumulative_vrp_edges": 0,
          "cumulative_base_edges": 0,
          "classifications": {
            "vrp_only": 0,
            "both": 0,
            "base_only": 0,
            "neither": 21
          }
        },
        {
          "archive": 84,
          "new_inputs": 17,
          "cumulative_inputs": 18556,
          "new_vrp_edges": 0,
          "new_base_edges": 0,
          "cumulative_vrp_edges": 0,
          "cumulative_base_edges": 0,
          "classifications": {
            "vrp_only": 0,
            "both": 0,
            "base_only": 0,
            "neither": 17
          }
        },
        {
          "archive": 85,
          "new_inputs": 29,
          "cumulative_inputs": 18585,
          "new_vrp_edges": 0,
          "new_base_edges": 0,
          "cumulative_vrp_edges": 0,
          "cumulative_base_edges": 0,
          "classifications": {
            "vrp_only": 0,
            "both": 0,
            "base_only": 0,
            "neither": 29
          }
        },
        {
          "archive": 86,
          "new_inputs": 60,
          "cumulative_inputs": 18645,
          "new_vrp_edges": 0,
          "new_base_edges": 0,
          "cumulative_vrp_edges": 0,
          "cumulative_base_edges": 0,
          "classifications": {
            "vrp_only": 0,
            "both": 0,
            "base_only": 0,
            "neither": 60
          }
        },
        {
          "archive": 87,
          "new_inputs": 23,
          "cumulative_inputs": 18668,
          "new_vrp_edges": 0,
          "new_base_edges": 0,
          "cumulative_vrp_edges": 0,
          "cumulative_base_edges": 0,
          "classifications": {
            "vrp_only": 0,
            "both": 0,
            "base_only": 0,
            "neither": 23
          }
        },
        {
          "archive": 88,
          "new_inputs": 9,
          "cumulative_inputs": 18677,
          "new_vrp_edges": 0,
          "new_base_edges": 0,
          "cumulative_vrp_edges": 0,
          "cumulative_base_edges": 0,
          "classifications": {
            "vrp_only": 0,
            "both": 0,
            "base_only": 0,
            "neither": 9
          }
        },
        {
          "archive": 89,
          "new_inputs": 24,
          "cumulative_inputs": 18701,
          "new_vrp_edges": 0,
          "new_base_edges": 0,
          "cumulative_vrp_edges": 0,
          "cumulative_base_edges": 0,
          "classifications": {
            "vrp_only": 0,
            "both": 0,
            "base_only": 0,
            "neither": 24
          }
        },
        {
          "archive": 90,
          "new_inputs": 19,
          "cumulative_inputs": 18720,
          "new_vrp_edges": 0,
          "new_base_edges": 0,
          "cumulative_vrp_edges": 0,
          "cumulative_base_edges": 0,
          "classifications": {
            "vrp_only": 0,
            "both": 0,
            "base_only": 0,
            "neither": 19
          }
        },
        {
          "archive": 91,
          "new_inputs": 9,
          "cumulative_inputs": 18729,
          "new_vrp_edges": 0,
          "new_base_edges": 0,
          "cumulative_vrp_edges": 0,
          "cumulative_base_edges": 0,
          "classifications": {
            "vrp_only": 0,
            "both": 0,
            "base_only": 0,
            "neither": 9
          }
        },
        {
          "archive": 92,
          "new_inputs": 8,
          "cumulative_inputs": 18737,
          "new_vrp_edges": 0,
          "new_base_edges": 0,
          "cumulative_vrp_edges": 0,
          "cumulative_base_edges": 0,
          "classifications": {
            "vrp_only": 0,
            "both": 0,
            "base_only": 0,
            "neither": 8
          }
        },
        {
          "archive": 93,
          "new_inputs": 3,
          "cumulative_inputs": 18740,
          "new_vrp_edges": 0,
          "new_base_edges": 0,
          "cumulative_vrp_edges": 0,
          "cumulative_base_edges": 0,
          "classifications": {
            "vrp_only": 0,
            "both": 0,
            "base_only": 0,
            "neither": 3
          }
        },
        {
          "archive": 94,
          "new_inputs": 13,
          "cumulative_inputs": 18753,
          "new_vrp_edges": 0,
          "new_base_edges": 0,
          "cumulative_vrp_edges": 0,
          "cumulative_base_edges": 0,
          "classifications": {
            "vrp_only": 0,
            "both": 0,
            "base_only": 0,
            "neither": 13
          }
        },
        {
          "archive": 95,
          "new_inputs": 11,
          "cumulative_inputs": 18764,
          "new_vrp_edges": 0,
          "new_base_edges": 0,
          "cumulative_vrp_edges": 0,
          "cumulative_base_edges": 0,
          "classifications": {
            "vrp_only": 0,
            "both": 0,
            "base_only": 0,
            "neither": 11
          }
        },
        {
          "archive": 96,
          "new_inputs": 0,
          "cumulative_inputs": 18764,
          "new_vrp_edges": 0,
          "new_base_edges": 0,
          "cumulative_vrp_edges": 0,
          "cumulative_base_edges": 0,
          "classifications": {
            "vrp_only": 0,
            "both": 0,
            "base_only": 0,
            "neither": 0
          }
        }
      ],
      "summary": {
        "total_inputs": 18764,
        "total_vrp_edges": 0,
        "total_base_edges": 0,
        "entanglement_rate": 0.0,
        "vrp_only_count": 0,
        "both_count": 0,
        "base_only_count": 0,
        "neither_count": 18764
      }
    },
    "vrp_bucket_entanglement": {
      "summary": {
        "total_inputs": 18764,
        "bucket_entanglement_rate": 0.0,
        "vrp_only": 0,
        "both": 0,
        "base_only": 0,
        "neither": 18764,
        "edge_neither_but_bucket_interesting": 0
      }
    },
    "vrp_gradient": {
      "summary": {
        "total_vrp_edges_seen": 0,
        "singleton_edges": 0,
        "low_freq_edges": 0,
        "high_freq_edges": 0,
        "vrp_exclusive_singletons": 0,
        "hit_count_distribution": {
          "1": 0,
          "2-3": 0,
          "4-10": 0,
          "11-50": 0,
          "51-200": 0,
          "200+": 0
        }
      }
    },
    "edge_growth": {
      "growth_curve": [
        {
          "archive": 0,
          "total_inputs": 2,
          "vrp_edges": 0,
          "base_edges": 0
        },
        {
          "archive": 1,
          "total_inputs": 6971,
          "vrp_edges": 0,
          "base_edges": 0
        },
        {
          "archive": 2,
          "total_inputs": 9726,
          "vrp_edges": 0,
          "base_edges": 0
        },
        {
          "archive": 3,
          "total_inputs": 11311,
          "vrp_edges": 0,
          "base_edges": 0
        },
        {
          "archive": 4,
          "total_inputs": 12532,
          "vrp_edges": 0,
          "base_edges": 0
        },
        {
          "archive": 5,
          "total_inputs": 13510,
          "vrp_edges": 0,
          "base_edges": 0
        },
        {
          "archive": 6,
          "total_inputs": 14088,
          "vrp_edges": 0,
          "base_edges": 0
        },
        {
          "archive": 7,
          "total_inputs": 14397,
          "vrp_edges": 0,
          "base_edges": 0
        },
        {
          "archive": 8,
          "total_inputs": 14666,
          "vrp_edges": 0,
          "base_edges": 0
        },
        {
          "archive": 9,
          "total_inputs": 14830,
          "vrp_edges": 0,
          "base_edges": 0
        },
        {
          "archive": 10,
          "total_inputs": 15002,
          "vrp_edges": 0,
          "base_edges": 0
        },
        {
          "archive": 11,
          "total_inputs": 15092,
          "vrp_edges": 0,
          "base_edges": 0
        },
        {
          "archive": 12,
          "total_inputs": 15176,
          "vrp_edges": 0,
          "base_edges": 0
        },
        {
          "archive": 13,
          "total_inputs": 15276,
          "vrp_edges": 0,
          "base_edges": 0
        },
        {
          "archive": 14,
          "total_inputs": 15474,
          "vrp_edges": 0,
          "base_edges": 0
        },
        {
          "archive": 15,
          "total_inputs": 15526,
          "vrp_edges": 0,
          "base_edges": 0
        },
        {
          "archive": 16,
          "total_inputs": 15593,
          "vrp_edges": 0,
          "base_edges": 0
        },
        {
          "archive": 17,
          "total_inputs": 15683,
          "vrp_edges": 0,
          "base_edges": 0
        },
        {
          "archive": 18,
          "total_inputs": 15767,
          "vrp_edges": 0,
          "base_edges": 0
        },
        {
          "archive": 19,
          "total_inputs": 15811,
          "vrp_edges": 0,
          "base_edges": 0
        },
        {
          "archive": 20,
          "total_inputs": 15860,
          "vrp_edges": 0,
          "base_edges": 0
        },
        {
          "archive": 21,
          "total_inputs": 15901,
          "vrp_edges": 0,
          "base_edges": 0
        },
        {
          "archive": 22,
          "total_inputs": 15967,
          "vrp_edges": 0,
          "base_edges": 0
        },
        {
          "archive": 23,
          "total_inputs": 16052,
          "vrp_edges": 0,
          "base_edges": 0
        },
        {
          "archive": 24,
          "total_inputs": 16262,
          "vrp_edges": 0,
          "base_edges": 0
        },
        {
          "archive": 25,
          "total_inputs": 16530,
          "vrp_edges": 0,
          "base_edges": 0
        },
        {
          "archive": 26,
          "total_inputs": 16575,
          "vrp_edges": 0,
          "base_edges": 0
        },
        {
          "archive": 27,
          "total_inputs": 16610,
          "vrp_edges": 0,
          "base_edges": 0
        },
        {
          "archive": 28,
          "total_inputs": 16687,
          "vrp_edges": 0,
          "base_edges": 0
        },
        {
          "archive": 29,
          "total_inputs": 16712,
          "vrp_edges": 0,
          "base_edges": 0
        },
        {
          "archive": 30,
          "total_inputs": 16744,
          "vrp_edges": 0,
          "base_edges": 0
        },
        {
          "archive": 31,
          "total_inputs": 16778,
          "vrp_edges": 0,
          "base_edges": 0
        },
        {
          "archive": 32,
          "total_inputs": 16830,
          "vrp_edges": 0,
          "base_edges": 0
        },
        {
          "archive": 33,
          "total_inputs": 16892,
          "vrp_edges": 0,
          "base_edges": 0
        },
        {
          "archive": 34,
          "total_inputs": 16939,
          "vrp_edges": 0,
          "base_edges": 0
        },
        {
          "archive": 35,
          "total_inputs": 16967,
          "vrp_edges": 0,
          "base_edges": 0
        },
        {
          "archive": 36,
          "total_inputs": 16988,
          "vrp_edges": 0,
          "base_edges": 0
        },
        {
          "archive": 37,
          "total_inputs": 17014,
          "vrp_edges": 0,
          "base_edges": 0
        },
        {
          "archive": 38,
          "total_inputs": 17043,
          "vrp_edges": 0,
          "base_edges": 0
        },
        {
          "archive": 39,
          "total_inputs": 17058,
          "vrp_edges": 0,
          "base_edges": 0
        },
        {
          "archive": 40,
          "total_inputs": 17089,
          "vrp_edges": 0,
          "base_edges": 0
        },
        {
          "archive": 41,
          "total_inputs": 17112,
          "vrp_edges": 0,
          "base_edges": 0
        },
        {
          "archive": 42,
          "total_inputs": 17138,
          "vrp_edges": 0,
          "base_edges": 0
        },
        {
          "archive": 43,
          "total_inputs": 17165,
          "vrp_edges": 0,
          "base_edges": 0
        },
        {
          "archive": 44,
          "total_inputs": 17193,
          "vrp_edges": 0,
          "base_edges": 0
        },
        {
          "archive": 45,
          "total_inputs": 17210,
          "vrp_edges": 0,
          "base_edges": 0
        },
        {
          "archive": 46,
          "total_inputs": 17219,
          "vrp_edges": 0,
          "base_edges": 0
        },
        {
          "archive": 47,
          "total_inputs": 17232,
          "vrp_edges": 0,
          "base_edges": 0
        },
        {
          "archive": 48,
          "total_inputs": 17252,
          "vrp_edges": 0,
          "base_edges": 0
        },
        {
          "archive": 49,
          "total_inputs": 17278,
          "vrp_edges": 0,
          "base_edges": 0
        },
        {
          "archive": 50,
          "total_inputs": 17297,
          "vrp_edges": 0,
          "base_edges": 0
        },
        {
          "archive": 51,
          "total_inputs": 17308,
          "vrp_edges": 0,
          "base_edges": 0
        },
        {
          "archive": 52,
          "total_inputs": 17315,
          "vrp_edges": 0,
          "base_edges": 0
        },
        {
          "archive": 53,
          "total_inputs": 17339,
          "vrp_edges": 0,
          "base_edges": 0
        },
        {
          "archive": 54,
          "total_inputs": 17364,
          "vrp_edges": 0,
          "base_edges": 0
        },
        {
          "archive": 55,
          "total_inputs": 17696,
          "vrp_edges": 0,
          "base_edges": 0
        },
        {
          "archive": 56,
          "total_inputs": 17764,
          "vrp_edges": 0,
          "base_edges": 0
        },
        {
          "archive": 57,
          "total_inputs": 17812,
          "vrp_edges": 0,
          "base_edges": 0
        },
        {
          "archive": 58,
          "total_inputs": 17895,
          "vrp_edges": 0,
          "base_edges": 0
        },
        {
          "archive": 59,
          "total_inputs": 17963,
          "vrp_edges": 0,
          "base_edges": 0
        },
        {
          "archive": 60,
          "total_inputs": 18002,
          "vrp_edges": 0,
          "base_edges": 0
        },
        {
          "archive": 61,
          "total_inputs": 18019,
          "vrp_edges": 0,
          "base_edges": 0
        },
        {
          "archive": 62,
          "total_inputs": 18031,
          "vrp_edges": 0,
          "base_edges": 0
        },
        {
          "archive": 63,
          "total_inputs": 18048,
          "vrp_edges": 0,
          "base_edges": 0
        },
        {
          "archive": 64,
          "total_inputs": 18062,
          "vrp_edges": 0,
          "base_edges": 0
        },
        {
          "archive": 65,
          "total_inputs": 18073,
          "vrp_edges": 0,
          "base_edges": 0
        },
        {
          "archive": 66,
          "total_inputs": 18217,
          "vrp_edges": 0,
          "base_edges": 0
        },
        {
          "archive": 67,
          "total_inputs": 18246,
          "vrp_edges": 0,
          "base_edges": 0
        },
        {
          "archive": 68,
          "total_inputs": 18263,
          "vrp_edges": 0,
          "base_edges": 0
        },
        {
          "archive": 69,
          "total_inputs": 18293,
          "vrp_edges": 0,
          "base_edges": 0
        },
        {
          "archive": 70,
          "total_inputs": 18308,
          "vrp_edges": 0,
          "base_edges": 0
        },
        {
          "archive": 71,
          "total_inputs": 18340,
          "vrp_edges": 0,
          "base_edges": 0
        },
        {
          "archive": 72,
          "total_inputs": 18359,
          "vrp_edges": 0,
          "base_edges": 0
        },
        {
          "archive": 73,
          "total_inputs": 18377,
          "vrp_edges": 0,
          "base_edges": 0
        },
        {
          "archive": 74,
          "total_inputs": 18391,
          "vrp_edges": 0,
          "base_edges": 0
        },
        {
          "archive": 75,
          "total_inputs": 18412,
          "vrp_edges": 0,
          "base_edges": 0
        },
        {
          "archive": 76,
          "total_inputs": 18424,
          "vrp_edges": 0,
          "base_edges": 0
        },
        {
          "archive": 77,
          "total_inputs": 18433,
          "vrp_edges": 0,
          "base_edges": 0
        },
        {
          "archive": 78,
          "total_inputs": 18479,
          "vrp_edges": 0,
          "base_edges": 0
        },
        {
          "archive": 79,
          "total_inputs": 18483,
          "vrp_edges": 0,
          "base_edges": 0
        },
        {
          "archive": 80,
          "total_inputs": 18501,
          "vrp_edges": 0,
          "base_edges": 0
        },
        {
          "archive": 81,
          "total_inputs": 18511,
          "vrp_edges": 0,
          "base_edges": 0
        },
        {
          "archive": 82,
          "total_inputs": 18518,
          "vrp_edges": 0,
          "base_edges": 0
        },
        {
          "archive": 83,
          "total_inputs": 18539,
          "vrp_edges": 0,
          "base_edges": 0
        },
        {
          "archive": 84,
          "total_inputs": 18556,
          "vrp_edges": 0,
          "base_edges": 0
        },
        {
          "archive": 85,
          "total_inputs": 18585,
          "vrp_edges": 0,
          "base_edges": 0
        },
        {
          "archive": 86,
          "total_inputs": 18645,
          "vrp_edges": 0,
          "base_edges": 0
        },
        {
          "archive": 87,
          "total_inputs": 18668,
          "vrp_edges": 0,
          "base_edges": 0
        },
        {
          "archive": 88,
          "total_inputs": 18677,
          "vrp_edges": 0,
          "base_edges": 0
        },
        {
          "archive": 89,
          "total_inputs": 18701,
          "vrp_edges": 0,
          "base_edges": 0
        },
        {
          "archive": 90,
          "total_inputs": 18720,
          "vrp_edges": 0,
          "base_edges": 0
        },
        {
          "archive": 91,
          "total_inputs": 18729,
          "vrp_edges": 0,
          "base_edges": 0
        },
        {
          "archive": 92,
          "total_inputs": 18737,
          "vrp_edges": 0,
          "base_edges": 0
        },
        {
          "archive": 93,
          "total_inputs": 18740,
          "vrp_edges": 0,
          "base_edges": 0
        },
        {
          "archive": 94,
          "total_inputs": 18753,
          "vrp_edges": 0,
          "base_edges": 0
        },
        {
          "archive": 95,
          "total_inputs": 18764,
          "vrp_edges": 0,
          "base_edges": 0
        },
        {
          "archive": 96,
          "total_inputs": 18764,
          "vrp_edges": 0,
          "base_edges": 0
        }
      ],
      "final_vrp_edges": 0,
      "final_base_edges": 0,
      "total_inputs": 18764
    },
    "speed": {
      "per_archive": [
        {
          "archive": 0,
          "inputs": 2,
          "mean_vrp_ms": 24.318,
          "mean_base_ms": 26.209,
          "overhead": 0.9278
        },
        {
          "archive": 1,
          "inputs": 6969,
          "mean_vrp_ms": 0.021,
          "mean_base_ms": 0.021,
          "overhead": 1.0053
        },
        {
          "archive": 2,
          "inputs": 2755,
          "mean_vrp_ms": 0.021,
          "mean_base_ms": 0.021,
          "overhead": 0.9992
        },
        {
          "archive": 3,
          "inputs": 1585,
          "mean_vrp_ms": 0.022,
          "mean_base_ms": 0.022,
          "overhead": 0.9773
        },
        {
          "archive": 4,
          "inputs": 1221,
          "mean_vrp_ms": 0.028,
          "mean_base_ms": 0.028,
          "overhead": 1.017
        },
        {
          "archive": 5,
          "inputs": 978,
          "mean_vrp_ms": 0.026,
          "mean_base_ms": 0.029,
          "overhead": 0.9028
        },
        {
          "archive": 6,
          "inputs": 578,
          "mean_vrp_ms": 0.035,
          "mean_base_ms": 0.037,
          "overhead": 0.949
        },
        {
          "archive": 7,
          "inputs": 309,
          "mean_vrp_ms": 0.05,
          "mean_base_ms": 0.052,
          "overhead": 0.969
        },
        {
          "archive": 8,
          "inputs": 269,
          "mean_vrp_ms": 0.056,
          "mean_base_ms": 0.058,
          "overhead": 0.9635
        },
        {
          "archive": 9,
          "inputs": 164,
          "mean_vrp_ms": 0.084,
          "mean_base_ms": 0.085,
          "overhead": 0.9859
        },
        {
          "archive": 10,
          "inputs": 172,
          "mean_vrp_ms": 0.09,
          "mean_base_ms": 0.068,
          "overhead": 1.331
        },
        {
          "archive": 11,
          "inputs": 90,
          "mean_vrp_ms": 0.145,
          "mean_base_ms": 0.167,
          "overhead": 0.8677
        },
        {
          "archive": 12,
          "inputs": 84,
          "mean_vrp_ms": 0.178,
          "mean_base_ms": 0.139,
          "overhead": 1.2733
        },
        {
          "archive": 13,
          "inputs": 100,
          "mean_vrp_ms": 0.168,
          "mean_base_ms": 0.132,
          "overhead": 1.2771
        },
        {
          "archive": 14,
          "inputs": 198,
          "mean_vrp_ms": 0.067,
          "mean_base_ms": 0.066,
          "overhead": 1.0126
        },
        {
          "archive": 15,
          "inputs": 52,
          "mean_vrp_ms": 0.245,
          "mean_base_ms": 0.216,
          "overhead": 1.132
        },
        {
          "archive": 16,
          "inputs": 67,
          "mean_vrp_ms": 0.195,
          "mean_base_ms": 0.196,
          "overhead": 0.9911
        },
        {
          "archive": 17,
          "inputs": 90,
          "mean_vrp_ms": 0.141,
          "mean_base_ms": 0.137,
          "overhead": 1.0307
        },
        {
          "archive": 18,
          "inputs": 84,
          "mean_vrp_ms": 0.147,
          "mean_base_ms": 0.154,
          "overhead": 0.9568
        },
        {
          "archive": 19,
          "inputs": 44,
          "mean_vrp_ms": 0.278,
          "mean_base_ms": 0.259,
          "overhead": 1.0717
        },
        {
          "archive": 20,
          "inputs": 49,
          "mean_vrp_ms": 0.293,
          "mean_base_ms": 0.235,
          "overhead": 1.2448
        },
        {
          "archive": 21,
          "inputs": 41,
          "mean_vrp_ms": 0.343,
          "mean_base_ms": 0.315,
          "overhead": 1.0895
        },
        {
          "archive": 22,
          "inputs": 66,
          "mean_vrp_ms": 0.183,
          "mean_base_ms": 0.173,
          "overhead": 1.0612
        },
        {
          "archive": 23,
          "inputs": 85,
          "mean_vrp_ms": 0.139,
          "mean_base_ms": 0.136,
          "overhead": 1.0231
        },
        {
          "archive": 24,
          "inputs": 210,
          "mean_vrp_ms": 0.065,
          "mean_base_ms": 0.068,
          "overhead": 0.9572
        },
        {
          "archive": 25,
          "inputs": 268,
          "mean_vrp_ms": 0.054,
          "mean_base_ms": 0.053,
          "overhead": 1.0342
        },
        {
          "archive": 26,
          "inputs": 45,
          "mean_vrp_ms": 0.313,
          "mean_base_ms": 0.255,
          "overhead": 1.23
        },
        {
          "archive": 27,
          "inputs": 35,
          "mean_vrp_ms": 0.35,
          "mean_base_ms": 0.352,
          "overhead": 0.9937
        },
        {
          "archive": 28,
          "inputs": 77,
          "mean_vrp_ms": 0.158,
          "mean_base_ms": 0.154,
          "overhead": 1.0237
        },
        {
          "archive": 29,
          "inputs": 25,
          "mean_vrp_ms": 0.58,
          "mean_base_ms": 0.511,
          "overhead": 1.1346
        },
        {
          "archive": 30,
          "inputs": 32,
          "mean_vrp_ms": 0.371,
          "mean_base_ms": 0.343,
          "overhead": 1.0818
        },
        {
          "archive": 31,
          "inputs": 34,
          "mean_vrp_ms": 0.369,
          "mean_base_ms": 0.352,
          "overhead": 1.0496
        },
        {
          "archive": 32,
          "inputs": 52,
          "mean_vrp_ms": 0.234,
          "mean_base_ms": 0.227,
          "overhead": 1.0294
        },
        {
          "archive": 33,
          "inputs": 62,
          "mean_vrp_ms": 0.203,
          "mean_base_ms": 0.256,
          "overhead": 0.7924
        },
        {
          "archive": 34,
          "inputs": 47,
          "mean_vrp_ms": 0.253,
          "mean_base_ms": 0.252,
          "overhead": 1.0071
        },
        {
          "archive": 35,
          "inputs": 28,
          "mean_vrp_ms": 0.448,
          "mean_base_ms": 0.407,
          "overhead": 1.099
        },
        {
          "archive": 36,
          "inputs": 21,
          "mean_vrp_ms": 0.583,
          "mean_base_ms": 0.61,
          "overhead": 0.9568
        },
        {
          "archive": 37,
          "inputs": 26,
          "mean_vrp_ms": 0.451,
          "mean_base_ms": 0.45,
          "overhead": 1.0026
        },
        {
          "archive": 38,
          "inputs": 29,
          "mean_vrp_ms": 0.42,
          "mean_base_ms": 0.372,
          "overhead": 1.1292
        },
        {
          "archive": 39,
          "inputs": 15,
          "mean_vrp_ms": 0.768,
          "mean_base_ms": 0.759,
          "overhead": 1.0119
        },
        {
          "archive": 40,
          "inputs": 31,
          "mean_vrp_ms": 0.405,
          "mean_base_ms": 0.436,
          "overhead": 0.929
        },
        {
          "archive": 41,
          "inputs": 23,
          "mean_vrp_ms": 0.628,
          "mean_base_ms": 0.597,
          "overhead": 1.0518
        },
        {
          "archive": 42,
          "inputs": 26,
          "mean_vrp_ms": 0.545,
          "mean_base_ms": 0.45,
          "overhead": 1.211
        },
        {
          "archive": 43,
          "inputs": 27,
          "mean_vrp_ms": 0.463,
          "mean_base_ms": 0.408,
          "overhead": 1.1339
        },
        {
          "archive": 44,
          "inputs": 28,
          "mean_vrp_ms": 0.428,
          "mean_base_ms": 0.385,
          "overhead": 1.1095
        },
        {
          "archive": 45,
          "inputs": 17,
          "mean_vrp_ms": 0.949,
          "mean_base_ms": 0.706,
          "overhead": 1.3431
        },
        {
          "archive": 46,
          "inputs": 9,
          "mean_vrp_ms": 1.32,
          "mean_base_ms": 1.2,
          "overhead": 1.1001
        },
        {
          "archive": 47,
          "inputs": 13,
          "mean_vrp_ms": 0.945,
          "mean_base_ms": 1.045,
          "overhead": 0.9046
        },
        {
          "archive": 48,
          "inputs": 20,
          "mean_vrp_ms": 0.657,
          "mean_base_ms": 0.699,
          "overhead": 0.9402
        },
        {
          "archive": 49,
          "inputs": 26,
          "mean_vrp_ms": 0.556,
          "mean_base_ms": 0.451,
          "overhead": 1.2323
        },
        {
          "archive": 50,
          "inputs": 19,
          "mean_vrp_ms": 0.787,
          "mean_base_ms": 0.636,
          "overhead": 1.2366
        },
        {
          "archive": 51,
          "inputs": 11,
          "mean_vrp_ms": 1.071,
          "mean_base_ms": 0.989,
          "overhead": 1.0821
        },
        {
          "archive": 52,
          "inputs": 7,
          "mean_vrp_ms": 1.964,
          "mean_base_ms": 1.962,
          "overhead": 1.001
        },
        {
          "archive": 53,
          "inputs": 24,
          "mean_vrp_ms": 0.48,
          "mean_base_ms": 0.507,
          "overhead": 0.9464
        },
        {
          "archive": 54,
          "inputs": 25,
          "mean_vrp_ms": 0.608,
          "mean_base_ms": 0.488,
          "overhead": 1.2461
        },
        {
          "archive": 55,
          "inputs": 332,
          "mean_vrp_ms": 0.048,
          "mean_base_ms": 0.046,
          "overhead": 1.0463
        },
        {
          "archive": 56,
          "inputs": 68,
          "mean_vrp_ms": 0.197,
          "mean_base_ms": 0.222,
          "overhead": 0.8896
        },
        {
          "archive": 57,
          "inputs": 48,
          "mean_vrp_ms": 0.246,
          "mean_base_ms": 0.254,
          "overhead": 0.9671
        },
        {
          "archive": 58,
          "inputs": 83,
          "mean_vrp_ms": 0.161,
          "mean_base_ms": 0.254,
          "overhead": 0.6352
        },
        {
          "archive": 59,
          "inputs": 68,
          "mean_vrp_ms": 0.191,
          "mean_base_ms": 0.185,
          "overhead": 1.033
        },
        {
          "archive": 60,
          "inputs": 39,
          "mean_vrp_ms": 0.292,
          "mean_base_ms": 0.303,
          "overhead": 0.9647
        },
        {
          "archive": 61,
          "inputs": 17,
          "mean_vrp_ms": 0.716,
          "mean_base_ms": 0.716,
          "overhead": 0.9996
        },
        {
          "archive": 62,
          "inputs": 12,
          "mean_vrp_ms": 0.98,
          "mean_base_ms": 0.962,
          "overhead": 1.019
        },
        {
          "archive": 63,
          "inputs": 17,
          "mean_vrp_ms": 0.718,
          "mean_base_ms": 0.714,
          "overhead": 1.006
        },
        {
          "archive": 64,
          "inputs": 14,
          "mean_vrp_ms": 1.085,
          "mean_base_ms": 1.002,
          "overhead": 1.0828
        },
        {
          "archive": 65,
          "inputs": 11,
          "mean_vrp_ms": 1.201,
          "mean_base_ms": 1.258,
          "overhead": 0.9545
        },
        {
          "archive": 66,
          "inputs": 144,
          "mean_vrp_ms": 0.119,
          "mean_base_ms": 0.098,
          "overhead": 1.2074
        },
        {
          "archive": 67,
          "inputs": 29,
          "mean_vrp_ms": 0.424,
          "mean_base_ms": 0.418,
          "overhead": 1.0136
        },
        {
          "archive": 68,
          "inputs": 17,
          "mean_vrp_ms": 0.706,
          "mean_base_ms": 0.691,
          "overhead": 1.0216
        },
        {
          "archive": 69,
          "inputs": 30,
          "mean_vrp_ms": 0.402,
          "mean_base_ms": 0.437,
          "overhead": 0.9205
        },
        {
          "archive": 70,
          "inputs": 15,
          "mean_vrp_ms": 0.99,
          "mean_base_ms": 0.796,
          "overhead": 1.2435
        },
        {
          "archive": 71,
          "inputs": 32,
          "mean_vrp_ms": 0.408,
          "mean_base_ms": 0.434,
          "overhead": 0.9397
        },
        {
          "archive": 72,
          "inputs": 19,
          "mean_vrp_ms": 0.645,
          "mean_base_ms": 0.649,
          "overhead": 0.9931
        },
        {
          "archive": 73,
          "inputs": 18,
          "mean_vrp_ms": 0.916,
          "mean_base_ms": 0.676,
          "overhead": 1.3545
        },
        {
          "archive": 74,
          "inputs": 14,
          "mean_vrp_ms": 1.129,
          "mean_base_ms": 0.96,
          "overhead": 1.1763
        },
        {
          "archive": 75,
          "inputs": 21,
          "mean_vrp_ms": 0.704,
          "mean_base_ms": 0.58,
          "overhead": 1.2151
        },
        {
          "archive": 76,
          "inputs": 12,
          "mean_vrp_ms": 1.057,
          "mean_base_ms": 1.001,
          "overhead": 1.056
        },
        {
          "archive": 77,
          "inputs": 9,
          "mean_vrp_ms": 1.31,
          "mean_base_ms": 1.286,
          "overhead": 1.0185
        },
        {
          "archive": 78,
          "inputs": 46,
          "mean_vrp_ms": 0.317,
          "mean_base_ms": 0.281,
          "overhead": 1.1289
        },
        {
          "archive": 79,
          "inputs": 4,
          "mean_vrp_ms": 3.337,
          "mean_base_ms": 3.065,
          "overhead": 1.0887
        },
        {
          "archive": 80,
          "inputs": 18,
          "mean_vrp_ms": 0.709,
          "mean_base_ms": 0.643,
          "overhead": 1.1039
        },
        {
          "archive": 81,
          "inputs": 10,
          "mean_vrp_ms": 1.171,
          "mean_base_ms": 1.373,
          "overhead": 0.8531
        },
        {
          "archive": 82,
          "inputs": 7,
          "mean_vrp_ms": 1.813,
          "mean_base_ms": 1.906,
          "overhead": 0.9515
        },
        {
          "archive": 83,
          "inputs": 21,
          "mean_vrp_ms": 0.672,
          "mean_base_ms": 0.616,
          "overhead": 1.0912
        },
        {
          "archive": 84,
          "inputs": 17,
          "mean_vrp_ms": 0.722,
          "mean_base_ms": 0.759,
          "overhead": 0.9521
        },
        {
          "archive": 85,
          "inputs": 29,
          "mean_vrp_ms": 0.456,
          "mean_base_ms": 0.424,
          "overhead": 1.0748
        },
        {
          "archive": 86,
          "inputs": 60,
          "mean_vrp_ms": 0.252,
          "mean_base_ms": 0.203,
          "overhead": 1.2425
        },
        {
          "archive": 87,
          "inputs": 23,
          "mean_vrp_ms": 0.535,
          "mean_base_ms": 0.546,
          "overhead": 0.9805
        },
        {
          "archive": 88,
          "inputs": 9,
          "mean_vrp_ms": 1.501,
          "mean_base_ms": 1.27,
          "overhead": 1.182
        },
        {
          "archive": 89,
          "inputs": 24,
          "mean_vrp_ms": 0.523,
          "mean_base_ms": 0.53,
          "overhead": 0.9874
        },
        {
          "archive": 90,
          "inputs": 19,
          "mean_vrp_ms": 0.686,
          "mean_base_ms": 0.659,
          "overhead": 1.0401
        },
        {
          "archive": 91,
          "inputs": 9,
          "mean_vrp_ms": 1.371,
          "mean_base_ms": 1.148,
          "overhead": 1.1937
        },
        {
          "archive": 92,
          "inputs": 8,
          "mean_vrp_ms": 1.732,
          "mean_base_ms": 1.386,
          "overhead": 1.25
        },
        {
          "archive": 93,
          "inputs": 3,
          "mean_vrp_ms": 4.764,
          "mean_base_ms": 4.212,
          "overhead": 1.131
        },
        {
          "archive": 94,
          "inputs": 13,
          "mean_vrp_ms": 0.94,
          "mean_base_ms": 0.854,
          "overhead": 1.1005
        },
        {
          "archive": 95,
          "inputs": 11,
          "mean_vrp_ms": 1.276,
          "mean_base_ms": 1.188,
          "overhead": 1.0746
        },
        {
          "archive": 96,
          "inputs": 0,
          "mean_vrp_ms": 0.0,
          "mean_base_ms": 0.0,
          "overhead": 0.0
        }
      ],
      "summary": {
        "total_inputs": 18764,
        "vrp_mean_ms": 0.083,
        "vrp_median_ms": 0.021,
        "vrp_p95_ms": 0.402,
        "vrp_p99_ms": 0.949,
        "base_mean_ms": 0.08,
        "base_median_ms": 0.021,
        "base_p95_ms": 0.372,
        "base_p99_ms": 0.854,
        "mean_overhead": 1.0347
      }
    }
  }
}