{
  "experiment": "vrp-unfold-eval-big04",
  "benchmark": "freetype2_ftfuzzer",
  "fuzzer": "aflplusplus_unfold_all",
  "instance": "43620",
  "archives_processed": 97,
  "total_inputs": 16937,
  "elapsed_seconds": 16.3,
  "analyzer_results": {
    "vrp_hit_entanglement": {
      "per_archive": [
        {
          "archive": 0,
          "new_inputs": 2,
          "cumulative_inputs": 2,
          "new_vrp_edges": 0,
          "new_base_edges": 0,
          "cumulative_vrp_edges": 0,
          "cumulative_base_edges": 0,
          "classifications": {
            "vrp_only": 0,
            "both": 0,
            "base_only": 0,
            "neither": 2
          }
        },
        {
          "archive": 1,
          "new_inputs": 6424,
          "cumulative_inputs": 6426,
          "new_vrp_edges": 0,
          "new_base_edges": 0,
          "cumulative_vrp_edges": 0,
          "cumulative_base_edges": 0,
          "classifications": {
            "vrp_only": 0,
            "both": 0,
            "base_only": 0,
            "neither": 6424
          }
        },
        {
          "archive": 2,
          "new_inputs": 1931,
          "cumulative_inputs": 8357,
          "new_vrp_edges": 0,
          "new_base_edges": 0,
          "cumulative_vrp_edges": 0,
          "cumulative_base_edges": 0,
          "classifications": {
            "vrp_only": 0,
            "both": 0,
            "base_only": 0,
            "neither": 1931
          }
        },
        {
          "archive": 3,
          "new_inputs": 1457,
          "cumulative_inputs": 9814,
          "new_vrp_edges": 0,
          "new_base_edges": 0,
          "cumulative_vrp_edges": 0,
          "cumulative_base_edges": 0,
          "classifications": {
            "vrp_only": 0,
            "both": 0,
            "base_only": 0,
            "neither": 1457
          }
        },
        {
          "archive": 4,
          "new_inputs": 889,
          "cumulative_inputs": 10703,
          "new_vrp_edges": 0,
          "new_base_edges": 0,
          "cumulative_vrp_edges": 0,
          "cumulative_base_edges": 0,
          "classifications": {
            "vrp_only": 0,
            "both": 0,
            "base_only": 0,
            "neither": 889
          }
        },
        {
          "archive": 5,
          "new_inputs": 905,
          "cumulative_inputs": 11608,
          "new_vrp_edges": 0,
          "new_base_edges": 0,
          "cumulative_vrp_edges": 0,
          "cumulative_base_edges": 0,
          "classifications": {
            "vrp_only": 0,
            "both": 0,
            "base_only": 0,
            "neither": 905
          }
        },
        {
          "archive": 6,
          "new_inputs": 481,
          "cumulative_inputs": 12089,
          "new_vrp_edges": 0,
          "new_base_edges": 0,
          "cumulative_vrp_edges": 0,
          "cumulative_base_edges": 0,
          "classifications": {
            "vrp_only": 0,
            "both": 0,
            "base_only": 0,
            "neither": 481
          }
        },
        {
          "archive": 7,
          "new_inputs": 266,
          "cumulative_inputs": 12355,
          "new_vrp_edges": 0,
          "new_base_edges": 0,
          "cumulative_vrp_edges": 0,
          "cumulative_base_edges": 0,
          "classifications": {
            "vrp_only": 0,
            "both": 0,
            "base_only": 0,
            "neither": 266
          }
        },
        {
          "archive": 8,
          "new_inputs": 216,
          "cumulative_inputs": 12571,
          "new_vrp_edges": 0,
          "new_base_edges": 0,
          "cumulative_vrp_edges": 0,
          "cumulative_base_edges": 0,
          "classifications": {
            "vrp_only": 0,
            "both": 0,
            "base_only": 0,
            "neither": 216
          }
        },
        {
          "archive": 9,
          "new_inputs": 433,
          "cumulative_inputs": 13004,
          "new_vrp_edges": 0,
          "new_base_edges": 0,
          "cumulative_vrp_edges": 0,
          "cumulative_base_edges": 0,
          "classifications": {
            "vrp_only": 0,
            "both": 0,
            "base_only": 0,
            "neither": 433
          }
        },
        {
          "archive": 10,
          "new_inputs": 91,
          "cumulative_inputs": 13095,
          "new_vrp_edges": 0,
          "new_base_edges": 0,
          "cumulative_vrp_edges": 0,
          "cumulative_base_edges": 0,
          "classifications": {
            "vrp_only": 0,
            "both": 0,
            "base_only": 0,
            "neither": 91
          }
        },
        {
          "archive": 11,
          "new_inputs": 77,
          "cumulative_inputs": 13172,
          "new_vrp_edges": 0,
          "new_base_edges": 0,
          "cumulative_vrp_edges": 0,
          "cumulative_base_edges": 0,
          "classifications": {
            "vrp_only": 0,
            "both": 0,
            "base_only": 0,
            "neither": 77
          }
        },
        {
          "archive": 12,
          "new_inputs": 88,
          "cumulative_inputs": 13260,
          "new_vrp_edges": 0,
          "new_base_edges": 0,
          "cumulative_vrp_edges": 0,
          "cumulative_base_edges": 0,
          "classifications": {
            "vrp_only": 0,
            "both": 0,
            "base_only": 0,
            "neither": 88
          }
        },
        {
          "archive": 13,
          "new_inputs": 53,
          "cumulative_inputs": 13313,
          "new_vrp_edges": 0,
          "new_base_edges": 0,
          "cumulative_vrp_edges": 0,
          "cumulative_base_edges": 0,
          "classifications": {
            "vrp_only": 0,
            "both": 0,
            "base_only": 0,
            "neither": 53
          }
        },
        {
          "archive": 14,
          "new_inputs": 63,
          "cumulative_inputs": 13376,
          "new_vrp_edges": 0,
          "new_base_edges": 0,
          "cumulative_vrp_edges": 0,
          "cumulative_base_edges": 0,
          "classifications": {
            "vrp_only": 0,
            "both": 0,
            "base_only": 0,
            "neither": 63
          }
        },
        {
          "archive": 15,
          "new_inputs": 255,
          "cumulative_inputs": 13631,
          "new_vrp_edges": 0,
          "new_base_edges": 0,
          "cumulative_vrp_edges": 0,
          "cumulative_base_edges": 0,
          "classifications": {
            "vrp_only": 0,
            "both": 0,
            "base_only": 0,
            "neither": 255
          }
        },
        {
          "archive": 16,
          "new_inputs": 275,
          "cumulative_inputs": 13906,
          "new_vrp_edges": 0,
          "new_base_edges": 0,
          "cumulative_vrp_edges": 0,
          "cumulative_base_edges": 0,
          "classifications": {
            "vrp_only": 0,
            "both": 0,
            "base_only": 0,
            "neither": 275
          }
        },
        {
          "archive": 17,
          "new_inputs": 91,
          "cumulative_inputs": 13997,
          "new_vrp_edges": 0,
          "new_base_edges": 0,
          "cumulative_vrp_edges": 0,
          "cumulative_base_edges": 0,
          "classifications": {
            "vrp_only": 0,
            "both": 0,
            "base_only": 0,
            "neither": 91
          }
        },
        {
          "archive": 18,
          "new_inputs": 141,
          "cumulative_inputs": 14138,
          "new_vrp_edges": 0,
          "new_base_edges": 0,
          "cumulative_vrp_edges": 0,
          "cumulative_base_edges": 0,
          "classifications": {
            "vrp_only": 0,
            "both": 0,
            "base_only": 0,
            "neither": 141
          }
        },
        {
          "archive": 19,
          "new_inputs": 147,
          "cumulative_inputs": 14285,
          "new_vrp_edges": 0,
          "new_base_edges": 0,
          "cumulative_vrp_edges": 0,
          "cumulative_base_edges": 0,
          "classifications": {
            "vrp_only": 0,
            "both": 0,
            "base_only": 0,
            "neither": 147
          }
        },
        {
          "archive": 20,
          "new_inputs": 174,
          "cumulative_inputs": 14459,
          "new_vrp_edges": 0,
          "new_base_edges": 0,
          "cumulative_vrp_edges": 0,
          "cumulative_base_edges": 0,
          "classifications": {
            "vrp_only": 0,
            "both": 0,
            "base_only": 0,
            "neither": 174
          }
        },
        {
          "archive": 21,
          "new_inputs": 213,
          "cumulative_inputs": 14672,
          "new_vrp_edges": 0,
          "new_base_edges": 0,
          "cumulative_vrp_edges": 0,
          "cumulative_base_edges": 0,
          "classifications": {
            "vrp_only": 0,
            "both": 0,
            "base_only": 0,
            "neither": 213
          }
        },
        {
          "archive": 22,
          "new_inputs": 133,
          "cumulative_inputs": 14805,
          "new_vrp_edges": 0,
          "new_base_edges": 0,
          "cumulative_vrp_edges": 0,
          "cumulative_base_edges": 0,
          "classifications": {
            "vrp_only": 0,
            "both": 0,
            "base_only": 0,
            "neither": 133
          }
        },
        {
          "archive": 23,
          "new_inputs": 102,
          "cumulative_inputs": 14907,
          "new_vrp_edges": 0,
          "new_base_edges": 0,
          "cumulative_vrp_edges": 0,
          "cumulative_base_edges": 0,
          "classifications": {
            "vrp_only": 0,
            "both": 0,
            "base_only": 0,
            "neither": 102
          }
        },
        {
          "archive": 24,
          "new_inputs": 72,
          "cumulative_inputs": 14979,
          "new_vrp_edges": 0,
          "new_base_edges": 0,
          "cumulative_vrp_edges": 0,
          "cumulative_base_edges": 0,
          "classifications": {
            "vrp_only": 0,
            "both": 0,
            "base_only": 0,
            "neither": 72
          }
        },
        {
          "archive": 25,
          "new_inputs": 66,
          "cumulative_inputs": 15045,
          "new_vrp_edges": 0,
          "new_base_edges": 0,
          "cumulative_vrp_edges": 0,
          "cumulative_base_edges": 0,
          "classifications": {
            "vrp_only": 0,
            "both": 0,
            "base_only": 0,
            "neither": 66
          }
        },
        {
          "archive": 26,
          "new_inputs": 58,
          "cumulative_inputs": 15103,
          "new_vrp_edges": 0,
          "new_base_edges": 0,
          "cumulative_vrp_edges": 0,
          "cumulative_base_edges": 0,
          "classifications": {
            "vrp_only": 0,
            "both": 0,
            "base_only": 0,
            "neither": 58
          }
        },
        {
          "archive": 27,
          "new_inputs": 54,
          "cumulative_inputs": 15157,
          "new_vrp_edges": 0,
          "new_base_edges": 0,
          "cumulative_vrp_edges": 0,
          "cumulative_base_edges": 0,
          "classifications": {
            "vrp_only": 0,
            "both": 0,
            "base_only": 0,
            "neither": 54
          }
        },
        {
          "archive": 28,
          "new_inputs": 41,
          "cumulative_inputs": 15198,
          "new_vrp_edges": 0,
          "new_base_edges": 0,
          "cumulative_vrp_edges": 0,
          "cumulative_base_edges": 0,
          "classifications": {
            "vrp_only": 0,
            "both": 0,
            "base_only": 0,
            "neither": 41
          }
        },
        {
          "archive": 29,
          "new_inputs": 70,
          "cumulative_inputs": 15268,
          "new_vrp_edges": 0,
          "new_base_edges": 0,
          "cumulative_vrp_edges": 0,
          "cumulative_base_edges": 0,
          "classifications": {
            "vrp_only": 0,
            "both": 0,
            "base_only": 0,
            "neither": 70
          }
        },
        {
          "archive": 30,
          "new_inputs": 42,
          "cumulative_inputs": 15310,
          "new_vrp_edges": 0,
          "new_base_edges": 0,
          "cumulative_vrp_edges": 0,
          "cumulative_base_edges": 0,
          "classifications": {
            "vrp_only": 0,
            "both": 0,
            "base_only": 0,
            "neither": 42
          }
        },
        {
          "archive": 31,
          "new_inputs": 49,
          "cumulative_inputs": 15359,
          "new_vrp_edges": 0,
          "new_base_edges": 0,
          "cumulative_vrp_edges": 0,
          "cumulative_base_edges": 0,
          "classifications": {
            "vrp_only": 0,
            "both": 0,
            "base_only": 0,
            "neither": 49
          }
        },
        {
          "archive": 32,
          "new_inputs": 96,
          "cumulative_inputs": 15455,
          "new_vrp_edges": 0,
          "new_base_edges": 0,
          "cumulative_vrp_edges": 0,
          "cumulative_base_edges": 0,
          "classifications": {
            "vrp_only": 0,
            "both": 0,
            "base_only": 0,
            "neither": 96
          }
        },
        {
          "archive": 33,
          "new_inputs": 76,
          "cumulative_inputs": 15531,
          "new_vrp_edges": 0,
          "new_base_edges": 0,
          "cumulative_vrp_edges": 0,
          "cumulative_base_edges": 0,
          "classifications": {
            "vrp_only": 0,
            "both": 0,
            "base_only": 0,
            "neither": 76
          }
        },
        {
          "archive": 34,
          "new_inputs": 121,
          "cumulative_inputs": 15652,
          "new_vrp_edges": 0,
          "new_base_edges": 0,
          "cumulative_vrp_edges": 0,
          "cumulative_base_edges": 0,
          "classifications": {
            "vrp_only": 0,
            "both": 0,
            "base_only": 0,
            "neither": 121
          }
        },
        {
          "archive": 35,
          "new_inputs": 44,
          "cumulative_inputs": 15696,
          "new_vrp_edges": 0,
          "new_base_edges": 0,
          "cumulative_vrp_edges": 0,
          "cumulative_base_edges": 0,
          "classifications": {
            "vrp_only": 0,
            "both": 0,
            "base_only": 0,
            "neither": 44
          }
        },
        {
          "archive": 36,
          "new_inputs": 36,
          "cumulative_inputs": 15732,
          "new_vrp_edges": 0,
          "new_base_edges": 0,
          "cumulative_vrp_edges": 0,
          "cumulative_base_edges": 0,
          "classifications": {
            "vrp_only": 0,
            "both": 0,
            "base_only": 0,
            "neither": 36
          }
        },
        {
          "archive": 37,
          "new_inputs": 31,
          "cumulative_inputs": 15763,
          "new_vrp_edges": 0,
          "new_base_edges": 0,
          "cumulative_vrp_edges": 0,
          "cumulative_base_edges": 0,
          "classifications": {
            "vrp_only": 0,
            "both": 0,
            "base_only": 0,
            "neither": 31
          }
        },
        {
          "archive": 38,
          "new_inputs": 42,
          "cumulative_inputs": 15805,
          "new_vrp_edges": 0,
          "new_base_edges": 0,
          "cumulative_vrp_edges": 0,
          "cumulative_base_edges": 0,
          "classifications": {
            "vrp_only": 0,
            "both": 0,
            "base_only": 0,
            "neither": 42
          }
        },
        {
          "archive": 39,
          "new_inputs": 24,
          "cumulative_inputs": 15829,
          "new_vrp_edges": 0,
          "new_base_edges": 0,
          "cumulative_vrp_edges": 0,
          "cumulative_base_edges": 0,
          "classifications": {
            "vrp_only": 0,
            "both": 0,
            "base_only": 0,
            "neither": 24
          }
        },
        {
          "archive": 40,
          "new_inputs": 28,
          "cumulative_inputs": 15857,
          "new_vrp_edges": 0,
          "new_base_edges": 0,
          "cumulative_vrp_edges": 0,
          "cumulative_base_edges": 0,
          "classifications": {
            "vrp_only": 0,
            "both": 0,
            "base_only": 0,
            "neither": 28
          }
        },
        {
          "archive": 41,
          "new_inputs": 60,
          "cumulative_inputs": 15917,
          "new_vrp_edges": 0,
          "new_base_edges": 0,
          "cumulative_vrp_edges": 0,
          "cumulative_base_edges": 0,
          "classifications": {
            "vrp_only": 0,
            "both": 0,
            "base_only": 0,
            "neither": 60
          }
        },
        {
          "archive": 42,
          "new_inputs": 49,
          "cumulative_inputs": 15966,
          "new_vrp_edges": 0,
          "new_base_edges": 0,
          "cumulative_vrp_edges": 0,
          "cumulative_base_edges": 0,
          "classifications": {
            "vrp_only": 0,
            "both": 0,
            "base_only": 0,
            "neither": 49
          }
        },
        {
          "archive": 43,
          "new_inputs": 28,
          "cumulative_inputs": 15994,
          "new_vrp_edges": 0,
          "new_base_edges": 0,
          "cumulative_vrp_edges": 0,
          "cumulative_base_edges": 0,
          "classifications": {
            "vrp_only": 0,
            "both": 0,
            "base_only": 0,
            "neither": 28
          }
        },
        {
          "archive": 44,
          "new_inputs": 21,
          "cumulative_inputs": 16015,
          "new_vrp_edges": 0,
          "new_base_edges": 0,
          "cumulative_vrp_edges": 0,
          "cumulative_base_edges": 0,
          "classifications": {
            "vrp_only": 0,
            "both": 0,
            "base_only": 0,
            "neither": 21
          }
        },
        {
          "archive": 45,
          "new_inputs": 22,
          "cumulative_inputs": 16037,
          "new_vrp_edges": 0,
          "new_base_edges": 0,
          "cumulative_vrp_edges": 0,
          "cumulative_base_edges": 0,
          "classifications": {
            "vrp_only": 0,
            "both": 0,
            "base_only": 0,
            "neither": 22
          }
        },
        {
          "archive": 46,
          "new_inputs": 69,
          "cumulative_inputs": 16106,
          "new_vrp_edges": 0,
          "new_base_edges": 0,
          "cumulative_vrp_edges": 0,
          "cumulative_base_edges": 0,
          "classifications": {
            "vrp_only": 0,
            "both": 0,
            "base_only": 0,
            "neither": 69
          }
        },
        {
          "archive": 47,
          "new_inputs": 63,
          "cumulative_inputs": 16169,
          "new_vrp_edges": 0,
          "new_base_edges": 0,
          "cumulative_vrp_edges": 0,
          "cumulative_base_edges": 0,
          "classifications": {
            "vrp_only": 0,
            "both": 0,
            "base_only": 0,
            "neither": 63
          }
        },
        {
          "archive": 48,
          "new_inputs": 30,
          "cumulative_inputs": 16199,
          "new_vrp_edges": 0,
          "new_base_edges": 0,
          "cumulative_vrp_edges": 0,
          "cumulative_base_edges": 0,
          "classifications": {
            "vrp_only": 0,
            "both": 0,
            "base_only": 0,
            "neither": 30
          }
        },
        {
          "archive": 49,
          "new_inputs": 16,
          "cumulative_inputs": 16215,
          "new_vrp_edges": 0,
          "new_base_edges": 0,
          "cumulative_vrp_edges": 0,
          "cumulative_base_edges": 0,
          "classifications": {
            "vrp_only": 0,
            "both": 0,
            "base_only": 0,
            "neither": 16
          }
        },
        {
          "archive": 50,
          "new_inputs": 28,
          "cumulative_inputs": 16243,
          "new_vrp_edges": 0,
          "new_base_edges": 0,
          "cumulative_vrp_edges": 0,
          "cumulative_base_edges": 0,
          "classifications": {
            "vrp_only": 0,
            "both": 0,
            "base_only": 0,
            "neither": 28
          }
        },
        {
          "archive": 51,
          "new_inputs": 21,
          "cumulative_inputs": 16264,
          "new_vrp_edges": 0,
          "new_base_edges": 0,
          "cumulative_vrp_edges": 0,
          "cumulative_base_edges": 0,
          "classifications": {
            "vrp_only": 0,
            "both": 0,
            "base_only": 0,
            "neither": 21
          }
        },
        {
          "archive": 52,
          "new_inputs": 17,
          "cumulative_inputs": 16281,
          "new_vrp_edges": 0,
          "new_base_edges": 0,
          "cumulative_vrp_edges": 0,
          "cumulative_base_edges": 0,
          "classifications": {
            "vrp_only": 0,
            "both": 0,
            "base_only": 0,
            "neither": 17
          }
        },
        {
          "archive": 53,
          "new_inputs": 19,
          "cumulative_inputs": 16300,
          "new_vrp_edges": 0,
          "new_base_edges": 0,
          "cumulative_vrp_edges": 0,
          "cumulative_base_edges": 0,
          "classifications": {
            "vrp_only": 0,
            "both": 0,
            "base_only": 0,
            "neither": 19
          }
        },
        {
          "archive": 54,
          "new_inputs": 40,
          "cumulative_inputs": 16340,
          "new_vrp_edges": 0,
          "new_base_edges": 0,
          "cumulative_vrp_edges": 0,
          "cumulative_base_edges": 0,
          "classifications": {
            "vrp_only": 0,
            "both": 0,
            "base_only": 0,
            "neither": 40
          }
        },
        {
          "archive": 55,
          "new_inputs": 23,
          "cumulative_inputs": 16363,
          "new_vrp_edges": 0,
          "new_base_edges": 0,
          "cumulative_vrp_edges": 0,
          "cumulative_base_edges": 0,
          "classifications": {
            "vrp_only": 0,
            "both": 0,
            "base_only": 0,
            "neither": 23
          }
        },
        {
          "archive": 56,
          "new_inputs": 9,
          "cumulative_inputs": 16372,
          "new_vrp_edges": 0,
          "new_base_edges": 0,
          "cumulative_vrp_edges": 0,
          "cumulative_base_edges": 0,
          "classifications": {
            "vrp_only": 0,
            "both": 0,
            "base_only": 0,
            "neither": 9
          }
        },
        {
          "archive": 57,
          "new_inputs": 28,
          "cumulative_inputs": 16400,
          "new_vrp_edges": 0,
          "new_base_edges": 0,
          "cumulative_vrp_edges": 0,
          "cumulative_base_edges": 0,
          "classifications": {
            "vrp_only": 0,
            "both": 0,
            "base_only": 0,
            "neither": 28
          }
        },
        {
          "archive": 58,
          "new_inputs": 16,
          "cumulative_inputs": 16416,
          "new_vrp_edges": 0,
          "new_base_edges": 0,
          "cumulative_vrp_edges": 0,
          "cumulative_base_edges": 0,
          "classifications": {
            "vrp_only": 0,
            "both": 0,
            "base_only": 0,
            "neither": 16
          }
        },
        {
          "archive": 59,
          "new_inputs": 9,
          "cumulative_inputs": 16425,
          "new_vrp_edges": 0,
          "new_base_edges": 0,
          "cumulative_vrp_edges": 0,
          "cumulative_base_edges": 0,
          "classifications": {
            "vrp_only": 0,
            "both": 0,
            "base_only": 0,
            "neither": 9
          }
        },
        {
          "archive": 60,
          "new_inputs": 12,
          "cumulative_inputs": 16437,
          "new_vrp_edges": 0,
          "new_base_edges": 0,
          "cumulative_vrp_edges": 0,
          "cumulative_base_edges": 0,
          "classifications": {
            "vrp_only": 0,
            "both": 0,
            "base_only": 0,
            "neither": 12
          }
        },
        {
          "archive": 61,
          "new_inputs": 9,
          "cumulative_inputs": 16446,
          "new_vrp_edges": 0,
          "new_base_edges": 0,
          "cumulative_vrp_edges": 0,
          "cumulative_base_edges": 0,
          "classifications": {
            "vrp_only": 0,
            "both": 0,
            "base_only": 0,
            "neither": 9
          }
        },
        {
          "archive": 62,
          "new_inputs": 5,
          "cumulative_inputs": 16451,
          "new_vrp_edges": 0,
          "new_base_edges": 0,
          "cumulative_vrp_edges": 0,
          "cumulative_base_edges": 0,
          "classifications": {
            "vrp_only": 0,
            "both": 0,
            "base_only": 0,
            "neither": 5
          }
        },
        {
          "archive": 63,
          "new_inputs": 7,
          "cumulative_inputs": 16458,
          "new_vrp_edges": 0,
          "new_base_edges": 0,
          "cumulative_vrp_edges": 0,
          "cumulative_base_edges": 0,
          "classifications": {
            "vrp_only": 0,
            "both": 0,
            "base_only": 0,
            "neither": 7
          }
        },
        {
          "archive": 64,
          "new_inputs": 9,
          "cumulative_inputs": 16467,
          "new_vrp_edges": 0,
          "new_base_edges": 0,
          "cumulative_vrp_edges": 0,
          "cumulative_base_edges": 0,
          "classifications": {
            "vrp_only": 0,
            "both": 0,
            "base_only": 0,
            "neither": 9
          }
        },
        {
          "archive": 65,
          "new_inputs": 12,
          "cumulative_inputs": 16479,
          "new_vrp_edges": 0,
          "new_base_edges": 0,
          "cumulative_vrp_edges": 0,
          "cumulative_base_edges": 0,
          "classifications": {
            "vrp_only": 0,
            "both": 0,
            "base_only": 0,
            "neither": 12
          }
        },
        {
          "archive": 66,
          "new_inputs": 8,
          "cumulative_inputs": 16487,
          "new_vrp_edges": 0,
          "new_base_edges": 0,
          "cumulative_vrp_edges": 0,
          "cumulative_base_edges": 0,
          "classifications": {
            "vrp_only": 0,
            "both": 0,
            "base_only": 0,
            "neither": 8
          }
        },
        {
          "archive": 67,
          "new_inputs": 20,
          "cumulative_inputs": 16507,
          "new_vrp_edges": 0,
          "new_base_edges": 0,
          "cumulative_vrp_edges": 0,
          "cumulative_base_edges": 0,
          "classifications": {
            "vrp_only": 0,
            "both": 0,
            "base_only": 0,
            "neither": 20
          }
        },
        {
          "archive": 68,
          "new_inputs": 12,
          "cumulative_inputs": 16519,
          "new_vrp_edges": 0,
          "new_base_edges": 0,
          "cumulative_vrp_edges": 0,
          "cumulative_base_edges": 0,
          "classifications": {
            "vrp_only": 0,
            "both": 0,
            "base_only": 0,
            "neither": 12
          }
        },
        {
          "archive": 69,
          "new_inputs": 21,
          "cumulative_inputs": 16540,
          "new_vrp_edges": 0,
          "new_base_edges": 0,
          "cumulative_vrp_edges": 0,
          "cumulative_base_edges": 0,
          "classifications": {
            "vrp_only": 0,
            "both": 0,
            "base_only": 0,
            "neither": 21
          }
        },
        {
          "archive": 70,
          "new_inputs": 22,
          "cumulative_inputs": 16562,
          "new_vrp_edges": 0,
          "new_base_edges": 0,
          "cumulative_vrp_edges": 0,
          "cumulative_base_edges": 0,
          "classifications": {
            "vrp_only": 0,
            "both": 0,
            "base_only": 0,
            "neither": 22
          }
        },
        {
          "archive": 71,
          "new_inputs": 14,
          "cumulative_inputs": 16576,
          "new_vrp_edges": 0,
          "new_base_edges": 0,
          "cumulative_vrp_edges": 0,
          "cumulative_base_edges": 0,
          "classifications": {
            "vrp_only": 0,
            "both": 0,
            "base_only": 0,
            "neither": 14
          }
        },
        {
          "archive": 72,
          "new_inputs": 30,
          "cumulative_inputs": 16606,
          "new_vrp_edges": 0,
          "new_base_edges": 0,
          "cumulative_vrp_edges": 0,
          "cumulative_base_edges": 0,
          "classifications": {
            "vrp_only": 0,
            "both": 0,
            "base_only": 0,
            "neither": 30
          }
        },
        {
          "archive": 73,
          "new_inputs": 21,
          "cumulative_inputs": 16627,
          "new_vrp_edges": 0,
          "new_base_edges": 0,
          "cumulative_vrp_edges": 0,
          "cumulative_base_edges": 0,
          "classifications": {
            "vrp_only": 0,
            "both": 0,
            "base_only": 0,
            "neither": 21
          }
        },
        {
          "archive": 74,
          "new_inputs": 16,
          "cumulative_inputs": 16643,
          "new_vrp_edges": 0,
          "new_base_edges": 0,
          "cumulative_vrp_edges": 0,
          "cumulative_base_edges": 0,
          "classifications": {
            "vrp_only": 0,
            "both": 0,
            "base_only": 0,
            "neither": 16
          }
        },
        {
          "archive": 75,
          "new_inputs": 25,
          "cumulative_inputs": 16668,
          "new_vrp_edges": 0,
          "new_base_edges": 0,
          "cumulative_vrp_edges": 0,
          "cumulative_base_edges": 0,
          "classifications": {
            "vrp_only": 0,
            "both": 0,
            "base_only": 0,
            "neither": 25
          }
        },
        {
          "archive": 76,
          "new_inputs": 14,
          "cumulative_inputs": 16682,
          "new_vrp_edges": 0,
          "new_base_edges": 0,
          "cumulative_vrp_edges": 0,
          "cumulative_base_edges": 0,
          "classifications": {
            "vrp_only": 0,
            "both": 0,
            "base_only": 0,
            "neither": 14
          }
        },
        {
          "archive": 77,
          "new_inputs": 10,
          "cumulative_inputs": 16692,
          "new_vrp_edges": 0,
          "new_base_edges": 0,
          "cumulative_vrp_edges": 0,
          "cumulative_base_edges": 0,
          "classifications": {
            "vrp_only": 0,
            "both": 0,
            "base_only": 0,
            "neither": 10
          }
        },
        {
          "archive": 78,
          "new_inputs": 15,
          "cumulative_inputs": 16707,
          "new_vrp_edges": 0,
          "new_base_edges": 0,
          "cumulative_vrp_edges": 0,
          "cumulative_base_edges": 0,
          "classifications": {
            "vrp_only": 0,
            "both": 0,
            "base_only": 0,
            "neither": 15
          }
        },
        {
          "archive": 79,
          "new_inputs": 15,
          "cumulative_inputs": 16722,
          "new_vrp_edges": 0,
          "new_base_edges": 0,
          "cumulative_vrp_edges": 0,
          "cumulative_base_edges": 0,
          "classifications": {
            "vrp_only": 0,
            "both": 0,
            "base_only": 0,
            "neither": 15
          }
        },
        {
          "archive": 80,
          "new_inputs": 3,
          "cumulative_inputs": 16725,
          "new_vrp_edges": 0,
          "new_base_edges": 0,
          "cumulative_vrp_edges": 0,
          "cumulative_base_edges": 0,
          "classifications": {
            "vrp_only": 0,
            "both": 0,
            "base_only": 0,
            "neither": 3
          }
        },
        {
          "archive": 81,
          "new_inputs": 5,
          "cumulative_inputs": 16730,
          "new_vrp_edges": 0,
          "new_base_edges": 0,
          "cumulative_vrp_edges": 0,
          "cumulative_base_edges": 0,
          "classifications": {
            "vrp_only": 0,
            "both": 0,
            "base_only": 0,
            "neither": 5
          }
        },
        {
          "archive": 82,
          "new_inputs": 18,
          "cumulative_inputs": 16748,
          "new_vrp_edges": 0,
          "new_base_edges": 0,
          "cumulative_vrp_edges": 0,
          "cumulative_base_edges": 0,
          "classifications": {
            "vrp_only": 0,
            "both": 0,
            "base_only": 0,
            "neither": 18
          }
        },
        {
          "archive": 83,
          "new_inputs": 19,
          "cumulative_inputs": 16767,
          "new_vrp_edges": 0,
          "new_base_edges": 0,
          "cumulative_vrp_edges": 0,
          "cumulative_base_edges": 0,
          "classifications": {
            "vrp_only": 0,
            "both": 0,
            "base_only": 0,
            "neither": 19
          }
        },
        {
          "archive": 84,
          "new_inputs": 21,
          "cumulative_inputs": 16788,
          "new_vrp_edges": 0,
          "new_base_edges": 0,
          "cumulative_vrp_edges": 0,
          "cumulative_base_edges": 0,
          "classifications": {
            "vrp_only": 0,
            "both": 0,
            "base_only": 0,
            "neither": 21
          }
        },
        {
          "archive": 85,
          "new_inputs": 9,
          "cumulative_inputs": 16797,
          "new_vrp_edges": 0,
          "new_base_edges": 0,
          "cumulative_vrp_edges": 0,
          "cumulative_base_edges": 0,
          "classifications": {
            "vrp_only": 0,
            "both": 0,
            "base_only": 0,
            "neither": 9
          }
        },
        {
          "archive": 86,
          "new_inputs": 9,
          "cumulative_inputs": 16806,
          "new_vrp_edges": 0,
          "new_base_edges": 0,
          "cumulative_vrp_edges": 0,
          "cumulative_base_edges": 0,
          "classifications": {
            "vrp_only": 0,
            "both": 0,
            "base_only": 0,
            "neither": 9
          }
        },
        {
          "archive": 87,
          "new_inputs": 2,
          "cumulative_inputs": 16808,
          "new_vrp_edges": 0,
          "new_base_edges": 0,
          "cumulative_vrp_edges": 0,
          "cumulative_base_edges": 0,
          "classifications": {
            "vrp_only": 0,
            "both": 0,
            "base_only": 0,
            "neither": 2
          }
        },
        {
          "archive": 88,
          "new_inputs": 18,
          "cumulative_inputs": 16826,
          "new_vrp_edges": 0,
          "new_base_edges": 0,
          "cumulative_vrp_edges": 0,
          "cumulative_base_edges": 0,
          "classifications": {
            "vrp_only": 0,
            "both": 0,
            "base_only": 0,
            "neither": 18
          }
        },
        {
          "archive": 89,
          "new_inputs": 15,
          "cumulative_inputs": 16841,
          "new_vrp_edges": 0,
          "new_base_edges": 0,
          "cumulative_vrp_edges": 0,
          "cumulative_base_edges": 0,
          "classifications": {
            "vrp_only": 0,
            "both": 0,
            "base_only": 0,
            "neither": 15
          }
        },
        {
          "archive": 90,
          "new_inputs": 12,
          "cumulative_inputs": 16853,
          "new_vrp_edges": 0,
          "new_base_edges": 0,
          "cumulative_vrp_edges": 0,
          "cumulative_base_edges": 0,
          "classifications": {
            "vrp_only": 0,
            "both": 0,
            "base_only": 0,
            "neither": 12
          }
        },
        {
          "archive": 91,
          "new_inputs": 8,
          "cumulative_inputs": 16861,
          "new_vrp_edges": 0,
          "new_base_edges": 0,
          "cumulative_vrp_edges": 0,
          "cumulative_base_edges": 0,
          "classifications": {
            "vrp_only": 0,
            "both": 0,
            "base_only": 0,
            "neither": 8
          }
        },
        {
          "archive": 92,
          "new_inputs": 40,
          "cumulative_inputs": 16901,
          "new_vrp_edges": 0,
          "new_base_edges": 0,
          "cumulative_vrp_edges": 0,
          "cumulative_base_edges": 0,
          "classifications": {
            "vrp_only": 0,
            "both": 0,
            "base_only": 0,
            "neither": 40
          }
        },
        {
          "archive": 93,
          "new_inputs": 5,
          "cumulative_inputs": 16906,
          "new_vrp_edges": 0,
          "new_base_edges": 0,
          "cumulative_vrp_edges": 0,
          "cumulative_base_edges": 0,
          "classifications": {
            "vrp_only": 0,
            "both": 0,
            "base_only": 0,
            "neither": 5
          }
        },
        {
          "archive": 94,
          "new_inputs": 11,
          "cumulative_inputs": 16917,
          "new_vrp_edges": 0,
          "new_base_edges": 0,
          "cumulative_vrp_edges": 0,
          "cumulative_base_edges": 0,
          "classifications": {
            "vrp_only": 0,
            "both": 0,
            "base_only": 0,
            "neither": 11
          }
        },
        {
          "archive": 95,
          "new_inputs": 20,
          "cumulative_inputs": 16937,
          "new_vrp_edges": 0,
          "new_base_edges": 0,
          "cumulative_vrp_edges": 0,
          "cumulative_base_edges": 0,
          "classifications": {
            "vrp_only": 0,
            "both": 0,
            "base_only": 0,
            "neither": 20
          }
        },
        {
          "archive": 96,
          "new_inputs": 0,
          "cumulative_inputs": 16937,
          "new_vrp_edges": 0,
          "new_base_edges": 0,
          "cumulative_vrp_edges": 0,
          "cumulative_base_edges": 0,
          "classifications": {
            "vrp_only": 0,
            "both": 0,
            "base_only": 0,
            "neither": 0
          }
        }
      ],
      "summary": {
        "total_inputs": 16937,
        "total_vrp_edges": 0,
        "total_base_edges": 0,
        "entanglement_rate": 0.0,
        "vrp_only_count": 0,
        "both_count": 0,
        "base_only_count": 0,
        "neither_count": 16937
      }
    },
    "vrp_bucket_entanglement": {
      "summary": {
        "total_inputs": 16937,
        "bucket_entanglement_rate": 0.0,
        "vrp_only": 0,
        "both": 0,
        "base_only": 0,
        "neither": 16937,
        "edge_neither_but_bucket_interesting": 0
      }
    },
    "vrp_gradient": {
      "summary": {
        "total_vrp_edges_seen": 0,
        "singleton_edges": 0,
        "low_freq_edges": 0,
        "high_freq_edges": 0,
        "vrp_exclusive_singletons": 0,
        "hit_count_distribution": {
          "1": 0,
          "2-3": 0,
          "4-10": 0,
          "11-50": 0,
          "51-200": 0,
          "200+": 0
        }
      }
    },
    "edge_growth": {
      "growth_curve": [
        {
          "archive": 0,
          "total_inputs": 2,
          "vrp_edges": 0,
          "base_edges": 0
        },
        {
          "archive": 1,
          "total_inputs": 6426,
          "vrp_edges": 0,
          "base_edges": 0
        },
        {
          "archive": 2,
          "total_inputs": 8357,
          "vrp_edges": 0,
          "base_edges": 0
        },
        {
          "archive": 3,
          "total_inputs": 9814,
          "vrp_edges": 0,
          "base_edges": 0
        },
        {
          "archive": 4,
          "total_inputs": 10703,
          "vrp_edges": 0,
          "base_edges": 0
        },
        {
          "archive": 5,
          "total_inputs": 11608,
          "vrp_edges": 0,
          "base_edges": 0
        },
        {
          "archive": 6,
          "total_inputs": 12089,
          "vrp_edges": 0,
          "base_edges": 0
        },
        {
          "archive": 7,
          "total_inputs": 12355,
          "vrp_edges": 0,
          "base_edges": 0
        },
        {
          "archive": 8,
          "total_inputs": 12571,
          "vrp_edges": 0,
          "base_edges": 0
        },
        {
          "archive": 9,
          "total_inputs": 13004,
          "vrp_edges": 0,
          "base_edges": 0
        },
        {
          "archive": 10,
          "total_inputs": 13095,
          "vrp_edges": 0,
          "base_edges": 0
        },
        {
          "archive": 11,
          "total_inputs": 13172,
          "vrp_edges": 0,
          "base_edges": 0
        },
        {
          "archive": 12,
          "total_inputs": 13260,
          "vrp_edges": 0,
          "base_edges": 0
        },
        {
          "archive": 13,
          "total_inputs": 13313,
          "vrp_edges": 0,
          "base_edges": 0
        },
        {
          "archive": 14,
          "total_inputs": 13376,
          "vrp_edges": 0,
          "base_edges": 0
        },
        {
          "archive": 15,
          "total_inputs": 13631,
          "vrp_edges": 0,
          "base_edges": 0
        },
        {
          "archive": 16,
          "total_inputs": 13906,
          "vrp_edges": 0,
          "base_edges": 0
        },
        {
          "archive": 17,
          "total_inputs": 13997,
          "vrp_edges": 0,
          "base_edges": 0
        },
        {
          "archive": 18,
          "total_inputs": 14138,
          "vrp_edges": 0,
          "base_edges": 0
        },
        {
          "archive": 19,
          "total_inputs": 14285,
          "vrp_edges": 0,
          "base_edges": 0
        },
        {
          "archive": 20,
          "total_inputs": 14459,
          "vrp_edges": 0,
          "base_edges": 0
        },
        {
          "archive": 21,
          "total_inputs": 14672,
          "vrp_edges": 0,
          "base_edges": 0
        },
        {
          "archive": 22,
          "total_inputs": 14805,
          "vrp_edges": 0,
          "base_edges": 0
        },
        {
          "archive": 23,
          "total_inputs": 14907,
          "vrp_edges": 0,
          "base_edges": 0
        },
        {
          "archive": 24,
          "total_inputs": 14979,
          "vrp_edges": 0,
          "base_edges": 0
        },
        {
          "archive": 25,
          "total_inputs": 15045,
          "vrp_edges": 0,
          "base_edges": 0
        },
        {
          "archive": 26,
          "total_inputs": 15103,
          "vrp_edges": 0,
          "base_edges": 0
        },
        {
          "archive": 27,
          "total_inputs": 15157,
          "vrp_edges": 0,
          "base_edges": 0
        },
        {
          "archive": 28,
          "total_inputs": 15198,
          "vrp_edges": 0,
          "base_edges": 0
        },
        {
          "archive": 29,
          "total_inputs": 15268,
          "vrp_edges": 0,
          "base_edges": 0
        },
        {
          "archive": 30,
          "total_inputs": 15310,
          "vrp_edges": 0,
          "base_edges": 0
        },
        {
          "archive": 31,
          "total_inputs": 15359,
          "vrp_edges": 0,
          "base_edges": 0
        },
        {
          "archive": 32,
          "total_inputs": 15455,
          "vrp_edges": 0,
          "base_edges": 0
        },
        {
          "archive": 33,
          "total_inputs": 15531,
          "vrp_edges": 0,
          "base_edges": 0
        },
        {
          "archive": 34,
          "total_inputs": 15652,
          "vrp_edges": 0,
          "base_edges": 0
        },
        {
          "archive": 35,
          "total_inputs": 15696,
          "vrp_edges": 0,
          "base_edges": 0
        },
        {
          "archive": 36,
          "total_inputs": 15732,
          "vrp_edges": 0,
          "base_edges": 0
        },
        {
          "archive": 37,
          "total_inputs": 15763,
          "vrp_edges": 0,
          "base_edges": 0
        },
        {
          "archive": 38,
          "total_inputs": 15805,
          "vrp_edges": 0,
          "base_edges": 0
        },
        {
          "archive": 39,
          "total_inputs": 15829,
          "vrp_edges": 0,
          "base_edges": 0
        },
        {
          "archive": 40,
          "total_inputs": 15857,
          "vrp_edges": 0,
          "base_edges": 0
        },
        {
          "archive": 41,
          "total_inputs": 15917,
          "vrp_edges": 0,
          "base_edges": 0
        },
        {
          "archive": 42,
          "total_inputs": 15966,
          "vrp_edges": 0,
          "base_edges": 0
        },
        {
          "archive": 43,
          "total_inputs": 15994,
          "vrp_edges": 0,
          "base_edges": 0
        },
        {
          "archive": 44,
          "total_inputs": 16015,
          "vrp_edges": 0,
          "base_edges": 0
        },
        {
          "archive": 45,
          "total_inputs": 16037,
          "vrp_edges": 0,
          "base_edges": 0
        },
        {
          "archive": 46,
          "total_inputs": 16106,
          "vrp_edges": 0,
          "base_edges": 0
        },
        {
          "archive": 47,
          "total_inputs": 16169,
          "vrp_edges": 0,
          "base_edges": 0
        },
        {
          "archive": 48,
          "total_inputs": 16199,
          "vrp_edges": 0,
          "base_edges": 0
        },
        {
          "archive": 49,
          "total_inputs": 16215,
          "vrp_edges": 0,
          "base_edges": 0
        },
        {
          "archive": 50,
          "total_inputs": 16243,
          "vrp_edges": 0,
          "base_edges": 0
        },
        {
          "archive": 51,
          "total_inputs": 16264,
          "vrp_edges": 0,
          "base_edges": 0
        },
        {
          "archive": 52,
          "total_inputs": 16281,
          "vrp_edges": 0,
          "base_edges": 0
        },
        {
          "archive": 53,
          "total_inputs": 16300,
          "vrp_edges": 0,
          "base_edges": 0
        },
        {
          "archive": 54,
          "total_inputs": 16340,
          "vrp_edges": 0,
          "base_edges": 0
        },
        {
          "archive": 55,
          "total_inputs": 16363,
          "vrp_edges": 0,
          "base_edges": 0
        },
        {
          "archive": 56,
          "total_inputs": 16372,
          "vrp_edges": 0,
          "base_edges": 0
        },
        {
          "archive": 57,
          "total_inputs": 16400,
          "vrp_edges": 0,
          "base_edges": 0
        },
        {
          "archive": 58,
          "total_inputs": 16416,
          "vrp_edges": 0,
          "base_edges": 0
        },
        {
          "archive": 59,
          "total_inputs": 16425,
          "vrp_edges": 0,
          "base_edges": 0
        },
        {
          "archive": 60,
          "total_inputs": 16437,
          "vrp_edges": 0,
          "base_edges": 0
        },
        {
          "archive": 61,
          "total_inputs": 16446,
          "vrp_edges": 0,
          "base_edges": 0
        },
        {
          "archive": 62,
          "total_inputs": 16451,
          "vrp_edges": 0,
          "base_edges": 0
        },
        {
          "archive": 63,
          "total_inputs": 16458,
          "vrp_edges": 0,
          "base_edges": 0
        },
        {
          "archive": 64,
          "total_inputs": 16467,
          "vrp_edges": 0,
          "base_edges": 0
        },
        {
          "archive": 65,
          "total_inputs": 16479,
          "vrp_edges": 0,
          "base_edges": 0
        },
        {
          "archive": 66,
          "total_inputs": 16487,
          "vrp_edges": 0,
          "base_edges": 0
        },
        {
          "archive": 67,
          "total_inputs": 16507,
          "vrp_edges": 0,
          "base_edges": 0
        },
        {
          "archive": 68,
          "total_inputs": 16519,
          "vrp_edges": 0,
          "base_edges": 0
        },
        {
          "archive": 69,
          "total_inputs": 16540,
          "vrp_edges": 0,
          "base_edges": 0
        },
        {
          "archive": 70,
          "total_inputs": 16562,
          "vrp_edges": 0,
          "base_edges": 0
        },
        {
          "archive": 71,
          "total_inputs": 16576,
          "vrp_edges": 0,
          "base_edges": 0
        },
        {
          "archive": 72,
          "total_inputs": 16606,
          "vrp_edges": 0,
          "base_edges": 0
        },
        {
          "archive": 73,
          "total_inputs": 16627,
          "vrp_edges": 0,
          "base_edges": 0
        },
        {
          "archive": 74,
          "total_inputs": 16643,
          "vrp_edges": 0,
          "base_edges": 0
        },
        {
          "archive": 75,
          "total_inputs": 16668,
          "vrp_edges": 0,
          "base_edges": 0
        },
        {
          "archive": 76,
          "total_inputs": 16682,
          "vrp_edges": 0,
          "base_edges": 0
        },
        {
          "archive": 77,
          "total_inputs": 16692,
          "vrp_edges": 0,
          "base_edges": 0
        },
        {
          "archive": 78,
          "total_inputs": 16707,
          "vrp_edges": 0,
          "base_edges": 0
        },
        {
          "archive": 79,
          "total_inputs": 16722,
          "vrp_edges": 0,
          "base_edges": 0
        },
        {
          "archive": 80,
          "total_inputs": 16725,
          "vrp_edges": 0,
          "base_edges": 0
        },
        {
          "archive": 81,
          "total_inputs": 16730,
          "vrp_edges": 0,
          "base_edges": 0
        },
        {
          "archive": 82,
          "total_inputs": 16748,
          "vrp_edges": 0,
          "base_edges": 0
        },
        {
          "archive": 83,
          "total_inputs": 16767,
          "vrp_edges": 0,
          "base_edges": 0
        },
        {
          "archive": 84,
          "total_inputs": 16788,
          "vrp_edges": 0,
          "base_edges": 0
        },
        {
          "archive": 85,
          "total_inputs": 16797,
          "vrp_edges": 0,
          "base_edges": 0
        },
        {
          "archive": 86,
          "total_inputs": 16806,
          "vrp_edges": 0,
          "base_edges": 0
        },
        {
          "archive": 87,
          "total_inputs": 16808,
          "vrp_edges": 0,
          "base_edges": 0
        },
        {
          "archive": 88,
          "total_inputs": 16826,
          "vrp_edges": 0,
          "base_edges": 0
        },
        {
          "archive": 89,
          "total_inputs": 16841,
          "vrp_edges": 0,
          "base_edges": 0
        },
        {
          "archive": 90,
          "total_inputs": 16853,
          "vrp_edges": 0,
          "base_edges": 0
        },
        {
          "archive": 91,
          "total_inputs": 16861,
          "vrp_edges": 0,
          "base_edges": 0
        },
        {
          "archive": 92,
          "total_inputs": 16901,
          "vrp_edges": 0,
          "base_edges": 0
        },
        {
          "archive": 93,
          "total_inputs": 16906,
          "vrp_edges": 0,
          "base_edges": 0
        },
        {
          "archive": 94,
          "total_inputs": 16917,
          "vrp_edges": 0,
          "base_edges": 0
        },
        {
          "archive": 95,
          "total_inputs": 16937,
          "vrp_edges": 0,
          "base_edges": 0
        },
        {
          "archive": 96,
          "total_inputs": 16937,
          "vrp_edges": 0,
          "base_edges": 0
        }
      ],
      "final_vrp_edges": 0,
      "final_base_edges": 0,
      "total_inputs": 16937
    },
    "speed": {
      "per_archive": [
        {
          "archive": 0,
          "inputs": 2,
          "mean_vrp_ms": 10.249,
          "mean_base_ms": 11.394,
          "overhead": 0.8995
        },
        {
          "archive": 1,
          "inputs": 6424,
          "mean_vrp_ms": 0.018,
          "mean_base_ms": 0.018,
          "overhead": 0.9749
        },
        {
          "archive": 2,
          "inputs": 1931,
          "mean_vrp_ms": 0.023,
          "mean_base_ms": 0.023,
          "overhead": 0.9772
        },
        {
          "archive": 3,
          "inputs": 1457,
          "mean_vrp_ms": 0.029,
          "mean_base_ms": 0.029,
          "overhead": 0.9923
        },
        {
          "archive": 4,
          "inputs": 889,
          "mean_vrp_ms": 0.033,
          "mean_base_ms": 0.035,
          "overhead": 0.9475
        },
        {
          "archive": 5,
          "inputs": 905,
          "mean_vrp_ms": 0.032,
          "mean_base_ms": 0.032,
          "overhead": 1.0085
        },
        {
          "archive": 6,
          "inputs": 481,
          "mean_vrp_ms": 0.038,
          "mean_base_ms": 0.04,
          "overhead": 0.9539
        },
        {
          "archive": 7,
          "inputs": 266,
          "mean_vrp_ms": 0.056,
          "mean_base_ms": 0.055,
          "overhead": 1.0134
        },
        {
          "archive": 8,
          "inputs": 216,
          "mean_vrp_ms": 0.065,
          "mean_base_ms": 0.07,
          "overhead": 0.9319
        },
        {
          "archive": 9,
          "inputs": 433,
          "mean_vrp_ms": 0.043,
          "mean_base_ms": 0.043,
          "overhead": 1.0058
        },
        {
          "archive": 10,
          "inputs": 91,
          "mean_vrp_ms": 0.146,
          "mean_base_ms": 0.151,
          "overhead": 0.9657
        },
        {
          "archive": 11,
          "inputs": 77,
          "mean_vrp_ms": 0.198,
          "mean_base_ms": 0.156,
          "overhead": 1.2693
        },
        {
          "archive": 12,
          "inputs": 88,
          "mean_vrp_ms": 0.16,
          "mean_base_ms": 0.172,
          "overhead": 0.9261
        },
        {
          "archive": 13,
          "inputs": 53,
          "mean_vrp_ms": 0.277,
          "mean_base_ms": 0.246,
          "overhead": 1.1279
        },
        {
          "archive": 14,
          "inputs": 63,
          "mean_vrp_ms": 0.184,
          "mean_base_ms": 0.175,
          "overhead": 1.047
        },
        {
          "archive": 15,
          "inputs": 255,
          "mean_vrp_ms": 0.058,
          "mean_base_ms": 0.057,
          "overhead": 1.0203
        },
        {
          "archive": 16,
          "inputs": 275,
          "mean_vrp_ms": 0.058,
          "mean_base_ms": 0.053,
          "overhead": 1.1086
        },
        {
          "archive": 17,
          "inputs": 91,
          "mean_vrp_ms": 0.139,
          "mean_base_ms": 0.143,
          "overhead": 0.968
        },
        {
          "archive": 18,
          "inputs": 141,
          "mean_vrp_ms": 0.099,
          "mean_base_ms": 0.088,
          "overhead": 1.1238
        },
        {
          "archive": 19,
          "inputs": 147,
          "mean_vrp_ms": 0.087,
          "mean_base_ms": 0.096,
          "overhead": 0.9083
        },
        {
          "archive": 20,
          "inputs": 174,
          "mean_vrp_ms": 0.084,
          "mean_base_ms": 0.07,
          "overhead": 1.1964
        },
        {
          "archive": 21,
          "inputs": 213,
          "mean_vrp_ms": 0.074,
          "mean_base_ms": 0.073,
          "overhead": 1.0122
        },
        {
          "archive": 22,
          "inputs": 133,
          "mean_vrp_ms": 0.11,
          "mean_base_ms": 0.095,
          "overhead": 1.1512
        },
        {
          "archive": 23,
          "inputs": 102,
          "mean_vrp_ms": 0.135,
          "mean_base_ms": 0.128,
          "overhead": 1.0589
        },
        {
          "archive": 24,
          "inputs": 72,
          "mean_vrp_ms": 0.196,
          "mean_base_ms": 0.17,
          "overhead": 1.1525
        },
        {
          "archive": 25,
          "inputs": 66,
          "mean_vrp_ms": 0.184,
          "mean_base_ms": 0.221,
          "overhead": 0.8316
        },
        {
          "archive": 26,
          "inputs": 58,
          "mean_vrp_ms": 0.25,
          "mean_base_ms": 0.229,
          "overhead": 1.0884
        },
        {
          "archive": 27,
          "inputs": 54,
          "mean_vrp_ms": 0.258,
          "mean_base_ms": 0.246,
          "overhead": 1.0497
        },
        {
          "archive": 28,
          "inputs": 41,
          "mean_vrp_ms": 0.314,
          "mean_base_ms": 0.287,
          "overhead": 1.0937
        },
        {
          "archive": 29,
          "inputs": 70,
          "mean_vrp_ms": 0.201,
          "mean_base_ms": 0.202,
          "overhead": 0.9975
        },
        {
          "archive": 30,
          "inputs": 42,
          "mean_vrp_ms": 0.338,
          "mean_base_ms": 0.315,
          "overhead": 1.0714
        },
        {
          "archive": 31,
          "inputs": 49,
          "mean_vrp_ms": 0.254,
          "mean_base_ms": 0.233,
          "overhead": 1.0877
        },
        {
          "archive": 32,
          "inputs": 96,
          "mean_vrp_ms": 0.15,
          "mean_base_ms": 0.146,
          "overhead": 1.0244
        },
        {
          "archive": 33,
          "inputs": 76,
          "mean_vrp_ms": 0.189,
          "mean_base_ms": 0.16,
          "overhead": 1.1774
        },
        {
          "archive": 34,
          "inputs": 121,
          "mean_vrp_ms": 0.104,
          "mean_base_ms": 0.102,
          "overhead": 1.0228
        },
        {
          "archive": 35,
          "inputs": 44,
          "mean_vrp_ms": 0.272,
          "mean_base_ms": 0.243,
          "overhead": 1.1206
        },
        {
          "archive": 36,
          "inputs": 36,
          "mean_vrp_ms": 0.325,
          "mean_base_ms": 0.318,
          "overhead": 1.02
        },
        {
          "archive": 37,
          "inputs": 31,
          "mean_vrp_ms": 0.375,
          "mean_base_ms": 0.405,
          "overhead": 0.9251
        },
        {
          "archive": 38,
          "inputs": 42,
          "mean_vrp_ms": 0.261,
          "mean_base_ms": 0.263,
          "overhead": 0.9926
        },
        {
          "archive": 39,
          "inputs": 24,
          "mean_vrp_ms": 0.428,
          "mean_base_ms": 0.453,
          "overhead": 0.9431
        },
        {
          "archive": 40,
          "inputs": 28,
          "mean_vrp_ms": 0.528,
          "mean_base_ms": 0.503,
          "overhead": 1.0487
        },
        {
          "archive": 41,
          "inputs": 60,
          "mean_vrp_ms": 0.212,
          "mean_base_ms": 0.211,
          "overhead": 1.0047
        },
        {
          "archive": 42,
          "inputs": 49,
          "mean_vrp_ms": 0.252,
          "mean_base_ms": 0.293,
          "overhead": 0.8628
        },
        {
          "archive": 43,
          "inputs": 28,
          "mean_vrp_ms": 0.47,
          "mean_base_ms": 0.405,
          "overhead": 1.1593
        },
        {
          "archive": 44,
          "inputs": 21,
          "mean_vrp_ms": 0.619,
          "mean_base_ms": 0.557,
          "overhead": 1.11
        },
        {
          "archive": 45,
          "inputs": 22,
          "mean_vrp_ms": 0.585,
          "mean_base_ms": 0.58,
          "overhead": 1.009
        },
        {
          "archive": 46,
          "inputs": 69,
          "mean_vrp_ms": 0.22,
          "mean_base_ms": 0.172,
          "overhead": 1.2792
        },
        {
          "archive": 47,
          "inputs": 63,
          "mean_vrp_ms": 0.244,
          "mean_base_ms": 0.192,
          "overhead": 1.2712
        },
        {
          "archive": 48,
          "inputs": 30,
          "mean_vrp_ms": 0.354,
          "mean_base_ms": 0.388,
          "overhead": 0.9116
        },
        {
          "archive": 49,
          "inputs": 16,
          "mean_vrp_ms": 0.671,
          "mean_base_ms": 0.725,
          "overhead": 0.9252
        },
        {
          "archive": 50,
          "inputs": 28,
          "mean_vrp_ms": 0.396,
          "mean_base_ms": 0.434,
          "overhead": 0.9115
        },
        {
          "archive": 51,
          "inputs": 21,
          "mean_vrp_ms": 0.524,
          "mean_base_ms": 0.496,
          "overhead": 1.0578
        },
        {
          "archive": 52,
          "inputs": 17,
          "mean_vrp_ms": 0.703,
          "mean_base_ms": 0.677,
          "overhead": 1.0386
        },
        {
          "archive": 53,
          "inputs": 19,
          "mean_vrp_ms": 0.724,
          "mean_base_ms": 0.605,
          "overhead": 1.1965
        },
        {
          "archive": 54,
          "inputs": 40,
          "mean_vrp_ms": 0.366,
          "mean_base_ms": 0.317,
          "overhead": 1.1543
        },
        {
          "archive": 55,
          "inputs": 23,
          "mean_vrp_ms": 0.509,
          "mean_base_ms": 0.464,
          "overhead": 1.0957
        },
        {
          "archive": 56,
          "inputs": 9,
          "mean_vrp_ms": 1.186,
          "mean_base_ms": 1.318,
          "overhead": 0.8998
        },
        {
          "archive": 57,
          "inputs": 28,
          "mean_vrp_ms": 0.418,
          "mean_base_ms": 0.419,
          "overhead": 0.996
        },
        {
          "archive": 58,
          "inputs": 16,
          "mean_vrp_ms": 0.668,
          "mean_base_ms": 0.722,
          "overhead": 0.9253
        },
        {
          "archive": 59,
          "inputs": 9,
          "mean_vrp_ms": 1.578,
          "mean_base_ms": 1.293,
          "overhead": 1.2201
        },
        {
          "archive": 60,
          "inputs": 12,
          "mean_vrp_ms": 0.971,
          "mean_base_ms": 1.219,
          "overhead": 0.7962
        },
        {
          "archive": 61,
          "inputs": 9,
          "mean_vrp_ms": 1.571,
          "mean_base_ms": 1.31,
          "overhead": 1.1992
        },
        {
          "archive": 62,
          "inputs": 5,
          "mean_vrp_ms": 2.891,
          "mean_base_ms": 2.186,
          "overhead": 1.3229
        },
        {
          "archive": 63,
          "inputs": 7,
          "mean_vrp_ms": 1.81,
          "mean_base_ms": 1.51,
          "overhead": 1.1988
        },
        {
          "archive": 64,
          "inputs": 9,
          "mean_vrp_ms": 1.366,
          "mean_base_ms": 1.565,
          "overhead": 0.8726
        },
        {
          "archive": 65,
          "inputs": 12,
          "mean_vrp_ms": 0.971,
          "mean_base_ms": 1.022,
          "overhead": 0.9502
        },
        {
          "archive": 66,
          "inputs": 8,
          "mean_vrp_ms": 1.394,
          "mean_base_ms": 1.348,
          "overhead": 1.0343
        },
        {
          "archive": 67,
          "inputs": 20,
          "mean_vrp_ms": 0.648,
          "mean_base_ms": 0.583,
          "overhead": 1.1117
        },
        {
          "archive": 68,
          "inputs": 12,
          "mean_vrp_ms": 0.943,
          "mean_base_ms": 0.932,
          "overhead": 1.0111
        },
        {
          "archive": 69,
          "inputs": 21,
          "mean_vrp_ms": 0.511,
          "mean_base_ms": 0.524,
          "overhead": 0.974
        },
        {
          "archive": 70,
          "inputs": 22,
          "mean_vrp_ms": 0.63,
          "mean_base_ms": 0.567,
          "overhead": 1.1105
        },
        {
          "archive": 71,
          "inputs": 14,
          "mean_vrp_ms": 0.859,
          "mean_base_ms": 0.792,
          "overhead": 1.0848
        },
        {
          "archive": 72,
          "inputs": 30,
          "mean_vrp_ms": 0.485,
          "mean_base_ms": 0.391,
          "overhead": 1.2396
        },
        {
          "archive": 73,
          "inputs": 21,
          "mean_vrp_ms": 0.728,
          "mean_base_ms": 0.621,
          "overhead": 1.1735
        },
        {
          "archive": 74,
          "inputs": 16,
          "mean_vrp_ms": 0.697,
          "mean_base_ms": 0.668,
          "overhead": 1.0428
        },
        {
          "archive": 75,
          "inputs": 25,
          "mean_vrp_ms": 0.586,
          "mean_base_ms": 0.5,
          "overhead": 1.1716
        },
        {
          "archive": 76,
          "inputs": 14,
          "mean_vrp_ms": 0.908,
          "mean_base_ms": 0.862,
          "overhead": 1.0538
        },
        {
          "archive": 77,
          "inputs": 10,
          "mean_vrp_ms": 1.106,
          "mean_base_ms": 1.059,
          "overhead": 1.0443
        },
        {
          "archive": 78,
          "inputs": 15,
          "mean_vrp_ms": 0.692,
          "mean_base_ms": 0.765,
          "overhead": 0.9041
        },
        {
          "archive": 79,
          "inputs": 15,
          "mean_vrp_ms": 0.792,
          "mean_base_ms": 0.761,
          "overhead": 1.0411
        },
        {
          "archive": 80,
          "inputs": 3,
          "mean_vrp_ms": 4.187,
          "mean_base_ms": 4.707,
          "overhead": 0.8896
        },
        {
          "archive": 81,
          "inputs": 5,
          "mean_vrp_ms": 2.309,
          "mean_base_ms": 2.334,
          "overhead": 0.9893
        },
        {
          "archive": 82,
          "inputs": 18,
          "mean_vrp_ms": 0.725,
          "mean_base_ms": 0.674,
          "overhead": 1.0757
        },
        {
          "archive": 83,
          "inputs": 19,
          "mean_vrp_ms": 0.624,
          "mean_base_ms": 0.61,
          "overhead": 1.0238
        },
        {
          "archive": 84,
          "inputs": 21,
          "mean_vrp_ms": 0.56,
          "mean_base_ms": 0.516,
          "overhead": 1.087
        },
        {
          "archive": 85,
          "inputs": 9,
          "mean_vrp_ms": 1.431,
          "mean_base_ms": 1.345,
          "overhead": 1.0645
        },
        {
          "archive": 86,
          "inputs": 9,
          "mean_vrp_ms": 1.564,
          "mean_base_ms": 1.376,
          "overhead": 1.1367
        },
        {
          "archive": 87,
          "inputs": 2,
          "mean_vrp_ms": 5.007,
          "mean_base_ms": 5.423,
          "overhead": 0.9232
        },
        {
          "archive": 88,
          "inputs": 18,
          "mean_vrp_ms": 0.698,
          "mean_base_ms": 0.745,
          "overhead": 0.9369
        },
        {
          "archive": 89,
          "inputs": 15,
          "mean_vrp_ms": 0.852,
          "mean_base_ms": 0.907,
          "overhead": 0.939
        },
        {
          "archive": 90,
          "inputs": 12,
          "mean_vrp_ms": 0.956,
          "mean_base_ms": 0.902,
          "overhead": 1.0604
        },
        {
          "archive": 91,
          "inputs": 8,
          "mean_vrp_ms": 1.348,
          "mean_base_ms": 1.391,
          "overhead": 0.9684
        },
        {
          "archive": 92,
          "inputs": 40,
          "mean_vrp_ms": 0.326,
          "mean_base_ms": 0.303,
          "overhead": 1.0742
        },
        {
          "archive": 93,
          "inputs": 5,
          "mean_vrp_ms": 2.981,
          "mean_base_ms": 2.264,
          "overhead": 1.317
        },
        {
          "archive": 94,
          "inputs": 11,
          "mean_vrp_ms": 1.377,
          "mean_base_ms": 1.064,
          "overhead": 1.295
        },
        {
          "archive": 95,
          "inputs": 20,
          "mean_vrp_ms": 0.726,
          "mean_base_ms": 0.837,
          "overhead": 0.8676
        },
        {
          "archive": 96,
          "inputs": 0,
          "mean_vrp_ms": 0.0,
          "mean_base_ms": 0.0,
          "overhead": 0.0
        }
      ],
      "summary": {
        "total_inputs": 16937,
        "vrp_mean_ms": 0.086,
        "vrp_median_ms": 0.029,
        "vrp_p95_ms": 0.366,
        "vrp_p99_ms": 0.908,
        "base_mean_ms": 0.083,
        "base_median_ms": 0.029,
        "base_p95_ms": 0.318,
        "base_p99_ms": 0.907,
        "mean_overhead": 1.0294
      }
    }
  }
}