{
  "experiment": "vrp-unfold-eval-big04",
  "benchmark": "freetype2_ftfuzzer",
  "fuzzer": "aflplusplus_unfold_all",
  "instance": "43827",
  "archives_processed": 97,
  "total_inputs": 18533,
  "elapsed_seconds": 16.6,
  "analyzer_results": {
    "vrp_hit_entanglement": {
      "per_archive": [
        {
          "archive": 0,
          "new_inputs": 2,
          "cumulative_inputs": 2,
          "new_vrp_edges": 0,
          "new_base_edges": 0,
          "cumulative_vrp_edges": 0,
          "cumulative_base_edges": 0,
          "classifications": {
            "vrp_only": 0,
            "both": 0,
            "base_only": 0,
            "neither": 2
          }
        },
        {
          "archive": 1,
          "new_inputs": 6047,
          "cumulative_inputs": 6049,
          "new_vrp_edges": 0,
          "new_base_edges": 0,
          "cumulative_vrp_edges": 0,
          "cumulative_base_edges": 0,
          "classifications": {
            "vrp_only": 0,
            "both": 0,
            "base_only": 0,
            "neither": 6047
          }
        },
        {
          "archive": 2,
          "new_inputs": 2023,
          "cumulative_inputs": 8072,
          "new_vrp_edges": 0,
          "new_base_edges": 0,
          "cumulative_vrp_edges": 0,
          "cumulative_base_edges": 0,
          "classifications": {
            "vrp_only": 0,
            "both": 0,
            "base_only": 0,
            "neither": 2023
          }
        },
        {
          "archive": 3,
          "new_inputs": 1474,
          "cumulative_inputs": 9546,
          "new_vrp_edges": 0,
          "new_base_edges": 0,
          "cumulative_vrp_edges": 0,
          "cumulative_base_edges": 0,
          "classifications": {
            "vrp_only": 0,
            "both": 0,
            "base_only": 0,
            "neither": 1474
          }
        },
        {
          "archive": 4,
          "new_inputs": 1242,
          "cumulative_inputs": 10788,
          "new_vrp_edges": 0,
          "new_base_edges": 0,
          "cumulative_vrp_edges": 0,
          "cumulative_base_edges": 0,
          "classifications": {
            "vrp_only": 0,
            "both": 0,
            "base_only": 0,
            "neither": 1242
          }
        },
        {
          "archive": 5,
          "new_inputs": 895,
          "cumulative_inputs": 11683,
          "new_vrp_edges": 0,
          "new_base_edges": 0,
          "cumulative_vrp_edges": 0,
          "cumulative_base_edges": 0,
          "classifications": {
            "vrp_only": 0,
            "both": 0,
            "base_only": 0,
            "neither": 895
          }
        },
        {
          "archive": 6,
          "new_inputs": 604,
          "cumulative_inputs": 12287,
          "new_vrp_edges": 0,
          "new_base_edges": 0,
          "cumulative_vrp_edges": 0,
          "cumulative_base_edges": 0,
          "classifications": {
            "vrp_only": 0,
            "both": 0,
            "base_only": 0,
            "neither": 604
          }
        },
        {
          "archive": 7,
          "new_inputs": 397,
          "cumulative_inputs": 12684,
          "new_vrp_edges": 0,
          "new_base_edges": 0,
          "cumulative_vrp_edges": 0,
          "cumulative_base_edges": 0,
          "classifications": {
            "vrp_only": 0,
            "both": 0,
            "base_only": 0,
            "neither": 397
          }
        },
        {
          "archive": 8,
          "new_inputs": 168,
          "cumulative_inputs": 12852,
          "new_vrp_edges": 0,
          "new_base_edges": 0,
          "cumulative_vrp_edges": 0,
          "cumulative_base_edges": 0,
          "classifications": {
            "vrp_only": 0,
            "both": 0,
            "base_only": 0,
            "neither": 168
          }
        },
        {
          "archive": 9,
          "new_inputs": 129,
          "cumulative_inputs": 12981,
          "new_vrp_edges": 0,
          "new_base_edges": 0,
          "cumulative_vrp_edges": 0,
          "cumulative_base_edges": 0,
          "classifications": {
            "vrp_only": 0,
            "both": 0,
            "base_only": 0,
            "neither": 129
          }
        },
        {
          "archive": 10,
          "new_inputs": 179,
          "cumulative_inputs": 13160,
          "new_vrp_edges": 0,
          "new_base_edges": 0,
          "cumulative_vrp_edges": 0,
          "cumulative_base_edges": 0,
          "classifications": {
            "vrp_only": 0,
            "both": 0,
            "base_only": 0,
            "neither": 179
          }
        },
        {
          "archive": 11,
          "new_inputs": 101,
          "cumulative_inputs": 13261,
          "new_vrp_edges": 0,
          "new_base_edges": 0,
          "cumulative_vrp_edges": 0,
          "cumulative_base_edges": 0,
          "classifications": {
            "vrp_only": 0,
            "both": 0,
            "base_only": 0,
            "neither": 101
          }
        },
        {
          "archive": 12,
          "new_inputs": 102,
          "cumulative_inputs": 13363,
          "new_vrp_edges": 0,
          "new_base_edges": 0,
          "cumulative_vrp_edges": 0,
          "cumulative_base_edges": 0,
          "classifications": {
            "vrp_only": 0,
            "both": 0,
            "base_only": 0,
            "neither": 102
          }
        },
        {
          "archive": 13,
          "new_inputs": 149,
          "cumulative_inputs": 13512,
          "new_vrp_edges": 0,
          "new_base_edges": 0,
          "cumulative_vrp_edges": 0,
          "cumulative_base_edges": 0,
          "classifications": {
            "vrp_only": 0,
            "both": 0,
            "base_only": 0,
            "neither": 149
          }
        },
        {
          "archive": 14,
          "new_inputs": 125,
          "cumulative_inputs": 13637,
          "new_vrp_edges": 0,
          "new_base_edges": 0,
          "cumulative_vrp_edges": 0,
          "cumulative_base_edges": 0,
          "classifications": {
            "vrp_only": 0,
            "both": 0,
            "base_only": 0,
            "neither": 125
          }
        },
        {
          "archive": 15,
          "new_inputs": 83,
          "cumulative_inputs": 13720,
          "new_vrp_edges": 0,
          "new_base_edges": 0,
          "cumulative_vrp_edges": 0,
          "cumulative_base_edges": 0,
          "classifications": {
            "vrp_only": 0,
            "both": 0,
            "base_only": 0,
            "neither": 83
          }
        },
        {
          "archive": 16,
          "new_inputs": 68,
          "cumulative_inputs": 13788,
          "new_vrp_edges": 0,
          "new_base_edges": 0,
          "cumulative_vrp_edges": 0,
          "cumulative_base_edges": 0,
          "classifications": {
            "vrp_only": 0,
            "both": 0,
            "base_only": 0,
            "neither": 68
          }
        },
        {
          "archive": 17,
          "new_inputs": 130,
          "cumulative_inputs": 13918,
          "new_vrp_edges": 0,
          "new_base_edges": 0,
          "cumulative_vrp_edges": 0,
          "cumulative_base_edges": 0,
          "classifications": {
            "vrp_only": 0,
            "both": 0,
            "base_only": 0,
            "neither": 130
          }
        },
        {
          "archive": 18,
          "new_inputs": 317,
          "cumulative_inputs": 14235,
          "new_vrp_edges": 0,
          "new_base_edges": 0,
          "cumulative_vrp_edges": 0,
          "cumulative_base_edges": 0,
          "classifications": {
            "vrp_only": 0,
            "both": 0,
            "base_only": 0,
            "neither": 317
          }
        },
        {
          "archive": 19,
          "new_inputs": 161,
          "cumulative_inputs": 14396,
          "new_vrp_edges": 0,
          "new_base_edges": 0,
          "cumulative_vrp_edges": 0,
          "cumulative_base_edges": 0,
          "classifications": {
            "vrp_only": 0,
            "both": 0,
            "base_only": 0,
            "neither": 161
          }
        },
        {
          "archive": 20,
          "new_inputs": 96,
          "cumulative_inputs": 14492,
          "new_vrp_edges": 0,
          "new_base_edges": 0,
          "cumulative_vrp_edges": 0,
          "cumulative_base_edges": 0,
          "classifications": {
            "vrp_only": 0,
            "both": 0,
            "base_only": 0,
            "neither": 96
          }
        },
        {
          "archive": 21,
          "new_inputs": 72,
          "cumulative_inputs": 14564,
          "new_vrp_edges": 0,
          "new_base_edges": 0,
          "cumulative_vrp_edges": 0,
          "cumulative_base_edges": 0,
          "classifications": {
            "vrp_only": 0,
            "both": 0,
            "base_only": 0,
            "neither": 72
          }
        },
        {
          "archive": 22,
          "new_inputs": 91,
          "cumulative_inputs": 14655,
          "new_vrp_edges": 0,
          "new_base_edges": 0,
          "cumulative_vrp_edges": 0,
          "cumulative_base_edges": 0,
          "classifications": {
            "vrp_only": 0,
            "both": 0,
            "base_only": 0,
            "neither": 91
          }
        },
        {
          "archive": 23,
          "new_inputs": 99,
          "cumulative_inputs": 14754,
          "new_vrp_edges": 0,
          "new_base_edges": 0,
          "cumulative_vrp_edges": 0,
          "cumulative_base_edges": 0,
          "classifications": {
            "vrp_only": 0,
            "both": 0,
            "base_only": 0,
            "neither": 99
          }
        },
        {
          "archive": 24,
          "new_inputs": 214,
          "cumulative_inputs": 14968,
          "new_vrp_edges": 0,
          "new_base_edges": 0,
          "cumulative_vrp_edges": 0,
          "cumulative_base_edges": 0,
          "classifications": {
            "vrp_only": 0,
            "both": 0,
            "base_only": 0,
            "neither": 214
          }
        },
        {
          "archive": 25,
          "new_inputs": 156,
          "cumulative_inputs": 15124,
          "new_vrp_edges": 0,
          "new_base_edges": 0,
          "cumulative_vrp_edges": 0,
          "cumulative_base_edges": 0,
          "classifications": {
            "vrp_only": 0,
            "both": 0,
            "base_only": 0,
            "neither": 156
          }
        },
        {
          "archive": 26,
          "new_inputs": 62,
          "cumulative_inputs": 15186,
          "new_vrp_edges": 0,
          "new_base_edges": 0,
          "cumulative_vrp_edges": 0,
          "cumulative_base_edges": 0,
          "classifications": {
            "vrp_only": 0,
            "both": 0,
            "base_only": 0,
            "neither": 62
          }
        },
        {
          "archive": 27,
          "new_inputs": 46,
          "cumulative_inputs": 15232,
          "new_vrp_edges": 0,
          "new_base_edges": 0,
          "cumulative_vrp_edges": 0,
          "cumulative_base_edges": 0,
          "classifications": {
            "vrp_only": 0,
            "both": 0,
            "base_only": 0,
            "neither": 46
          }
        },
        {
          "archive": 28,
          "new_inputs": 39,
          "cumulative_inputs": 15271,
          "new_vrp_edges": 0,
          "new_base_edges": 0,
          "cumulative_vrp_edges": 0,
          "cumulative_base_edges": 0,
          "classifications": {
            "vrp_only": 0,
            "both": 0,
            "base_only": 0,
            "neither": 39
          }
        },
        {
          "archive": 29,
          "new_inputs": 34,
          "cumulative_inputs": 15305,
          "new_vrp_edges": 0,
          "new_base_edges": 0,
          "cumulative_vrp_edges": 0,
          "cumulative_base_edges": 0,
          "classifications": {
            "vrp_only": 0,
            "both": 0,
            "base_only": 0,
            "neither": 34
          }
        },
        {
          "archive": 30,
          "new_inputs": 34,
          "cumulative_inputs": 15339,
          "new_vrp_edges": 0,
          "new_base_edges": 0,
          "cumulative_vrp_edges": 0,
          "cumulative_base_edges": 0,
          "classifications": {
            "vrp_only": 0,
            "both": 0,
            "base_only": 0,
            "neither": 34
          }
        },
        {
          "archive": 31,
          "new_inputs": 37,
          "cumulative_inputs": 15376,
          "new_vrp_edges": 0,
          "new_base_edges": 0,
          "cumulative_vrp_edges": 0,
          "cumulative_base_edges": 0,
          "classifications": {
            "vrp_only": 0,
            "both": 0,
            "base_only": 0,
            "neither": 37
          }
        },
        {
          "archive": 32,
          "new_inputs": 34,
          "cumulative_inputs": 15410,
          "new_vrp_edges": 0,
          "new_base_edges": 0,
          "cumulative_vrp_edges": 0,
          "cumulative_base_edges": 0,
          "classifications": {
            "vrp_only": 0,
            "both": 0,
            "base_only": 0,
            "neither": 34
          }
        },
        {
          "archive": 33,
          "new_inputs": 12,
          "cumulative_inputs": 15422,
          "new_vrp_edges": 0,
          "new_base_edges": 0,
          "cumulative_vrp_edges": 0,
          "cumulative_base_edges": 0,
          "classifications": {
            "vrp_only": 0,
            "both": 0,
            "base_only": 0,
            "neither": 12
          }
        },
        {
          "archive": 34,
          "new_inputs": 40,
          "cumulative_inputs": 15462,
          "new_vrp_edges": 0,
          "new_base_edges": 0,
          "cumulative_vrp_edges": 0,
          "cumulative_base_edges": 0,
          "classifications": {
            "vrp_only": 0,
            "both": 0,
            "base_only": 0,
            "neither": 40
          }
        },
        {
          "archive": 35,
          "new_inputs": 14,
          "cumulative_inputs": 15476,
          "new_vrp_edges": 0,
          "new_base_edges": 0,
          "cumulative_vrp_edges": 0,
          "cumulative_base_edges": 0,
          "classifications": {
            "vrp_only": 0,
            "both": 0,
            "base_only": 0,
            "neither": 14
          }
        },
        {
          "archive": 36,
          "new_inputs": 16,
          "cumulative_inputs": 15492,
          "new_vrp_edges": 0,
          "new_base_edges": 0,
          "cumulative_vrp_edges": 0,
          "cumulative_base_edges": 0,
          "classifications": {
            "vrp_only": 0,
            "both": 0,
            "base_only": 0,
            "neither": 16
          }
        },
        {
          "archive": 37,
          "new_inputs": 27,
          "cumulative_inputs": 15519,
          "new_vrp_edges": 0,
          "new_base_edges": 0,
          "cumulative_vrp_edges": 0,
          "cumulative_base_edges": 0,
          "classifications": {
            "vrp_only": 0,
            "both": 0,
            "base_only": 0,
            "neither": 27
          }
        },
        {
          "archive": 38,
          "new_inputs": 55,
          "cumulative_inputs": 15574,
          "new_vrp_edges": 0,
          "new_base_edges": 0,
          "cumulative_vrp_edges": 0,
          "cumulative_base_edges": 0,
          "classifications": {
            "vrp_only": 0,
            "both": 0,
            "base_only": 0,
            "neither": 55
          }
        },
        {
          "archive": 39,
          "new_inputs": 36,
          "cumulative_inputs": 15610,
          "new_vrp_edges": 0,
          "new_base_edges": 0,
          "cumulative_vrp_edges": 0,
          "cumulative_base_edges": 0,
          "classifications": {
            "vrp_only": 0,
            "both": 0,
            "base_only": 0,
            "neither": 36
          }
        },
        {
          "archive": 40,
          "new_inputs": 38,
          "cumulative_inputs": 15648,
          "new_vrp_edges": 0,
          "new_base_edges": 0,
          "cumulative_vrp_edges": 0,
          "cumulative_base_edges": 0,
          "classifications": {
            "vrp_only": 0,
            "both": 0,
            "base_only": 0,
            "neither": 38
          }
        },
        {
          "archive": 41,
          "new_inputs": 9,
          "cumulative_inputs": 15657,
          "new_vrp_edges": 0,
          "new_base_edges": 0,
          "cumulative_vrp_edges": 0,
          "cumulative_base_edges": 0,
          "classifications": {
            "vrp_only": 0,
            "both": 0,
            "base_only": 0,
            "neither": 9
          }
        },
        {
          "archive": 42,
          "new_inputs": 15,
          "cumulative_inputs": 15672,
          "new_vrp_edges": 0,
          "new_base_edges": 0,
          "cumulative_vrp_edges": 0,
          "cumulative_base_edges": 0,
          "classifications": {
            "vrp_only": 0,
            "both": 0,
            "base_only": 0,
            "neither": 15
          }
        },
        {
          "archive": 43,
          "new_inputs": 13,
          "cumulative_inputs": 15685,
          "new_vrp_edges": 0,
          "new_base_edges": 0,
          "cumulative_vrp_edges": 0,
          "cumulative_base_edges": 0,
          "classifications": {
            "vrp_only": 0,
            "both": 0,
            "base_only": 0,
            "neither": 13
          }
        },
        {
          "archive": 44,
          "new_inputs": 24,
          "cumulative_inputs": 15709,
          "new_vrp_edges": 0,
          "new_base_edges": 0,
          "cumulative_vrp_edges": 0,
          "cumulative_base_edges": 0,
          "classifications": {
            "vrp_only": 0,
            "both": 0,
            "base_only": 0,
            "neither": 24
          }
        },
        {
          "archive": 45,
          "new_inputs": 23,
          "cumulative_inputs": 15732,
          "new_vrp_edges": 0,
          "new_base_edges": 0,
          "cumulative_vrp_edges": 0,
          "cumulative_base_edges": 0,
          "classifications": {
            "vrp_only": 0,
            "both": 0,
            "base_only": 0,
            "neither": 23
          }
        },
        {
          "archive": 46,
          "new_inputs": 24,
          "cumulative_inputs": 15756,
          "new_vrp_edges": 0,
          "new_base_edges": 0,
          "cumulative_vrp_edges": 0,
          "cumulative_base_edges": 0,
          "classifications": {
            "vrp_only": 0,
            "both": 0,
            "base_only": 0,
            "neither": 24
          }
        },
        {
          "archive": 47,
          "new_inputs": 785,
          "cumulative_inputs": 16541,
          "new_vrp_edges": 0,
          "new_base_edges": 0,
          "cumulative_vrp_edges": 0,
          "cumulative_base_edges": 0,
          "classifications": {
            "vrp_only": 0,
            "both": 0,
            "base_only": 0,
            "neither": 785
          }
        },
        {
          "archive": 48,
          "new_inputs": 350,
          "cumulative_inputs": 16891,
          "new_vrp_edges": 0,
          "new_base_edges": 0,
          "cumulative_vrp_edges": 0,
          "cumulative_base_edges": 0,
          "classifications": {
            "vrp_only": 0,
            "both": 0,
            "base_only": 0,
            "neither": 350
          }
        },
        {
          "archive": 49,
          "new_inputs": 72,
          "cumulative_inputs": 16963,
          "new_vrp_edges": 0,
          "new_base_edges": 0,
          "cumulative_vrp_edges": 0,
          "cumulative_base_edges": 0,
          "classifications": {
            "vrp_only": 0,
            "both": 0,
            "base_only": 0,
            "neither": 72
          }
        },
        {
          "archive": 50,
          "new_inputs": 37,
          "cumulative_inputs": 17000,
          "new_vrp_edges": 0,
          "new_base_edges": 0,
          "cumulative_vrp_edges": 0,
          "cumulative_base_edges": 0,
          "classifications": {
            "vrp_only": 0,
            "both": 0,
            "base_only": 0,
            "neither": 37
          }
        },
        {
          "archive": 51,
          "new_inputs": 23,
          "cumulative_inputs": 17023,
          "new_vrp_edges": 0,
          "new_base_edges": 0,
          "cumulative_vrp_edges": 0,
          "cumulative_base_edges": 0,
          "classifications": {
            "vrp_only": 0,
            "both": 0,
            "base_only": 0,
            "neither": 23
          }
        },
        {
          "archive": 52,
          "new_inputs": 22,
          "cumulative_inputs": 17045,
          "new_vrp_edges": 0,
          "new_base_edges": 0,
          "cumulative_vrp_edges": 0,
          "cumulative_base_edges": 0,
          "classifications": {
            "vrp_only": 0,
            "both": 0,
            "base_only": 0,
            "neither": 22
          }
        },
        {
          "archive": 53,
          "new_inputs": 33,
          "cumulative_inputs": 17078,
          "new_vrp_edges": 0,
          "new_base_edges": 0,
          "cumulative_vrp_edges": 0,
          "cumulative_base_edges": 0,
          "classifications": {
            "vrp_only": 0,
            "both": 0,
            "base_only": 0,
            "neither": 33
          }
        },
        {
          "archive": 54,
          "new_inputs": 153,
          "cumulative_inputs": 17231,
          "new_vrp_edges": 0,
          "new_base_edges": 0,
          "cumulative_vrp_edges": 0,
          "cumulative_base_edges": 0,
          "classifications": {
            "vrp_only": 0,
            "both": 0,
            "base_only": 0,
            "neither": 153
          }
        },
        {
          "archive": 55,
          "new_inputs": 274,
          "cumulative_inputs": 17505,
          "new_vrp_edges": 0,
          "new_base_edges": 0,
          "cumulative_vrp_edges": 0,
          "cumulative_base_edges": 0,
          "classifications": {
            "vrp_only": 0,
            "both": 0,
            "base_only": 0,
            "neither": 274
          }
        },
        {
          "archive": 56,
          "new_inputs": 71,
          "cumulative_inputs": 17576,
          "new_vrp_edges": 0,
          "new_base_edges": 0,
          "cumulative_vrp_edges": 0,
          "cumulative_base_edges": 0,
          "classifications": {
            "vrp_only": 0,
            "both": 0,
            "base_only": 0,
            "neither": 71
          }
        },
        {
          "archive": 57,
          "new_inputs": 74,
          "cumulative_inputs": 17650,
          "new_vrp_edges": 0,
          "new_base_edges": 0,
          "cumulative_vrp_edges": 0,
          "cumulative_base_edges": 0,
          "classifications": {
            "vrp_only": 0,
            "both": 0,
            "base_only": 0,
            "neither": 74
          }
        },
        {
          "archive": 58,
          "new_inputs": 52,
          "cumulative_inputs": 17702,
          "new_vrp_edges": 0,
          "new_base_edges": 0,
          "cumulative_vrp_edges": 0,
          "cumulative_base_edges": 0,
          "classifications": {
            "vrp_only": 0,
            "both": 0,
            "base_only": 0,
            "neither": 52
          }
        },
        {
          "archive": 59,
          "new_inputs": 74,
          "cumulative_inputs": 17776,
          "new_vrp_edges": 0,
          "new_base_edges": 0,
          "cumulative_vrp_edges": 0,
          "cumulative_base_edges": 0,
          "classifications": {
            "vrp_only": 0,
            "both": 0,
            "base_only": 0,
            "neither": 74
          }
        },
        {
          "archive": 60,
          "new_inputs": 80,
          "cumulative_inputs": 17856,
          "new_vrp_edges": 0,
          "new_base_edges": 0,
          "cumulative_vrp_edges": 0,
          "cumulative_base_edges": 0,
          "classifications": {
            "vrp_only": 0,
            "both": 0,
            "base_only": 0,
            "neither": 80
          }
        },
        {
          "archive": 61,
          "new_inputs": 25,
          "cumulative_inputs": 17881,
          "new_vrp_edges": 0,
          "new_base_edges": 0,
          "cumulative_vrp_edges": 0,
          "cumulative_base_edges": 0,
          "classifications": {
            "vrp_only": 0,
            "both": 0,
            "base_only": 0,
            "neither": 25
          }
        },
        {
          "archive": 62,
          "new_inputs": 7,
          "cumulative_inputs": 17888,
          "new_vrp_edges": 0,
          "new_base_edges": 0,
          "cumulative_vrp_edges": 0,
          "cumulative_base_edges": 0,
          "classifications": {
            "vrp_only": 0,
            "both": 0,
            "base_only": 0,
            "neither": 7
          }
        },
        {
          "archive": 63,
          "new_inputs": 7,
          "cumulative_inputs": 17895,
          "new_vrp_edges": 0,
          "new_base_edges": 0,
          "cumulative_vrp_edges": 0,
          "cumulative_base_edges": 0,
          "classifications": {
            "vrp_only": 0,
            "both": 0,
            "base_only": 0,
            "neither": 7
          }
        },
        {
          "archive": 64,
          "new_inputs": 40,
          "cumulative_inputs": 17935,
          "new_vrp_edges": 0,
          "new_base_edges": 0,
          "cumulative_vrp_edges": 0,
          "cumulative_base_edges": 0,
          "classifications": {
            "vrp_only": 0,
            "both": 0,
            "base_only": 0,
            "neither": 40
          }
        },
        {
          "archive": 65,
          "new_inputs": 11,
          "cumulative_inputs": 17946,
          "new_vrp_edges": 0,
          "new_base_edges": 0,
          "cumulative_vrp_edges": 0,
          "cumulative_base_edges": 0,
          "classifications": {
            "vrp_only": 0,
            "both": 0,
            "base_only": 0,
            "neither": 11
          }
        },
        {
          "archive": 66,
          "new_inputs": 10,
          "cumulative_inputs": 17956,
          "new_vrp_edges": 0,
          "new_base_edges": 0,
          "cumulative_vrp_edges": 0,
          "cumulative_base_edges": 0,
          "classifications": {
            "vrp_only": 0,
            "both": 0,
            "base_only": 0,
            "neither": 10
          }
        },
        {
          "archive": 67,
          "new_inputs": 45,
          "cumulative_inputs": 18001,
          "new_vrp_edges": 0,
          "new_base_edges": 0,
          "cumulative_vrp_edges": 0,
          "cumulative_base_edges": 0,
          "classifications": {
            "vrp_only": 0,
            "both": 0,
            "base_only": 0,
            "neither": 45
          }
        },
        {
          "archive": 68,
          "new_inputs": 15,
          "cumulative_inputs": 18016,
          "new_vrp_edges": 0,
          "new_base_edges": 0,
          "cumulative_vrp_edges": 0,
          "cumulative_base_edges": 0,
          "classifications": {
            "vrp_only": 0,
            "both": 0,
            "base_only": 0,
            "neither": 15
          }
        },
        {
          "archive": 69,
          "new_inputs": 20,
          "cumulative_inputs": 18036,
          "new_vrp_edges": 0,
          "new_base_edges": 0,
          "cumulative_vrp_edges": 0,
          "cumulative_base_edges": 0,
          "classifications": {
            "vrp_only": 0,
            "both": 0,
            "base_only": 0,
            "neither": 20
          }
        },
        {
          "archive": 70,
          "new_inputs": 6,
          "cumulative_inputs": 18042,
          "new_vrp_edges": 0,
          "new_base_edges": 0,
          "cumulative_vrp_edges": 0,
          "cumulative_base_edges": 0,
          "classifications": {
            "vrp_only": 0,
            "both": 0,
            "base_only": 0,
            "neither": 6
          }
        },
        {
          "archive": 71,
          "new_inputs": 10,
          "cumulative_inputs": 18052,
          "new_vrp_edges": 0,
          "new_base_edges": 0,
          "cumulative_vrp_edges": 0,
          "cumulative_base_edges": 0,
          "classifications": {
            "vrp_only": 0,
            "both": 0,
            "base_only": 0,
            "neither": 10
          }
        },
        {
          "archive": 72,
          "new_inputs": 14,
          "cumulative_inputs": 18066,
          "new_vrp_edges": 0,
          "new_base_edges": 0,
          "cumulative_vrp_edges": 0,
          "cumulative_base_edges": 0,
          "classifications": {
            "vrp_only": 0,
            "both": 0,
            "base_only": 0,
            "neither": 14
          }
        },
        {
          "archive": 73,
          "new_inputs": 10,
          "cumulative_inputs": 18076,
          "new_vrp_edges": 0,
          "new_base_edges": 0,
          "cumulative_vrp_edges": 0,
          "cumulative_base_edges": 0,
          "classifications": {
            "vrp_only": 0,
            "both": 0,
            "base_only": 0,
            "neither": 10
          }
        },
        {
          "archive": 74,
          "new_inputs": 10,
          "cumulative_inputs": 18086,
          "new_vrp_edges": 0,
          "new_base_edges": 0,
          "cumulative_vrp_edges": 0,
          "cumulative_base_edges": 0,
          "classifications": {
            "vrp_only": 0,
            "both": 0,
            "base_only": 0,
            "neither": 10
          }
        },
        {
          "archive": 75,
          "new_inputs": 11,
          "cumulative_inputs": 18097,
          "new_vrp_edges": 0,
          "new_base_edges": 0,
          "cumulative_vrp_edges": 0,
          "cumulative_base_edges": 0,
          "classifications": {
            "vrp_only": 0,
            "both": 0,
            "base_only": 0,
            "neither": 11
          }
        },
        {
          "archive": 76,
          "new_inputs": 14,
          "cumulative_inputs": 18111,
          "new_vrp_edges": 0,
          "new_base_edges": 0,
          "cumulative_vrp_edges": 0,
          "cumulative_base_edges": 0,
          "classifications": {
            "vrp_only": 0,
            "both": 0,
            "base_only": 0,
            "neither": 14
          }
        },
        {
          "archive": 77,
          "new_inputs": 17,
          "cumulative_inputs": 18128,
          "new_vrp_edges": 0,
          "new_base_edges": 0,
          "cumulative_vrp_edges": 0,
          "cumulative_base_edges": 0,
          "classifications": {
            "vrp_only": 0,
            "both": 0,
            "base_only": 0,
            "neither": 17
          }
        },
        {
          "archive": 78,
          "new_inputs": 11,
          "cumulative_inputs": 18139,
          "new_vrp_edges": 0,
          "new_base_edges": 0,
          "cumulative_vrp_edges": 0,
          "cumulative_base_edges": 0,
          "classifications": {
            "vrp_only": 0,
            "both": 0,
            "base_only": 0,
            "neither": 11
          }
        },
        {
          "archive": 79,
          "new_inputs": 4,
          "cumulative_inputs": 18143,
          "new_vrp_edges": 0,
          "new_base_edges": 0,
          "cumulative_vrp_edges": 0,
          "cumulative_base_edges": 0,
          "classifications": {
            "vrp_only": 0,
            "both": 0,
            "base_only": 0,
            "neither": 4
          }
        },
        {
          "archive": 80,
          "new_inputs": 16,
          "cumulative_inputs": 18159,
          "new_vrp_edges": 0,
          "new_base_edges": 0,
          "cumulative_vrp_edges": 0,
          "cumulative_base_edges": 0,
          "classifications": {
            "vrp_only": 0,
            "both": 0,
            "base_only": 0,
            "neither": 16
          }
        },
        {
          "archive": 81,
          "new_inputs": 8,
          "cumulative_inputs": 18167,
          "new_vrp_edges": 0,
          "new_base_edges": 0,
          "cumulative_vrp_edges": 0,
          "cumulative_base_edges": 0,
          "classifications": {
            "vrp_only": 0,
            "both": 0,
            "base_only": 0,
            "neither": 8
          }
        },
        {
          "archive": 82,
          "new_inputs": 26,
          "cumulative_inputs": 18193,
          "new_vrp_edges": 0,
          "new_base_edges": 0,
          "cumulative_vrp_edges": 0,
          "cumulative_base_edges": 0,
          "classifications": {
            "vrp_only": 0,
            "both": 0,
            "base_only": 0,
            "neither": 26
          }
        },
        {
          "archive": 83,
          "new_inputs": 11,
          "cumulative_inputs": 18204,
          "new_vrp_edges": 0,
          "new_base_edges": 0,
          "cumulative_vrp_edges": 0,
          "cumulative_base_edges": 0,
          "classifications": {
            "vrp_only": 0,
            "both": 0,
            "base_only": 0,
            "neither": 11
          }
        },
        {
          "archive": 84,
          "new_inputs": 21,
          "cumulative_inputs": 18225,
          "new_vrp_edges": 0,
          "new_base_edges": 0,
          "cumulative_vrp_edges": 0,
          "cumulative_base_edges": 0,
          "classifications": {
            "vrp_only": 0,
            "both": 0,
            "base_only": 0,
            "neither": 21
          }
        },
        {
          "archive": 85,
          "new_inputs": 12,
          "cumulative_inputs": 18237,
          "new_vrp_edges": 0,
          "new_base_edges": 0,
          "cumulative_vrp_edges": 0,
          "cumulative_base_edges": 0,
          "classifications": {
            "vrp_only": 0,
            "both": 0,
            "base_only": 0,
            "neither": 12
          }
        },
        {
          "archive": 86,
          "new_inputs": 84,
          "cumulative_inputs": 18321,
          "new_vrp_edges": 0,
          "new_base_edges": 0,
          "cumulative_vrp_edges": 0,
          "cumulative_base_edges": 0,
          "classifications": {
            "vrp_only": 0,
            "both": 0,
            "base_only": 0,
            "neither": 84
          }
        },
        {
          "archive": 87,
          "new_inputs": 39,
          "cumulative_inputs": 18360,
          "new_vrp_edges": 0,
          "new_base_edges": 0,
          "cumulative_vrp_edges": 0,
          "cumulative_base_edges": 0,
          "classifications": {
            "vrp_only": 0,
            "both": 0,
            "base_only": 0,
            "neither": 39
          }
        },
        {
          "archive": 88,
          "new_inputs": 11,
          "cumulative_inputs": 18371,
          "new_vrp_edges": 0,
          "new_base_edges": 0,
          "cumulative_vrp_edges": 0,
          "cumulative_base_edges": 0,
          "classifications": {
            "vrp_only": 0,
            "both": 0,
            "base_only": 0,
            "neither": 11
          }
        },
        {
          "archive": 89,
          "new_inputs": 11,
          "cumulative_inputs": 18382,
          "new_vrp_edges": 0,
          "new_base_edges": 0,
          "cumulative_vrp_edges": 0,
          "cumulative_base_edges": 0,
          "classifications": {
            "vrp_only": 0,
            "both": 0,
            "base_only": 0,
            "neither": 11
          }
        },
        {
          "archive": 90,
          "new_inputs": 10,
          "cumulative_inputs": 18392,
          "new_vrp_edges": 0,
          "new_base_edges": 0,
          "cumulative_vrp_edges": 0,
          "cumulative_base_edges": 0,
          "classifications": {
            "vrp_only": 0,
            "both": 0,
            "base_only": 0,
            "neither": 10
          }
        },
        {
          "archive": 91,
          "new_inputs": 10,
          "cumulative_inputs": 18402,
          "new_vrp_edges": 0,
          "new_base_edges": 0,
          "cumulative_vrp_edges": 0,
          "cumulative_base_edges": 0,
          "classifications": {
            "vrp_only": 0,
            "both": 0,
            "base_only": 0,
            "neither": 10
          }
        },
        {
          "archive": 92,
          "new_inputs": 9,
          "cumulative_inputs": 18411,
          "new_vrp_edges": 0,
          "new_base_edges": 0,
          "cumulative_vrp_edges": 0,
          "cumulative_base_edges": 0,
          "classifications": {
            "vrp_only": 0,
            "both": 0,
            "base_only": 0,
            "neither": 9
          }
        },
        {
          "archive": 93,
          "new_inputs": 76,
          "cumulative_inputs": 18487,
          "new_vrp_edges": 0,
          "new_base_edges": 0,
          "cumulative_vrp_edges": 0,
          "cumulative_base_edges": 0,
          "classifications": {
            "vrp_only": 0,
            "both": 0,
            "base_only": 0,
            "neither": 76
          }
        },
        {
          "archive": 94,
          "new_inputs": 29,
          "cumulative_inputs": 18516,
          "new_vrp_edges": 0,
          "new_base_edges": 0,
          "cumulative_vrp_edges": 0,
          "cumulative_base_edges": 0,
          "classifications": {
            "vrp_only": 0,
            "both": 0,
            "base_only": 0,
            "neither": 29
          }
        },
        {
          "archive": 95,
          "new_inputs": 17,
          "cumulative_inputs": 18533,
          "new_vrp_edges": 0,
          "new_base_edges": 0,
          "cumulative_vrp_edges": 0,
          "cumulative_base_edges": 0,
          "classifications": {
            "vrp_only": 0,
            "both": 0,
            "base_only": 0,
            "neither": 17
          }
        },
        {
          "archive": 96,
          "new_inputs": 0,
          "cumulative_inputs": 18533,
          "new_vrp_edges": 0,
          "new_base_edges": 0,
          "cumulative_vrp_edges": 0,
          "cumulative_base_edges": 0,
          "classifications": {
            "vrp_only": 0,
            "both": 0,
            "base_only": 0,
            "neither": 0
          }
        }
      ],
      "summary": {
        "total_inputs": 18533,
        "total_vrp_edges": 0,
        "total_base_edges": 0,
        "entanglement_rate": 0.0,
        "vrp_only_count": 0,
        "both_count": 0,
        "base_only_count": 0,
        "neither_count": 18533
      }
    },
    "vrp_bucket_entanglement": {
      "summary": {
        "total_inputs": 18533,
        "bucket_entanglement_rate": 0.0,
        "vrp_only": 0,
        "both": 0,
        "base_only": 0,
        "neither": 18533,
        "edge_neither_but_bucket_interesting": 0
      }
    },
    "vrp_gradient": {
      "summary": {
        "total_vrp_edges_seen": 0,
        "singleton_edges": 0,
        "low_freq_edges": 0,
        "high_freq_edges": 0,
        "vrp_exclusive_singletons": 0,
        "hit_count_distribution": {
          "1": 0,
          "2-3": 0,
          "4-10": 0,
          "11-50": 0,
          "51-200": 0,
          "200+": 0
        }
      }
    },
    "edge_growth": {
      "growth_curve": [
        {
          "archive": 0,
          "total_inputs": 2,
          "vrp_edges": 0,
          "base_edges": 0
        },
        {
          "archive": 1,
          "total_inputs": 6049,
          "vrp_edges": 0,
          "base_edges": 0
        },
        {
          "archive": 2,
          "total_inputs": 8072,
          "vrp_edges": 0,
          "base_edges": 0
        },
        {
          "archive": 3,
          "total_inputs": 9546,
          "vrp_edges": 0,
          "base_edges": 0
        },
        {
          "archive": 4,
          "total_inputs": 10788,
          "vrp_edges": 0,
          "base_edges": 0
        },
        {
          "archive": 5,
          "total_inputs": 11683,
          "vrp_edges": 0,
          "base_edges": 0
        },
        {
          "archive": 6,
          "total_inputs": 12287,
          "vrp_edges": 0,
          "base_edges": 0
        },
        {
          "archive": 7,
          "total_inputs": 12684,
          "vrp_edges": 0,
          "base_edges": 0
        },
        {
          "archive": 8,
          "total_inputs": 12852,
          "vrp_edges": 0,
          "base_edges": 0
        },
        {
          "archive": 9,
          "total_inputs": 12981,
          "vrp_edges": 0,
          "base_edges": 0
        },
        {
          "archive": 10,
          "total_inputs": 13160,
          "vrp_edges": 0,
          "base_edges": 0
        },
        {
          "archive": 11,
          "total_inputs": 13261,
          "vrp_edges": 0,
          "base_edges": 0
        },
        {
          "archive": 12,
          "total_inputs": 13363,
          "vrp_edges": 0,
          "base_edges": 0
        },
        {
          "archive": 13,
          "total_inputs": 13512,
          "vrp_edges": 0,
          "base_edges": 0
        },
        {
          "archive": 14,
          "total_inputs": 13637,
          "vrp_edges": 0,
          "base_edges": 0
        },
        {
          "archive": 15,
          "total_inputs": 13720,
          "vrp_edges": 0,
          "base_edges": 0
        },
        {
          "archive": 16,
          "total_inputs": 13788,
          "vrp_edges": 0,
          "base_edges": 0
        },
        {
          "archive": 17,
          "total_inputs": 13918,
          "vrp_edges": 0,
          "base_edges": 0
        },
        {
          "archive": 18,
          "total_inputs": 14235,
          "vrp_edges": 0,
          "base_edges": 0
        },
        {
          "archive": 19,
          "total_inputs": 14396,
          "vrp_edges": 0,
          "base_edges": 0
        },
        {
          "archive": 20,
          "total_inputs": 14492,
          "vrp_edges": 0,
          "base_edges": 0
        },
        {
          "archive": 21,
          "total_inputs": 14564,
          "vrp_edges": 0,
          "base_edges": 0
        },
        {
          "archive": 22,
          "total_inputs": 14655,
          "vrp_edges": 0,
          "base_edges": 0
        },
        {
          "archive": 23,
          "total_inputs": 14754,
          "vrp_edges": 0,
          "base_edges": 0
        },
        {
          "archive": 24,
          "total_inputs": 14968,
          "vrp_edges": 0,
          "base_edges": 0
        },
        {
          "archive": 25,
          "total_inputs": 15124,
          "vrp_edges": 0,
          "base_edges": 0
        },
        {
          "archive": 26,
          "total_inputs": 15186,
          "vrp_edges": 0,
          "base_edges": 0
        },
        {
          "archive": 27,
          "total_inputs": 15232,
          "vrp_edges": 0,
          "base_edges": 0
        },
        {
          "archive": 28,
          "total_inputs": 15271,
          "vrp_edges": 0,
          "base_edges": 0
        },
        {
          "archive": 29,
          "total_inputs": 15305,
          "vrp_edges": 0,
          "base_edges": 0
        },
        {
          "archive": 30,
          "total_inputs": 15339,
          "vrp_edges": 0,
          "base_edges": 0
        },
        {
          "archive": 31,
          "total_inputs": 15376,
          "vrp_edges": 0,
          "base_edges": 0
        },
        {
          "archive": 32,
          "total_inputs": 15410,
          "vrp_edges": 0,
          "base_edges": 0
        },
        {
          "archive": 33,
          "total_inputs": 15422,
          "vrp_edges": 0,
          "base_edges": 0
        },
        {
          "archive": 34,
          "total_inputs": 15462,
          "vrp_edges": 0,
          "base_edges": 0
        },
        {
          "archive": 35,
          "total_inputs": 15476,
          "vrp_edges": 0,
          "base_edges": 0
        },
        {
          "archive": 36,
          "total_inputs": 15492,
          "vrp_edges": 0,
          "base_edges": 0
        },
        {
          "archive": 37,
          "total_inputs": 15519,
          "vrp_edges": 0,
          "base_edges": 0
        },
        {
          "archive": 38,
          "total_inputs": 15574,
          "vrp_edges": 0,
          "base_edges": 0
        },
        {
          "archive": 39,
          "total_inputs": 15610,
          "vrp_edges": 0,
          "base_edges": 0
        },
        {
          "archive": 40,
          "total_inputs": 15648,
          "vrp_edges": 0,
          "base_edges": 0
        },
        {
          "archive": 41,
          "total_inputs": 15657,
          "vrp_edges": 0,
          "base_edges": 0
        },
        {
          "archive": 42,
          "total_inputs": 15672,
          "vrp_edges": 0,
          "base_edges": 0
        },
        {
          "archive": 43,
          "total_inputs": 15685,
          "vrp_edges": 0,
          "base_edges": 0
        },
        {
          "archive": 44,
          "total_inputs": 15709,
          "vrp_edges": 0,
          "base_edges": 0
        },
        {
          "archive": 45,
          "total_inputs": 15732,
          "vrp_edges": 0,
          "base_edges": 0
        },
        {
          "archive": 46,
          "total_inputs": 15756,
          "vrp_edges": 0,
          "base_edges": 0
        },
        {
          "archive": 47,
          "total_inputs": 16541,
          "vrp_edges": 0,
          "base_edges": 0
        },
        {
          "archive": 48,
          "total_inputs": 16891,
          "vrp_edges": 0,
          "base_edges": 0
        },
        {
          "archive": 49,
          "total_inputs": 16963,
          "vrp_edges": 0,
          "base_edges": 0
        },
        {
          "archive": 50,
          "total_inputs": 17000,
          "vrp_edges": 0,
          "base_edges": 0
        },
        {
          "archive": 51,
          "total_inputs": 17023,
          "vrp_edges": 0,
          "base_edges": 0
        },
        {
          "archive": 52,
          "total_inputs": 17045,
          "vrp_edges": 0,
          "base_edges": 0
        },
        {
          "archive": 53,
          "total_inputs": 17078,
          "vrp_edges": 0,
          "base_edges": 0
        },
        {
          "archive": 54,
          "total_inputs": 17231,
          "vrp_edges": 0,
          "base_edges": 0
        },
        {
          "archive": 55,
          "total_inputs": 17505,
          "vrp_edges": 0,
          "base_edges": 0
        },
        {
          "archive": 56,
          "total_inputs": 17576,
          "vrp_edges": 0,
          "base_edges": 0
        },
        {
          "archive": 57,
          "total_inputs": 17650,
          "vrp_edges": 0,
          "base_edges": 0
        },
        {
          "archive": 58,
          "total_inputs": 17702,
          "vrp_edges": 0,
          "base_edges": 0
        },
        {
          "archive": 59,
          "total_inputs": 17776,
          "vrp_edges": 0,
          "base_edges": 0
        },
        {
          "archive": 60,
          "total_inputs": 17856,
          "vrp_edges": 0,
          "base_edges": 0
        },
        {
          "archive": 61,
          "total_inputs": 17881,
          "vrp_edges": 0,
          "base_edges": 0
        },
        {
          "archive": 62,
          "total_inputs": 17888,
          "vrp_edges": 0,
          "base_edges": 0
        },
        {
          "archive": 63,
          "total_inputs": 17895,
          "vrp_edges": 0,
          "base_edges": 0
        },
        {
          "archive": 64,
          "total_inputs": 17935,
          "vrp_edges": 0,
          "base_edges": 0
        },
        {
          "archive": 65,
          "total_inputs": 17946,
          "vrp_edges": 0,
          "base_edges": 0
        },
        {
          "archive": 66,
          "total_inputs": 17956,
          "vrp_edges": 0,
          "base_edges": 0
        },
        {
          "archive": 67,
          "total_inputs": 18001,
          "vrp_edges": 0,
          "base_edges": 0
        },
        {
          "archive": 68,
          "total_inputs": 18016,
          "vrp_edges": 0,
          "base_edges": 0
        },
        {
          "archive": 69,
          "total_inputs": 18036,
          "vrp_edges": 0,
          "base_edges": 0
        },
        {
          "archive": 70,
          "total_inputs": 18042,
          "vrp_edges": 0,
          "base_edges": 0
        },
        {
          "archive": 71,
          "total_inputs": 18052,
          "vrp_edges": 0,
          "base_edges": 0
        },
        {
          "archive": 72,
          "total_inputs": 18066,
          "vrp_edges": 0,
          "base_edges": 0
        },
        {
          "archive": 73,
          "total_inputs": 18076,
          "vrp_edges": 0,
          "base_edges": 0
        },
        {
          "archive": 74,
          "total_inputs": 18086,
          "vrp_edges": 0,
          "base_edges": 0
        },
        {
          "archive": 75,
          "total_inputs": 18097,
          "vrp_edges": 0,
          "base_edges": 0
        },
        {
          "archive": 76,
          "total_inputs": 18111,
          "vrp_edges": 0,
          "base_edges": 0
        },
        {
          "archive": 77,
          "total_inputs": 18128,
          "vrp_edges": 0,
          "base_edges": 0
        },
        {
          "archive": 78,
          "total_inputs": 18139,
          "vrp_edges": 0,
          "base_edges": 0
        },
        {
          "archive": 79,
          "total_inputs": 18143,
          "vrp_edges": 0,
          "base_edges": 0
        },
        {
          "archive": 80,
          "total_inputs": 18159,
          "vrp_edges": 0,
          "base_edges": 0
        },
        {
          "archive": 81,
          "total_inputs": 18167,
          "vrp_edges": 0,
          "base_edges": 0
        },
        {
          "archive": 82,
          "total_inputs": 18193,
          "vrp_edges": 0,
          "base_edges": 0
        },
        {
          "archive": 83,
          "total_inputs": 18204,
          "vrp_edges": 0,
          "base_edges": 0
        },
        {
          "archive": 84,
          "total_inputs": 18225,
          "vrp_edges": 0,
          "base_edges": 0
        },
        {
          "archive": 85,
          "total_inputs": 18237,
          "vrp_edges": 0,
          "base_edges": 0
        },
        {
          "archive": 86,
          "total_inputs": 18321,
          "vrp_edges": 0,
          "base_edges": 0
        },
        {
          "archive": 87,
          "total_inputs": 18360,
          "vrp_edges": 0,
          "base_edges": 0
        },
        {
          "archive": 88,
          "total_inputs": 18371,
          "vrp_edges": 0,
          "base_edges": 0
        },
        {
          "archive": 89,
          "total_inputs": 18382,
          "vrp_edges": 0,
          "base_edges": 0
        },
        {
          "archive": 90,
          "total_inputs": 18392,
          "vrp_edges": 0,
          "base_edges": 0
        },
        {
          "archive": 91,
          "total_inputs": 18402,
          "vrp_edges": 0,
          "base_edges": 0
        },
        {
          "archive": 92,
          "total_inputs": 18411,
          "vrp_edges": 0,
          "base_edges": 0
        },
        {
          "archive": 93,
          "total_inputs": 18487,
          "vrp_edges": 0,
          "base_edges": 0
        },
        {
          "archive": 94,
          "total_inputs": 18516,
          "vrp_edges": 0,
          "base_edges": 0
        },
        {
          "archive": 95,
          "total_inputs": 18533,
          "vrp_edges": 0,
          "base_edges": 0
        },
        {
          "archive": 96,
          "total_inputs": 18533,
          "vrp_edges": 0,
          "base_edges": 0
        }
      ],
      "final_vrp_edges": 0,
      "final_base_edges": 0,
      "total_inputs": 18533
    },
    "speed": {
      "per_archive": [
        {
          "archive": 0,
          "inputs": 2,
          "mean_vrp_ms": 15.382,
          "mean_base_ms": 15.702,
          "overhead": 0.9796
        },
        {
          "archive": 1,
          "inputs": 6047,
          "mean_vrp_ms": 0.017,
          "mean_base_ms": 0.018,
          "overhead": 0.9613
        },
        {
          "archive": 2,
          "inputs": 2023,
          "mean_vrp_ms": 0.021,
          "mean_base_ms": 0.022,
          "overhead": 0.9343
        },
        {
          "archive": 3,
          "inputs": 1474,
          "mean_vrp_ms": 0.02,
          "mean_base_ms": 0.023,
          "overhead": 0.885
        },
        {
          "archive": 4,
          "inputs": 1242,
          "mean_vrp_ms": 0.022,
          "mean_base_ms": 0.025,
          "overhead": 0.8686
        },
        {
          "archive": 5,
          "inputs": 895,
          "mean_vrp_ms": 0.031,
          "mean_base_ms": 0.033,
          "overhead": 0.9372
        },
        {
          "archive": 6,
          "inputs": 604,
          "mean_vrp_ms": 0.038,
          "mean_base_ms": 0.035,
          "overhead": 1.0795
        },
        {
          "archive": 7,
          "inputs": 397,
          "mean_vrp_ms": 0.047,
          "mean_base_ms": 0.045,
          "overhead": 1.0391
        },
        {
          "archive": 8,
          "inputs": 168,
          "mean_vrp_ms": 0.089,
          "mean_base_ms": 0.086,
          "overhead": 1.0362
        },
        {
          "archive": 9,
          "inputs": 129,
          "mean_vrp_ms": 0.098,
          "mean_base_ms": 0.098,
          "overhead": 1.008
        },
        {
          "archive": 10,
          "inputs": 179,
          "mean_vrp_ms": 0.081,
          "mean_base_ms": 0.088,
          "overhead": 0.9286
        },
        {
          "archive": 11,
          "inputs": 101,
          "mean_vrp_ms": 0.154,
          "mean_base_ms": 0.136,
          "overhead": 1.1329
        },
        {
          "archive": 12,
          "inputs": 102,
          "mean_vrp_ms": 0.125,
          "mean_base_ms": 0.128,
          "overhead": 0.9716
        },
        {
          "archive": 13,
          "inputs": 149,
          "mean_vrp_ms": 0.081,
          "mean_base_ms": 0.09,
          "overhead": 0.9033
        },
        {
          "archive": 14,
          "inputs": 125,
          "mean_vrp_ms": 0.099,
          "mean_base_ms": 0.109,
          "overhead": 0.9116
        },
        {
          "archive": 15,
          "inputs": 83,
          "mean_vrp_ms": 0.159,
          "mean_base_ms": 0.178,
          "overhead": 0.8922
        },
        {
          "archive": 16,
          "inputs": 68,
          "mean_vrp_ms": 0.172,
          "mean_base_ms": 0.167,
          "overhead": 1.0294
        },
        {
          "archive": 17,
          "inputs": 130,
          "mean_vrp_ms": 0.084,
          "mean_base_ms": 0.098,
          "overhead": 0.8589
        },
        {
          "archive": 18,
          "inputs": 317,
          "mean_vrp_ms": 0.051,
          "mean_base_ms": 0.048,
          "overhead": 1.0631
        },
        {
          "archive": 19,
          "inputs": 161,
          "mean_vrp_ms": 0.096,
          "mean_base_ms": 0.088,
          "overhead": 1.0929
        },
        {
          "archive": 20,
          "inputs": 96,
          "mean_vrp_ms": 0.168,
          "mean_base_ms": 0.134,
          "overhead": 1.2507
        },
        {
          "archive": 21,
          "inputs": 72,
          "mean_vrp_ms": 0.179,
          "mean_base_ms": 0.169,
          "overhead": 1.0544
        },
        {
          "archive": 22,
          "inputs": 91,
          "mean_vrp_ms": 0.143,
          "mean_base_ms": 0.137,
          "overhead": 1.0392
        },
        {
          "archive": 23,
          "inputs": 99,
          "mean_vrp_ms": 0.152,
          "mean_base_ms": 0.15,
          "overhead": 1.0088
        },
        {
          "archive": 24,
          "inputs": 214,
          "mean_vrp_ms": 0.065,
          "mean_base_ms": 0.069,
          "overhead": 0.9403
        },
        {
          "archive": 25,
          "inputs": 156,
          "mean_vrp_ms": 0.118,
          "mean_base_ms": 0.087,
          "overhead": 1.3498
        },
        {
          "archive": 26,
          "inputs": 62,
          "mean_vrp_ms": 0.252,
          "mean_base_ms": 0.229,
          "overhead": 1.1029
        },
        {
          "archive": 27,
          "inputs": 46,
          "mean_vrp_ms": 0.295,
          "mean_base_ms": 0.27,
          "overhead": 1.0908
        },
        {
          "archive": 28,
          "inputs": 39,
          "mean_vrp_ms": 0.302,
          "mean_base_ms": 0.306,
          "overhead": 0.9866
        },
        {
          "archive": 29,
          "inputs": 34,
          "mean_vrp_ms": 0.338,
          "mean_base_ms": 0.329,
          "overhead": 1.0285
        },
        {
          "archive": 30,
          "inputs": 34,
          "mean_vrp_ms": 0.33,
          "mean_base_ms": 0.344,
          "overhead": 0.9595
        },
        {
          "archive": 31,
          "inputs": 37,
          "mean_vrp_ms": 0.328,
          "mean_base_ms": 0.331,
          "overhead": 0.9931
        },
        {
          "archive": 32,
          "inputs": 34,
          "mean_vrp_ms": 0.297,
          "mean_base_ms": 0.338,
          "overhead": 0.8805
        },
        {
          "archive": 33,
          "inputs": 12,
          "mean_vrp_ms": 1.177,
          "mean_base_ms": 0.934,
          "overhead": 1.2606
        },
        {
          "archive": 34,
          "inputs": 40,
          "mean_vrp_ms": 0.3,
          "mean_base_ms": 0.291,
          "overhead": 1.0319
        },
        {
          "archive": 35,
          "inputs": 14,
          "mean_vrp_ms": 0.874,
          "mean_base_ms": 0.908,
          "overhead": 0.9627
        },
        {
          "archive": 36,
          "inputs": 16,
          "mean_vrp_ms": 0.757,
          "mean_base_ms": 0.637,
          "overhead": 1.1887
        },
        {
          "archive": 37,
          "inputs": 27,
          "mean_vrp_ms": 0.425,
          "mean_base_ms": 0.424,
          "overhead": 1.0025
        },
        {
          "archive": 38,
          "inputs": 55,
          "mean_vrp_ms": 0.205,
          "mean_base_ms": 0.208,
          "overhead": 0.9836
        },
        {
          "archive": 39,
          "inputs": 36,
          "mean_vrp_ms": 0.339,
          "mean_base_ms": 0.397,
          "overhead": 0.8551
        },
        {
          "archive": 40,
          "inputs": 38,
          "mean_vrp_ms": 0.313,
          "mean_base_ms": 0.314,
          "overhead": 0.9968
        },
        {
          "archive": 41,
          "inputs": 9,
          "mean_vrp_ms": 1.506,
          "mean_base_ms": 1.637,
          "overhead": 0.92
        },
        {
          "archive": 42,
          "inputs": 15,
          "mean_vrp_ms": 0.685,
          "mean_base_ms": 0.745,
          "overhead": 0.9196
        },
        {
          "archive": 43,
          "inputs": 13,
          "mean_vrp_ms": 0.824,
          "mean_base_ms": 0.905,
          "overhead": 0.9105
        },
        {
          "archive": 44,
          "inputs": 24,
          "mean_vrp_ms": 0.598,
          "mean_base_ms": 0.514,
          "overhead": 1.1638
        },
        {
          "archive": 45,
          "inputs": 23,
          "mean_vrp_ms": 0.491,
          "mean_base_ms": 0.422,
          "overhead": 1.1631
        },
        {
          "archive": 46,
          "inputs": 24,
          "mean_vrp_ms": 0.561,
          "mean_base_ms": 0.5,
          "overhead": 1.1207
        },
        {
          "archive": 47,
          "inputs": 785,
          "mean_vrp_ms": 0.028,
          "mean_base_ms": 0.031,
          "overhead": 0.9101
        },
        {
          "archive": 48,
          "inputs": 350,
          "mean_vrp_ms": 0.054,
          "mean_base_ms": 0.045,
          "overhead": 1.2101
        },
        {
          "archive": 49,
          "inputs": 72,
          "mean_vrp_ms": 0.205,
          "mean_base_ms": 0.195,
          "overhead": 1.0563
        },
        {
          "archive": 50,
          "inputs": 37,
          "mean_vrp_ms": 0.445,
          "mean_base_ms": 0.484,
          "overhead": 0.9197
        },
        {
          "archive": 51,
          "inputs": 23,
          "mean_vrp_ms": 0.508,
          "mean_base_ms": 0.457,
          "overhead": 1.1125
        },
        {
          "archive": 52,
          "inputs": 22,
          "mean_vrp_ms": 0.724,
          "mean_base_ms": 0.622,
          "overhead": 1.1625
        },
        {
          "archive": 53,
          "inputs": 33,
          "mean_vrp_ms": 0.462,
          "mean_base_ms": 0.372,
          "overhead": 1.2421
        },
        {
          "archive": 54,
          "inputs": 153,
          "mean_vrp_ms": 0.098,
          "mean_base_ms": 0.112,
          "overhead": 0.8763
        },
        {
          "archive": 55,
          "inputs": 274,
          "mean_vrp_ms": 0.063,
          "mean_base_ms": 0.054,
          "overhead": 1.1732
        },
        {
          "archive": 56,
          "inputs": 71,
          "mean_vrp_ms": 0.232,
          "mean_base_ms": 0.171,
          "overhead": 1.3555
        },
        {
          "archive": 57,
          "inputs": 74,
          "mean_vrp_ms": 0.172,
          "mean_base_ms": 0.168,
          "overhead": 1.024
        },
        {
          "archive": 58,
          "inputs": 52,
          "mean_vrp_ms": 0.275,
          "mean_base_ms": 0.227,
          "overhead": 1.2132
        },
        {
          "archive": 59,
          "inputs": 74,
          "mean_vrp_ms": 0.16,
          "mean_base_ms": 0.179,
          "overhead": 0.8939
        },
        {
          "archive": 60,
          "inputs": 80,
          "mean_vrp_ms": 0.193,
          "mean_base_ms": 0.157,
          "overhead": 1.2337
        },
        {
          "archive": 61,
          "inputs": 25,
          "mean_vrp_ms": 0.419,
          "mean_base_ms": 0.464,
          "overhead": 0.9022
        },
        {
          "archive": 62,
          "inputs": 7,
          "mean_vrp_ms": 1.616,
          "mean_base_ms": 1.59,
          "overhead": 1.0165
        },
        {
          "archive": 63,
          "inputs": 7,
          "mean_vrp_ms": 1.814,
          "mean_base_ms": 1.624,
          "overhead": 1.1176
        },
        {
          "archive": 64,
          "inputs": 40,
          "mean_vrp_ms": 0.313,
          "mean_base_ms": 0.284,
          "overhead": 1.1024
        },
        {
          "archive": 65,
          "inputs": 11,
          "mean_vrp_ms": 1.096,
          "mean_base_ms": 1.257,
          "overhead": 0.8723
        },
        {
          "archive": 66,
          "inputs": 10,
          "mean_vrp_ms": 1.178,
          "mean_base_ms": 1.36,
          "overhead": 0.866
        },
        {
          "archive": 67,
          "inputs": 45,
          "mean_vrp_ms": 0.276,
          "mean_base_ms": 0.266,
          "overhead": 1.039
        },
        {
          "archive": 68,
          "inputs": 15,
          "mean_vrp_ms": 0.964,
          "mean_base_ms": 0.78,
          "overhead": 1.236
        },
        {
          "archive": 69,
          "inputs": 20,
          "mean_vrp_ms": 0.72,
          "mean_base_ms": 0.664,
          "overhead": 1.0846
        },
        {
          "archive": 70,
          "inputs": 6,
          "mean_vrp_ms": 2.349,
          "mean_base_ms": 1.782,
          "overhead": 1.3184
        },
        {
          "archive": 71,
          "inputs": 10,
          "mean_vrp_ms": 1.319,
          "mean_base_ms": 1.32,
          "overhead": 0.9991
        },
        {
          "archive": 72,
          "inputs": 14,
          "mean_vrp_ms": 0.871,
          "mean_base_ms": 0.764,
          "overhead": 1.1406
        },
        {
          "archive": 73,
          "inputs": 10,
          "mean_vrp_ms": 1.171,
          "mean_base_ms": 1.095,
          "overhead": 1.0687
        },
        {
          "archive": 74,
          "inputs": 10,
          "mean_vrp_ms": 1.423,
          "mean_base_ms": 1.139,
          "overhead": 1.2502
        },
        {
          "archive": 75,
          "inputs": 11,
          "mean_vrp_ms": 1.21,
          "mean_base_ms": 1.029,
          "overhead": 1.1758
        },
        {
          "archive": 76,
          "inputs": 14,
          "mean_vrp_ms": 0.873,
          "mean_base_ms": 0.897,
          "overhead": 0.9731
        },
        {
          "archive": 77,
          "inputs": 17,
          "mean_vrp_ms": 0.767,
          "mean_base_ms": 0.865,
          "overhead": 0.8869
        },
        {
          "archive": 78,
          "inputs": 11,
          "mean_vrp_ms": 1.382,
          "mean_base_ms": 1.053,
          "overhead": 1.3125
        },
        {
          "archive": 79,
          "inputs": 4,
          "mean_vrp_ms": 3.803,
          "mean_base_ms": 3.131,
          "overhead": 1.2145
        },
        {
          "archive": 80,
          "inputs": 16,
          "mean_vrp_ms": 0.75,
          "mean_base_ms": 0.69,
          "overhead": 1.0864
        },
        {
          "archive": 81,
          "inputs": 8,
          "mean_vrp_ms": 1.481,
          "mean_base_ms": 1.427,
          "overhead": 1.0376
        },
        {
          "archive": 82,
          "inputs": 26,
          "mean_vrp_ms": 0.429,
          "mean_base_ms": 0.447,
          "overhead": 0.9586
        },
        {
          "archive": 83,
          "inputs": 11,
          "mean_vrp_ms": 1.282,
          "mean_base_ms": 1.118,
          "overhead": 1.1474
        },
        {
          "archive": 84,
          "inputs": 21,
          "mean_vrp_ms": 0.515,
          "mean_base_ms": 0.579,
          "overhead": 0.8905
        },
        {
          "archive": 85,
          "inputs": 12,
          "mean_vrp_ms": 1.257,
          "mean_base_ms": 0.971,
          "overhead": 1.2949
        },
        {
          "archive": 86,
          "inputs": 84,
          "mean_vrp_ms": 0.19,
          "mean_base_ms": 0.155,
          "overhead": 1.221
        },
        {
          "archive": 87,
          "inputs": 39,
          "mean_vrp_ms": 0.336,
          "mean_base_ms": 0.318,
          "overhead": 1.0587
        },
        {
          "archive": 88,
          "inputs": 11,
          "mean_vrp_ms": 0.95,
          "mean_base_ms": 1.038,
          "overhead": 0.915
        },
        {
          "archive": 89,
          "inputs": 11,
          "mean_vrp_ms": 1.142,
          "mean_base_ms": 1.016,
          "overhead": 1.1234
        },
        {
          "archive": 90,
          "inputs": 10,
          "mean_vrp_ms": 1.107,
          "mean_base_ms": 1.074,
          "overhead": 1.0306
        },
        {
          "archive": 91,
          "inputs": 10,
          "mean_vrp_ms": 1.25,
          "mean_base_ms": 1.147,
          "overhead": 1.0901
        },
        {
          "archive": 92,
          "inputs": 9,
          "mean_vrp_ms": 1.426,
          "mean_base_ms": 1.465,
          "overhead": 0.9731
        },
        {
          "archive": 93,
          "inputs": 76,
          "mean_vrp_ms": 0.158,
          "mean_base_ms": 0.139,
          "overhead": 1.1334
        },
        {
          "archive": 94,
          "inputs": 29,
          "mean_vrp_ms": 0.563,
          "mean_base_ms": 0.439,
          "overhead": 1.2821
        },
        {
          "archive": 95,
          "inputs": 17,
          "mean_vrp_ms": 0.8,
          "mean_base_ms": 0.656,
          "overhead": 1.2199
        },
        {
          "archive": 96,
          "inputs": 0,
          "mean_vrp_ms": 0.0,
          "mean_base_ms": 0.0,
          "overhead": 0.0
        }
      ],
      "summary": {
        "total_inputs": 18533,
        "vrp_mean_ms": 0.08,
        "vrp_median_ms": 0.021,
        "vrp_p95_ms": 0.313,
        "vrp_p99_ms": 1.096,
        "base_mean_ms": 0.077,
        "base_median_ms": 0.023,
        "base_p95_ms": 0.314,
        "base_p99_ms": 0.971,
        "mean_overhead": 1.0325
      }
    }
  }
}