{
  "experiment": "vrp-unfold-eval-big04",
  "benchmark": "freetype2_ftfuzzer",
  "fuzzer": "aflplusplus_vrp_lto",
  "instance": "48257",
  "archives_processed": 97,
  "total_inputs": 15968,
  "elapsed_seconds": 26.9,
  "analyzer_results": {
    "vrp_hit_entanglement": {
      "per_archive": [
        {
          "archive": 0,
          "new_inputs": 2,
          "cumulative_inputs": 2,
          "new_vrp_edges": 0,
          "new_base_edges": 0,
          "cumulative_vrp_edges": 0,
          "cumulative_base_edges": 0,
          "classifications": {
            "vrp_only": 0,
            "both": 0,
            "base_only": 0,
            "neither": 2
          }
        },
        {
          "archive": 1,
          "new_inputs": 6144,
          "cumulative_inputs": 6146,
          "new_vrp_edges": 0,
          "new_base_edges": 0,
          "cumulative_vrp_edges": 0,
          "cumulative_base_edges": 0,
          "classifications": {
            "vrp_only": 0,
            "both": 0,
            "base_only": 0,
            "neither": 6144
          }
        },
        {
          "archive": 2,
          "new_inputs": 2247,
          "cumulative_inputs": 8393,
          "new_vrp_edges": 0,
          "new_base_edges": 0,
          "cumulative_vrp_edges": 0,
          "cumulative_base_edges": 0,
          "classifications": {
            "vrp_only": 0,
            "both": 0,
            "base_only": 0,
            "neither": 2247
          }
        },
        {
          "archive": 3,
          "new_inputs": 1297,
          "cumulative_inputs": 9690,
          "new_vrp_edges": 0,
          "new_base_edges": 0,
          "cumulative_vrp_edges": 0,
          "cumulative_base_edges": 0,
          "classifications": {
            "vrp_only": 0,
            "both": 0,
            "base_only": 0,
            "neither": 1297
          }
        },
        {
          "archive": 4,
          "new_inputs": 920,
          "cumulative_inputs": 10610,
          "new_vrp_edges": 0,
          "new_base_edges": 0,
          "cumulative_vrp_edges": 0,
          "cumulative_base_edges": 0,
          "classifications": {
            "vrp_only": 0,
            "both": 0,
            "base_only": 0,
            "neither": 920
          }
        },
        {
          "archive": 5,
          "new_inputs": 633,
          "cumulative_inputs": 11243,
          "new_vrp_edges": 0,
          "new_base_edges": 0,
          "cumulative_vrp_edges": 0,
          "cumulative_base_edges": 0,
          "classifications": {
            "vrp_only": 0,
            "both": 0,
            "base_only": 0,
            "neither": 633
          }
        },
        {
          "archive": 6,
          "new_inputs": 276,
          "cumulative_inputs": 11519,
          "new_vrp_edges": 0,
          "new_base_edges": 0,
          "cumulative_vrp_edges": 0,
          "cumulative_base_edges": 0,
          "classifications": {
            "vrp_only": 0,
            "both": 0,
            "base_only": 0,
            "neither": 276
          }
        },
        {
          "archive": 7,
          "new_inputs": 172,
          "cumulative_inputs": 11691,
          "new_vrp_edges": 0,
          "new_base_edges": 0,
          "cumulative_vrp_edges": 0,
          "cumulative_base_edges": 0,
          "classifications": {
            "vrp_only": 0,
            "both": 0,
            "base_only": 0,
            "neither": 172
          }
        },
        {
          "archive": 8,
          "new_inputs": 149,
          "cumulative_inputs": 11840,
          "new_vrp_edges": 0,
          "new_base_edges": 0,
          "cumulative_vrp_edges": 0,
          "cumulative_base_edges": 0,
          "classifications": {
            "vrp_only": 0,
            "both": 0,
            "base_only": 0,
            "neither": 149
          }
        },
        {
          "archive": 9,
          "new_inputs": 88,
          "cumulative_inputs": 11928,
          "new_vrp_edges": 0,
          "new_base_edges": 0,
          "cumulative_vrp_edges": 0,
          "cumulative_base_edges": 0,
          "classifications": {
            "vrp_only": 0,
            "both": 0,
            "base_only": 0,
            "neither": 88
          }
        },
        {
          "archive": 10,
          "new_inputs": 205,
          "cumulative_inputs": 12133,
          "new_vrp_edges": 0,
          "new_base_edges": 0,
          "cumulative_vrp_edges": 0,
          "cumulative_base_edges": 0,
          "classifications": {
            "vrp_only": 0,
            "both": 0,
            "base_only": 0,
            "neither": 205
          }
        },
        {
          "archive": 11,
          "new_inputs": 93,
          "cumulative_inputs": 12226,
          "new_vrp_edges": 0,
          "new_base_edges": 0,
          "cumulative_vrp_edges": 0,
          "cumulative_base_edges": 0,
          "classifications": {
            "vrp_only": 0,
            "both": 0,
            "base_only": 0,
            "neither": 93
          }
        },
        {
          "archive": 12,
          "new_inputs": 150,
          "cumulative_inputs": 12376,
          "new_vrp_edges": 0,
          "new_base_edges": 0,
          "cumulative_vrp_edges": 0,
          "cumulative_base_edges": 0,
          "classifications": {
            "vrp_only": 0,
            "both": 0,
            "base_only": 0,
            "neither": 150
          }
        },
        {
          "archive": 13,
          "new_inputs": 62,
          "cumulative_inputs": 12438,
          "new_vrp_edges": 0,
          "new_base_edges": 0,
          "cumulative_vrp_edges": 0,
          "cumulative_base_edges": 0,
          "classifications": {
            "vrp_only": 0,
            "both": 0,
            "base_only": 0,
            "neither": 62
          }
        },
        {
          "archive": 14,
          "new_inputs": 45,
          "cumulative_inputs": 12483,
          "new_vrp_edges": 0,
          "new_base_edges": 0,
          "cumulative_vrp_edges": 0,
          "cumulative_base_edges": 0,
          "classifications": {
            "vrp_only": 0,
            "both": 0,
            "base_only": 0,
            "neither": 45
          }
        },
        {
          "archive": 15,
          "new_inputs": 38,
          "cumulative_inputs": 12521,
          "new_vrp_edges": 0,
          "new_base_edges": 0,
          "cumulative_vrp_edges": 0,
          "cumulative_base_edges": 0,
          "classifications": {
            "vrp_only": 0,
            "both": 0,
            "base_only": 0,
            "neither": 38
          }
        },
        {
          "archive": 16,
          "new_inputs": 48,
          "cumulative_inputs": 12569,
          "new_vrp_edges": 0,
          "new_base_edges": 0,
          "cumulative_vrp_edges": 0,
          "cumulative_base_edges": 0,
          "classifications": {
            "vrp_only": 0,
            "both": 0,
            "base_only": 0,
            "neither": 48
          }
        },
        {
          "archive": 17,
          "new_inputs": 112,
          "cumulative_inputs": 12681,
          "new_vrp_edges": 0,
          "new_base_edges": 0,
          "cumulative_vrp_edges": 0,
          "cumulative_base_edges": 0,
          "classifications": {
            "vrp_only": 0,
            "both": 0,
            "base_only": 0,
            "neither": 112
          }
        },
        {
          "archive": 18,
          "new_inputs": 63,
          "cumulative_inputs": 12744,
          "new_vrp_edges": 0,
          "new_base_edges": 0,
          "cumulative_vrp_edges": 0,
          "cumulative_base_edges": 0,
          "classifications": {
            "vrp_only": 0,
            "both": 0,
            "base_only": 0,
            "neither": 63
          }
        },
        {
          "archive": 19,
          "new_inputs": 43,
          "cumulative_inputs": 12787,
          "new_vrp_edges": 0,
          "new_base_edges": 0,
          "cumulative_vrp_edges": 0,
          "cumulative_base_edges": 0,
          "classifications": {
            "vrp_only": 0,
            "both": 0,
            "base_only": 0,
            "neither": 43
          }
        },
        {
          "archive": 20,
          "new_inputs": 33,
          "cumulative_inputs": 12820,
          "new_vrp_edges": 0,
          "new_base_edges": 0,
          "cumulative_vrp_edges": 0,
          "cumulative_base_edges": 0,
          "classifications": {
            "vrp_only": 0,
            "both": 0,
            "base_only": 0,
            "neither": 33
          }
        },
        {
          "archive": 21,
          "new_inputs": 66,
          "cumulative_inputs": 12886,
          "new_vrp_edges": 0,
          "new_base_edges": 0,
          "cumulative_vrp_edges": 0,
          "cumulative_base_edges": 0,
          "classifications": {
            "vrp_only": 0,
            "both": 0,
            "base_only": 0,
            "neither": 66
          }
        },
        {
          "archive": 22,
          "new_inputs": 67,
          "cumulative_inputs": 12953,
          "new_vrp_edges": 0,
          "new_base_edges": 0,
          "cumulative_vrp_edges": 0,
          "cumulative_base_edges": 0,
          "classifications": {
            "vrp_only": 0,
            "both": 0,
            "base_only": 0,
            "neither": 67
          }
        },
        {
          "archive": 23,
          "new_inputs": 33,
          "cumulative_inputs": 12986,
          "new_vrp_edges": 0,
          "new_base_edges": 0,
          "cumulative_vrp_edges": 0,
          "cumulative_base_edges": 0,
          "classifications": {
            "vrp_only": 0,
            "both": 0,
            "base_only": 0,
            "neither": 33
          }
        },
        {
          "archive": 24,
          "new_inputs": 255,
          "cumulative_inputs": 13241,
          "new_vrp_edges": 0,
          "new_base_edges": 0,
          "cumulative_vrp_edges": 0,
          "cumulative_base_edges": 0,
          "classifications": {
            "vrp_only": 0,
            "both": 0,
            "base_only": 0,
            "neither": 255
          }
        },
        {
          "archive": 25,
          "new_inputs": 163,
          "cumulative_inputs": 13404,
          "new_vrp_edges": 0,
          "new_base_edges": 0,
          "cumulative_vrp_edges": 0,
          "cumulative_base_edges": 0,
          "classifications": {
            "vrp_only": 0,
            "both": 0,
            "base_only": 0,
            "neither": 163
          }
        },
        {
          "archive": 26,
          "new_inputs": 93,
          "cumulative_inputs": 13497,
          "new_vrp_edges": 0,
          "new_base_edges": 0,
          "cumulative_vrp_edges": 0,
          "cumulative_base_edges": 0,
          "classifications": {
            "vrp_only": 0,
            "both": 0,
            "base_only": 0,
            "neither": 93
          }
        },
        {
          "archive": 27,
          "new_inputs": 76,
          "cumulative_inputs": 13573,
          "new_vrp_edges": 0,
          "new_base_edges": 0,
          "cumulative_vrp_edges": 0,
          "cumulative_base_edges": 0,
          "classifications": {
            "vrp_only": 0,
            "both": 0,
            "base_only": 0,
            "neither": 76
          }
        },
        {
          "archive": 28,
          "new_inputs": 30,
          "cumulative_inputs": 13603,
          "new_vrp_edges": 0,
          "new_base_edges": 0,
          "cumulative_vrp_edges": 0,
          "cumulative_base_edges": 0,
          "classifications": {
            "vrp_only": 0,
            "both": 0,
            "base_only": 0,
            "neither": 30
          }
        },
        {
          "archive": 29,
          "new_inputs": 64,
          "cumulative_inputs": 13667,
          "new_vrp_edges": 0,
          "new_base_edges": 0,
          "cumulative_vrp_edges": 0,
          "cumulative_base_edges": 0,
          "classifications": {
            "vrp_only": 0,
            "both": 0,
            "base_only": 0,
            "neither": 64
          }
        },
        {
          "archive": 30,
          "new_inputs": 61,
          "cumulative_inputs": 13728,
          "new_vrp_edges": 0,
          "new_base_edges": 0,
          "cumulative_vrp_edges": 0,
          "cumulative_base_edges": 0,
          "classifications": {
            "vrp_only": 0,
            "both": 0,
            "base_only": 0,
            "neither": 61
          }
        },
        {
          "archive": 31,
          "new_inputs": 38,
          "cumulative_inputs": 13766,
          "new_vrp_edges": 0,
          "new_base_edges": 0,
          "cumulative_vrp_edges": 0,
          "cumulative_base_edges": 0,
          "classifications": {
            "vrp_only": 0,
            "both": 0,
            "base_only": 0,
            "neither": 38
          }
        },
        {
          "archive": 32,
          "new_inputs": 23,
          "cumulative_inputs": 13789,
          "new_vrp_edges": 0,
          "new_base_edges": 0,
          "cumulative_vrp_edges": 0,
          "cumulative_base_edges": 0,
          "classifications": {
            "vrp_only": 0,
            "both": 0,
            "base_only": 0,
            "neither": 23
          }
        },
        {
          "archive": 33,
          "new_inputs": 30,
          "cumulative_inputs": 13819,
          "new_vrp_edges": 0,
          "new_base_edges": 0,
          "cumulative_vrp_edges": 0,
          "cumulative_base_edges": 0,
          "classifications": {
            "vrp_only": 0,
            "both": 0,
            "base_only": 0,
            "neither": 30
          }
        },
        {
          "archive": 34,
          "new_inputs": 31,
          "cumulative_inputs": 13850,
          "new_vrp_edges": 0,
          "new_base_edges": 0,
          "cumulative_vrp_edges": 0,
          "cumulative_base_edges": 0,
          "classifications": {
            "vrp_only": 0,
            "both": 0,
            "base_only": 0,
            "neither": 31
          }
        },
        {
          "archive": 35,
          "new_inputs": 22,
          "cumulative_inputs": 13872,
          "new_vrp_edges": 0,
          "new_base_edges": 0,
          "cumulative_vrp_edges": 0,
          "cumulative_base_edges": 0,
          "classifications": {
            "vrp_only": 0,
            "both": 0,
            "base_only": 0,
            "neither": 22
          }
        },
        {
          "archive": 36,
          "new_inputs": 26,
          "cumulative_inputs": 13898,
          "new_vrp_edges": 0,
          "new_base_edges": 0,
          "cumulative_vrp_edges": 0,
          "cumulative_base_edges": 0,
          "classifications": {
            "vrp_only": 0,
            "both": 0,
            "base_only": 0,
            "neither": 26
          }
        },
        {
          "archive": 37,
          "new_inputs": 9,
          "cumulative_inputs": 13907,
          "new_vrp_edges": 0,
          "new_base_edges": 0,
          "cumulative_vrp_edges": 0,
          "cumulative_base_edges": 0,
          "classifications": {
            "vrp_only": 0,
            "both": 0,
            "base_only": 0,
            "neither": 9
          }
        },
        {
          "archive": 38,
          "new_inputs": 11,
          "cumulative_inputs": 13918,
          "new_vrp_edges": 0,
          "new_base_edges": 0,
          "cumulative_vrp_edges": 0,
          "cumulative_base_edges": 0,
          "classifications": {
            "vrp_only": 0,
            "both": 0,
            "base_only": 0,
            "neither": 11
          }
        },
        {
          "archive": 39,
          "new_inputs": 15,
          "cumulative_inputs": 13933,
          "new_vrp_edges": 0,
          "new_base_edges": 0,
          "cumulative_vrp_edges": 0,
          "cumulative_base_edges": 0,
          "classifications": {
            "vrp_only": 0,
            "both": 0,
            "base_only": 0,
            "neither": 15
          }
        },
        {
          "archive": 40,
          "new_inputs": 29,
          "cumulative_inputs": 13962,
          "new_vrp_edges": 0,
          "new_base_edges": 0,
          "cumulative_vrp_edges": 0,
          "cumulative_base_edges": 0,
          "classifications": {
            "vrp_only": 0,
            "both": 0,
            "base_only": 0,
            "neither": 29
          }
        },
        {
          "archive": 41,
          "new_inputs": 21,
          "cumulative_inputs": 13983,
          "new_vrp_edges": 0,
          "new_base_edges": 0,
          "cumulative_vrp_edges": 0,
          "cumulative_base_edges": 0,
          "classifications": {
            "vrp_only": 0,
            "both": 0,
            "base_only": 0,
            "neither": 21
          }
        },
        {
          "archive": 42,
          "new_inputs": 31,
          "cumulative_inputs": 14014,
          "new_vrp_edges": 0,
          "new_base_edges": 0,
          "cumulative_vrp_edges": 0,
          "cumulative_base_edges": 0,
          "classifications": {
            "vrp_only": 0,
            "both": 0,
            "base_only": 0,
            "neither": 31
          }
        },
        {
          "archive": 43,
          "new_inputs": 22,
          "cumulative_inputs": 14036,
          "new_vrp_edges": 0,
          "new_base_edges": 0,
          "cumulative_vrp_edges": 0,
          "cumulative_base_edges": 0,
          "classifications": {
            "vrp_only": 0,
            "both": 0,
            "base_only": 0,
            "neither": 22
          }
        },
        {
          "archive": 44,
          "new_inputs": 38,
          "cumulative_inputs": 14074,
          "new_vrp_edges": 0,
          "new_base_edges": 0,
          "cumulative_vrp_edges": 0,
          "cumulative_base_edges": 0,
          "classifications": {
            "vrp_only": 0,
            "both": 0,
            "base_only": 0,
            "neither": 38
          }
        },
        {
          "archive": 45,
          "new_inputs": 27,
          "cumulative_inputs": 14101,
          "new_vrp_edges": 0,
          "new_base_edges": 0,
          "cumulative_vrp_edges": 0,
          "cumulative_base_edges": 0,
          "classifications": {
            "vrp_only": 0,
            "both": 0,
            "base_only": 0,
            "neither": 27
          }
        },
        {
          "archive": 46,
          "new_inputs": 33,
          "cumulative_inputs": 14134,
          "new_vrp_edges": 0,
          "new_base_edges": 0,
          "cumulative_vrp_edges": 0,
          "cumulative_base_edges": 0,
          "classifications": {
            "vrp_only": 0,
            "both": 0,
            "base_only": 0,
            "neither": 33
          }
        },
        {
          "archive": 47,
          "new_inputs": 21,
          "cumulative_inputs": 14155,
          "new_vrp_edges": 0,
          "new_base_edges": 0,
          "cumulative_vrp_edges": 0,
          "cumulative_base_edges": 0,
          "classifications": {
            "vrp_only": 0,
            "both": 0,
            "base_only": 0,
            "neither": 21
          }
        },
        {
          "archive": 48,
          "new_inputs": 77,
          "cumulative_inputs": 14232,
          "new_vrp_edges": 0,
          "new_base_edges": 0,
          "cumulative_vrp_edges": 0,
          "cumulative_base_edges": 0,
          "classifications": {
            "vrp_only": 0,
            "both": 0,
            "base_only": 0,
            "neither": 77
          }
        },
        {
          "archive": 49,
          "new_inputs": 115,
          "cumulative_inputs": 14347,
          "new_vrp_edges": 0,
          "new_base_edges": 0,
          "cumulative_vrp_edges": 0,
          "cumulative_base_edges": 0,
          "classifications": {
            "vrp_only": 0,
            "both": 0,
            "base_only": 0,
            "neither": 115
          }
        },
        {
          "archive": 50,
          "new_inputs": 54,
          "cumulative_inputs": 14401,
          "new_vrp_edges": 0,
          "new_base_edges": 0,
          "cumulative_vrp_edges": 0,
          "cumulative_base_edges": 0,
          "classifications": {
            "vrp_only": 0,
            "both": 0,
            "base_only": 0,
            "neither": 54
          }
        },
        {
          "archive": 51,
          "new_inputs": 16,
          "cumulative_inputs": 14417,
          "new_vrp_edges": 0,
          "new_base_edges": 0,
          "cumulative_vrp_edges": 0,
          "cumulative_base_edges": 0,
          "classifications": {
            "vrp_only": 0,
            "both": 0,
            "base_only": 0,
            "neither": 16
          }
        },
        {
          "archive": 52,
          "new_inputs": 45,
          "cumulative_inputs": 14462,
          "new_vrp_edges": 0,
          "new_base_edges": 0,
          "cumulative_vrp_edges": 0,
          "cumulative_base_edges": 0,
          "classifications": {
            "vrp_only": 0,
            "both": 0,
            "base_only": 0,
            "neither": 45
          }
        },
        {
          "archive": 53,
          "new_inputs": 42,
          "cumulative_inputs": 14504,
          "new_vrp_edges": 0,
          "new_base_edges": 0,
          "cumulative_vrp_edges": 0,
          "cumulative_base_edges": 0,
          "classifications": {
            "vrp_only": 0,
            "both": 0,
            "base_only": 0,
            "neither": 42
          }
        },
        {
          "archive": 54,
          "new_inputs": 53,
          "cumulative_inputs": 14557,
          "new_vrp_edges": 0,
          "new_base_edges": 0,
          "cumulative_vrp_edges": 0,
          "cumulative_base_edges": 0,
          "classifications": {
            "vrp_only": 0,
            "both": 0,
            "base_only": 0,
            "neither": 53
          }
        },
        {
          "archive": 55,
          "new_inputs": 4,
          "cumulative_inputs": 14561,
          "new_vrp_edges": 0,
          "new_base_edges": 0,
          "cumulative_vrp_edges": 0,
          "cumulative_base_edges": 0,
          "classifications": {
            "vrp_only": 0,
            "both": 0,
            "base_only": 0,
            "neither": 4
          }
        },
        {
          "archive": 56,
          "new_inputs": 6,
          "cumulative_inputs": 14567,
          "new_vrp_edges": 0,
          "new_base_edges": 0,
          "cumulative_vrp_edges": 0,
          "cumulative_base_edges": 0,
          "classifications": {
            "vrp_only": 0,
            "both": 0,
            "base_only": 0,
            "neither": 6
          }
        },
        {
          "archive": 57,
          "new_inputs": 11,
          "cumulative_inputs": 14578,
          "new_vrp_edges": 0,
          "new_base_edges": 0,
          "cumulative_vrp_edges": 0,
          "cumulative_base_edges": 0,
          "classifications": {
            "vrp_only": 0,
            "both": 0,
            "base_only": 0,
            "neither": 11
          }
        },
        {
          "archive": 58,
          "new_inputs": 14,
          "cumulative_inputs": 14592,
          "new_vrp_edges": 0,
          "new_base_edges": 0,
          "cumulative_vrp_edges": 0,
          "cumulative_base_edges": 0,
          "classifications": {
            "vrp_only": 0,
            "both": 0,
            "base_only": 0,
            "neither": 14
          }
        },
        {
          "archive": 59,
          "new_inputs": 73,
          "cumulative_inputs": 14665,
          "new_vrp_edges": 0,
          "new_base_edges": 0,
          "cumulative_vrp_edges": 0,
          "cumulative_base_edges": 0,
          "classifications": {
            "vrp_only": 0,
            "both": 0,
            "base_only": 0,
            "neither": 73
          }
        },
        {
          "archive": 60,
          "new_inputs": 270,
          "cumulative_inputs": 14935,
          "new_vrp_edges": 0,
          "new_base_edges": 0,
          "cumulative_vrp_edges": 0,
          "cumulative_base_edges": 0,
          "classifications": {
            "vrp_only": 0,
            "both": 0,
            "base_only": 0,
            "neither": 270
          }
        },
        {
          "archive": 61,
          "new_inputs": 160,
          "cumulative_inputs": 15095,
          "new_vrp_edges": 0,
          "new_base_edges": 0,
          "cumulative_vrp_edges": 0,
          "cumulative_base_edges": 0,
          "classifications": {
            "vrp_only": 0,
            "both": 0,
            "base_only": 0,
            "neither": 160
          }
        },
        {
          "archive": 62,
          "new_inputs": 62,
          "cumulative_inputs": 15157,
          "new_vrp_edges": 0,
          "new_base_edges": 0,
          "cumulative_vrp_edges": 0,
          "cumulative_base_edges": 0,
          "classifications": {
            "vrp_only": 0,
            "both": 0,
            "base_only": 0,
            "neither": 62
          }
        },
        {
          "archive": 63,
          "new_inputs": 40,
          "cumulative_inputs": 15197,
          "new_vrp_edges": 0,
          "new_base_edges": 0,
          "cumulative_vrp_edges": 0,
          "cumulative_base_edges": 0,
          "classifications": {
            "vrp_only": 0,
            "both": 0,
            "base_only": 0,
            "neither": 40
          }
        },
        {
          "archive": 64,
          "new_inputs": 40,
          "cumulative_inputs": 15237,
          "new_vrp_edges": 0,
          "new_base_edges": 0,
          "cumulative_vrp_edges": 0,
          "cumulative_base_edges": 0,
          "classifications": {
            "vrp_only": 0,
            "both": 0,
            "base_only": 0,
            "neither": 40
          }
        },
        {
          "archive": 65,
          "new_inputs": 30,
          "cumulative_inputs": 15267,
          "new_vrp_edges": 0,
          "new_base_edges": 0,
          "cumulative_vrp_edges": 0,
          "cumulative_base_edges": 0,
          "classifications": {
            "vrp_only": 0,
            "both": 0,
            "base_only": 0,
            "neither": 30
          }
        },
        {
          "archive": 66,
          "new_inputs": 7,
          "cumulative_inputs": 15274,
          "new_vrp_edges": 0,
          "new_base_edges": 0,
          "cumulative_vrp_edges": 0,
          "cumulative_base_edges": 0,
          "classifications": {
            "vrp_only": 0,
            "both": 0,
            "base_only": 0,
            "neither": 7
          }
        },
        {
          "archive": 67,
          "new_inputs": 20,
          "cumulative_inputs": 15294,
          "new_vrp_edges": 0,
          "new_base_edges": 0,
          "cumulative_vrp_edges": 0,
          "cumulative_base_edges": 0,
          "classifications": {
            "vrp_only": 0,
            "both": 0,
            "base_only": 0,
            "neither": 20
          }
        },
        {
          "archive": 68,
          "new_inputs": 13,
          "cumulative_inputs": 15307,
          "new_vrp_edges": 0,
          "new_base_edges": 0,
          "cumulative_vrp_edges": 0,
          "cumulative_base_edges": 0,
          "classifications": {
            "vrp_only": 0,
            "both": 0,
            "base_only": 0,
            "neither": 13
          }
        },
        {
          "archive": 69,
          "new_inputs": 29,
          "cumulative_inputs": 15336,
          "new_vrp_edges": 0,
          "new_base_edges": 0,
          "cumulative_vrp_edges": 0,
          "cumulative_base_edges": 0,
          "classifications": {
            "vrp_only": 0,
            "both": 0,
            "base_only": 0,
            "neither": 29
          }
        },
        {
          "archive": 70,
          "new_inputs": 24,
          "cumulative_inputs": 15360,
          "new_vrp_edges": 0,
          "new_base_edges": 0,
          "cumulative_vrp_edges": 0,
          "cumulative_base_edges": 0,
          "classifications": {
            "vrp_only": 0,
            "both": 0,
            "base_only": 0,
            "neither": 24
          }
        },
        {
          "archive": 71,
          "new_inputs": 21,
          "cumulative_inputs": 15381,
          "new_vrp_edges": 0,
          "new_base_edges": 0,
          "cumulative_vrp_edges": 0,
          "cumulative_base_edges": 0,
          "classifications": {
            "vrp_only": 0,
            "both": 0,
            "base_only": 0,
            "neither": 21
          }
        },
        {
          "archive": 72,
          "new_inputs": 35,
          "cumulative_inputs": 15416,
          "new_vrp_edges": 0,
          "new_base_edges": 0,
          "cumulative_vrp_edges": 0,
          "cumulative_base_edges": 0,
          "classifications": {
            "vrp_only": 0,
            "both": 0,
            "base_only": 0,
            "neither": 35
          }
        },
        {
          "archive": 73,
          "new_inputs": 15,
          "cumulative_inputs": 15431,
          "new_vrp_edges": 0,
          "new_base_edges": 0,
          "cumulative_vrp_edges": 0,
          "cumulative_base_edges": 0,
          "classifications": {
            "vrp_only": 0,
            "both": 0,
            "base_only": 0,
            "neither": 15
          }
        },
        {
          "archive": 74,
          "new_inputs": 14,
          "cumulative_inputs": 15445,
          "new_vrp_edges": 0,
          "new_base_edges": 0,
          "cumulative_vrp_edges": 0,
          "cumulative_base_edges": 0,
          "classifications": {
            "vrp_only": 0,
            "both": 0,
            "base_only": 0,
            "neither": 14
          }
        },
        {
          "archive": 75,
          "new_inputs": 15,
          "cumulative_inputs": 15460,
          "new_vrp_edges": 0,
          "new_base_edges": 0,
          "cumulative_vrp_edges": 0,
          "cumulative_base_edges": 0,
          "classifications": {
            "vrp_only": 0,
            "both": 0,
            "base_only": 0,
            "neither": 15
          }
        },
        {
          "archive": 76,
          "new_inputs": 53,
          "cumulative_inputs": 15513,
          "new_vrp_edges": 0,
          "new_base_edges": 0,
          "cumulative_vrp_edges": 0,
          "cumulative_base_edges": 0,
          "classifications": {
            "vrp_only": 0,
            "both": 0,
            "base_only": 0,
            "neither": 53
          }
        },
        {
          "archive": 77,
          "new_inputs": 11,
          "cumulative_inputs": 15524,
          "new_vrp_edges": 0,
          "new_base_edges": 0,
          "cumulative_vrp_edges": 0,
          "cumulative_base_edges": 0,
          "classifications": {
            "vrp_only": 0,
            "both": 0,
            "base_only": 0,
            "neither": 11
          }
        },
        {
          "archive": 78,
          "new_inputs": 8,
          "cumulative_inputs": 15532,
          "new_vrp_edges": 0,
          "new_base_edges": 0,
          "cumulative_vrp_edges": 0,
          "cumulative_base_edges": 0,
          "classifications": {
            "vrp_only": 0,
            "both": 0,
            "base_only": 0,
            "neither": 8
          }
        },
        {
          "archive": 79,
          "new_inputs": 8,
          "cumulative_inputs": 15540,
          "new_vrp_edges": 0,
          "new_base_edges": 0,
          "cumulative_vrp_edges": 0,
          "cumulative_base_edges": 0,
          "classifications": {
            "vrp_only": 0,
            "both": 0,
            "base_only": 0,
            "neither": 8
          }
        },
        {
          "archive": 80,
          "new_inputs": 6,
          "cumulative_inputs": 15546,
          "new_vrp_edges": 0,
          "new_base_edges": 0,
          "cumulative_vrp_edges": 0,
          "cumulative_base_edges": 0,
          "classifications": {
            "vrp_only": 0,
            "both": 0,
            "base_only": 0,
            "neither": 6
          }
        },
        {
          "archive": 81,
          "new_inputs": 9,
          "cumulative_inputs": 15555,
          "new_vrp_edges": 0,
          "new_base_edges": 0,
          "cumulative_vrp_edges": 0,
          "cumulative_base_edges": 0,
          "classifications": {
            "vrp_only": 0,
            "both": 0,
            "base_only": 0,
            "neither": 9
          }
        },
        {
          "archive": 82,
          "new_inputs": 28,
          "cumulative_inputs": 15583,
          "new_vrp_edges": 0,
          "new_base_edges": 0,
          "cumulative_vrp_edges": 0,
          "cumulative_base_edges": 0,
          "classifications": {
            "vrp_only": 0,
            "both": 0,
            "base_only": 0,
            "neither": 28
          }
        },
        {
          "archive": 83,
          "new_inputs": 11,
          "cumulative_inputs": 15594,
          "new_vrp_edges": 0,
          "new_base_edges": 0,
          "cumulative_vrp_edges": 0,
          "cumulative_base_edges": 0,
          "classifications": {
            "vrp_only": 0,
            "both": 0,
            "base_only": 0,
            "neither": 11
          }
        },
        {
          "archive": 84,
          "new_inputs": 10,
          "cumulative_inputs": 15604,
          "new_vrp_edges": 0,
          "new_base_edges": 0,
          "cumulative_vrp_edges": 0,
          "cumulative_base_edges": 0,
          "classifications": {
            "vrp_only": 0,
            "both": 0,
            "base_only": 0,
            "neither": 10
          }
        },
        {
          "archive": 85,
          "new_inputs": 6,
          "cumulative_inputs": 15610,
          "new_vrp_edges": 0,
          "new_base_edges": 0,
          "cumulative_vrp_edges": 0,
          "cumulative_base_edges": 0,
          "classifications": {
            "vrp_only": 0,
            "both": 0,
            "base_only": 0,
            "neither": 6
          }
        },
        {
          "archive": 86,
          "new_inputs": 4,
          "cumulative_inputs": 15614,
          "new_vrp_edges": 0,
          "new_base_edges": 0,
          "cumulative_vrp_edges": 0,
          "cumulative_base_edges": 0,
          "classifications": {
            "vrp_only": 0,
            "both": 0,
            "base_only": 0,
            "neither": 4
          }
        },
        {
          "archive": 87,
          "new_inputs": 30,
          "cumulative_inputs": 15644,
          "new_vrp_edges": 0,
          "new_base_edges": 0,
          "cumulative_vrp_edges": 0,
          "cumulative_base_edges": 0,
          "classifications": {
            "vrp_only": 0,
            "both": 0,
            "base_only": 0,
            "neither": 30
          }
        },
        {
          "archive": 88,
          "new_inputs": 15,
          "cumulative_inputs": 15659,
          "new_vrp_edges": 0,
          "new_base_edges": 0,
          "cumulative_vrp_edges": 0,
          "cumulative_base_edges": 0,
          "classifications": {
            "vrp_only": 0,
            "both": 0,
            "base_only": 0,
            "neither": 15
          }
        },
        {
          "archive": 89,
          "new_inputs": 7,
          "cumulative_inputs": 15666,
          "new_vrp_edges": 0,
          "new_base_edges": 0,
          "cumulative_vrp_edges": 0,
          "cumulative_base_edges": 0,
          "classifications": {
            "vrp_only": 0,
            "both": 0,
            "base_only": 0,
            "neither": 7
          }
        },
        {
          "archive": 90,
          "new_inputs": 160,
          "cumulative_inputs": 15826,
          "new_vrp_edges": 0,
          "new_base_edges": 0,
          "cumulative_vrp_edges": 0,
          "cumulative_base_edges": 0,
          "classifications": {
            "vrp_only": 0,
            "both": 0,
            "base_only": 0,
            "neither": 160
          }
        },
        {
          "archive": 91,
          "new_inputs": 64,
          "cumulative_inputs": 15890,
          "new_vrp_edges": 0,
          "new_base_edges": 0,
          "cumulative_vrp_edges": 0,
          "cumulative_base_edges": 0,
          "classifications": {
            "vrp_only": 0,
            "both": 0,
            "base_only": 0,
            "neither": 64
          }
        },
        {
          "archive": 92,
          "new_inputs": 25,
          "cumulative_inputs": 15915,
          "new_vrp_edges": 0,
          "new_base_edges": 0,
          "cumulative_vrp_edges": 0,
          "cumulative_base_edges": 0,
          "classifications": {
            "vrp_only": 0,
            "both": 0,
            "base_only": 0,
            "neither": 25
          }
        },
        {
          "archive": 93,
          "new_inputs": 13,
          "cumulative_inputs": 15928,
          "new_vrp_edges": 0,
          "new_base_edges": 0,
          "cumulative_vrp_edges": 0,
          "cumulative_base_edges": 0,
          "classifications": {
            "vrp_only": 0,
            "both": 0,
            "base_only": 0,
            "neither": 13
          }
        },
        {
          "archive": 94,
          "new_inputs": 21,
          "cumulative_inputs": 15949,
          "new_vrp_edges": 0,
          "new_base_edges": 0,
          "cumulative_vrp_edges": 0,
          "cumulative_base_edges": 0,
          "classifications": {
            "vrp_only": 0,
            "both": 0,
            "base_only": 0,
            "neither": 21
          }
        },
        {
          "archive": 95,
          "new_inputs": 19,
          "cumulative_inputs": 15968,
          "new_vrp_edges": 0,
          "new_base_edges": 0,
          "cumulative_vrp_edges": 0,
          "cumulative_base_edges": 0,
          "classifications": {
            "vrp_only": 0,
            "both": 0,
            "base_only": 0,
            "neither": 19
          }
        },
        {
          "archive": 96,
          "new_inputs": 0,
          "cumulative_inputs": 15968,
          "new_vrp_edges": 0,
          "new_base_edges": 0,
          "cumulative_vrp_edges": 0,
          "cumulative_base_edges": 0,
          "classifications": {
            "vrp_only": 0,
            "both": 0,
            "base_only": 0,
            "neither": 0
          }
        }
      ],
      "summary": {
        "total_inputs": 15968,
        "total_vrp_edges": 0,
        "total_base_edges": 0,
        "entanglement_rate": 0.0,
        "vrp_only_count": 0,
        "both_count": 0,
        "base_only_count": 0,
        "neither_count": 15968
      }
    },
    "vrp_bucket_entanglement": {
      "summary": {
        "total_inputs": 15968,
        "bucket_entanglement_rate": 0.0,
        "vrp_only": 0,
        "both": 0,
        "base_only": 0,
        "neither": 15968,
        "edge_neither_but_bucket_interesting": 0
      }
    },
    "vrp_gradient": {
      "summary": {
        "total_vrp_edges_seen": 0,
        "singleton_edges": 0,
        "low_freq_edges": 0,
        "high_freq_edges": 0,
        "vrp_exclusive_singletons": 0,
        "hit_count_distribution": {
          "1": 0,
          "2-3": 0,
          "4-10": 0,
          "11-50": 0,
          "51-200": 0,
          "200+": 0
        }
      }
    },
    "edge_growth": {
      "growth_curve": [
        {
          "archive": 0,
          "total_inputs": 2,
          "vrp_edges": 0,
          "base_edges": 0
        },
        {
          "archive": 1,
          "total_inputs": 6146,
          "vrp_edges": 0,
          "base_edges": 0
        },
        {
          "archive": 2,
          "total_inputs": 8393,
          "vrp_edges": 0,
          "base_edges": 0
        },
        {
          "archive": 3,
          "total_inputs": 9690,
          "vrp_edges": 0,
          "base_edges": 0
        },
        {
          "archive": 4,
          "total_inputs": 10610,
          "vrp_edges": 0,
          "base_edges": 0
        },
        {
          "archive": 5,
          "total_inputs": 11243,
          "vrp_edges": 0,
          "base_edges": 0
        },
        {
          "archive": 6,
          "total_inputs": 11519,
          "vrp_edges": 0,
          "base_edges": 0
        },
        {
          "archive": 7,
          "total_inputs": 11691,
          "vrp_edges": 0,
          "base_edges": 0
        },
        {
          "archive": 8,
          "total_inputs": 11840,
          "vrp_edges": 0,
          "base_edges": 0
        },
        {
          "archive": 9,
          "total_inputs": 11928,
          "vrp_edges": 0,
          "base_edges": 0
        },
        {
          "archive": 10,
          "total_inputs": 12133,
          "vrp_edges": 0,
          "base_edges": 0
        },
        {
          "archive": 11,
          "total_inputs": 12226,
          "vrp_edges": 0,
          "base_edges": 0
        },
        {
          "archive": 12,
          "total_inputs": 12376,
          "vrp_edges": 0,
          "base_edges": 0
        },
        {
          "archive": 13,
          "total_inputs": 12438,
          "vrp_edges": 0,
          "base_edges": 0
        },
        {
          "archive": 14,
          "total_inputs": 12483,
          "vrp_edges": 0,
          "base_edges": 0
        },
        {
          "archive": 15,
          "total_inputs": 12521,
          "vrp_edges": 0,
          "base_edges": 0
        },
        {
          "archive": 16,
          "total_inputs": 12569,
          "vrp_edges": 0,
          "base_edges": 0
        },
        {
          "archive": 17,
          "total_inputs": 12681,
          "vrp_edges": 0,
          "base_edges": 0
        },
        {
          "archive": 18,
          "total_inputs": 12744,
          "vrp_edges": 0,
          "base_edges": 0
        },
        {
          "archive": 19,
          "total_inputs": 12787,
          "vrp_edges": 0,
          "base_edges": 0
        },
        {
          "archive": 20,
          "total_inputs": 12820,
          "vrp_edges": 0,
          "base_edges": 0
        },
        {
          "archive": 21,
          "total_inputs": 12886,
          "vrp_edges": 0,
          "base_edges": 0
        },
        {
          "archive": 22,
          "total_inputs": 12953,
          "vrp_edges": 0,
          "base_edges": 0
        },
        {
          "archive": 23,
          "total_inputs": 12986,
          "vrp_edges": 0,
          "base_edges": 0
        },
        {
          "archive": 24,
          "total_inputs": 13241,
          "vrp_edges": 0,
          "base_edges": 0
        },
        {
          "archive": 25,
          "total_inputs": 13404,
          "vrp_edges": 0,
          "base_edges": 0
        },
        {
          "archive": 26,
          "total_inputs": 13497,
          "vrp_edges": 0,
          "base_edges": 0
        },
        {
          "archive": 27,
          "total_inputs": 13573,
          "vrp_edges": 0,
          "base_edges": 0
        },
        {
          "archive": 28,
          "total_inputs": 13603,
          "vrp_edges": 0,
          "base_edges": 0
        },
        {
          "archive": 29,
          "total_inputs": 13667,
          "vrp_edges": 0,
          "base_edges": 0
        },
        {
          "archive": 30,
          "total_inputs": 13728,
          "vrp_edges": 0,
          "base_edges": 0
        },
        {
          "archive": 31,
          "total_inputs": 13766,
          "vrp_edges": 0,
          "base_edges": 0
        },
        {
          "archive": 32,
          "total_inputs": 13789,
          "vrp_edges": 0,
          "base_edges": 0
        },
        {
          "archive": 33,
          "total_inputs": 13819,
          "vrp_edges": 0,
          "base_edges": 0
        },
        {
          "archive": 34,
          "total_inputs": 13850,
          "vrp_edges": 0,
          "base_edges": 0
        },
        {
          "archive": 35,
          "total_inputs": 13872,
          "vrp_edges": 0,
          "base_edges": 0
        },
        {
          "archive": 36,
          "total_inputs": 13898,
          "vrp_edges": 0,
          "base_edges": 0
        },
        {
          "archive": 37,
          "total_inputs": 13907,
          "vrp_edges": 0,
          "base_edges": 0
        },
        {
          "archive": 38,
          "total_inputs": 13918,
          "vrp_edges": 0,
          "base_edges": 0
        },
        {
          "archive": 39,
          "total_inputs": 13933,
          "vrp_edges": 0,
          "base_edges": 0
        },
        {
          "archive": 40,
          "total_inputs": 13962,
          "vrp_edges": 0,
          "base_edges": 0
        },
        {
          "archive": 41,
          "total_inputs": 13983,
          "vrp_edges": 0,
          "base_edges": 0
        },
        {
          "archive": 42,
          "total_inputs": 14014,
          "vrp_edges": 0,
          "base_edges": 0
        },
        {
          "archive": 43,
          "total_inputs": 14036,
          "vrp_edges": 0,
          "base_edges": 0
        },
        {
          "archive": 44,
          "total_inputs": 14074,
          "vrp_edges": 0,
          "base_edges": 0
        },
        {
          "archive": 45,
          "total_inputs": 14101,
          "vrp_edges": 0,
          "base_edges": 0
        },
        {
          "archive": 46,
          "total_inputs": 14134,
          "vrp_edges": 0,
          "base_edges": 0
        },
        {
          "archive": 47,
          "total_inputs": 14155,
          "vrp_edges": 0,
          "base_edges": 0
        },
        {
          "archive": 48,
          "total_inputs": 14232,
          "vrp_edges": 0,
          "base_edges": 0
        },
        {
          "archive": 49,
          "total_inputs": 14347,
          "vrp_edges": 0,
          "base_edges": 0
        },
        {
          "archive": 50,
          "total_inputs": 14401,
          "vrp_edges": 0,
          "base_edges": 0
        },
        {
          "archive": 51,
          "total_inputs": 14417,
          "vrp_edges": 0,
          "base_edges": 0
        },
        {
          "archive": 52,
          "total_inputs": 14462,
          "vrp_edges": 0,
          "base_edges": 0
        },
        {
          "archive": 53,
          "total_inputs": 14504,
          "vrp_edges": 0,
          "base_edges": 0
        },
        {
          "archive": 54,
          "total_inputs": 14557,
          "vrp_edges": 0,
          "base_edges": 0
        },
        {
          "archive": 55,
          "total_inputs": 14561,
          "vrp_edges": 0,
          "base_edges": 0
        },
        {
          "archive": 56,
          "total_inputs": 14567,
          "vrp_edges": 0,
          "base_edges": 0
        },
        {
          "archive": 57,
          "total_inputs": 14578,
          "vrp_edges": 0,
          "base_edges": 0
        },
        {
          "archive": 58,
          "total_inputs": 14592,
          "vrp_edges": 0,
          "base_edges": 0
        },
        {
          "archive": 59,
          "total_inputs": 14665,
          "vrp_edges": 0,
          "base_edges": 0
        },
        {
          "archive": 60,
          "total_inputs": 14935,
          "vrp_edges": 0,
          "base_edges": 0
        },
        {
          "archive": 61,
          "total_inputs": 15095,
          "vrp_edges": 0,
          "base_edges": 0
        },
        {
          "archive": 62,
          "total_inputs": 15157,
          "vrp_edges": 0,
          "base_edges": 0
        },
        {
          "archive": 63,
          "total_inputs": 15197,
          "vrp_edges": 0,
          "base_edges": 0
        },
        {
          "archive": 64,
          "total_inputs": 15237,
          "vrp_edges": 0,
          "base_edges": 0
        },
        {
          "archive": 65,
          "total_inputs": 15267,
          "vrp_edges": 0,
          "base_edges": 0
        },
        {
          "archive": 66,
          "total_inputs": 15274,
          "vrp_edges": 0,
          "base_edges": 0
        },
        {
          "archive": 67,
          "total_inputs": 15294,
          "vrp_edges": 0,
          "base_edges": 0
        },
        {
          "archive": 68,
          "total_inputs": 15307,
          "vrp_edges": 0,
          "base_edges": 0
        },
        {
          "archive": 69,
          "total_inputs": 15336,
          "vrp_edges": 0,
          "base_edges": 0
        },
        {
          "archive": 70,
          "total_inputs": 15360,
          "vrp_edges": 0,
          "base_edges": 0
        },
        {
          "archive": 71,
          "total_inputs": 15381,
          "vrp_edges": 0,
          "base_edges": 0
        },
        {
          "archive": 72,
          "total_inputs": 15416,
          "vrp_edges": 0,
          "base_edges": 0
        },
        {
          "archive": 73,
          "total_inputs": 15431,
          "vrp_edges": 0,
          "base_edges": 0
        },
        {
          "archive": 74,
          "total_inputs": 15445,
          "vrp_edges": 0,
          "base_edges": 0
        },
        {
          "archive": 75,
          "total_inputs": 15460,
          "vrp_edges": 0,
          "base_edges": 0
        },
        {
          "archive": 76,
          "total_inputs": 15513,
          "vrp_edges": 0,
          "base_edges": 0
        },
        {
          "archive": 77,
          "total_inputs": 15524,
          "vrp_edges": 0,
          "base_edges": 0
        },
        {
          "archive": 78,
          "total_inputs": 15532,
          "vrp_edges": 0,
          "base_edges": 0
        },
        {
          "archive": 79,
          "total_inputs": 15540,
          "vrp_edges": 0,
          "base_edges": 0
        },
        {
          "archive": 80,
          "total_inputs": 15546,
          "vrp_edges": 0,
          "base_edges": 0
        },
        {
          "archive": 81,
          "total_inputs": 15555,
          "vrp_edges": 0,
          "base_edges": 0
        },
        {
          "archive": 82,
          "total_inputs": 15583,
          "vrp_edges": 0,
          "base_edges": 0
        },
        {
          "archive": 83,
          "total_inputs": 15594,
          "vrp_edges": 0,
          "base_edges": 0
        },
        {
          "archive": 84,
          "total_inputs": 15604,
          "vrp_edges": 0,
          "base_edges": 0
        },
        {
          "archive": 85,
          "total_inputs": 15610,
          "vrp_edges": 0,
          "base_edges": 0
        },
        {
          "archive": 86,
          "total_inputs": 15614,
          "vrp_edges": 0,
          "base_edges": 0
        },
        {
          "archive": 87,
          "total_inputs": 15644,
          "vrp_edges": 0,
          "base_edges": 0
        },
        {
          "archive": 88,
          "total_inputs": 15659,
          "vrp_edges": 0,
          "base_edges": 0
        },
        {
          "archive": 89,
          "total_inputs": 15666,
          "vrp_edges": 0,
          "base_edges": 0
        },
        {
          "archive": 90,
          "total_inputs": 15826,
          "vrp_edges": 0,
          "base_edges": 0
        },
        {
          "archive": 91,
          "total_inputs": 15890,
          "vrp_edges": 0,
          "base_edges": 0
        },
        {
          "archive": 92,
          "total_inputs": 15915,
          "vrp_edges": 0,
          "base_edges": 0
        },
        {
          "archive": 93,
          "total_inputs": 15928,
          "vrp_edges": 0,
          "base_edges": 0
        },
        {
          "archive": 94,
          "total_inputs": 15949,
          "vrp_edges": 0,
          "base_edges": 0
        },
        {
          "archive": 95,
          "total_inputs": 15968,
          "vrp_edges": 0,
          "base_edges": 0
        },
        {
          "archive": 96,
          "total_inputs": 15968,
          "vrp_edges": 0,
          "base_edges": 0
        }
      ],
      "final_vrp_edges": 0,
      "final_base_edges": 0,
      "total_inputs": 15968
    },
    "speed": {
      "per_archive": [
        {
          "archive": 0,
          "inputs": 2,
          "mean_vrp_ms": 9.175,
          "mean_base_ms": 9.064,
          "overhead": 1.0122
        },
        {
          "archive": 1,
          "inputs": 6144,
          "mean_vrp_ms": 0.021,
          "mean_base_ms": 0.021,
          "overhead": 0.9771
        },
        {
          "archive": 2,
          "inputs": 2247,
          "mean_vrp_ms": 0.025,
          "mean_base_ms": 0.025,
          "overhead": 1.0088
        },
        {
          "archive": 3,
          "inputs": 1297,
          "mean_vrp_ms": 0.029,
          "mean_base_ms": 0.028,
          "overhead": 1.0121
        },
        {
          "archive": 4,
          "inputs": 920,
          "mean_vrp_ms": 0.031,
          "mean_base_ms": 0.03,
          "overhead": 1.0158
        },
        {
          "archive": 5,
          "inputs": 633,
          "mean_vrp_ms": 0.037,
          "mean_base_ms": 0.038,
          "overhead": 0.9817
        },
        {
          "archive": 6,
          "inputs": 276,
          "mean_vrp_ms": 0.051,
          "mean_base_ms": 0.06,
          "overhead": 0.8581
        },
        {
          "archive": 7,
          "inputs": 172,
          "mean_vrp_ms": 0.076,
          "mean_base_ms": 0.086,
          "overhead": 0.8874
        },
        {
          "archive": 8,
          "inputs": 149,
          "mean_vrp_ms": 0.102,
          "mean_base_ms": 0.082,
          "overhead": 1.2417
        },
        {
          "archive": 9,
          "inputs": 88,
          "mean_vrp_ms": 0.163,
          "mean_base_ms": 0.162,
          "overhead": 1.0042
        },
        {
          "archive": 10,
          "inputs": 205,
          "mean_vrp_ms": 0.066,
          "mean_base_ms": 0.07,
          "overhead": 0.9387
        },
        {
          "archive": 11,
          "inputs": 93,
          "mean_vrp_ms": 0.181,
          "mean_base_ms": 0.165,
          "overhead": 1.0967
        },
        {
          "archive": 12,
          "inputs": 150,
          "mean_vrp_ms": 0.09,
          "mean_base_ms": 0.123,
          "overhead": 0.737
        },
        {
          "archive": 13,
          "inputs": 62,
          "mean_vrp_ms": 0.179,
          "mean_base_ms": 0.22,
          "overhead": 0.8151
        },
        {
          "archive": 14,
          "inputs": 45,
          "mean_vrp_ms": 0.314,
          "mean_base_ms": 0.301,
          "overhead": 1.0415
        },
        {
          "archive": 15,
          "inputs": 38,
          "mean_vrp_ms": 0.273,
          "mean_base_ms": 0.318,
          "overhead": 0.857
        },
        {
          "archive": 16,
          "inputs": 48,
          "mean_vrp_ms": 0.268,
          "mean_base_ms": 0.262,
          "overhead": 1.0255
        },
        {
          "archive": 17,
          "inputs": 112,
          "mean_vrp_ms": 0.1,
          "mean_base_ms": 0.123,
          "overhead": 0.8085
        },
        {
          "archive": 18,
          "inputs": 63,
          "mean_vrp_ms": 0.215,
          "mean_base_ms": 0.182,
          "overhead": 1.1823
        },
        {
          "archive": 19,
          "inputs": 43,
          "mean_vrp_ms": 0.332,
          "mean_base_ms": 0.308,
          "overhead": 1.0774
        },
        {
          "archive": 20,
          "inputs": 33,
          "mean_vrp_ms": 0.386,
          "mean_base_ms": 0.405,
          "overhead": 0.9533
        },
        {
          "archive": 21,
          "inputs": 66,
          "mean_vrp_ms": 0.175,
          "mean_base_ms": 0.192,
          "overhead": 0.9153
        },
        {
          "archive": 22,
          "inputs": 67,
          "mean_vrp_ms": 0.227,
          "mean_base_ms": 0.2,
          "overhead": 1.1364
        },
        {
          "archive": 23,
          "inputs": 33,
          "mean_vrp_ms": 0.434,
          "mean_base_ms": 0.377,
          "overhead": 1.1526
        },
        {
          "archive": 24,
          "inputs": 255,
          "mean_vrp_ms": 0.082,
          "mean_base_ms": 0.078,
          "overhead": 1.0594
        },
        {
          "archive": 25,
          "inputs": 163,
          "mean_vrp_ms": 0.08,
          "mean_base_ms": 0.086,
          "overhead": 0.9308
        },
        {
          "archive": 26,
          "inputs": 93,
          "mean_vrp_ms": 0.17,
          "mean_base_ms": 0.145,
          "overhead": 1.1738
        },
        {
          "archive": 27,
          "inputs": 76,
          "mean_vrp_ms": 0.153,
          "mean_base_ms": 0.159,
          "overhead": 0.9609
        },
        {
          "archive": 28,
          "inputs": 30,
          "mean_vrp_ms": 0.453,
          "mean_base_ms": 0.4,
          "overhead": 1.13
        },
        {
          "archive": 29,
          "inputs": 64,
          "mean_vrp_ms": 0.217,
          "mean_base_ms": 0.223,
          "overhead": 0.9727
        },
        {
          "archive": 30,
          "inputs": 61,
          "mean_vrp_ms": 0.235,
          "mean_base_ms": 0.209,
          "overhead": 1.1215
        },
        {
          "archive": 31,
          "inputs": 38,
          "mean_vrp_ms": 0.377,
          "mean_base_ms": 0.299,
          "overhead": 1.2621
        },
        {
          "archive": 32,
          "inputs": 23,
          "mean_vrp_ms": 0.6,
          "mean_base_ms": 0.55,
          "overhead": 1.0893
        },
        {
          "archive": 33,
          "inputs": 30,
          "mean_vrp_ms": 0.444,
          "mean_base_ms": 0.425,
          "overhead": 1.0437
        },
        {
          "archive": 34,
          "inputs": 31,
          "mean_vrp_ms": 0.386,
          "mean_base_ms": 0.375,
          "overhead": 1.0299
        },
        {
          "archive": 35,
          "inputs": 22,
          "mean_vrp_ms": 0.498,
          "mean_base_ms": 0.702,
          "overhead": 0.7095
        },
        {
          "archive": 36,
          "inputs": 26,
          "mean_vrp_ms": 0.447,
          "mean_base_ms": 0.424,
          "overhead": 1.0537
        },
        {
          "archive": 37,
          "inputs": 9,
          "mean_vrp_ms": 1.394,
          "mean_base_ms": 1.414,
          "overhead": 0.9859
        },
        {
          "archive": 38,
          "inputs": 11,
          "mean_vrp_ms": 1.322,
          "mean_base_ms": 1.164,
          "overhead": 1.1358
        },
        {
          "archive": 39,
          "inputs": 15,
          "mean_vrp_ms": 0.917,
          "mean_base_ms": 0.919,
          "overhead": 0.9978
        },
        {
          "archive": 40,
          "inputs": 29,
          "mean_vrp_ms": 0.55,
          "mean_base_ms": 0.473,
          "overhead": 1.1619
        },
        {
          "archive": 41,
          "inputs": 21,
          "mean_vrp_ms": 0.635,
          "mean_base_ms": 0.533,
          "overhead": 1.1913
        },
        {
          "archive": 42,
          "inputs": 31,
          "mean_vrp_ms": 0.462,
          "mean_base_ms": 0.401,
          "overhead": 1.1517
        },
        {
          "archive": 43,
          "inputs": 22,
          "mean_vrp_ms": 0.526,
          "mean_base_ms": 0.515,
          "overhead": 1.0219
        },
        {
          "archive": 44,
          "inputs": 38,
          "mean_vrp_ms": 0.415,
          "mean_base_ms": 0.343,
          "overhead": 1.2116
        },
        {
          "archive": 45,
          "inputs": 27,
          "mean_vrp_ms": 0.477,
          "mean_base_ms": 0.437,
          "overhead": 1.0932
        },
        {
          "archive": 46,
          "inputs": 33,
          "mean_vrp_ms": 0.371,
          "mean_base_ms": 0.405,
          "overhead": 0.9155
        },
        {
          "archive": 47,
          "inputs": 21,
          "mean_vrp_ms": 0.688,
          "mean_base_ms": 0.556,
          "overhead": 1.2373
        },
        {
          "archive": 48,
          "inputs": 77,
          "mean_vrp_ms": 0.184,
          "mean_base_ms": 0.174,
          "overhead": 1.0557
        },
        {
          "archive": 49,
          "inputs": 115,
          "mean_vrp_ms": 0.13,
          "mean_base_ms": 0.15,
          "overhead": 0.867
        },
        {
          "archive": 50,
          "inputs": 54,
          "mean_vrp_ms": 0.207,
          "mean_base_ms": 0.249,
          "overhead": 0.8328
        },
        {
          "archive": 51,
          "inputs": 16,
          "mean_vrp_ms": 0.748,
          "mean_base_ms": 0.785,
          "overhead": 0.9526
        },
        {
          "archive": 52,
          "inputs": 45,
          "mean_vrp_ms": 0.244,
          "mean_base_ms": 0.258,
          "overhead": 0.9429
        },
        {
          "archive": 53,
          "inputs": 42,
          "mean_vrp_ms": 0.383,
          "mean_base_ms": 0.301,
          "overhead": 1.2739
        },
        {
          "archive": 54,
          "inputs": 53,
          "mean_vrp_ms": 0.213,
          "mean_base_ms": 0.312,
          "overhead": 0.6819
        },
        {
          "archive": 55,
          "inputs": 4,
          "mean_vrp_ms": 3.445,
          "mean_base_ms": 3.137,
          "overhead": 1.0983
        },
        {
          "archive": 56,
          "inputs": 6,
          "mean_vrp_ms": 2.199,
          "mean_base_ms": 2.179,
          "overhead": 1.0094
        },
        {
          "archive": 57,
          "inputs": 11,
          "mean_vrp_ms": 1.113,
          "mean_base_ms": 1.046,
          "overhead": 1.0644
        },
        {
          "archive": 58,
          "inputs": 14,
          "mean_vrp_ms": 1.12,
          "mean_base_ms": 1.039,
          "overhead": 1.0784
        },
        {
          "archive": 59,
          "inputs": 73,
          "mean_vrp_ms": 0.161,
          "mean_base_ms": 0.153,
          "overhead": 1.0487
        },
        {
          "archive": 60,
          "inputs": 270,
          "mean_vrp_ms": 0.066,
          "mean_base_ms": 0.058,
          "overhead": 1.1384
        },
        {
          "archive": 61,
          "inputs": 160,
          "mean_vrp_ms": 0.095,
          "mean_base_ms": 0.085,
          "overhead": 1.1259
        },
        {
          "archive": 62,
          "inputs": 62,
          "mean_vrp_ms": 0.228,
          "mean_base_ms": 0.201,
          "overhead": 1.1349
        },
        {
          "archive": 63,
          "inputs": 40,
          "mean_vrp_ms": 0.344,
          "mean_base_ms": 0.29,
          "overhead": 1.1831
        },
        {
          "archive": 64,
          "inputs": 40,
          "mean_vrp_ms": 0.316,
          "mean_base_ms": 0.278,
          "overhead": 1.1338
        },
        {
          "archive": 65,
          "inputs": 30,
          "mean_vrp_ms": 0.355,
          "mean_base_ms": 0.416,
          "overhead": 0.8518
        },
        {
          "archive": 66,
          "inputs": 7,
          "mean_vrp_ms": 1.622,
          "mean_base_ms": 1.63,
          "overhead": 0.9948
        },
        {
          "archive": 67,
          "inputs": 20,
          "mean_vrp_ms": 0.765,
          "mean_base_ms": 0.566,
          "overhead": 1.3521
        },
        {
          "archive": 68,
          "inputs": 13,
          "mean_vrp_ms": 1.076,
          "mean_base_ms": 0.987,
          "overhead": 1.09
        },
        {
          "archive": 69,
          "inputs": 29,
          "mean_vrp_ms": 0.447,
          "mean_base_ms": 0.502,
          "overhead": 0.8908
        },
        {
          "archive": 70,
          "inputs": 24,
          "mean_vrp_ms": 0.46,
          "mean_base_ms": 0.503,
          "overhead": 0.9159
        },
        {
          "archive": 71,
          "inputs": 21,
          "mean_vrp_ms": 0.633,
          "mean_base_ms": 0.594,
          "overhead": 1.0655
        },
        {
          "archive": 72,
          "inputs": 35,
          "mean_vrp_ms": 0.331,
          "mean_base_ms": 0.308,
          "overhead": 1.0743
        },
        {
          "archive": 73,
          "inputs": 15,
          "mean_vrp_ms": 0.954,
          "mean_base_ms": 0.806,
          "overhead": 1.1841
        },
        {
          "archive": 74,
          "inputs": 14,
          "mean_vrp_ms": 1.027,
          "mean_base_ms": 0.836,
          "overhead": 1.2291
        },
        {
          "archive": 75,
          "inputs": 15,
          "mean_vrp_ms": 0.866,
          "mean_base_ms": 0.798,
          "overhead": 1.0849
        },
        {
          "archive": 76,
          "inputs": 53,
          "mean_vrp_ms": 0.262,
          "mean_base_ms": 0.244,
          "overhead": 1.071
        },
        {
          "archive": 77,
          "inputs": 11,
          "mean_vrp_ms": 1.044,
          "mean_base_ms": 1.006,
          "overhead": 1.0373
        },
        {
          "archive": 78,
          "inputs": 8,
          "mean_vrp_ms": 1.797,
          "mean_base_ms": 1.427,
          "overhead": 1.2593
        },
        {
          "archive": 79,
          "inputs": 8,
          "mean_vrp_ms": 1.72,
          "mean_base_ms": 1.389,
          "overhead": 1.2384
        },
        {
          "archive": 80,
          "inputs": 6,
          "mean_vrp_ms": 2.078,
          "mean_base_ms": 2.133,
          "overhead": 0.9742
        },
        {
          "archive": 81,
          "inputs": 9,
          "mean_vrp_ms": 1.347,
          "mean_base_ms": 1.305,
          "overhead": 1.0325
        },
        {
          "archive": 82,
          "inputs": 28,
          "mean_vrp_ms": 0.653,
          "mean_base_ms": 0.493,
          "overhead": 1.3228
        },
        {
          "archive": 83,
          "inputs": 11,
          "mean_vrp_ms": 1.072,
          "mean_base_ms": 1.006,
          "overhead": 1.0661
        },
        {
          "archive": 84,
          "inputs": 10,
          "mean_vrp_ms": 1.238,
          "mean_base_ms": 1.285,
          "overhead": 0.9635
        },
        {
          "archive": 85,
          "inputs": 6,
          "mean_vrp_ms": 2.541,
          "mean_base_ms": 1.96,
          "overhead": 1.2963
        },
        {
          "archive": 86,
          "inputs": 4,
          "mean_vrp_ms": 3.03,
          "mean_base_ms": 3.406,
          "overhead": 0.8896
        },
        {
          "archive": 87,
          "inputs": 30,
          "mean_vrp_ms": 0.371,
          "mean_base_ms": 0.379,
          "overhead": 0.9775
        },
        {
          "archive": 88,
          "inputs": 15,
          "mean_vrp_ms": 0.856,
          "mean_base_ms": 0.776,
          "overhead": 1.1036
        },
        {
          "archive": 89,
          "inputs": 7,
          "mean_vrp_ms": 1.891,
          "mean_base_ms": 1.659,
          "overhead": 1.1401
        },
        {
          "archive": 90,
          "inputs": 160,
          "mean_vrp_ms": 0.081,
          "mean_base_ms": 0.088,
          "overhead": 0.9206
        },
        {
          "archive": 91,
          "inputs": 64,
          "mean_vrp_ms": 0.228,
          "mean_base_ms": 0.214,
          "overhead": 1.0623
        },
        {
          "archive": 92,
          "inputs": 25,
          "mean_vrp_ms": 0.503,
          "mean_base_ms": 0.596,
          "overhead": 0.8432
        },
        {
          "archive": 93,
          "inputs": 13,
          "mean_vrp_ms": 1.013,
          "mean_base_ms": 0.933,
          "overhead": 1.0855
        },
        {
          "archive": 94,
          "inputs": 21,
          "mean_vrp_ms": 0.482,
          "mean_base_ms": 0.582,
          "overhead": 0.828
        },
        {
          "archive": 95,
          "inputs": 19,
          "mean_vrp_ms": 0.831,
          "mean_base_ms": 0.67,
          "overhead": 1.2396
        },
        {
          "archive": 96,
          "inputs": 0,
          "mean_vrp_ms": 0.0,
          "mean_base_ms": 0.0,
          "overhead": 0.0
        }
      ],
      "summary": {
        "total_inputs": 15968,
        "vrp_mean_ms": 0.094,
        "vrp_median_ms": 0.025,
        "vrp_p95_ms": 0.415,
        "vrp_p99_ms": 1.027,
        "base_mean_ms": 0.091,
        "base_median_ms": 0.025,
        "base_p95_ms": 0.4,
        "base_p99_ms": 0.933,
        "mean_overhead": 1.0284
      }
    }
  }
}