{
  "experiment": "vrp-unfold-eval-big04",
  "benchmark": "freetype2_ftfuzzer",
  "fuzzer": "aflplusplus_vrp_lto",
  "instance": "47222",
  "archives_processed": 97,
  "total_inputs": 19236,
  "elapsed_seconds": 21.0,
  "analyzer_results": {
    "vrp_hit_entanglement": {
      "per_archive": [
        {
          "archive": 0,
          "new_inputs": 2,
          "cumulative_inputs": 2,
          "new_vrp_edges": 0,
          "new_base_edges": 0,
          "cumulative_vrp_edges": 0,
          "cumulative_base_edges": 0,
          "classifications": {
            "vrp_only": 0,
            "both": 0,
            "base_only": 0,
            "neither": 2
          }
        },
        {
          "archive": 1,
          "new_inputs": 7045,
          "cumulative_inputs": 7047,
          "new_vrp_edges": 0,
          "new_base_edges": 0,
          "cumulative_vrp_edges": 0,
          "cumulative_base_edges": 0,
          "classifications": {
            "vrp_only": 0,
            "both": 0,
            "base_only": 0,
            "neither": 7045
          }
        },
        {
          "archive": 2,
          "new_inputs": 2127,
          "cumulative_inputs": 9174,
          "new_vrp_edges": 0,
          "new_base_edges": 0,
          "cumulative_vrp_edges": 0,
          "cumulative_base_edges": 0,
          "classifications": {
            "vrp_only": 0,
            "both": 0,
            "base_only": 0,
            "neither": 2127
          }
        },
        {
          "archive": 3,
          "new_inputs": 1295,
          "cumulative_inputs": 10469,
          "new_vrp_edges": 0,
          "new_base_edges": 0,
          "cumulative_vrp_edges": 0,
          "cumulative_base_edges": 0,
          "classifications": {
            "vrp_only": 0,
            "both": 0,
            "base_only": 0,
            "neither": 1295
          }
        },
        {
          "archive": 4,
          "new_inputs": 1884,
          "cumulative_inputs": 12353,
          "new_vrp_edges": 0,
          "new_base_edges": 0,
          "cumulative_vrp_edges": 0,
          "cumulative_base_edges": 0,
          "classifications": {
            "vrp_only": 0,
            "both": 0,
            "base_only": 0,
            "neither": 1884
          }
        },
        {
          "archive": 5,
          "new_inputs": 812,
          "cumulative_inputs": 13165,
          "new_vrp_edges": 0,
          "new_base_edges": 0,
          "cumulative_vrp_edges": 0,
          "cumulative_base_edges": 0,
          "classifications": {
            "vrp_only": 0,
            "both": 0,
            "base_only": 0,
            "neither": 812
          }
        },
        {
          "archive": 6,
          "new_inputs": 545,
          "cumulative_inputs": 13710,
          "new_vrp_edges": 0,
          "new_base_edges": 0,
          "cumulative_vrp_edges": 0,
          "cumulative_base_edges": 0,
          "classifications": {
            "vrp_only": 0,
            "both": 0,
            "base_only": 0,
            "neither": 545
          }
        },
        {
          "archive": 7,
          "new_inputs": 274,
          "cumulative_inputs": 13984,
          "new_vrp_edges": 0,
          "new_base_edges": 0,
          "cumulative_vrp_edges": 0,
          "cumulative_base_edges": 0,
          "classifications": {
            "vrp_only": 0,
            "both": 0,
            "base_only": 0,
            "neither": 274
          }
        },
        {
          "archive": 8,
          "new_inputs": 172,
          "cumulative_inputs": 14156,
          "new_vrp_edges": 0,
          "new_base_edges": 0,
          "cumulative_vrp_edges": 0,
          "cumulative_base_edges": 0,
          "classifications": {
            "vrp_only": 0,
            "both": 0,
            "base_only": 0,
            "neither": 172
          }
        },
        {
          "archive": 9,
          "new_inputs": 669,
          "cumulative_inputs": 14825,
          "new_vrp_edges": 0,
          "new_base_edges": 0,
          "cumulative_vrp_edges": 0,
          "cumulative_base_edges": 0,
          "classifications": {
            "vrp_only": 0,
            "both": 0,
            "base_only": 0,
            "neither": 669
          }
        },
        {
          "archive": 10,
          "new_inputs": 372,
          "cumulative_inputs": 15197,
          "new_vrp_edges": 0,
          "new_base_edges": 0,
          "cumulative_vrp_edges": 0,
          "cumulative_base_edges": 0,
          "classifications": {
            "vrp_only": 0,
            "both": 0,
            "base_only": 0,
            "neither": 372
          }
        },
        {
          "archive": 11,
          "new_inputs": 206,
          "cumulative_inputs": 15403,
          "new_vrp_edges": 0,
          "new_base_edges": 0,
          "cumulative_vrp_edges": 0,
          "cumulative_base_edges": 0,
          "classifications": {
            "vrp_only": 0,
            "both": 0,
            "base_only": 0,
            "neither": 206
          }
        },
        {
          "archive": 12,
          "new_inputs": 140,
          "cumulative_inputs": 15543,
          "new_vrp_edges": 0,
          "new_base_edges": 0,
          "cumulative_vrp_edges": 0,
          "cumulative_base_edges": 0,
          "classifications": {
            "vrp_only": 0,
            "both": 0,
            "base_only": 0,
            "neither": 140
          }
        },
        {
          "archive": 13,
          "new_inputs": 128,
          "cumulative_inputs": 15671,
          "new_vrp_edges": 0,
          "new_base_edges": 0,
          "cumulative_vrp_edges": 0,
          "cumulative_base_edges": 0,
          "classifications": {
            "vrp_only": 0,
            "both": 0,
            "base_only": 0,
            "neither": 128
          }
        },
        {
          "archive": 14,
          "new_inputs": 81,
          "cumulative_inputs": 15752,
          "new_vrp_edges": 0,
          "new_base_edges": 0,
          "cumulative_vrp_edges": 0,
          "cumulative_base_edges": 0,
          "classifications": {
            "vrp_only": 0,
            "both": 0,
            "base_only": 0,
            "neither": 81
          }
        },
        {
          "archive": 15,
          "new_inputs": 111,
          "cumulative_inputs": 15863,
          "new_vrp_edges": 0,
          "new_base_edges": 0,
          "cumulative_vrp_edges": 0,
          "cumulative_base_edges": 0,
          "classifications": {
            "vrp_only": 0,
            "both": 0,
            "base_only": 0,
            "neither": 111
          }
        },
        {
          "archive": 16,
          "new_inputs": 60,
          "cumulative_inputs": 15923,
          "new_vrp_edges": 0,
          "new_base_edges": 0,
          "cumulative_vrp_edges": 0,
          "cumulative_base_edges": 0,
          "classifications": {
            "vrp_only": 0,
            "both": 0,
            "base_only": 0,
            "neither": 60
          }
        },
        {
          "archive": 17,
          "new_inputs": 58,
          "cumulative_inputs": 15981,
          "new_vrp_edges": 0,
          "new_base_edges": 0,
          "cumulative_vrp_edges": 0,
          "cumulative_base_edges": 0,
          "classifications": {
            "vrp_only": 0,
            "both": 0,
            "base_only": 0,
            "neither": 58
          }
        },
        {
          "archive": 18,
          "new_inputs": 417,
          "cumulative_inputs": 16398,
          "new_vrp_edges": 0,
          "new_base_edges": 0,
          "cumulative_vrp_edges": 0,
          "cumulative_base_edges": 0,
          "classifications": {
            "vrp_only": 0,
            "both": 0,
            "base_only": 0,
            "neither": 417
          }
        },
        {
          "archive": 19,
          "new_inputs": 102,
          "cumulative_inputs": 16500,
          "new_vrp_edges": 0,
          "new_base_edges": 0,
          "cumulative_vrp_edges": 0,
          "cumulative_base_edges": 0,
          "classifications": {
            "vrp_only": 0,
            "both": 0,
            "base_only": 0,
            "neither": 102
          }
        },
        {
          "archive": 20,
          "new_inputs": 87,
          "cumulative_inputs": 16587,
          "new_vrp_edges": 0,
          "new_base_edges": 0,
          "cumulative_vrp_edges": 0,
          "cumulative_base_edges": 0,
          "classifications": {
            "vrp_only": 0,
            "both": 0,
            "base_only": 0,
            "neither": 87
          }
        },
        {
          "archive": 21,
          "new_inputs": 58,
          "cumulative_inputs": 16645,
          "new_vrp_edges": 0,
          "new_base_edges": 0,
          "cumulative_vrp_edges": 0,
          "cumulative_base_edges": 0,
          "classifications": {
            "vrp_only": 0,
            "both": 0,
            "base_only": 0,
            "neither": 58
          }
        },
        {
          "archive": 22,
          "new_inputs": 62,
          "cumulative_inputs": 16707,
          "new_vrp_edges": 0,
          "new_base_edges": 0,
          "cumulative_vrp_edges": 0,
          "cumulative_base_edges": 0,
          "classifications": {
            "vrp_only": 0,
            "both": 0,
            "base_only": 0,
            "neither": 62
          }
        },
        {
          "archive": 23,
          "new_inputs": 49,
          "cumulative_inputs": 16756,
          "new_vrp_edges": 0,
          "new_base_edges": 0,
          "cumulative_vrp_edges": 0,
          "cumulative_base_edges": 0,
          "classifications": {
            "vrp_only": 0,
            "both": 0,
            "base_only": 0,
            "neither": 49
          }
        },
        {
          "archive": 24,
          "new_inputs": 49,
          "cumulative_inputs": 16805,
          "new_vrp_edges": 0,
          "new_base_edges": 0,
          "cumulative_vrp_edges": 0,
          "cumulative_base_edges": 0,
          "classifications": {
            "vrp_only": 0,
            "both": 0,
            "base_only": 0,
            "neither": 49
          }
        },
        {
          "archive": 25,
          "new_inputs": 47,
          "cumulative_inputs": 16852,
          "new_vrp_edges": 0,
          "new_base_edges": 0,
          "cumulative_vrp_edges": 0,
          "cumulative_base_edges": 0,
          "classifications": {
            "vrp_only": 0,
            "both": 0,
            "base_only": 0,
            "neither": 47
          }
        },
        {
          "archive": 26,
          "new_inputs": 34,
          "cumulative_inputs": 16886,
          "new_vrp_edges": 0,
          "new_base_edges": 0,
          "cumulative_vrp_edges": 0,
          "cumulative_base_edges": 0,
          "classifications": {
            "vrp_only": 0,
            "both": 0,
            "base_only": 0,
            "neither": 34
          }
        },
        {
          "archive": 27,
          "new_inputs": 46,
          "cumulative_inputs": 16932,
          "new_vrp_edges": 0,
          "new_base_edges": 0,
          "cumulative_vrp_edges": 0,
          "cumulative_base_edges": 0,
          "classifications": {
            "vrp_only": 0,
            "both": 0,
            "base_only": 0,
            "neither": 46
          }
        },
        {
          "archive": 28,
          "new_inputs": 72,
          "cumulative_inputs": 17004,
          "new_vrp_edges": 0,
          "new_base_edges": 0,
          "cumulative_vrp_edges": 0,
          "cumulative_base_edges": 0,
          "classifications": {
            "vrp_only": 0,
            "both": 0,
            "base_only": 0,
            "neither": 72
          }
        },
        {
          "archive": 29,
          "new_inputs": 30,
          "cumulative_inputs": 17034,
          "new_vrp_edges": 0,
          "new_base_edges": 0,
          "cumulative_vrp_edges": 0,
          "cumulative_base_edges": 0,
          "classifications": {
            "vrp_only": 0,
            "both": 0,
            "base_only": 0,
            "neither": 30
          }
        },
        {
          "archive": 30,
          "new_inputs": 30,
          "cumulative_inputs": 17064,
          "new_vrp_edges": 0,
          "new_base_edges": 0,
          "cumulative_vrp_edges": 0,
          "cumulative_base_edges": 0,
          "classifications": {
            "vrp_only": 0,
            "both": 0,
            "base_only": 0,
            "neither": 30
          }
        },
        {
          "archive": 31,
          "new_inputs": 27,
          "cumulative_inputs": 17091,
          "new_vrp_edges": 0,
          "new_base_edges": 0,
          "cumulative_vrp_edges": 0,
          "cumulative_base_edges": 0,
          "classifications": {
            "vrp_only": 0,
            "both": 0,
            "base_only": 0,
            "neither": 27
          }
        },
        {
          "archive": 32,
          "new_inputs": 47,
          "cumulative_inputs": 17138,
          "new_vrp_edges": 0,
          "new_base_edges": 0,
          "cumulative_vrp_edges": 0,
          "cumulative_base_edges": 0,
          "classifications": {
            "vrp_only": 0,
            "both": 0,
            "base_only": 0,
            "neither": 47
          }
        },
        {
          "archive": 33,
          "new_inputs": 32,
          "cumulative_inputs": 17170,
          "new_vrp_edges": 0,
          "new_base_edges": 0,
          "cumulative_vrp_edges": 0,
          "cumulative_base_edges": 0,
          "classifications": {
            "vrp_only": 0,
            "both": 0,
            "base_only": 0,
            "neither": 32
          }
        },
        {
          "archive": 34,
          "new_inputs": 27,
          "cumulative_inputs": 17197,
          "new_vrp_edges": 0,
          "new_base_edges": 0,
          "cumulative_vrp_edges": 0,
          "cumulative_base_edges": 0,
          "classifications": {
            "vrp_only": 0,
            "both": 0,
            "base_only": 0,
            "neither": 27
          }
        },
        {
          "archive": 35,
          "new_inputs": 24,
          "cumulative_inputs": 17221,
          "new_vrp_edges": 0,
          "new_base_edges": 0,
          "cumulative_vrp_edges": 0,
          "cumulative_base_edges": 0,
          "classifications": {
            "vrp_only": 0,
            "both": 0,
            "base_only": 0,
            "neither": 24
          }
        },
        {
          "archive": 36,
          "new_inputs": 33,
          "cumulative_inputs": 17254,
          "new_vrp_edges": 0,
          "new_base_edges": 0,
          "cumulative_vrp_edges": 0,
          "cumulative_base_edges": 0,
          "classifications": {
            "vrp_only": 0,
            "both": 0,
            "base_only": 0,
            "neither": 33
          }
        },
        {
          "archive": 37,
          "new_inputs": 19,
          "cumulative_inputs": 17273,
          "new_vrp_edges": 0,
          "new_base_edges": 0,
          "cumulative_vrp_edges": 0,
          "cumulative_base_edges": 0,
          "classifications": {
            "vrp_only": 0,
            "both": 0,
            "base_only": 0,
            "neither": 19
          }
        },
        {
          "archive": 38,
          "new_inputs": 24,
          "cumulative_inputs": 17297,
          "new_vrp_edges": 0,
          "new_base_edges": 0,
          "cumulative_vrp_edges": 0,
          "cumulative_base_edges": 0,
          "classifications": {
            "vrp_only": 0,
            "both": 0,
            "base_only": 0,
            "neither": 24
          }
        },
        {
          "archive": 39,
          "new_inputs": 540,
          "cumulative_inputs": 17837,
          "new_vrp_edges": 0,
          "new_base_edges": 0,
          "cumulative_vrp_edges": 0,
          "cumulative_base_edges": 0,
          "classifications": {
            "vrp_only": 0,
            "both": 0,
            "base_only": 0,
            "neither": 540
          }
        },
        {
          "archive": 40,
          "new_inputs": 84,
          "cumulative_inputs": 17921,
          "new_vrp_edges": 0,
          "new_base_edges": 0,
          "cumulative_vrp_edges": 0,
          "cumulative_base_edges": 0,
          "classifications": {
            "vrp_only": 0,
            "both": 0,
            "base_only": 0,
            "neither": 84
          }
        },
        {
          "archive": 41,
          "new_inputs": 63,
          "cumulative_inputs": 17984,
          "new_vrp_edges": 0,
          "new_base_edges": 0,
          "cumulative_vrp_edges": 0,
          "cumulative_base_edges": 0,
          "classifications": {
            "vrp_only": 0,
            "both": 0,
            "base_only": 0,
            "neither": 63
          }
        },
        {
          "archive": 42,
          "new_inputs": 51,
          "cumulative_inputs": 18035,
          "new_vrp_edges": 0,
          "new_base_edges": 0,
          "cumulative_vrp_edges": 0,
          "cumulative_base_edges": 0,
          "classifications": {
            "vrp_only": 0,
            "both": 0,
            "base_only": 0,
            "neither": 51
          }
        },
        {
          "archive": 43,
          "new_inputs": 20,
          "cumulative_inputs": 18055,
          "new_vrp_edges": 0,
          "new_base_edges": 0,
          "cumulative_vrp_edges": 0,
          "cumulative_base_edges": 0,
          "classifications": {
            "vrp_only": 0,
            "both": 0,
            "base_only": 0,
            "neither": 20
          }
        },
        {
          "archive": 44,
          "new_inputs": 15,
          "cumulative_inputs": 18070,
          "new_vrp_edges": 0,
          "new_base_edges": 0,
          "cumulative_vrp_edges": 0,
          "cumulative_base_edges": 0,
          "classifications": {
            "vrp_only": 0,
            "both": 0,
            "base_only": 0,
            "neither": 15
          }
        },
        {
          "archive": 45,
          "new_inputs": 25,
          "cumulative_inputs": 18095,
          "new_vrp_edges": 0,
          "new_base_edges": 0,
          "cumulative_vrp_edges": 0,
          "cumulative_base_edges": 0,
          "classifications": {
            "vrp_only": 0,
            "both": 0,
            "base_only": 0,
            "neither": 25
          }
        },
        {
          "archive": 46,
          "new_inputs": 11,
          "cumulative_inputs": 18106,
          "new_vrp_edges": 0,
          "new_base_edges": 0,
          "cumulative_vrp_edges": 0,
          "cumulative_base_edges": 0,
          "classifications": {
            "vrp_only": 0,
            "both": 0,
            "base_only": 0,
            "neither": 11
          }
        },
        {
          "archive": 47,
          "new_inputs": 50,
          "cumulative_inputs": 18156,
          "new_vrp_edges": 0,
          "new_base_edges": 0,
          "cumulative_vrp_edges": 0,
          "cumulative_base_edges": 0,
          "classifications": {
            "vrp_only": 0,
            "both": 0,
            "base_only": 0,
            "neither": 50
          }
        },
        {
          "archive": 48,
          "new_inputs": 15,
          "cumulative_inputs": 18171,
          "new_vrp_edges": 0,
          "new_base_edges": 0,
          "cumulative_vrp_edges": 0,
          "cumulative_base_edges": 0,
          "classifications": {
            "vrp_only": 0,
            "both": 0,
            "base_only": 0,
            "neither": 15
          }
        },
        {
          "archive": 49,
          "new_inputs": 15,
          "cumulative_inputs": 18186,
          "new_vrp_edges": 0,
          "new_base_edges": 0,
          "cumulative_vrp_edges": 0,
          "cumulative_base_edges": 0,
          "classifications": {
            "vrp_only": 0,
            "both": 0,
            "base_only": 0,
            "neither": 15
          }
        },
        {
          "archive": 50,
          "new_inputs": 13,
          "cumulative_inputs": 18199,
          "new_vrp_edges": 0,
          "new_base_edges": 0,
          "cumulative_vrp_edges": 0,
          "cumulative_base_edges": 0,
          "classifications": {
            "vrp_only": 0,
            "both": 0,
            "base_only": 0,
            "neither": 13
          }
        },
        {
          "archive": 51,
          "new_inputs": 29,
          "cumulative_inputs": 18228,
          "new_vrp_edges": 0,
          "new_base_edges": 0,
          "cumulative_vrp_edges": 0,
          "cumulative_base_edges": 0,
          "classifications": {
            "vrp_only": 0,
            "both": 0,
            "base_only": 0,
            "neither": 29
          }
        },
        {
          "archive": 52,
          "new_inputs": 23,
          "cumulative_inputs": 18251,
          "new_vrp_edges": 0,
          "new_base_edges": 0,
          "cumulative_vrp_edges": 0,
          "cumulative_base_edges": 0,
          "classifications": {
            "vrp_only": 0,
            "both": 0,
            "base_only": 0,
            "neither": 23
          }
        },
        {
          "archive": 53,
          "new_inputs": 27,
          "cumulative_inputs": 18278,
          "new_vrp_edges": 0,
          "new_base_edges": 0,
          "cumulative_vrp_edges": 0,
          "cumulative_base_edges": 0,
          "classifications": {
            "vrp_only": 0,
            "both": 0,
            "base_only": 0,
            "neither": 27
          }
        },
        {
          "archive": 54,
          "new_inputs": 18,
          "cumulative_inputs": 18296,
          "new_vrp_edges": 0,
          "new_base_edges": 0,
          "cumulative_vrp_edges": 0,
          "cumulative_base_edges": 0,
          "classifications": {
            "vrp_only": 0,
            "both": 0,
            "base_only": 0,
            "neither": 18
          }
        },
        {
          "archive": 55,
          "new_inputs": 10,
          "cumulative_inputs": 18306,
          "new_vrp_edges": 0,
          "new_base_edges": 0,
          "cumulative_vrp_edges": 0,
          "cumulative_base_edges": 0,
          "classifications": {
            "vrp_only": 0,
            "both": 0,
            "base_only": 0,
            "neither": 10
          }
        },
        {
          "archive": 56,
          "new_inputs": 11,
          "cumulative_inputs": 18317,
          "new_vrp_edges": 0,
          "new_base_edges": 0,
          "cumulative_vrp_edges": 0,
          "cumulative_base_edges": 0,
          "classifications": {
            "vrp_only": 0,
            "both": 0,
            "base_only": 0,
            "neither": 11
          }
        },
        {
          "archive": 57,
          "new_inputs": 12,
          "cumulative_inputs": 18329,
          "new_vrp_edges": 0,
          "new_base_edges": 0,
          "cumulative_vrp_edges": 0,
          "cumulative_base_edges": 0,
          "classifications": {
            "vrp_only": 0,
            "both": 0,
            "base_only": 0,
            "neither": 12
          }
        },
        {
          "archive": 58,
          "new_inputs": 19,
          "cumulative_inputs": 18348,
          "new_vrp_edges": 0,
          "new_base_edges": 0,
          "cumulative_vrp_edges": 0,
          "cumulative_base_edges": 0,
          "classifications": {
            "vrp_only": 0,
            "both": 0,
            "base_only": 0,
            "neither": 19
          }
        },
        {
          "archive": 59,
          "new_inputs": 14,
          "cumulative_inputs": 18362,
          "new_vrp_edges": 0,
          "new_base_edges": 0,
          "cumulative_vrp_edges": 0,
          "cumulative_base_edges": 0,
          "classifications": {
            "vrp_only": 0,
            "both": 0,
            "base_only": 0,
            "neither": 14
          }
        },
        {
          "archive": 60,
          "new_inputs": 18,
          "cumulative_inputs": 18380,
          "new_vrp_edges": 0,
          "new_base_edges": 0,
          "cumulative_vrp_edges": 0,
          "cumulative_base_edges": 0,
          "classifications": {
            "vrp_only": 0,
            "both": 0,
            "base_only": 0,
            "neither": 18
          }
        },
        {
          "archive": 61,
          "new_inputs": 20,
          "cumulative_inputs": 18400,
          "new_vrp_edges": 0,
          "new_base_edges": 0,
          "cumulative_vrp_edges": 0,
          "cumulative_base_edges": 0,
          "classifications": {
            "vrp_only": 0,
            "both": 0,
            "base_only": 0,
            "neither": 20
          }
        },
        {
          "archive": 62,
          "new_inputs": 12,
          "cumulative_inputs": 18412,
          "new_vrp_edges": 0,
          "new_base_edges": 0,
          "cumulative_vrp_edges": 0,
          "cumulative_base_edges": 0,
          "classifications": {
            "vrp_only": 0,
            "both": 0,
            "base_only": 0,
            "neither": 12
          }
        },
        {
          "archive": 63,
          "new_inputs": 21,
          "cumulative_inputs": 18433,
          "new_vrp_edges": 0,
          "new_base_edges": 0,
          "cumulative_vrp_edges": 0,
          "cumulative_base_edges": 0,
          "classifications": {
            "vrp_only": 0,
            "both": 0,
            "base_only": 0,
            "neither": 21
          }
        },
        {
          "archive": 64,
          "new_inputs": 8,
          "cumulative_inputs": 18441,
          "new_vrp_edges": 0,
          "new_base_edges": 0,
          "cumulative_vrp_edges": 0,
          "cumulative_base_edges": 0,
          "classifications": {
            "vrp_only": 0,
            "both": 0,
            "base_only": 0,
            "neither": 8
          }
        },
        {
          "archive": 65,
          "new_inputs": 17,
          "cumulative_inputs": 18458,
          "new_vrp_edges": 0,
          "new_base_edges": 0,
          "cumulative_vrp_edges": 0,
          "cumulative_base_edges": 0,
          "classifications": {
            "vrp_only": 0,
            "both": 0,
            "base_only": 0,
            "neither": 17
          }
        },
        {
          "archive": 66,
          "new_inputs": 10,
          "cumulative_inputs": 18468,
          "new_vrp_edges": 0,
          "new_base_edges": 0,
          "cumulative_vrp_edges": 0,
          "cumulative_base_edges": 0,
          "classifications": {
            "vrp_only": 0,
            "both": 0,
            "base_only": 0,
            "neither": 10
          }
        },
        {
          "archive": 67,
          "new_inputs": 19,
          "cumulative_inputs": 18487,
          "new_vrp_edges": 0,
          "new_base_edges": 0,
          "cumulative_vrp_edges": 0,
          "cumulative_base_edges": 0,
          "classifications": {
            "vrp_only": 0,
            "both": 0,
            "base_only": 0,
            "neither": 19
          }
        },
        {
          "archive": 68,
          "new_inputs": 16,
          "cumulative_inputs": 18503,
          "new_vrp_edges": 0,
          "new_base_edges": 0,
          "cumulative_vrp_edges": 0,
          "cumulative_base_edges": 0,
          "classifications": {
            "vrp_only": 0,
            "both": 0,
            "base_only": 0,
            "neither": 16
          }
        },
        {
          "archive": 69,
          "new_inputs": 8,
          "cumulative_inputs": 18511,
          "new_vrp_edges": 0,
          "new_base_edges": 0,
          "cumulative_vrp_edges": 0,
          "cumulative_base_edges": 0,
          "classifications": {
            "vrp_only": 0,
            "both": 0,
            "base_only": 0,
            "neither": 8
          }
        },
        {
          "archive": 70,
          "new_inputs": 16,
          "cumulative_inputs": 18527,
          "new_vrp_edges": 0,
          "new_base_edges": 0,
          "cumulative_vrp_edges": 0,
          "cumulative_base_edges": 0,
          "classifications": {
            "vrp_only": 0,
            "both": 0,
            "base_only": 0,
            "neither": 16
          }
        },
        {
          "archive": 71,
          "new_inputs": 17,
          "cumulative_inputs": 18544,
          "new_vrp_edges": 0,
          "new_base_edges": 0,
          "cumulative_vrp_edges": 0,
          "cumulative_base_edges": 0,
          "classifications": {
            "vrp_only": 0,
            "both": 0,
            "base_only": 0,
            "neither": 17
          }
        },
        {
          "archive": 72,
          "new_inputs": 13,
          "cumulative_inputs": 18557,
          "new_vrp_edges": 0,
          "new_base_edges": 0,
          "cumulative_vrp_edges": 0,
          "cumulative_base_edges": 0,
          "classifications": {
            "vrp_only": 0,
            "both": 0,
            "base_only": 0,
            "neither": 13
          }
        },
        {
          "archive": 73,
          "new_inputs": 117,
          "cumulative_inputs": 18674,
          "new_vrp_edges": 0,
          "new_base_edges": 0,
          "cumulative_vrp_edges": 0,
          "cumulative_base_edges": 0,
          "classifications": {
            "vrp_only": 0,
            "both": 0,
            "base_only": 0,
            "neither": 117
          }
        },
        {
          "archive": 74,
          "new_inputs": 25,
          "cumulative_inputs": 18699,
          "new_vrp_edges": 0,
          "new_base_edges": 0,
          "cumulative_vrp_edges": 0,
          "cumulative_base_edges": 0,
          "classifications": {
            "vrp_only": 0,
            "both": 0,
            "base_only": 0,
            "neither": 25
          }
        },
        {
          "archive": 75,
          "new_inputs": 16,
          "cumulative_inputs": 18715,
          "new_vrp_edges": 0,
          "new_base_edges": 0,
          "cumulative_vrp_edges": 0,
          "cumulative_base_edges": 0,
          "classifications": {
            "vrp_only": 0,
            "both": 0,
            "base_only": 0,
            "neither": 16
          }
        },
        {
          "archive": 76,
          "new_inputs": 17,
          "cumulative_inputs": 18732,
          "new_vrp_edges": 0,
          "new_base_edges": 0,
          "cumulative_vrp_edges": 0,
          "cumulative_base_edges": 0,
          "classifications": {
            "vrp_only": 0,
            "both": 0,
            "base_only": 0,
            "neither": 17
          }
        },
        {
          "archive": 77,
          "new_inputs": 16,
          "cumulative_inputs": 18748,
          "new_vrp_edges": 0,
          "new_base_edges": 0,
          "cumulative_vrp_edges": 0,
          "cumulative_base_edges": 0,
          "classifications": {
            "vrp_only": 0,
            "both": 0,
            "base_only": 0,
            "neither": 16
          }
        },
        {
          "archive": 78,
          "new_inputs": 9,
          "cumulative_inputs": 18757,
          "new_vrp_edges": 0,
          "new_base_edges": 0,
          "cumulative_vrp_edges": 0,
          "cumulative_base_edges": 0,
          "classifications": {
            "vrp_only": 0,
            "both": 0,
            "base_only": 0,
            "neither": 9
          }
        },
        {
          "archive": 79,
          "new_inputs": 19,
          "cumulative_inputs": 18776,
          "new_vrp_edges": 0,
          "new_base_edges": 0,
          "cumulative_vrp_edges": 0,
          "cumulative_base_edges": 0,
          "classifications": {
            "vrp_only": 0,
            "both": 0,
            "base_only": 0,
            "neither": 19
          }
        },
        {
          "archive": 80,
          "new_inputs": 11,
          "cumulative_inputs": 18787,
          "new_vrp_edges": 0,
          "new_base_edges": 0,
          "cumulative_vrp_edges": 0,
          "cumulative_base_edges": 0,
          "classifications": {
            "vrp_only": 0,
            "both": 0,
            "base_only": 0,
            "neither": 11
          }
        },
        {
          "archive": 81,
          "new_inputs": 24,
          "cumulative_inputs": 18811,
          "new_vrp_edges": 0,
          "new_base_edges": 0,
          "cumulative_vrp_edges": 0,
          "cumulative_base_edges": 0,
          "classifications": {
            "vrp_only": 0,
            "both": 0,
            "base_only": 0,
            "neither": 24
          }
        },
        {
          "archive": 82,
          "new_inputs": 11,
          "cumulative_inputs": 18822,
          "new_vrp_edges": 0,
          "new_base_edges": 0,
          "cumulative_vrp_edges": 0,
          "cumulative_base_edges": 0,
          "classifications": {
            "vrp_only": 0,
            "both": 0,
            "base_only": 0,
            "neither": 11
          }
        },
        {
          "archive": 83,
          "new_inputs": 12,
          "cumulative_inputs": 18834,
          "new_vrp_edges": 0,
          "new_base_edges": 0,
          "cumulative_vrp_edges": 0,
          "cumulative_base_edges": 0,
          "classifications": {
            "vrp_only": 0,
            "both": 0,
            "base_only": 0,
            "neither": 12
          }
        },
        {
          "archive": 84,
          "new_inputs": 9,
          "cumulative_inputs": 18843,
          "new_vrp_edges": 0,
          "new_base_edges": 0,
          "cumulative_vrp_edges": 0,
          "cumulative_base_edges": 0,
          "classifications": {
            "vrp_only": 0,
            "both": 0,
            "base_only": 0,
            "neither": 9
          }
        },
        {
          "archive": 85,
          "new_inputs": 18,
          "cumulative_inputs": 18861,
          "new_vrp_edges": 0,
          "new_base_edges": 0,
          "cumulative_vrp_edges": 0,
          "cumulative_base_edges": 0,
          "classifications": {
            "vrp_only": 0,
            "both": 0,
            "base_only": 0,
            "neither": 18
          }
        },
        {
          "archive": 86,
          "new_inputs": 51,
          "cumulative_inputs": 18912,
          "new_vrp_edges": 0,
          "new_base_edges": 0,
          "cumulative_vrp_edges": 0,
          "cumulative_base_edges": 0,
          "classifications": {
            "vrp_only": 0,
            "both": 0,
            "base_only": 0,
            "neither": 51
          }
        },
        {
          "archive": 87,
          "new_inputs": 87,
          "cumulative_inputs": 18999,
          "new_vrp_edges": 0,
          "new_base_edges": 0,
          "cumulative_vrp_edges": 0,
          "cumulative_base_edges": 0,
          "classifications": {
            "vrp_only": 0,
            "both": 0,
            "base_only": 0,
            "neither": 87
          }
        },
        {
          "archive": 88,
          "new_inputs": 32,
          "cumulative_inputs": 19031,
          "new_vrp_edges": 0,
          "new_base_edges": 0,
          "cumulative_vrp_edges": 0,
          "cumulative_base_edges": 0,
          "classifications": {
            "vrp_only": 0,
            "both": 0,
            "base_only": 0,
            "neither": 32
          }
        },
        {
          "archive": 89,
          "new_inputs": 33,
          "cumulative_inputs": 19064,
          "new_vrp_edges": 0,
          "new_base_edges": 0,
          "cumulative_vrp_edges": 0,
          "cumulative_base_edges": 0,
          "classifications": {
            "vrp_only": 0,
            "both": 0,
            "base_only": 0,
            "neither": 33
          }
        },
        {
          "archive": 90,
          "new_inputs": 16,
          "cumulative_inputs": 19080,
          "new_vrp_edges": 0,
          "new_base_edges": 0,
          "cumulative_vrp_edges": 0,
          "cumulative_base_edges": 0,
          "classifications": {
            "vrp_only": 0,
            "both": 0,
            "base_only": 0,
            "neither": 16
          }
        },
        {
          "archive": 91,
          "new_inputs": 19,
          "cumulative_inputs": 19099,
          "new_vrp_edges": 0,
          "new_base_edges": 0,
          "cumulative_vrp_edges": 0,
          "cumulative_base_edges": 0,
          "classifications": {
            "vrp_only": 0,
            "both": 0,
            "base_only": 0,
            "neither": 19
          }
        },
        {
          "archive": 92,
          "new_inputs": 10,
          "cumulative_inputs": 19109,
          "new_vrp_edges": 0,
          "new_base_edges": 0,
          "cumulative_vrp_edges": 0,
          "cumulative_base_edges": 0,
          "classifications": {
            "vrp_only": 0,
            "both": 0,
            "base_only": 0,
            "neither": 10
          }
        },
        {
          "archive": 93,
          "new_inputs": 105,
          "cumulative_inputs": 19214,
          "new_vrp_edges": 0,
          "new_base_edges": 0,
          "cumulative_vrp_edges": 0,
          "cumulative_base_edges": 0,
          "classifications": {
            "vrp_only": 0,
            "both": 0,
            "base_only": 0,
            "neither": 105
          }
        },
        {
          "archive": 94,
          "new_inputs": 17,
          "cumulative_inputs": 19231,
          "new_vrp_edges": 0,
          "new_base_edges": 0,
          "cumulative_vrp_edges": 0,
          "cumulative_base_edges": 0,
          "classifications": {
            "vrp_only": 0,
            "both": 0,
            "base_only": 0,
            "neither": 17
          }
        },
        {
          "archive": 95,
          "new_inputs": 5,
          "cumulative_inputs": 19236,
          "new_vrp_edges": 0,
          "new_base_edges": 0,
          "cumulative_vrp_edges": 0,
          "cumulative_base_edges": 0,
          "classifications": {
            "vrp_only": 0,
            "both": 0,
            "base_only": 0,
            "neither": 5
          }
        },
        {
          "archive": 96,
          "new_inputs": 0,
          "cumulative_inputs": 19236,
          "new_vrp_edges": 0,
          "new_base_edges": 0,
          "cumulative_vrp_edges": 0,
          "cumulative_base_edges": 0,
          "classifications": {
            "vrp_only": 0,
            "both": 0,
            "base_only": 0,
            "neither": 0
          }
        }
      ],
      "summary": {
        "total_inputs": 19236,
        "total_vrp_edges": 0,
        "total_base_edges": 0,
        "entanglement_rate": 0.0,
        "vrp_only_count": 0,
        "both_count": 0,
        "base_only_count": 0,
        "neither_count": 19236
      }
    },
    "vrp_bucket_entanglement": {
      "summary": {
        "total_inputs": 19236,
        "bucket_entanglement_rate": 0.0,
        "vrp_only": 0,
        "both": 0,
        "base_only": 0,
        "neither": 19236,
        "edge_neither_but_bucket_interesting": 0
      }
    },
    "vrp_gradient": {
      "summary": {
        "total_vrp_edges_seen": 0,
        "singleton_edges": 0,
        "low_freq_edges": 0,
        "high_freq_edges": 0,
        "vrp_exclusive_singletons": 0,
        "hit_count_distribution": {
          "1": 0,
          "2-3": 0,
          "4-10": 0,
          "11-50": 0,
          "51-200": 0,
          "200+": 0
        }
      }
    },
    "edge_growth": {
      "growth_curve": [
        {
          "archive": 0,
          "total_inputs": 2,
          "vrp_edges": 0,
          "base_edges": 0
        },
        {
          "archive": 1,
          "total_inputs": 7047,
          "vrp_edges": 0,
          "base_edges": 0
        },
        {
          "archive": 2,
          "total_inputs": 9174,
          "vrp_edges": 0,
          "base_edges": 0
        },
        {
          "archive": 3,
          "total_inputs": 10469,
          "vrp_edges": 0,
          "base_edges": 0
        },
        {
          "archive": 4,
          "total_inputs": 12353,
          "vrp_edges": 0,
          "base_edges": 0
        },
        {
          "archive": 5,
          "total_inputs": 13165,
          "vrp_edges": 0,
          "base_edges": 0
        },
        {
          "archive": 6,
          "total_inputs": 13710,
          "vrp_edges": 0,
          "base_edges": 0
        },
        {
          "archive": 7,
          "total_inputs": 13984,
          "vrp_edges": 0,
          "base_edges": 0
        },
        {
          "archive": 8,
          "total_inputs": 14156,
          "vrp_edges": 0,
          "base_edges": 0
        },
        {
          "archive": 9,
          "total_inputs": 14825,
          "vrp_edges": 0,
          "base_edges": 0
        },
        {
          "archive": 10,
          "total_inputs": 15197,
          "vrp_edges": 0,
          "base_edges": 0
        },
        {
          "archive": 11,
          "total_inputs": 15403,
          "vrp_edges": 0,
          "base_edges": 0
        },
        {
          "archive": 12,
          "total_inputs": 15543,
          "vrp_edges": 0,
          "base_edges": 0
        },
        {
          "archive": 13,
          "total_inputs": 15671,
          "vrp_edges": 0,
          "base_edges": 0
        },
        {
          "archive": 14,
          "total_inputs": 15752,
          "vrp_edges": 0,
          "base_edges": 0
        },
        {
          "archive": 15,
          "total_inputs": 15863,
          "vrp_edges": 0,
          "base_edges": 0
        },
        {
          "archive": 16,
          "total_inputs": 15923,
          "vrp_edges": 0,
          "base_edges": 0
        },
        {
          "archive": 17,
          "total_inputs": 15981,
          "vrp_edges": 0,
          "base_edges": 0
        },
        {
          "archive": 18,
          "total_inputs": 16398,
          "vrp_edges": 0,
          "base_edges": 0
        },
        {
          "archive": 19,
          "total_inputs": 16500,
          "vrp_edges": 0,
          "base_edges": 0
        },
        {
          "archive": 20,
          "total_inputs": 16587,
          "vrp_edges": 0,
          "base_edges": 0
        },
        {
          "archive": 21,
          "total_inputs": 16645,
          "vrp_edges": 0,
          "base_edges": 0
        },
        {
          "archive": 22,
          "total_inputs": 16707,
          "vrp_edges": 0,
          "base_edges": 0
        },
        {
          "archive": 23,
          "total_inputs": 16756,
          "vrp_edges": 0,
          "base_edges": 0
        },
        {
          "archive": 24,
          "total_inputs": 16805,
          "vrp_edges": 0,
          "base_edges": 0
        },
        {
          "archive": 25,
          "total_inputs": 16852,
          "vrp_edges": 0,
          "base_edges": 0
        },
        {
          "archive": 26,
          "total_inputs": 16886,
          "vrp_edges": 0,
          "base_edges": 0
        },
        {
          "archive": 27,
          "total_inputs": 16932,
          "vrp_edges": 0,
          "base_edges": 0
        },
        {
          "archive": 28,
          "total_inputs": 17004,
          "vrp_edges": 0,
          "base_edges": 0
        },
        {
          "archive": 29,
          "total_inputs": 17034,
          "vrp_edges": 0,
          "base_edges": 0
        },
        {
          "archive": 30,
          "total_inputs": 17064,
          "vrp_edges": 0,
          "base_edges": 0
        },
        {
          "archive": 31,
          "total_inputs": 17091,
          "vrp_edges": 0,
          "base_edges": 0
        },
        {
          "archive": 32,
          "total_inputs": 17138,
          "vrp_edges": 0,
          "base_edges": 0
        },
        {
          "archive": 33,
          "total_inputs": 17170,
          "vrp_edges": 0,
          "base_edges": 0
        },
        {
          "archive": 34,
          "total_inputs": 17197,
          "vrp_edges": 0,
          "base_edges": 0
        },
        {
          "archive": 35,
          "total_inputs": 17221,
          "vrp_edges": 0,
          "base_edges": 0
        },
        {
          "archive": 36,
          "total_inputs": 17254,
          "vrp_edges": 0,
          "base_edges": 0
        },
        {
          "archive": 37,
          "total_inputs": 17273,
          "vrp_edges": 0,
          "base_edges": 0
        },
        {
          "archive": 38,
          "total_inputs": 17297,
          "vrp_edges": 0,
          "base_edges": 0
        },
        {
          "archive": 39,
          "total_inputs": 17837,
          "vrp_edges": 0,
          "base_edges": 0
        },
        {
          "archive": 40,
          "total_inputs": 17921,
          "vrp_edges": 0,
          "base_edges": 0
        },
        {
          "archive": 41,
          "total_inputs": 17984,
          "vrp_edges": 0,
          "base_edges": 0
        },
        {
          "archive": 42,
          "total_inputs": 18035,
          "vrp_edges": 0,
          "base_edges": 0
        },
        {
          "archive": 43,
          "total_inputs": 18055,
          "vrp_edges": 0,
          "base_edges": 0
        },
        {
          "archive": 44,
          "total_inputs": 18070,
          "vrp_edges": 0,
          "base_edges": 0
        },
        {
          "archive": 45,
          "total_inputs": 18095,
          "vrp_edges": 0,
          "base_edges": 0
        },
        {
          "archive": 46,
          "total_inputs": 18106,
          "vrp_edges": 0,
          "base_edges": 0
        },
        {
          "archive": 47,
          "total_inputs": 18156,
          "vrp_edges": 0,
          "base_edges": 0
        },
        {
          "archive": 48,
          "total_inputs": 18171,
          "vrp_edges": 0,
          "base_edges": 0
        },
        {
          "archive": 49,
          "total_inputs": 18186,
          "vrp_edges": 0,
          "base_edges": 0
        },
        {
          "archive": 50,
          "total_inputs": 18199,
          "vrp_edges": 0,
          "base_edges": 0
        },
        {
          "archive": 51,
          "total_inputs": 18228,
          "vrp_edges": 0,
          "base_edges": 0
        },
        {
          "archive": 52,
          "total_inputs": 18251,
          "vrp_edges": 0,
          "base_edges": 0
        },
        {
          "archive": 53,
          "total_inputs": 18278,
          "vrp_edges": 0,
          "base_edges": 0
        },
        {
          "archive": 54,
          "total_inputs": 18296,
          "vrp_edges": 0,
          "base_edges": 0
        },
        {
          "archive": 55,
          "total_inputs": 18306,
          "vrp_edges": 0,
          "base_edges": 0
        },
        {
          "archive": 56,
          "total_inputs": 18317,
          "vrp_edges": 0,
          "base_edges": 0
        },
        {
          "archive": 57,
          "total_inputs": 18329,
          "vrp_edges": 0,
          "base_edges": 0
        },
        {
          "archive": 58,
          "total_inputs": 18348,
          "vrp_edges": 0,
          "base_edges": 0
        },
        {
          "archive": 59,
          "total_inputs": 18362,
          "vrp_edges": 0,
          "base_edges": 0
        },
        {
          "archive": 60,
          "total_inputs": 18380,
          "vrp_edges": 0,
          "base_edges": 0
        },
        {
          "archive": 61,
          "total_inputs": 18400,
          "vrp_edges": 0,
          "base_edges": 0
        },
        {
          "archive": 62,
          "total_inputs": 18412,
          "vrp_edges": 0,
          "base_edges": 0
        },
        {
          "archive": 63,
          "total_inputs": 18433,
          "vrp_edges": 0,
          "base_edges": 0
        },
        {
          "archive": 64,
          "total_inputs": 18441,
          "vrp_edges": 0,
          "base_edges": 0
        },
        {
          "archive": 65,
          "total_inputs": 18458,
          "vrp_edges": 0,
          "base_edges": 0
        },
        {
          "archive": 66,
          "total_inputs": 18468,
          "vrp_edges": 0,
          "base_edges": 0
        },
        {
          "archive": 67,
          "total_inputs": 18487,
          "vrp_edges": 0,
          "base_edges": 0
        },
        {
          "archive": 68,
          "total_inputs": 18503,
          "vrp_edges": 0,
          "base_edges": 0
        },
        {
          "archive": 69,
          "total_inputs": 18511,
          "vrp_edges": 0,
          "base_edges": 0
        },
        {
          "archive": 70,
          "total_inputs": 18527,
          "vrp_edges": 0,
          "base_edges": 0
        },
        {
          "archive": 71,
          "total_inputs": 18544,
          "vrp_edges": 0,
          "base_edges": 0
        },
        {
          "archive": 72,
          "total_inputs": 18557,
          "vrp_edges": 0,
          "base_edges": 0
        },
        {
          "archive": 73,
          "total_inputs": 18674,
          "vrp_edges": 0,
          "base_edges": 0
        },
        {
          "archive": 74,
          "total_inputs": 18699,
          "vrp_edges": 0,
          "base_edges": 0
        },
        {
          "archive": 75,
          "total_inputs": 18715,
          "vrp_edges": 0,
          "base_edges": 0
        },
        {
          "archive": 76,
          "total_inputs": 18732,
          "vrp_edges": 0,
          "base_edges": 0
        },
        {
          "archive": 77,
          "total_inputs": 18748,
          "vrp_edges": 0,
          "base_edges": 0
        },
        {
          "archive": 78,
          "total_inputs": 18757,
          "vrp_edges": 0,
          "base_edges": 0
        },
        {
          "archive": 79,
          "total_inputs": 18776,
          "vrp_edges": 0,
          "base_edges": 0
        },
        {
          "archive": 80,
          "total_inputs": 18787,
          "vrp_edges": 0,
          "base_edges": 0
        },
        {
          "archive": 81,
          "total_inputs": 18811,
          "vrp_edges": 0,
          "base_edges": 0
        },
        {
          "archive": 82,
          "total_inputs": 18822,
          "vrp_edges": 0,
          "base_edges": 0
        },
        {
          "archive": 83,
          "total_inputs": 18834,
          "vrp_edges": 0,
          "base_edges": 0
        },
        {
          "archive": 84,
          "total_inputs": 18843,
          "vrp_edges": 0,
          "base_edges": 0
        },
        {
          "archive": 85,
          "total_inputs": 18861,
          "vrp_edges": 0,
          "base_edges": 0
        },
        {
          "archive": 86,
          "total_inputs": 18912,
          "vrp_edges": 0,
          "base_edges": 0
        },
        {
          "archive": 87,
          "total_inputs": 18999,
          "vrp_edges": 0,
          "base_edges": 0
        },
        {
          "archive": 88,
          "total_inputs": 19031,
          "vrp_edges": 0,
          "base_edges": 0
        },
        {
          "archive": 89,
          "total_inputs": 19064,
          "vrp_edges": 0,
          "base_edges": 0
        },
        {
          "archive": 90,
          "total_inputs": 19080,
          "vrp_edges": 0,
          "base_edges": 0
        },
        {
          "archive": 91,
          "total_inputs": 19099,
          "vrp_edges": 0,
          "base_edges": 0
        },
        {
          "archive": 92,
          "total_inputs": 19109,
          "vrp_edges": 0,
          "base_edges": 0
        },
        {
          "archive": 93,
          "total_inputs": 19214,
          "vrp_edges": 0,
          "base_edges": 0
        },
        {
          "archive": 94,
          "total_inputs": 19231,
          "vrp_edges": 0,
          "base_edges": 0
        },
        {
          "archive": 95,
          "total_inputs": 19236,
          "vrp_edges": 0,
          "base_edges": 0
        },
        {
          "archive": 96,
          "total_inputs": 19236,
          "vrp_edges": 0,
          "base_edges": 0
        }
      ],
      "final_vrp_edges": 0,
      "final_base_edges": 0,
      "total_inputs": 19236
    },
    "speed": {
      "per_archive": [
        {
          "archive": 0,
          "inputs": 2,
          "mean_vrp_ms": 7.158,
          "mean_base_ms": 6.678,
          "overhead": 1.0718
        },
        {
          "archive": 1,
          "inputs": 7045,
          "mean_vrp_ms": 0.02,
          "mean_base_ms": 0.021,
          "overhead": 0.9859
        },
        {
          "archive": 2,
          "inputs": 2127,
          "mean_vrp_ms": 0.019,
          "mean_base_ms": 0.021,
          "overhead": 0.9037
        },
        {
          "archive": 3,
          "inputs": 1295,
          "mean_vrp_ms": 0.028,
          "mean_base_ms": 0.03,
          "overhead": 0.9081
        },
        {
          "archive": 4,
          "inputs": 1884,
          "mean_vrp_ms": 0.024,
          "mean_base_ms": 0.027,
          "overhead": 0.8777
        },
        {
          "archive": 5,
          "inputs": 812,
          "mean_vrp_ms": 0.031,
          "mean_base_ms": 0.055,
          "overhead": 0.5595
        },
        {
          "archive": 6,
          "inputs": 545,
          "mean_vrp_ms": 0.038,
          "mean_base_ms": 0.035,
          "overhead": 1.0928
        },
        {
          "archive": 7,
          "inputs": 274,
          "mean_vrp_ms": 0.061,
          "mean_base_ms": 0.061,
          "overhead": 1.0095
        },
        {
          "archive": 8,
          "inputs": 172,
          "mean_vrp_ms": 0.109,
          "mean_base_ms": 0.116,
          "overhead": 0.9366
        },
        {
          "archive": 9,
          "inputs": 669,
          "mean_vrp_ms": 0.037,
          "mean_base_ms": 0.034,
          "overhead": 1.0809
        },
        {
          "archive": 10,
          "inputs": 372,
          "mean_vrp_ms": 0.054,
          "mean_base_ms": 0.054,
          "overhead": 0.9889
        },
        {
          "archive": 11,
          "inputs": 206,
          "mean_vrp_ms": 0.087,
          "mean_base_ms": 0.085,
          "overhead": 1.0281
        },
        {
          "archive": 12,
          "inputs": 140,
          "mean_vrp_ms": 0.101,
          "mean_base_ms": 0.121,
          "overhead": 0.833
        },
        {
          "archive": 13,
          "inputs": 128,
          "mean_vrp_ms": 0.109,
          "mean_base_ms": 0.104,
          "overhead": 1.0441
        },
        {
          "archive": 14,
          "inputs": 81,
          "mean_vrp_ms": 0.206,
          "mean_base_ms": 0.165,
          "overhead": 1.2446
        },
        {
          "archive": 15,
          "inputs": 111,
          "mean_vrp_ms": 0.158,
          "mean_base_ms": 0.13,
          "overhead": 1.2164
        },
        {
          "archive": 16,
          "inputs": 60,
          "mean_vrp_ms": 0.221,
          "mean_base_ms": 0.192,
          "overhead": 1.1523
        },
        {
          "archive": 17,
          "inputs": 58,
          "mean_vrp_ms": 0.292,
          "mean_base_ms": 0.226,
          "overhead": 1.2945
        },
        {
          "archive": 18,
          "inputs": 417,
          "mean_vrp_ms": 0.043,
          "mean_base_ms": 0.044,
          "overhead": 0.982
        },
        {
          "archive": 19,
          "inputs": 102,
          "mean_vrp_ms": 0.147,
          "mean_base_ms": 0.124,
          "overhead": 1.1861
        },
        {
          "archive": 20,
          "inputs": 87,
          "mean_vrp_ms": 0.153,
          "mean_base_ms": 0.149,
          "overhead": 1.028
        },
        {
          "archive": 21,
          "inputs": 58,
          "mean_vrp_ms": 0.216,
          "mean_base_ms": 0.231,
          "overhead": 0.9367
        },
        {
          "archive": 22,
          "inputs": 62,
          "mean_vrp_ms": 0.203,
          "mean_base_ms": 0.233,
          "overhead": 0.8745
        },
        {
          "archive": 23,
          "inputs": 49,
          "mean_vrp_ms": 0.251,
          "mean_base_ms": 0.261,
          "overhead": 0.9639
        },
        {
          "archive": 24,
          "inputs": 49,
          "mean_vrp_ms": 0.319,
          "mean_base_ms": 0.255,
          "overhead": 1.2512
        },
        {
          "archive": 25,
          "inputs": 47,
          "mean_vrp_ms": 0.233,
          "mean_base_ms": 0.297,
          "overhead": 0.7855
        },
        {
          "archive": 26,
          "inputs": 34,
          "mean_vrp_ms": 0.44,
          "mean_base_ms": 0.393,
          "overhead": 1.1201
        },
        {
          "archive": 27,
          "inputs": 46,
          "mean_vrp_ms": 0.287,
          "mean_base_ms": 0.33,
          "overhead": 0.87
        },
        {
          "archive": 28,
          "inputs": 72,
          "mean_vrp_ms": 0.166,
          "mean_base_ms": 0.206,
          "overhead": 0.8043
        },
        {
          "archive": 29,
          "inputs": 30,
          "mean_vrp_ms": 0.445,
          "mean_base_ms": 0.406,
          "overhead": 1.0944
        },
        {
          "archive": 30,
          "inputs": 30,
          "mean_vrp_ms": 0.496,
          "mean_base_ms": 0.415,
          "overhead": 1.1945
        },
        {
          "archive": 31,
          "inputs": 27,
          "mean_vrp_ms": 0.4,
          "mean_base_ms": 0.434,
          "overhead": 0.9213
        },
        {
          "archive": 32,
          "inputs": 47,
          "mean_vrp_ms": 0.265,
          "mean_base_ms": 0.283,
          "overhead": 0.9363
        },
        {
          "archive": 33,
          "inputs": 32,
          "mean_vrp_ms": 0.403,
          "mean_base_ms": 0.375,
          "overhead": 1.0736
        },
        {
          "archive": 34,
          "inputs": 27,
          "mean_vrp_ms": 0.566,
          "mean_base_ms": 0.427,
          "overhead": 1.3264
        },
        {
          "archive": 35,
          "inputs": 24,
          "mean_vrp_ms": 0.439,
          "mean_base_ms": 0.478,
          "overhead": 0.9187
        },
        {
          "archive": 36,
          "inputs": 33,
          "mean_vrp_ms": 0.416,
          "mean_base_ms": 0.371,
          "overhead": 1.1221
        },
        {
          "archive": 37,
          "inputs": 19,
          "mean_vrp_ms": 0.823,
          "mean_base_ms": 0.683,
          "overhead": 1.2053
        },
        {
          "archive": 38,
          "inputs": 24,
          "mean_vrp_ms": 0.54,
          "mean_base_ms": 0.47,
          "overhead": 1.1488
        },
        {
          "archive": 39,
          "inputs": 540,
          "mean_vrp_ms": 0.041,
          "mean_base_ms": 0.048,
          "overhead": 0.8525
        },
        {
          "archive": 40,
          "inputs": 84,
          "mean_vrp_ms": 0.171,
          "mean_base_ms": 0.176,
          "overhead": 0.9699
        },
        {
          "archive": 41,
          "inputs": 63,
          "mean_vrp_ms": 0.219,
          "mean_base_ms": 0.2,
          "overhead": 1.0956
        },
        {
          "archive": 42,
          "inputs": 51,
          "mean_vrp_ms": 0.307,
          "mean_base_ms": 0.272,
          "overhead": 1.1279
        },
        {
          "archive": 43,
          "inputs": 20,
          "mean_vrp_ms": 0.603,
          "mean_base_ms": 0.64,
          "overhead": 0.9413
        },
        {
          "archive": 44,
          "inputs": 15,
          "mean_vrp_ms": 0.841,
          "mean_base_ms": 0.918,
          "overhead": 0.9157
        },
        {
          "archive": 45,
          "inputs": 25,
          "mean_vrp_ms": 0.546,
          "mean_base_ms": 0.549,
          "overhead": 0.9944
        },
        {
          "archive": 46,
          "inputs": 11,
          "mean_vrp_ms": 1.245,
          "mean_base_ms": 1.096,
          "overhead": 1.1357
        },
        {
          "archive": 47,
          "inputs": 50,
          "mean_vrp_ms": 0.319,
          "mean_base_ms": 0.26,
          "overhead": 1.2247
        },
        {
          "archive": 48,
          "inputs": 15,
          "mean_vrp_ms": 0.734,
          "mean_base_ms": 1.087,
          "overhead": 0.6754
        },
        {
          "archive": 49,
          "inputs": 15,
          "mean_vrp_ms": 0.755,
          "mean_base_ms": 0.747,
          "overhead": 1.0108
        },
        {
          "archive": 50,
          "inputs": 13,
          "mean_vrp_ms": 0.938,
          "mean_base_ms": 0.967,
          "overhead": 0.9693
        },
        {
          "archive": 51,
          "inputs": 29,
          "mean_vrp_ms": 0.417,
          "mean_base_ms": 0.44,
          "overhead": 0.9472
        },
        {
          "archive": 52,
          "inputs": 23,
          "mean_vrp_ms": 0.658,
          "mean_base_ms": 0.46,
          "overhead": 1.4299
        },
        {
          "archive": 53,
          "inputs": 27,
          "mean_vrp_ms": 0.409,
          "mean_base_ms": 0.45,
          "overhead": 0.9099
        },
        {
          "archive": 54,
          "inputs": 18,
          "mean_vrp_ms": 0.846,
          "mean_base_ms": 0.748,
          "overhead": 1.1316
        },
        {
          "archive": 55,
          "inputs": 10,
          "mean_vrp_ms": 1.263,
          "mean_base_ms": 1.421,
          "overhead": 0.8886
        },
        {
          "archive": 56,
          "inputs": 11,
          "mean_vrp_ms": 1.035,
          "mean_base_ms": 1.044,
          "overhead": 0.9915
        },
        {
          "archive": 57,
          "inputs": 12,
          "mean_vrp_ms": 1.016,
          "mean_base_ms": 1.082,
          "overhead": 0.9382
        },
        {
          "archive": 58,
          "inputs": 19,
          "mean_vrp_ms": 0.602,
          "mean_base_ms": 0.622,
          "overhead": 0.9681
        },
        {
          "archive": 59,
          "inputs": 14,
          "mean_vrp_ms": 0.887,
          "mean_base_ms": 1.042,
          "overhead": 0.8518
        },
        {
          "archive": 60,
          "inputs": 18,
          "mean_vrp_ms": 0.629,
          "mean_base_ms": 0.588,
          "overhead": 1.0693
        },
        {
          "archive": 61,
          "inputs": 20,
          "mean_vrp_ms": 0.606,
          "mean_base_ms": 0.596,
          "overhead": 1.016
        },
        {
          "archive": 62,
          "inputs": 12,
          "mean_vrp_ms": 1.031,
          "mean_base_ms": 0.921,
          "overhead": 1.1199
        },
        {
          "archive": 63,
          "inputs": 21,
          "mean_vrp_ms": 0.669,
          "mean_base_ms": 0.624,
          "overhead": 1.0714
        },
        {
          "archive": 64,
          "inputs": 8,
          "mean_vrp_ms": 1.818,
          "mean_base_ms": 1.397,
          "overhead": 1.3006
        },
        {
          "archive": 65,
          "inputs": 17,
          "mean_vrp_ms": 0.927,
          "mean_base_ms": 0.771,
          "overhead": 1.2025
        },
        {
          "archive": 66,
          "inputs": 10,
          "mean_vrp_ms": 1.594,
          "mean_base_ms": 1.403,
          "overhead": 1.1363
        },
        {
          "archive": 67,
          "inputs": 19,
          "mean_vrp_ms": 0.775,
          "mean_base_ms": 0.678,
          "overhead": 1.1433
        },
        {
          "archive": 68,
          "inputs": 16,
          "mean_vrp_ms": 0.759,
          "mean_base_ms": 0.738,
          "overhead": 1.0284
        },
        {
          "archive": 69,
          "inputs": 8,
          "mean_vrp_ms": 1.52,
          "mean_base_ms": 1.469,
          "overhead": 1.0351
        },
        {
          "archive": 70,
          "inputs": 16,
          "mean_vrp_ms": 0.808,
          "mean_base_ms": 0.707,
          "overhead": 1.1427
        },
        {
          "archive": 71,
          "inputs": 17,
          "mean_vrp_ms": 0.843,
          "mean_base_ms": 0.69,
          "overhead": 1.2217
        },
        {
          "archive": 72,
          "inputs": 13,
          "mean_vrp_ms": 2.952,
          "mean_base_ms": 2.825,
          "overhead": 1.0448
        },
        {
          "archive": 73,
          "inputs": 117,
          "mean_vrp_ms": 0.175,
          "mean_base_ms": 0.118,
          "overhead": 1.4818
        },
        {
          "archive": 74,
          "inputs": 25,
          "mean_vrp_ms": 0.468,
          "mean_base_ms": 0.461,
          "overhead": 1.0134
        },
        {
          "archive": 75,
          "inputs": 16,
          "mean_vrp_ms": 0.743,
          "mean_base_ms": 0.751,
          "overhead": 0.9889
        },
        {
          "archive": 76,
          "inputs": 17,
          "mean_vrp_ms": 0.694,
          "mean_base_ms": 0.685,
          "overhead": 1.0139
        },
        {
          "archive": 77,
          "inputs": 16,
          "mean_vrp_ms": 0.729,
          "mean_base_ms": 0.835,
          "overhead": 0.873
        },
        {
          "archive": 78,
          "inputs": 9,
          "mean_vrp_ms": 1.631,
          "mean_base_ms": 1.443,
          "overhead": 1.1305
        },
        {
          "archive": 79,
          "inputs": 19,
          "mean_vrp_ms": 0.783,
          "mean_base_ms": 0.703,
          "overhead": 1.1144
        },
        {
          "archive": 80,
          "inputs": 11,
          "mean_vrp_ms": 1.316,
          "mean_base_ms": 1.259,
          "overhead": 1.046
        },
        {
          "archive": 81,
          "inputs": 24,
          "mean_vrp_ms": 0.516,
          "mean_base_ms": 0.613,
          "overhead": 0.8423
        },
        {
          "archive": 82,
          "inputs": 11,
          "mean_vrp_ms": 1.24,
          "mean_base_ms": 1.361,
          "overhead": 0.9108
        },
        {
          "archive": 83,
          "inputs": 12,
          "mean_vrp_ms": 0.972,
          "mean_base_ms": 1.022,
          "overhead": 0.951
        },
        {
          "archive": 84,
          "inputs": 9,
          "mean_vrp_ms": 1.443,
          "mean_base_ms": 1.288,
          "overhead": 1.1205
        },
        {
          "archive": 85,
          "inputs": 18,
          "mean_vrp_ms": 0.748,
          "mean_base_ms": 0.695,
          "overhead": 1.0758
        },
        {
          "archive": 86,
          "inputs": 51,
          "mean_vrp_ms": 0.29,
          "mean_base_ms": 0.284,
          "overhead": 1.0209
        },
        {
          "archive": 87,
          "inputs": 87,
          "mean_vrp_ms": 0.162,
          "mean_base_ms": 0.178,
          "overhead": 0.9113
        },
        {
          "archive": 88,
          "inputs": 32,
          "mean_vrp_ms": 0.363,
          "mean_base_ms": 0.398,
          "overhead": 0.9126
        },
        {
          "archive": 89,
          "inputs": 33,
          "mean_vrp_ms": 0.375,
          "mean_base_ms": 0.372,
          "overhead": 1.006
        },
        {
          "archive": 90,
          "inputs": 16,
          "mean_vrp_ms": 0.731,
          "mean_base_ms": 0.661,
          "overhead": 1.1051
        },
        {
          "archive": 91,
          "inputs": 19,
          "mean_vrp_ms": 0.787,
          "mean_base_ms": 0.611,
          "overhead": 1.2868
        },
        {
          "archive": 92,
          "inputs": 10,
          "mean_vrp_ms": 1.116,
          "mean_base_ms": 1.063,
          "overhead": 1.0499
        },
        {
          "archive": 93,
          "inputs": 105,
          "mean_vrp_ms": 0.16,
          "mean_base_ms": 0.122,
          "overhead": 1.315
        },
        {
          "archive": 94,
          "inputs": 17,
          "mean_vrp_ms": 0.742,
          "mean_base_ms": 0.765,
          "overhead": 0.9704
        },
        {
          "archive": 95,
          "inputs": 5,
          "mean_vrp_ms": 2.561,
          "mean_base_ms": 2.263,
          "overhead": 1.1319
        },
        {
          "archive": 96,
          "inputs": 0,
          "mean_vrp_ms": 0.0,
          "mean_base_ms": 0.0,
          "overhead": 0.0
        }
      ],
      "summary": {
        "total_inputs": 19236,
        "vrp_mean_ms": 0.083,
        "vrp_median_ms": 0.024,
        "vrp_p95_ms": 0.403,
        "vrp_p99_ms": 0.927,
        "base_mean_ms": 0.082,
        "base_median_ms": 0.027,
        "base_p95_ms": 0.393,
        "base_p99_ms": 0.967,
        "mean_overhead": 1.0097
      }
    }
  }
}