{
  "experiment": "vrp-unfold-eval-big04",
  "benchmark": "freetype2_ftfuzzer",
  "fuzzer": "aflplusplus_unfold_all",
  "instance": "48381",
  "archives_processed": 97,
  "total_inputs": 17397,
  "elapsed_seconds": 16.5,
  "analyzer_results": {
    "vrp_hit_entanglement": {
      "per_archive": [
        {
          "archive": 0,
          "new_inputs": 2,
          "cumulative_inputs": 2,
          "new_vrp_edges": 0,
          "new_base_edges": 0,
          "cumulative_vrp_edges": 0,
          "cumulative_base_edges": 0,
          "classifications": {
            "vrp_only": 0,
            "both": 0,
            "base_only": 0,
            "neither": 2
          }
        },
        {
          "archive": 1,
          "new_inputs": 7213,
          "cumulative_inputs": 7215,
          "new_vrp_edges": 0,
          "new_base_edges": 0,
          "cumulative_vrp_edges": 0,
          "cumulative_base_edges": 0,
          "classifications": {
            "vrp_only": 0,
            "both": 0,
            "base_only": 0,
            "neither": 7213
          }
        },
        {
          "archive": 2,
          "new_inputs": 2604,
          "cumulative_inputs": 9819,
          "new_vrp_edges": 0,
          "new_base_edges": 0,
          "cumulative_vrp_edges": 0,
          "cumulative_base_edges": 0,
          "classifications": {
            "vrp_only": 0,
            "both": 0,
            "base_only": 0,
            "neither": 2604
          }
        },
        {
          "archive": 3,
          "new_inputs": 1479,
          "cumulative_inputs": 11298,
          "new_vrp_edges": 0,
          "new_base_edges": 0,
          "cumulative_vrp_edges": 0,
          "cumulative_base_edges": 0,
          "classifications": {
            "vrp_only": 0,
            "both": 0,
            "base_only": 0,
            "neither": 1479
          }
        },
        {
          "archive": 4,
          "new_inputs": 776,
          "cumulative_inputs": 12074,
          "new_vrp_edges": 0,
          "new_base_edges": 0,
          "cumulative_vrp_edges": 0,
          "cumulative_base_edges": 0,
          "classifications": {
            "vrp_only": 0,
            "both": 0,
            "base_only": 0,
            "neither": 776
          }
        },
        {
          "archive": 5,
          "new_inputs": 431,
          "cumulative_inputs": 12505,
          "new_vrp_edges": 0,
          "new_base_edges": 0,
          "cumulative_vrp_edges": 0,
          "cumulative_base_edges": 0,
          "classifications": {
            "vrp_only": 0,
            "both": 0,
            "base_only": 0,
            "neither": 431
          }
        },
        {
          "archive": 6,
          "new_inputs": 356,
          "cumulative_inputs": 12861,
          "new_vrp_edges": 0,
          "new_base_edges": 0,
          "cumulative_vrp_edges": 0,
          "cumulative_base_edges": 0,
          "classifications": {
            "vrp_only": 0,
            "both": 0,
            "base_only": 0,
            "neither": 356
          }
        },
        {
          "archive": 7,
          "new_inputs": 258,
          "cumulative_inputs": 13119,
          "new_vrp_edges": 0,
          "new_base_edges": 0,
          "cumulative_vrp_edges": 0,
          "cumulative_base_edges": 0,
          "classifications": {
            "vrp_only": 0,
            "both": 0,
            "base_only": 0,
            "neither": 258
          }
        },
        {
          "archive": 8,
          "new_inputs": 172,
          "cumulative_inputs": 13291,
          "new_vrp_edges": 0,
          "new_base_edges": 0,
          "cumulative_vrp_edges": 0,
          "cumulative_base_edges": 0,
          "classifications": {
            "vrp_only": 0,
            "both": 0,
            "base_only": 0,
            "neither": 172
          }
        },
        {
          "archive": 9,
          "new_inputs": 397,
          "cumulative_inputs": 13688,
          "new_vrp_edges": 0,
          "new_base_edges": 0,
          "cumulative_vrp_edges": 0,
          "cumulative_base_edges": 0,
          "classifications": {
            "vrp_only": 0,
            "both": 0,
            "base_only": 0,
            "neither": 397
          }
        },
        {
          "archive": 10,
          "new_inputs": 221,
          "cumulative_inputs": 13909,
          "new_vrp_edges": 0,
          "new_base_edges": 0,
          "cumulative_vrp_edges": 0,
          "cumulative_base_edges": 0,
          "classifications": {
            "vrp_only": 0,
            "both": 0,
            "base_only": 0,
            "neither": 221
          }
        },
        {
          "archive": 11,
          "new_inputs": 180,
          "cumulative_inputs": 14089,
          "new_vrp_edges": 0,
          "new_base_edges": 0,
          "cumulative_vrp_edges": 0,
          "cumulative_base_edges": 0,
          "classifications": {
            "vrp_only": 0,
            "both": 0,
            "base_only": 0,
            "neither": 180
          }
        },
        {
          "archive": 12,
          "new_inputs": 121,
          "cumulative_inputs": 14210,
          "new_vrp_edges": 0,
          "new_base_edges": 0,
          "cumulative_vrp_edges": 0,
          "cumulative_base_edges": 0,
          "classifications": {
            "vrp_only": 0,
            "both": 0,
            "base_only": 0,
            "neither": 121
          }
        },
        {
          "archive": 13,
          "new_inputs": 100,
          "cumulative_inputs": 14310,
          "new_vrp_edges": 0,
          "new_base_edges": 0,
          "cumulative_vrp_edges": 0,
          "cumulative_base_edges": 0,
          "classifications": {
            "vrp_only": 0,
            "both": 0,
            "base_only": 0,
            "neither": 100
          }
        },
        {
          "archive": 14,
          "new_inputs": 114,
          "cumulative_inputs": 14424,
          "new_vrp_edges": 0,
          "new_base_edges": 0,
          "cumulative_vrp_edges": 0,
          "cumulative_base_edges": 0,
          "classifications": {
            "vrp_only": 0,
            "both": 0,
            "base_only": 0,
            "neither": 114
          }
        },
        {
          "archive": 15,
          "new_inputs": 104,
          "cumulative_inputs": 14528,
          "new_vrp_edges": 0,
          "new_base_edges": 0,
          "cumulative_vrp_edges": 0,
          "cumulative_base_edges": 0,
          "classifications": {
            "vrp_only": 0,
            "both": 0,
            "base_only": 0,
            "neither": 104
          }
        },
        {
          "archive": 16,
          "new_inputs": 66,
          "cumulative_inputs": 14594,
          "new_vrp_edges": 0,
          "new_base_edges": 0,
          "cumulative_vrp_edges": 0,
          "cumulative_base_edges": 0,
          "classifications": {
            "vrp_only": 0,
            "both": 0,
            "base_only": 0,
            "neither": 66
          }
        },
        {
          "archive": 17,
          "new_inputs": 74,
          "cumulative_inputs": 14668,
          "new_vrp_edges": 0,
          "new_base_edges": 0,
          "cumulative_vrp_edges": 0,
          "cumulative_base_edges": 0,
          "classifications": {
            "vrp_only": 0,
            "both": 0,
            "base_only": 0,
            "neither": 74
          }
        },
        {
          "archive": 18,
          "new_inputs": 278,
          "cumulative_inputs": 14946,
          "new_vrp_edges": 0,
          "new_base_edges": 0,
          "cumulative_vrp_edges": 0,
          "cumulative_base_edges": 0,
          "classifications": {
            "vrp_only": 0,
            "both": 0,
            "base_only": 0,
            "neither": 278
          }
        },
        {
          "archive": 19,
          "new_inputs": 180,
          "cumulative_inputs": 15126,
          "new_vrp_edges": 0,
          "new_base_edges": 0,
          "cumulative_vrp_edges": 0,
          "cumulative_base_edges": 0,
          "classifications": {
            "vrp_only": 0,
            "both": 0,
            "base_only": 0,
            "neither": 180
          }
        },
        {
          "archive": 20,
          "new_inputs": 58,
          "cumulative_inputs": 15184,
          "new_vrp_edges": 0,
          "new_base_edges": 0,
          "cumulative_vrp_edges": 0,
          "cumulative_base_edges": 0,
          "classifications": {
            "vrp_only": 0,
            "both": 0,
            "base_only": 0,
            "neither": 58
          }
        },
        {
          "archive": 21,
          "new_inputs": 86,
          "cumulative_inputs": 15270,
          "new_vrp_edges": 0,
          "new_base_edges": 0,
          "cumulative_vrp_edges": 0,
          "cumulative_base_edges": 0,
          "classifications": {
            "vrp_only": 0,
            "both": 0,
            "base_only": 0,
            "neither": 86
          }
        },
        {
          "archive": 22,
          "new_inputs": 87,
          "cumulative_inputs": 15357,
          "new_vrp_edges": 0,
          "new_base_edges": 0,
          "cumulative_vrp_edges": 0,
          "cumulative_base_edges": 0,
          "classifications": {
            "vrp_only": 0,
            "both": 0,
            "base_only": 0,
            "neither": 87
          }
        },
        {
          "archive": 23,
          "new_inputs": 66,
          "cumulative_inputs": 15423,
          "new_vrp_edges": 0,
          "new_base_edges": 0,
          "cumulative_vrp_edges": 0,
          "cumulative_base_edges": 0,
          "classifications": {
            "vrp_only": 0,
            "both": 0,
            "base_only": 0,
            "neither": 66
          }
        },
        {
          "archive": 24,
          "new_inputs": 60,
          "cumulative_inputs": 15483,
          "new_vrp_edges": 0,
          "new_base_edges": 0,
          "cumulative_vrp_edges": 0,
          "cumulative_base_edges": 0,
          "classifications": {
            "vrp_only": 0,
            "both": 0,
            "base_only": 0,
            "neither": 60
          }
        },
        {
          "archive": 25,
          "new_inputs": 58,
          "cumulative_inputs": 15541,
          "new_vrp_edges": 0,
          "new_base_edges": 0,
          "cumulative_vrp_edges": 0,
          "cumulative_base_edges": 0,
          "classifications": {
            "vrp_only": 0,
            "both": 0,
            "base_only": 0,
            "neither": 58
          }
        },
        {
          "archive": 26,
          "new_inputs": 40,
          "cumulative_inputs": 15581,
          "new_vrp_edges": 0,
          "new_base_edges": 0,
          "cumulative_vrp_edges": 0,
          "cumulative_base_edges": 0,
          "classifications": {
            "vrp_only": 0,
            "both": 0,
            "base_only": 0,
            "neither": 40
          }
        },
        {
          "archive": 27,
          "new_inputs": 36,
          "cumulative_inputs": 15617,
          "new_vrp_edges": 0,
          "new_base_edges": 0,
          "cumulative_vrp_edges": 0,
          "cumulative_base_edges": 0,
          "classifications": {
            "vrp_only": 0,
            "both": 0,
            "base_only": 0,
            "neither": 36
          }
        },
        {
          "archive": 28,
          "new_inputs": 65,
          "cumulative_inputs": 15682,
          "new_vrp_edges": 0,
          "new_base_edges": 0,
          "cumulative_vrp_edges": 0,
          "cumulative_base_edges": 0,
          "classifications": {
            "vrp_only": 0,
            "both": 0,
            "base_only": 0,
            "neither": 65
          }
        },
        {
          "archive": 29,
          "new_inputs": 51,
          "cumulative_inputs": 15733,
          "new_vrp_edges": 0,
          "new_base_edges": 0,
          "cumulative_vrp_edges": 0,
          "cumulative_base_edges": 0,
          "classifications": {
            "vrp_only": 0,
            "both": 0,
            "base_only": 0,
            "neither": 51
          }
        },
        {
          "archive": 30,
          "new_inputs": 61,
          "cumulative_inputs": 15794,
          "new_vrp_edges": 0,
          "new_base_edges": 0,
          "cumulative_vrp_edges": 0,
          "cumulative_base_edges": 0,
          "classifications": {
            "vrp_only": 0,
            "both": 0,
            "base_only": 0,
            "neither": 61
          }
        },
        {
          "archive": 31,
          "new_inputs": 22,
          "cumulative_inputs": 15816,
          "new_vrp_edges": 0,
          "new_base_edges": 0,
          "cumulative_vrp_edges": 0,
          "cumulative_base_edges": 0,
          "classifications": {
            "vrp_only": 0,
            "both": 0,
            "base_only": 0,
            "neither": 22
          }
        },
        {
          "archive": 32,
          "new_inputs": 64,
          "cumulative_inputs": 15880,
          "new_vrp_edges": 0,
          "new_base_edges": 0,
          "cumulative_vrp_edges": 0,
          "cumulative_base_edges": 0,
          "classifications": {
            "vrp_only": 0,
            "both": 0,
            "base_only": 0,
            "neither": 64
          }
        },
        {
          "archive": 33,
          "new_inputs": 47,
          "cumulative_inputs": 15927,
          "new_vrp_edges": 0,
          "new_base_edges": 0,
          "cumulative_vrp_edges": 0,
          "cumulative_base_edges": 0,
          "classifications": {
            "vrp_only": 0,
            "both": 0,
            "base_only": 0,
            "neither": 47
          }
        },
        {
          "archive": 34,
          "new_inputs": 55,
          "cumulative_inputs": 15982,
          "new_vrp_edges": 0,
          "new_base_edges": 0,
          "cumulative_vrp_edges": 0,
          "cumulative_base_edges": 0,
          "classifications": {
            "vrp_only": 0,
            "both": 0,
            "base_only": 0,
            "neither": 55
          }
        },
        {
          "archive": 35,
          "new_inputs": 33,
          "cumulative_inputs": 16015,
          "new_vrp_edges": 0,
          "new_base_edges": 0,
          "cumulative_vrp_edges": 0,
          "cumulative_base_edges": 0,
          "classifications": {
            "vrp_only": 0,
            "both": 0,
            "base_only": 0,
            "neither": 33
          }
        },
        {
          "archive": 36,
          "new_inputs": 99,
          "cumulative_inputs": 16114,
          "new_vrp_edges": 0,
          "new_base_edges": 0,
          "cumulative_vrp_edges": 0,
          "cumulative_base_edges": 0,
          "classifications": {
            "vrp_only": 0,
            "both": 0,
            "base_only": 0,
            "neither": 99
          }
        },
        {
          "archive": 37,
          "new_inputs": 13,
          "cumulative_inputs": 16127,
          "new_vrp_edges": 0,
          "new_base_edges": 0,
          "cumulative_vrp_edges": 0,
          "cumulative_base_edges": 0,
          "classifications": {
            "vrp_only": 0,
            "both": 0,
            "base_only": 0,
            "neither": 13
          }
        },
        {
          "archive": 38,
          "new_inputs": 37,
          "cumulative_inputs": 16164,
          "new_vrp_edges": 0,
          "new_base_edges": 0,
          "cumulative_vrp_edges": 0,
          "cumulative_base_edges": 0,
          "classifications": {
            "vrp_only": 0,
            "both": 0,
            "base_only": 0,
            "neither": 37
          }
        },
        {
          "archive": 39,
          "new_inputs": 19,
          "cumulative_inputs": 16183,
          "new_vrp_edges": 0,
          "new_base_edges": 0,
          "cumulative_vrp_edges": 0,
          "cumulative_base_edges": 0,
          "classifications": {
            "vrp_only": 0,
            "both": 0,
            "base_only": 0,
            "neither": 19
          }
        },
        {
          "archive": 40,
          "new_inputs": 29,
          "cumulative_inputs": 16212,
          "new_vrp_edges": 0,
          "new_base_edges": 0,
          "cumulative_vrp_edges": 0,
          "cumulative_base_edges": 0,
          "classifications": {
            "vrp_only": 0,
            "both": 0,
            "base_only": 0,
            "neither": 29
          }
        },
        {
          "archive": 41,
          "new_inputs": 21,
          "cumulative_inputs": 16233,
          "new_vrp_edges": 0,
          "new_base_edges": 0,
          "cumulative_vrp_edges": 0,
          "cumulative_base_edges": 0,
          "classifications": {
            "vrp_only": 0,
            "both": 0,
            "base_only": 0,
            "neither": 21
          }
        },
        {
          "archive": 42,
          "new_inputs": 30,
          "cumulative_inputs": 16263,
          "new_vrp_edges": 0,
          "new_base_edges": 0,
          "cumulative_vrp_edges": 0,
          "cumulative_base_edges": 0,
          "classifications": {
            "vrp_only": 0,
            "both": 0,
            "base_only": 0,
            "neither": 30
          }
        },
        {
          "archive": 43,
          "new_inputs": 18,
          "cumulative_inputs": 16281,
          "new_vrp_edges": 0,
          "new_base_edges": 0,
          "cumulative_vrp_edges": 0,
          "cumulative_base_edges": 0,
          "classifications": {
            "vrp_only": 0,
            "both": 0,
            "base_only": 0,
            "neither": 18
          }
        },
        {
          "archive": 44,
          "new_inputs": 18,
          "cumulative_inputs": 16299,
          "new_vrp_edges": 0,
          "new_base_edges": 0,
          "cumulative_vrp_edges": 0,
          "cumulative_base_edges": 0,
          "classifications": {
            "vrp_only": 0,
            "both": 0,
            "base_only": 0,
            "neither": 18
          }
        },
        {
          "archive": 45,
          "new_inputs": 135,
          "cumulative_inputs": 16434,
          "new_vrp_edges": 0,
          "new_base_edges": 0,
          "cumulative_vrp_edges": 0,
          "cumulative_base_edges": 0,
          "classifications": {
            "vrp_only": 0,
            "both": 0,
            "base_only": 0,
            "neither": 135
          }
        },
        {
          "archive": 46,
          "new_inputs": 28,
          "cumulative_inputs": 16462,
          "new_vrp_edges": 0,
          "new_base_edges": 0,
          "cumulative_vrp_edges": 0,
          "cumulative_base_edges": 0,
          "classifications": {
            "vrp_only": 0,
            "both": 0,
            "base_only": 0,
            "neither": 28
          }
        },
        {
          "archive": 47,
          "new_inputs": 15,
          "cumulative_inputs": 16477,
          "new_vrp_edges": 0,
          "new_base_edges": 0,
          "cumulative_vrp_edges": 0,
          "cumulative_base_edges": 0,
          "classifications": {
            "vrp_only": 0,
            "both": 0,
            "base_only": 0,
            "neither": 15
          }
        },
        {
          "archive": 48,
          "new_inputs": 22,
          "cumulative_inputs": 16499,
          "new_vrp_edges": 0,
          "new_base_edges": 0,
          "cumulative_vrp_edges": 0,
          "cumulative_base_edges": 0,
          "classifications": {
            "vrp_only": 0,
            "both": 0,
            "base_only": 0,
            "neither": 22
          }
        },
        {
          "archive": 49,
          "new_inputs": 19,
          "cumulative_inputs": 16518,
          "new_vrp_edges": 0,
          "new_base_edges": 0,
          "cumulative_vrp_edges": 0,
          "cumulative_base_edges": 0,
          "classifications": {
            "vrp_only": 0,
            "both": 0,
            "base_only": 0,
            "neither": 19
          }
        },
        {
          "archive": 50,
          "new_inputs": 38,
          "cumulative_inputs": 16556,
          "new_vrp_edges": 0,
          "new_base_edges": 0,
          "cumulative_vrp_edges": 0,
          "cumulative_base_edges": 0,
          "classifications": {
            "vrp_only": 0,
            "both": 0,
            "base_only": 0,
            "neither": 38
          }
        },
        {
          "archive": 51,
          "new_inputs": 12,
          "cumulative_inputs": 16568,
          "new_vrp_edges": 0,
          "new_base_edges": 0,
          "cumulative_vrp_edges": 0,
          "cumulative_base_edges": 0,
          "classifications": {
            "vrp_only": 0,
            "both": 0,
            "base_only": 0,
            "neither": 12
          }
        },
        {
          "archive": 52,
          "new_inputs": 9,
          "cumulative_inputs": 16577,
          "new_vrp_edges": 0,
          "new_base_edges": 0,
          "cumulative_vrp_edges": 0,
          "cumulative_base_edges": 0,
          "classifications": {
            "vrp_only": 0,
            "both": 0,
            "base_only": 0,
            "neither": 9
          }
        },
        {
          "archive": 53,
          "new_inputs": 16,
          "cumulative_inputs": 16593,
          "new_vrp_edges": 0,
          "new_base_edges": 0,
          "cumulative_vrp_edges": 0,
          "cumulative_base_edges": 0,
          "classifications": {
            "vrp_only": 0,
            "both": 0,
            "base_only": 0,
            "neither": 16
          }
        },
        {
          "archive": 54,
          "new_inputs": 16,
          "cumulative_inputs": 16609,
          "new_vrp_edges": 0,
          "new_base_edges": 0,
          "cumulative_vrp_edges": 0,
          "cumulative_base_edges": 0,
          "classifications": {
            "vrp_only": 0,
            "both": 0,
            "base_only": 0,
            "neither": 16
          }
        },
        {
          "archive": 55,
          "new_inputs": 6,
          "cumulative_inputs": 16615,
          "new_vrp_edges": 0,
          "new_base_edges": 0,
          "cumulative_vrp_edges": 0,
          "cumulative_base_edges": 0,
          "classifications": {
            "vrp_only": 0,
            "both": 0,
            "base_only": 0,
            "neither": 6
          }
        },
        {
          "archive": 56,
          "new_inputs": 17,
          "cumulative_inputs": 16632,
          "new_vrp_edges": 0,
          "new_base_edges": 0,
          "cumulative_vrp_edges": 0,
          "cumulative_base_edges": 0,
          "classifications": {
            "vrp_only": 0,
            "both": 0,
            "base_only": 0,
            "neither": 17
          }
        },
        {
          "archive": 57,
          "new_inputs": 28,
          "cumulative_inputs": 16660,
          "new_vrp_edges": 0,
          "new_base_edges": 0,
          "cumulative_vrp_edges": 0,
          "cumulative_base_edges": 0,
          "classifications": {
            "vrp_only": 0,
            "both": 0,
            "base_only": 0,
            "neither": 28
          }
        },
        {
          "archive": 58,
          "new_inputs": 13,
          "cumulative_inputs": 16673,
          "new_vrp_edges": 0,
          "new_base_edges": 0,
          "cumulative_vrp_edges": 0,
          "cumulative_base_edges": 0,
          "classifications": {
            "vrp_only": 0,
            "both": 0,
            "base_only": 0,
            "neither": 13
          }
        },
        {
          "archive": 59,
          "new_inputs": 17,
          "cumulative_inputs": 16690,
          "new_vrp_edges": 0,
          "new_base_edges": 0,
          "cumulative_vrp_edges": 0,
          "cumulative_base_edges": 0,
          "classifications": {
            "vrp_only": 0,
            "both": 0,
            "base_only": 0,
            "neither": 17
          }
        },
        {
          "archive": 60,
          "new_inputs": 12,
          "cumulative_inputs": 16702,
          "new_vrp_edges": 0,
          "new_base_edges": 0,
          "cumulative_vrp_edges": 0,
          "cumulative_base_edges": 0,
          "classifications": {
            "vrp_only": 0,
            "both": 0,
            "base_only": 0,
            "neither": 12
          }
        },
        {
          "archive": 61,
          "new_inputs": 12,
          "cumulative_inputs": 16714,
          "new_vrp_edges": 0,
          "new_base_edges": 0,
          "cumulative_vrp_edges": 0,
          "cumulative_base_edges": 0,
          "classifications": {
            "vrp_only": 0,
            "both": 0,
            "base_only": 0,
            "neither": 12
          }
        },
        {
          "archive": 62,
          "new_inputs": 4,
          "cumulative_inputs": 16718,
          "new_vrp_edges": 0,
          "new_base_edges": 0,
          "cumulative_vrp_edges": 0,
          "cumulative_base_edges": 0,
          "classifications": {
            "vrp_only": 0,
            "both": 0,
            "base_only": 0,
            "neither": 4
          }
        },
        {
          "archive": 63,
          "new_inputs": 81,
          "cumulative_inputs": 16799,
          "new_vrp_edges": 0,
          "new_base_edges": 0,
          "cumulative_vrp_edges": 0,
          "cumulative_base_edges": 0,
          "classifications": {
            "vrp_only": 0,
            "both": 0,
            "base_only": 0,
            "neither": 81
          }
        },
        {
          "archive": 64,
          "new_inputs": 27,
          "cumulative_inputs": 16826,
          "new_vrp_edges": 0,
          "new_base_edges": 0,
          "cumulative_vrp_edges": 0,
          "cumulative_base_edges": 0,
          "classifications": {
            "vrp_only": 0,
            "both": 0,
            "base_only": 0,
            "neither": 27
          }
        },
        {
          "archive": 65,
          "new_inputs": 18,
          "cumulative_inputs": 16844,
          "new_vrp_edges": 0,
          "new_base_edges": 0,
          "cumulative_vrp_edges": 0,
          "cumulative_base_edges": 0,
          "classifications": {
            "vrp_only": 0,
            "both": 0,
            "base_only": 0,
            "neither": 18
          }
        },
        {
          "archive": 66,
          "new_inputs": 6,
          "cumulative_inputs": 16850,
          "new_vrp_edges": 0,
          "new_base_edges": 0,
          "cumulative_vrp_edges": 0,
          "cumulative_base_edges": 0,
          "classifications": {
            "vrp_only": 0,
            "both": 0,
            "base_only": 0,
            "neither": 6
          }
        },
        {
          "archive": 67,
          "new_inputs": 19,
          "cumulative_inputs": 16869,
          "new_vrp_edges": 0,
          "new_base_edges": 0,
          "cumulative_vrp_edges": 0,
          "cumulative_base_edges": 0,
          "classifications": {
            "vrp_only": 0,
            "both": 0,
            "base_only": 0,
            "neither": 19
          }
        },
        {
          "archive": 68,
          "new_inputs": 18,
          "cumulative_inputs": 16887,
          "new_vrp_edges": 0,
          "new_base_edges": 0,
          "cumulative_vrp_edges": 0,
          "cumulative_base_edges": 0,
          "classifications": {
            "vrp_only": 0,
            "both": 0,
            "base_only": 0,
            "neither": 18
          }
        },
        {
          "archive": 69,
          "new_inputs": 14,
          "cumulative_inputs": 16901,
          "new_vrp_edges": 0,
          "new_base_edges": 0,
          "cumulative_vrp_edges": 0,
          "cumulative_base_edges": 0,
          "classifications": {
            "vrp_only": 0,
            "both": 0,
            "base_only": 0,
            "neither": 14
          }
        },
        {
          "archive": 70,
          "new_inputs": 34,
          "cumulative_inputs": 16935,
          "new_vrp_edges": 0,
          "new_base_edges": 0,
          "cumulative_vrp_edges": 0,
          "cumulative_base_edges": 0,
          "classifications": {
            "vrp_only": 0,
            "both": 0,
            "base_only": 0,
            "neither": 34
          }
        },
        {
          "archive": 71,
          "new_inputs": 42,
          "cumulative_inputs": 16977,
          "new_vrp_edges": 0,
          "new_base_edges": 0,
          "cumulative_vrp_edges": 0,
          "cumulative_base_edges": 0,
          "classifications": {
            "vrp_only": 0,
            "both": 0,
            "base_only": 0,
            "neither": 42
          }
        },
        {
          "archive": 72,
          "new_inputs": 33,
          "cumulative_inputs": 17010,
          "new_vrp_edges": 0,
          "new_base_edges": 0,
          "cumulative_vrp_edges": 0,
          "cumulative_base_edges": 0,
          "classifications": {
            "vrp_only": 0,
            "both": 0,
            "base_only": 0,
            "neither": 33
          }
        },
        {
          "archive": 73,
          "new_inputs": 24,
          "cumulative_inputs": 17034,
          "new_vrp_edges": 0,
          "new_base_edges": 0,
          "cumulative_vrp_edges": 0,
          "cumulative_base_edges": 0,
          "classifications": {
            "vrp_only": 0,
            "both": 0,
            "base_only": 0,
            "neither": 24
          }
        },
        {
          "archive": 74,
          "new_inputs": 14,
          "cumulative_inputs": 17048,
          "new_vrp_edges": 0,
          "new_base_edges": 0,
          "cumulative_vrp_edges": 0,
          "cumulative_base_edges": 0,
          "classifications": {
            "vrp_only": 0,
            "both": 0,
            "base_only": 0,
            "neither": 14
          }
        },
        {
          "archive": 75,
          "new_inputs": 17,
          "cumulative_inputs": 17065,
          "new_vrp_edges": 0,
          "new_base_edges": 0,
          "cumulative_vrp_edges": 0,
          "cumulative_base_edges": 0,
          "classifications": {
            "vrp_only": 0,
            "both": 0,
            "base_only": 0,
            "neither": 17
          }
        },
        {
          "archive": 76,
          "new_inputs": 12,
          "cumulative_inputs": 17077,
          "new_vrp_edges": 0,
          "new_base_edges": 0,
          "cumulative_vrp_edges": 0,
          "cumulative_base_edges": 0,
          "classifications": {
            "vrp_only": 0,
            "both": 0,
            "base_only": 0,
            "neither": 12
          }
        },
        {
          "archive": 77,
          "new_inputs": 10,
          "cumulative_inputs": 17087,
          "new_vrp_edges": 0,
          "new_base_edges": 0,
          "cumulative_vrp_edges": 0,
          "cumulative_base_edges": 0,
          "classifications": {
            "vrp_only": 0,
            "both": 0,
            "base_only": 0,
            "neither": 10
          }
        },
        {
          "archive": 78,
          "new_inputs": 18,
          "cumulative_inputs": 17105,
          "new_vrp_edges": 0,
          "new_base_edges": 0,
          "cumulative_vrp_edges": 0,
          "cumulative_base_edges": 0,
          "classifications": {
            "vrp_only": 0,
            "both": 0,
            "base_only": 0,
            "neither": 18
          }
        },
        {
          "archive": 79,
          "new_inputs": 15,
          "cumulative_inputs": 17120,
          "new_vrp_edges": 0,
          "new_base_edges": 0,
          "cumulative_vrp_edges": 0,
          "cumulative_base_edges": 0,
          "classifications": {
            "vrp_only": 0,
            "both": 0,
            "base_only": 0,
            "neither": 15
          }
        },
        {
          "archive": 80,
          "new_inputs": 43,
          "cumulative_inputs": 17163,
          "new_vrp_edges": 0,
          "new_base_edges": 0,
          "cumulative_vrp_edges": 0,
          "cumulative_base_edges": 0,
          "classifications": {
            "vrp_only": 0,
            "both": 0,
            "base_only": 0,
            "neither": 43
          }
        },
        {
          "archive": 81,
          "new_inputs": 4,
          "cumulative_inputs": 17167,
          "new_vrp_edges": 0,
          "new_base_edges": 0,
          "cumulative_vrp_edges": 0,
          "cumulative_base_edges": 0,
          "classifications": {
            "vrp_only": 0,
            "both": 0,
            "base_only": 0,
            "neither": 4
          }
        },
        {
          "archive": 82,
          "new_inputs": 4,
          "cumulative_inputs": 17171,
          "new_vrp_edges": 0,
          "new_base_edges": 0,
          "cumulative_vrp_edges": 0,
          "cumulative_base_edges": 0,
          "classifications": {
            "vrp_only": 0,
            "both": 0,
            "base_only": 0,
            "neither": 4
          }
        },
        {
          "archive": 83,
          "new_inputs": 27,
          "cumulative_inputs": 17198,
          "new_vrp_edges": 0,
          "new_base_edges": 0,
          "cumulative_vrp_edges": 0,
          "cumulative_base_edges": 0,
          "classifications": {
            "vrp_only": 0,
            "both": 0,
            "base_only": 0,
            "neither": 27
          }
        },
        {
          "archive": 84,
          "new_inputs": 8,
          "cumulative_inputs": 17206,
          "new_vrp_edges": 0,
          "new_base_edges": 0,
          "cumulative_vrp_edges": 0,
          "cumulative_base_edges": 0,
          "classifications": {
            "vrp_only": 0,
            "both": 0,
            "base_only": 0,
            "neither": 8
          }
        },
        {
          "archive": 85,
          "new_inputs": 11,
          "cumulative_inputs": 17217,
          "new_vrp_edges": 0,
          "new_base_edges": 0,
          "cumulative_vrp_edges": 0,
          "cumulative_base_edges": 0,
          "classifications": {
            "vrp_only": 0,
            "both": 0,
            "base_only": 0,
            "neither": 11
          }
        },
        {
          "archive": 86,
          "new_inputs": 95,
          "cumulative_inputs": 17312,
          "new_vrp_edges": 0,
          "new_base_edges": 0,
          "cumulative_vrp_edges": 0,
          "cumulative_base_edges": 0,
          "classifications": {
            "vrp_only": 0,
            "both": 0,
            "base_only": 0,
            "neither": 95
          }
        },
        {
          "archive": 87,
          "new_inputs": 7,
          "cumulative_inputs": 17319,
          "new_vrp_edges": 0,
          "new_base_edges": 0,
          "cumulative_vrp_edges": 0,
          "cumulative_base_edges": 0,
          "classifications": {
            "vrp_only": 0,
            "both": 0,
            "base_only": 0,
            "neither": 7
          }
        },
        {
          "archive": 88,
          "new_inputs": 12,
          "cumulative_inputs": 17331,
          "new_vrp_edges": 0,
          "new_base_edges": 0,
          "cumulative_vrp_edges": 0,
          "cumulative_base_edges": 0,
          "classifications": {
            "vrp_only": 0,
            "both": 0,
            "base_only": 0,
            "neither": 12
          }
        },
        {
          "archive": 89,
          "new_inputs": 10,
          "cumulative_inputs": 17341,
          "new_vrp_edges": 0,
          "new_base_edges": 0,
          "cumulative_vrp_edges": 0,
          "cumulative_base_edges": 0,
          "classifications": {
            "vrp_only": 0,
            "both": 0,
            "base_only": 0,
            "neither": 10
          }
        },
        {
          "archive": 90,
          "new_inputs": 4,
          "cumulative_inputs": 17345,
          "new_vrp_edges": 0,
          "new_base_edges": 0,
          "cumulative_vrp_edges": 0,
          "cumulative_base_edges": 0,
          "classifications": {
            "vrp_only": 0,
            "both": 0,
            "base_only": 0,
            "neither": 4
          }
        },
        {
          "archive": 91,
          "new_inputs": 3,
          "cumulative_inputs": 17348,
          "new_vrp_edges": 0,
          "new_base_edges": 0,
          "cumulative_vrp_edges": 0,
          "cumulative_base_edges": 0,
          "classifications": {
            "vrp_only": 0,
            "both": 0,
            "base_only": 0,
            "neither": 3
          }
        },
        {
          "archive": 92,
          "new_inputs": 26,
          "cumulative_inputs": 17374,
          "new_vrp_edges": 0,
          "new_base_edges": 0,
          "cumulative_vrp_edges": 0,
          "cumulative_base_edges": 0,
          "classifications": {
            "vrp_only": 0,
            "both": 0,
            "base_only": 0,
            "neither": 26
          }
        },
        {
          "archive": 93,
          "new_inputs": 4,
          "cumulative_inputs": 17378,
          "new_vrp_edges": 0,
          "new_base_edges": 0,
          "cumulative_vrp_edges": 0,
          "cumulative_base_edges": 0,
          "classifications": {
            "vrp_only": 0,
            "both": 0,
            "base_only": 0,
            "neither": 4
          }
        },
        {
          "archive": 94,
          "new_inputs": 13,
          "cumulative_inputs": 17391,
          "new_vrp_edges": 0,
          "new_base_edges": 0,
          "cumulative_vrp_edges": 0,
          "cumulative_base_edges": 0,
          "classifications": {
            "vrp_only": 0,
            "both": 0,
            "base_only": 0,
            "neither": 13
          }
        },
        {
          "archive": 95,
          "new_inputs": 6,
          "cumulative_inputs": 17397,
          "new_vrp_edges": 0,
          "new_base_edges": 0,
          "cumulative_vrp_edges": 0,
          "cumulative_base_edges": 0,
          "classifications": {
            "vrp_only": 0,
            "both": 0,
            "base_only": 0,
            "neither": 6
          }
        },
        {
          "archive": 96,
          "new_inputs": 0,
          "cumulative_inputs": 17397,
          "new_vrp_edges": 0,
          "new_base_edges": 0,
          "cumulative_vrp_edges": 0,
          "cumulative_base_edges": 0,
          "classifications": {
            "vrp_only": 0,
            "both": 0,
            "base_only": 0,
            "neither": 0
          }
        }
      ],
      "summary": {
        "total_inputs": 17397,
        "total_vrp_edges": 0,
        "total_base_edges": 0,
        "entanglement_rate": 0.0,
        "vrp_only_count": 0,
        "both_count": 0,
        "base_only_count": 0,
        "neither_count": 17397
      }
    },
    "vrp_bucket_entanglement": {
      "summary": {
        "total_inputs": 17397,
        "bucket_entanglement_rate": 0.0,
        "vrp_only": 0,
        "both": 0,
        "base_only": 0,
        "neither": 17397,
        "edge_neither_but_bucket_interesting": 0
      }
    },
    "vrp_gradient": {
      "summary": {
        "total_vrp_edges_seen": 0,
        "singleton_edges": 0,
        "low_freq_edges": 0,
        "high_freq_edges": 0,
        "vrp_exclusive_singletons": 0,
        "hit_count_distribution": {
          "1": 0,
          "2-3": 0,
          "4-10": 0,
          "11-50": 0,
          "51-200": 0,
          "200+": 0
        }
      }
    },
    "edge_growth": {
      "growth_curve": [
        {
          "archive": 0,
          "total_inputs": 2,
          "vrp_edges": 0,
          "base_edges": 0
        },
        {
          "archive": 1,
          "total_inputs": 7215,
          "vrp_edges": 0,
          "base_edges": 0
        },
        {
          "archive": 2,
          "total_inputs": 9819,
          "vrp_edges": 0,
          "base_edges": 0
        },
        {
          "archive": 3,
          "total_inputs": 11298,
          "vrp_edges": 0,
          "base_edges": 0
        },
        {
          "archive": 4,
          "total_inputs": 12074,
          "vrp_edges": 0,
          "base_edges": 0
        },
        {
          "archive": 5,
          "total_inputs": 12505,
          "vrp_edges": 0,
          "base_edges": 0
        },
        {
          "archive": 6,
          "total_inputs": 12861,
          "vrp_edges": 0,
          "base_edges": 0
        },
        {
          "archive": 7,
          "total_inputs": 13119,
          "vrp_edges": 0,
          "base_edges": 0
        },
        {
          "archive": 8,
          "total_inputs": 13291,
          "vrp_edges": 0,
          "base_edges": 0
        },
        {
          "archive": 9,
          "total_inputs": 13688,
          "vrp_edges": 0,
          "base_edges": 0
        },
        {
          "archive": 10,
          "total_inputs": 13909,
          "vrp_edges": 0,
          "base_edges": 0
        },
        {
          "archive": 11,
          "total_inputs": 14089,
          "vrp_edges": 0,
          "base_edges": 0
        },
        {
          "archive": 12,
          "total_inputs": 14210,
          "vrp_edges": 0,
          "base_edges": 0
        },
        {
          "archive": 13,
          "total_inputs": 14310,
          "vrp_edges": 0,
          "base_edges": 0
        },
        {
          "archive": 14,
          "total_inputs": 14424,
          "vrp_edges": 0,
          "base_edges": 0
        },
        {
          "archive": 15,
          "total_inputs": 14528,
          "vrp_edges": 0,
          "base_edges": 0
        },
        {
          "archive": 16,
          "total_inputs": 14594,
          "vrp_edges": 0,
          "base_edges": 0
        },
        {
          "archive": 17,
          "total_inputs": 14668,
          "vrp_edges": 0,
          "base_edges": 0
        },
        {
          "archive": 18,
          "total_inputs": 14946,
          "vrp_edges": 0,
          "base_edges": 0
        },
        {
          "archive": 19,
          "total_inputs": 15126,
          "vrp_edges": 0,
          "base_edges": 0
        },
        {
          "archive": 20,
          "total_inputs": 15184,
          "vrp_edges": 0,
          "base_edges": 0
        },
        {
          "archive": 21,
          "total_inputs": 15270,
          "vrp_edges": 0,
          "base_edges": 0
        },
        {
          "archive": 22,
          "total_inputs": 15357,
          "vrp_edges": 0,
          "base_edges": 0
        },
        {
          "archive": 23,
          "total_inputs": 15423,
          "vrp_edges": 0,
          "base_edges": 0
        },
        {
          "archive": 24,
          "total_inputs": 15483,
          "vrp_edges": 0,
          "base_edges": 0
        },
        {
          "archive": 25,
          "total_inputs": 15541,
          "vrp_edges": 0,
          "base_edges": 0
        },
        {
          "archive": 26,
          "total_inputs": 15581,
          "vrp_edges": 0,
          "base_edges": 0
        },
        {
          "archive": 27,
          "total_inputs": 15617,
          "vrp_edges": 0,
          "base_edges": 0
        },
        {
          "archive": 28,
          "total_inputs": 15682,
          "vrp_edges": 0,
          "base_edges": 0
        },
        {
          "archive": 29,
          "total_inputs": 15733,
          "vrp_edges": 0,
          "base_edges": 0
        },
        {
          "archive": 30,
          "total_inputs": 15794,
          "vrp_edges": 0,
          "base_edges": 0
        },
        {
          "archive": 31,
          "total_inputs": 15816,
          "vrp_edges": 0,
          "base_edges": 0
        },
        {
          "archive": 32,
          "total_inputs": 15880,
          "vrp_edges": 0,
          "base_edges": 0
        },
        {
          "archive": 33,
          "total_inputs": 15927,
          "vrp_edges": 0,
          "base_edges": 0
        },
        {
          "archive": 34,
          "total_inputs": 15982,
          "vrp_edges": 0,
          "base_edges": 0
        },
        {
          "archive": 35,
          "total_inputs": 16015,
          "vrp_edges": 0,
          "base_edges": 0
        },
        {
          "archive": 36,
          "total_inputs": 16114,
          "vrp_edges": 0,
          "base_edges": 0
        },
        {
          "archive": 37,
          "total_inputs": 16127,
          "vrp_edges": 0,
          "base_edges": 0
        },
        {
          "archive": 38,
          "total_inputs": 16164,
          "vrp_edges": 0,
          "base_edges": 0
        },
        {
          "archive": 39,
          "total_inputs": 16183,
          "vrp_edges": 0,
          "base_edges": 0
        },
        {
          "archive": 40,
          "total_inputs": 16212,
          "vrp_edges": 0,
          "base_edges": 0
        },
        {
          "archive": 41,
          "total_inputs": 16233,
          "vrp_edges": 0,
          "base_edges": 0
        },
        {
          "archive": 42,
          "total_inputs": 16263,
          "vrp_edges": 0,
          "base_edges": 0
        },
        {
          "archive": 43,
          "total_inputs": 16281,
          "vrp_edges": 0,
          "base_edges": 0
        },
        {
          "archive": 44,
          "total_inputs": 16299,
          "vrp_edges": 0,
          "base_edges": 0
        },
        {
          "archive": 45,
          "total_inputs": 16434,
          "vrp_edges": 0,
          "base_edges": 0
        },
        {
          "archive": 46,
          "total_inputs": 16462,
          "vrp_edges": 0,
          "base_edges": 0
        },
        {
          "archive": 47,
          "total_inputs": 16477,
          "vrp_edges": 0,
          "base_edges": 0
        },
        {
          "archive": 48,
          "total_inputs": 16499,
          "vrp_edges": 0,
          "base_edges": 0
        },
        {
          "archive": 49,
          "total_inputs": 16518,
          "vrp_edges": 0,
          "base_edges": 0
        },
        {
          "archive": 50,
          "total_inputs": 16556,
          "vrp_edges": 0,
          "base_edges": 0
        },
        {
          "archive": 51,
          "total_inputs": 16568,
          "vrp_edges": 0,
          "base_edges": 0
        },
        {
          "archive": 52,
          "total_inputs": 16577,
          "vrp_edges": 0,
          "base_edges": 0
        },
        {
          "archive": 53,
          "total_inputs": 16593,
          "vrp_edges": 0,
          "base_edges": 0
        },
        {
          "archive": 54,
          "total_inputs": 16609,
          "vrp_edges": 0,
          "base_edges": 0
        },
        {
          "archive": 55,
          "total_inputs": 16615,
          "vrp_edges": 0,
          "base_edges": 0
        },
        {
          "archive": 56,
          "total_inputs": 16632,
          "vrp_edges": 0,
          "base_edges": 0
        },
        {
          "archive": 57,
          "total_inputs": 16660,
          "vrp_edges": 0,
          "base_edges": 0
        },
        {
          "archive": 58,
          "total_inputs": 16673,
          "vrp_edges": 0,
          "base_edges": 0
        },
        {
          "archive": 59,
          "total_inputs": 16690,
          "vrp_edges": 0,
          "base_edges": 0
        },
        {
          "archive": 60,
          "total_inputs": 16702,
          "vrp_edges": 0,
          "base_edges": 0
        },
        {
          "archive": 61,
          "total_inputs": 16714,
          "vrp_edges": 0,
          "base_edges": 0
        },
        {
          "archive": 62,
          "total_inputs": 16718,
          "vrp_edges": 0,
          "base_edges": 0
        },
        {
          "archive": 63,
          "total_inputs": 16799,
          "vrp_edges": 0,
          "base_edges": 0
        },
        {
          "archive": 64,
          "total_inputs": 16826,
          "vrp_edges": 0,
          "base_edges": 0
        },
        {
          "archive": 65,
          "total_inputs": 16844,
          "vrp_edges": 0,
          "base_edges": 0
        },
        {
          "archive": 66,
          "total_inputs": 16850,
          "vrp_edges": 0,
          "base_edges": 0
        },
        {
          "archive": 67,
          "total_inputs": 16869,
          "vrp_edges": 0,
          "base_edges": 0
        },
        {
          "archive": 68,
          "total_inputs": 16887,
          "vrp_edges": 0,
          "base_edges": 0
        },
        {
          "archive": 69,
          "total_inputs": 16901,
          "vrp_edges": 0,
          "base_edges": 0
        },
        {
          "archive": 70,
          "total_inputs": 16935,
          "vrp_edges": 0,
          "base_edges": 0
        },
        {
          "archive": 71,
          "total_inputs": 16977,
          "vrp_edges": 0,
          "base_edges": 0
        },
        {
          "archive": 72,
          "total_inputs": 17010,
          "vrp_edges": 0,
          "base_edges": 0
        },
        {
          "archive": 73,
          "total_inputs": 17034,
          "vrp_edges": 0,
          "base_edges": 0
        },
        {
          "archive": 74,
          "total_inputs": 17048,
          "vrp_edges": 0,
          "base_edges": 0
        },
        {
          "archive": 75,
          "total_inputs": 17065,
          "vrp_edges": 0,
          "base_edges": 0
        },
        {
          "archive": 76,
          "total_inputs": 17077,
          "vrp_edges": 0,
          "base_edges": 0
        },
        {
          "archive": 77,
          "total_inputs": 17087,
          "vrp_edges": 0,
          "base_edges": 0
        },
        {
          "archive": 78,
          "total_inputs": 17105,
          "vrp_edges": 0,
          "base_edges": 0
        },
        {
          "archive": 79,
          "total_inputs": 17120,
          "vrp_edges": 0,
          "base_edges": 0
        },
        {
          "archive": 80,
          "total_inputs": 17163,
          "vrp_edges": 0,
          "base_edges": 0
        },
        {
          "archive": 81,
          "total_inputs": 17167,
          "vrp_edges": 0,
          "base_edges": 0
        },
        {
          "archive": 82,
          "total_inputs": 17171,
          "vrp_edges": 0,
          "base_edges": 0
        },
        {
          "archive": 83,
          "total_inputs": 17198,
          "vrp_edges": 0,
          "base_edges": 0
        },
        {
          "archive": 84,
          "total_inputs": 17206,
          "vrp_edges": 0,
          "base_edges": 0
        },
        {
          "archive": 85,
          "total_inputs": 17217,
          "vrp_edges": 0,
          "base_edges": 0
        },
        {
          "archive": 86,
          "total_inputs": 17312,
          "vrp_edges": 0,
          "base_edges": 0
        },
        {
          "archive": 87,
          "total_inputs": 17319,
          "vrp_edges": 0,
          "base_edges": 0
        },
        {
          "archive": 88,
          "total_inputs": 17331,
          "vrp_edges": 0,
          "base_edges": 0
        },
        {
          "archive": 89,
          "total_inputs": 17341,
          "vrp_edges": 0,
          "base_edges": 0
        },
        {
          "archive": 90,
          "total_inputs": 17345,
          "vrp_edges": 0,
          "base_edges": 0
        },
        {
          "archive": 91,
          "total_inputs": 17348,
          "vrp_edges": 0,
          "base_edges": 0
        },
        {
          "archive": 92,
          "total_inputs": 17374,
          "vrp_edges": 0,
          "base_edges": 0
        },
        {
          "archive": 93,
          "total_inputs": 17378,
          "vrp_edges": 0,
          "base_edges": 0
        },
        {
          "archive": 94,
          "total_inputs": 17391,
          "vrp_edges": 0,
          "base_edges": 0
        },
        {
          "archive": 95,
          "total_inputs": 17397,
          "vrp_edges": 0,
          "base_edges": 0
        },
        {
          "archive": 96,
          "total_inputs": 17397,
          "vrp_edges": 0,
          "base_edges": 0
        }
      ],
      "final_vrp_edges": 0,
      "final_base_edges": 0,
      "total_inputs": 17397
    },
    "speed": {
      "per_archive": [
        {
          "archive": 0,
          "inputs": 2,
          "mean_vrp_ms": 7.478,
          "mean_base_ms": 6.433,
          "overhead": 1.1625
        },
        {
          "archive": 1,
          "inputs": 7213,
          "mean_vrp_ms": 0.017,
          "mean_base_ms": 0.018,
          "overhead": 0.9859
        },
        {
          "archive": 2,
          "inputs": 2604,
          "mean_vrp_ms": 0.021,
          "mean_base_ms": 0.021,
          "overhead": 1.0064
        },
        {
          "archive": 3,
          "inputs": 1479,
          "mean_vrp_ms": 0.028,
          "mean_base_ms": 0.027,
          "overhead": 1.0368
        },
        {
          "archive": 4,
          "inputs": 776,
          "mean_vrp_ms": 0.033,
          "mean_base_ms": 0.034,
          "overhead": 0.9797
        },
        {
          "archive": 5,
          "inputs": 431,
          "mean_vrp_ms": 0.044,
          "mean_base_ms": 0.047,
          "overhead": 0.9356
        },
        {
          "archive": 6,
          "inputs": 356,
          "mean_vrp_ms": 0.043,
          "mean_base_ms": 0.05,
          "overhead": 0.8681
        },
        {
          "archive": 7,
          "inputs": 258,
          "mean_vrp_ms": 0.07,
          "mean_base_ms": 0.067,
          "overhead": 1.0447
        },
        {
          "archive": 8,
          "inputs": 172,
          "mean_vrp_ms": 0.101,
          "mean_base_ms": 0.093,
          "overhead": 1.0786
        },
        {
          "archive": 9,
          "inputs": 397,
          "mean_vrp_ms": 0.042,
          "mean_base_ms": 0.044,
          "overhead": 0.9587
        },
        {
          "archive": 10,
          "inputs": 221,
          "mean_vrp_ms": 0.079,
          "mean_base_ms": 0.07,
          "overhead": 1.1321
        },
        {
          "archive": 11,
          "inputs": 180,
          "mean_vrp_ms": 0.092,
          "mean_base_ms": 0.08,
          "overhead": 1.1536
        },
        {
          "archive": 12,
          "inputs": 121,
          "mean_vrp_ms": 0.107,
          "mean_base_ms": 0.109,
          "overhead": 0.9816
        },
        {
          "archive": 13,
          "inputs": 100,
          "mean_vrp_ms": 0.141,
          "mean_base_ms": 0.118,
          "overhead": 1.2011
        },
        {
          "archive": 14,
          "inputs": 114,
          "mean_vrp_ms": 0.125,
          "mean_base_ms": 0.124,
          "overhead": 1.0011
        },
        {
          "archive": 15,
          "inputs": 104,
          "mean_vrp_ms": 0.128,
          "mean_base_ms": 0.116,
          "overhead": 1.1077
        },
        {
          "archive": 16,
          "inputs": 66,
          "mean_vrp_ms": 0.206,
          "mean_base_ms": 0.228,
          "overhead": 0.9015
        },
        {
          "archive": 17,
          "inputs": 74,
          "mean_vrp_ms": 0.216,
          "mean_base_ms": 0.176,
          "overhead": 1.2262
        },
        {
          "archive": 18,
          "inputs": 278,
          "mean_vrp_ms": 0.062,
          "mean_base_ms": 0.057,
          "overhead": 1.0772
        },
        {
          "archive": 19,
          "inputs": 180,
          "mean_vrp_ms": 0.096,
          "mean_base_ms": 0.077,
          "overhead": 1.2382
        },
        {
          "archive": 20,
          "inputs": 58,
          "mean_vrp_ms": 0.268,
          "mean_base_ms": 0.243,
          "overhead": 1.1025
        },
        {
          "archive": 21,
          "inputs": 86,
          "mean_vrp_ms": 0.168,
          "mean_base_ms": 0.168,
          "overhead": 0.9992
        },
        {
          "archive": 22,
          "inputs": 87,
          "mean_vrp_ms": 0.149,
          "mean_base_ms": 0.168,
          "overhead": 0.889
        },
        {
          "archive": 23,
          "inputs": 66,
          "mean_vrp_ms": 0.196,
          "mean_base_ms": 0.207,
          "overhead": 0.948
        },
        {
          "archive": 24,
          "inputs": 60,
          "mean_vrp_ms": 0.199,
          "mean_base_ms": 0.202,
          "overhead": 0.9891
        },
        {
          "archive": 25,
          "inputs": 58,
          "mean_vrp_ms": 0.188,
          "mean_base_ms": 0.199,
          "overhead": 0.9469
        },
        {
          "archive": 26,
          "inputs": 40,
          "mean_vrp_ms": 0.338,
          "mean_base_ms": 0.302,
          "overhead": 1.1216
        },
        {
          "archive": 27,
          "inputs": 36,
          "mean_vrp_ms": 0.402,
          "mean_base_ms": 0.311,
          "overhead": 1.2947
        },
        {
          "archive": 28,
          "inputs": 65,
          "mean_vrp_ms": 0.24,
          "mean_base_ms": 0.173,
          "overhead": 1.3886
        },
        {
          "archive": 29,
          "inputs": 51,
          "mean_vrp_ms": 0.237,
          "mean_base_ms": 0.222,
          "overhead": 1.0642
        },
        {
          "archive": 30,
          "inputs": 61,
          "mean_vrp_ms": 0.219,
          "mean_base_ms": 0.225,
          "overhead": 0.9716
        },
        {
          "archive": 31,
          "inputs": 22,
          "mean_vrp_ms": 0.625,
          "mean_base_ms": 0.566,
          "overhead": 1.104
        },
        {
          "archive": 32,
          "inputs": 64,
          "mean_vrp_ms": 0.205,
          "mean_base_ms": 0.195,
          "overhead": 1.0544
        },
        {
          "archive": 33,
          "inputs": 47,
          "mean_vrp_ms": 0.261,
          "mean_base_ms": 0.258,
          "overhead": 1.0132
        },
        {
          "archive": 34,
          "inputs": 55,
          "mean_vrp_ms": 0.272,
          "mean_base_ms": 0.211,
          "overhead": 1.2866
        },
        {
          "archive": 35,
          "inputs": 33,
          "mean_vrp_ms": 0.416,
          "mean_base_ms": 0.393,
          "overhead": 1.0579
        },
        {
          "archive": 36,
          "inputs": 99,
          "mean_vrp_ms": 0.129,
          "mean_base_ms": 0.127,
          "overhead": 1.0187
        },
        {
          "archive": 37,
          "inputs": 13,
          "mean_vrp_ms": 0.886,
          "mean_base_ms": 0.906,
          "overhead": 0.9778
        },
        {
          "archive": 38,
          "inputs": 37,
          "mean_vrp_ms": 0.328,
          "mean_base_ms": 0.293,
          "overhead": 1.1205
        },
        {
          "archive": 39,
          "inputs": 19,
          "mean_vrp_ms": 0.556,
          "mean_base_ms": 0.597,
          "overhead": 0.9308
        },
        {
          "archive": 40,
          "inputs": 29,
          "mean_vrp_ms": 0.519,
          "mean_base_ms": 0.4,
          "overhead": 1.2992
        },
        {
          "archive": 41,
          "inputs": 21,
          "mean_vrp_ms": 0.534,
          "mean_base_ms": 0.512,
          "overhead": 1.0421
        },
        {
          "archive": 42,
          "inputs": 30,
          "mean_vrp_ms": 0.381,
          "mean_base_ms": 0.363,
          "overhead": 1.0503
        },
        {
          "archive": 43,
          "inputs": 18,
          "mean_vrp_ms": 0.811,
          "mean_base_ms": 0.659,
          "overhead": 1.2302
        },
        {
          "archive": 44,
          "inputs": 18,
          "mean_vrp_ms": 0.689,
          "mean_base_ms": 0.743,
          "overhead": 0.9272
        },
        {
          "archive": 45,
          "inputs": 135,
          "mean_vrp_ms": 0.103,
          "mean_base_ms": 0.11,
          "overhead": 0.9344
        },
        {
          "archive": 46,
          "inputs": 28,
          "mean_vrp_ms": 0.553,
          "mean_base_ms": 0.455,
          "overhead": 1.2151
        },
        {
          "archive": 47,
          "inputs": 15,
          "mean_vrp_ms": 0.93,
          "mean_base_ms": 0.823,
          "overhead": 1.1291
        },
        {
          "archive": 48,
          "inputs": 22,
          "mean_vrp_ms": 0.593,
          "mean_base_ms": 0.611,
          "overhead": 0.9716
        },
        {
          "archive": 49,
          "inputs": 19,
          "mean_vrp_ms": 0.653,
          "mean_base_ms": 0.65,
          "overhead": 1.0054
        },
        {
          "archive": 50,
          "inputs": 38,
          "mean_vrp_ms": 0.311,
          "mean_base_ms": 0.328,
          "overhead": 0.9476
        },
        {
          "archive": 51,
          "inputs": 12,
          "mean_vrp_ms": 1.26,
          "mean_base_ms": 1.044,
          "overhead": 1.2063
        },
        {
          "archive": 52,
          "inputs": 9,
          "mean_vrp_ms": 1.378,
          "mean_base_ms": 1.187,
          "overhead": 1.1611
        },
        {
          "archive": 53,
          "inputs": 16,
          "mean_vrp_ms": 0.799,
          "mean_base_ms": 0.72,
          "overhead": 1.1091
        },
        {
          "archive": 54,
          "inputs": 16,
          "mean_vrp_ms": 0.947,
          "mean_base_ms": 0.703,
          "overhead": 1.3469
        },
        {
          "archive": 55,
          "inputs": 6,
          "mean_vrp_ms": 2.158,
          "mean_base_ms": 1.949,
          "overhead": 1.1074
        },
        {
          "archive": 56,
          "inputs": 17,
          "mean_vrp_ms": 0.709,
          "mean_base_ms": 0.689,
          "overhead": 1.0285
        },
        {
          "archive": 57,
          "inputs": 28,
          "mean_vrp_ms": 0.437,
          "mean_base_ms": 0.42,
          "overhead": 1.0392
        },
        {
          "archive": 58,
          "inputs": 13,
          "mean_vrp_ms": 0.898,
          "mean_base_ms": 0.929,
          "overhead": 0.966
        },
        {
          "archive": 59,
          "inputs": 17,
          "mean_vrp_ms": 0.691,
          "mean_base_ms": 0.692,
          "overhead": 0.9987
        },
        {
          "archive": 60,
          "inputs": 12,
          "mean_vrp_ms": 1.04,
          "mean_base_ms": 0.994,
          "overhead": 1.046
        },
        {
          "archive": 61,
          "inputs": 12,
          "mean_vrp_ms": 1.093,
          "mean_base_ms": 1.052,
          "overhead": 1.0386
        },
        {
          "archive": 62,
          "inputs": 4,
          "mean_vrp_ms": 2.761,
          "mean_base_ms": 3.04,
          "overhead": 0.9082
        },
        {
          "archive": 63,
          "inputs": 81,
          "mean_vrp_ms": 0.248,
          "mean_base_ms": 0.153,
          "overhead": 1.6229
        },
        {
          "archive": 64,
          "inputs": 27,
          "mean_vrp_ms": 0.448,
          "mean_base_ms": 0.413,
          "overhead": 1.0837
        },
        {
          "archive": 65,
          "inputs": 18,
          "mean_vrp_ms": 0.764,
          "mean_base_ms": 0.605,
          "overhead": 1.2632
        },
        {
          "archive": 66,
          "inputs": 6,
          "mean_vrp_ms": 2.284,
          "mean_base_ms": 1.862,
          "overhead": 1.227
        },
        {
          "archive": 67,
          "inputs": 19,
          "mean_vrp_ms": 0.586,
          "mean_base_ms": 0.611,
          "overhead": 0.9598
        },
        {
          "archive": 68,
          "inputs": 18,
          "mean_vrp_ms": 0.813,
          "mean_base_ms": 0.661,
          "overhead": 1.23
        },
        {
          "archive": 69,
          "inputs": 14,
          "mean_vrp_ms": 1.185,
          "mean_base_ms": 0.82,
          "overhead": 1.4459
        },
        {
          "archive": 70,
          "inputs": 34,
          "mean_vrp_ms": 0.401,
          "mean_base_ms": 0.358,
          "overhead": 1.1194
        },
        {
          "archive": 71,
          "inputs": 42,
          "mean_vrp_ms": 0.27,
          "mean_base_ms": 0.265,
          "overhead": 1.0165
        },
        {
          "archive": 72,
          "inputs": 33,
          "mean_vrp_ms": 0.468,
          "mean_base_ms": 0.368,
          "overhead": 1.2728
        },
        {
          "archive": 73,
          "inputs": 24,
          "mean_vrp_ms": 0.484,
          "mean_base_ms": 0.504,
          "overhead": 0.9606
        },
        {
          "archive": 74,
          "inputs": 14,
          "mean_vrp_ms": 0.84,
          "mean_base_ms": 0.776,
          "overhead": 1.0823
        },
        {
          "archive": 75,
          "inputs": 17,
          "mean_vrp_ms": 0.855,
          "mean_base_ms": 0.687,
          "overhead": 1.2461
        },
        {
          "archive": 76,
          "inputs": 12,
          "mean_vrp_ms": 1.213,
          "mean_base_ms": 0.989,
          "overhead": 1.2267
        },
        {
          "archive": 77,
          "inputs": 10,
          "mean_vrp_ms": 1.343,
          "mean_base_ms": 1.57,
          "overhead": 0.8549
        },
        {
          "archive": 78,
          "inputs": 18,
          "mean_vrp_ms": 0.61,
          "mean_base_ms": 0.675,
          "overhead": 0.9046
        },
        {
          "archive": 79,
          "inputs": 15,
          "mean_vrp_ms": 0.756,
          "mean_base_ms": 0.8,
          "overhead": 0.9459
        },
        {
          "archive": 80,
          "inputs": 43,
          "mean_vrp_ms": 0.281,
          "mean_base_ms": 0.28,
          "overhead": 1.005
        },
        {
          "archive": 81,
          "inputs": 4,
          "mean_vrp_ms": 2.802,
          "mean_base_ms": 2.697,
          "overhead": 1.0389
        },
        {
          "archive": 82,
          "inputs": 4,
          "mean_vrp_ms": 3.555,
          "mean_base_ms": 2.848,
          "overhead": 1.2483
        },
        {
          "archive": 83,
          "inputs": 27,
          "mean_vrp_ms": 0.46,
          "mean_base_ms": 0.409,
          "overhead": 1.1231
        },
        {
          "archive": 84,
          "inputs": 8,
          "mean_vrp_ms": 1.726,
          "mean_base_ms": 1.539,
          "overhead": 1.1214
        },
        {
          "archive": 85,
          "inputs": 11,
          "mean_vrp_ms": 1.292,
          "mean_base_ms": 1.166,
          "overhead": 1.108
        },
        {
          "archive": 86,
          "inputs": 95,
          "mean_vrp_ms": 0.169,
          "mean_base_ms": 0.144,
          "overhead": 1.1734
        },
        {
          "archive": 87,
          "inputs": 7,
          "mean_vrp_ms": 1.834,
          "mean_base_ms": 1.881,
          "overhead": 0.9752
        },
        {
          "archive": 88,
          "inputs": 12,
          "mean_vrp_ms": 1.057,
          "mean_base_ms": 0.879,
          "overhead": 1.2024
        },
        {
          "archive": 89,
          "inputs": 10,
          "mean_vrp_ms": 1.553,
          "mean_base_ms": 1.225,
          "overhead": 1.2678
        },
        {
          "archive": 90,
          "inputs": 4,
          "mean_vrp_ms": 2.637,
          "mean_base_ms": 2.742,
          "overhead": 0.9618
        },
        {
          "archive": 91,
          "inputs": 3,
          "mean_vrp_ms": 3.895,
          "mean_base_ms": 3.63,
          "overhead": 1.0732
        },
        {
          "archive": 92,
          "inputs": 26,
          "mean_vrp_ms": 0.439,
          "mean_base_ms": 0.43,
          "overhead": 1.0211
        },
        {
          "archive": 93,
          "inputs": 4,
          "mean_vrp_ms": 3.281,
          "mean_base_ms": 2.742,
          "overhead": 1.1963
        },
        {
          "archive": 94,
          "inputs": 13,
          "mean_vrp_ms": 0.817,
          "mean_base_ms": 0.897,
          "overhead": 0.9108
        },
        {
          "archive": 95,
          "inputs": 6,
          "mean_vrp_ms": 2.041,
          "mean_base_ms": 2.122,
          "overhead": 0.9618
        },
        {
          "archive": 96,
          "inputs": 0,
          "mean_vrp_ms": 0.0,
          "mean_base_ms": 0.0,
          "overhead": 0.0
        }
      ],
      "summary": {
        "total_inputs": 17397,
        "vrp_mean_ms": 0.086,
        "vrp_median_ms": 0.021,
        "vrp_p95_ms": 0.401,
        "vrp_p99_ms": 0.947,
        "base_mean_ms": 0.081,
        "base_median_ms": 0.021,
        "base_p95_ms": 0.328,
        "base_p99_ms": 0.897,
        "mean_overhead": 1.0652
      }
    }
  }
}