{
  "experiment": "vrp-unfold-eval-big04",
  "benchmark": "freetype2_ftfuzzer",
  "fuzzer": "aflplusplus",
  "instance": "46434",
  "archives_processed": 97,
  "total_inputs": 17940,
  "elapsed_seconds": 74.7,
  "analyzer_results": {
    "vrp_hit_entanglement": {
      "per_archive": [
        {
          "archive": 0,
          "new_inputs": 2,
          "cumulative_inputs": 2,
          "new_vrp_edges": 0,
          "new_base_edges": 0,
          "cumulative_vrp_edges": 0,
          "cumulative_base_edges": 0,
          "classifications": {
            "vrp_only": 0,
            "both": 0,
            "base_only": 0,
            "neither": 2
          }
        },
        {
          "archive": 1,
          "new_inputs": 5464,
          "cumulative_inputs": 5466,
          "new_vrp_edges": 0,
          "new_base_edges": 0,
          "cumulative_vrp_edges": 0,
          "cumulative_base_edges": 0,
          "classifications": {
            "vrp_only": 0,
            "both": 0,
            "base_only": 0,
            "neither": 5464
          }
        },
        {
          "archive": 2,
          "new_inputs": 2786,
          "cumulative_inputs": 8252,
          "new_vrp_edges": 0,
          "new_base_edges": 0,
          "cumulative_vrp_edges": 0,
          "cumulative_base_edges": 0,
          "classifications": {
            "vrp_only": 0,
            "both": 0,
            "base_only": 0,
            "neither": 2786
          }
        },
        {
          "archive": 3,
          "new_inputs": 1282,
          "cumulative_inputs": 9534,
          "new_vrp_edges": 0,
          "new_base_edges": 0,
          "cumulative_vrp_edges": 0,
          "cumulative_base_edges": 0,
          "classifications": {
            "vrp_only": 0,
            "both": 0,
            "base_only": 0,
            "neither": 1282
          }
        },
        {
          "archive": 4,
          "new_inputs": 1126,
          "cumulative_inputs": 10660,
          "new_vrp_edges": 0,
          "new_base_edges": 0,
          "cumulative_vrp_edges": 0,
          "cumulative_base_edges": 0,
          "classifications": {
            "vrp_only": 0,
            "both": 0,
            "base_only": 0,
            "neither": 1126
          }
        },
        {
          "archive": 5,
          "new_inputs": 842,
          "cumulative_inputs": 11502,
          "new_vrp_edges": 0,
          "new_base_edges": 0,
          "cumulative_vrp_edges": 0,
          "cumulative_base_edges": 0,
          "classifications": {
            "vrp_only": 0,
            "both": 0,
            "base_only": 0,
            "neither": 842
          }
        },
        {
          "archive": 6,
          "new_inputs": 741,
          "cumulative_inputs": 12243,
          "new_vrp_edges": 0,
          "new_base_edges": 0,
          "cumulative_vrp_edges": 0,
          "cumulative_base_edges": 0,
          "classifications": {
            "vrp_only": 0,
            "both": 0,
            "base_only": 0,
            "neither": 741
          }
        },
        {
          "archive": 7,
          "new_inputs": 422,
          "cumulative_inputs": 12665,
          "new_vrp_edges": 0,
          "new_base_edges": 0,
          "cumulative_vrp_edges": 0,
          "cumulative_base_edges": 0,
          "classifications": {
            "vrp_only": 0,
            "both": 0,
            "base_only": 0,
            "neither": 422
          }
        },
        {
          "archive": 8,
          "new_inputs": 351,
          "cumulative_inputs": 13016,
          "new_vrp_edges": 0,
          "new_base_edges": 0,
          "cumulative_vrp_edges": 0,
          "cumulative_base_edges": 0,
          "classifications": {
            "vrp_only": 0,
            "both": 0,
            "base_only": 0,
            "neither": 351
          }
        },
        {
          "archive": 9,
          "new_inputs": 263,
          "cumulative_inputs": 13279,
          "new_vrp_edges": 0,
          "new_base_edges": 0,
          "cumulative_vrp_edges": 0,
          "cumulative_base_edges": 0,
          "classifications": {
            "vrp_only": 0,
            "both": 0,
            "base_only": 0,
            "neither": 263
          }
        },
        {
          "archive": 10,
          "new_inputs": 283,
          "cumulative_inputs": 13562,
          "new_vrp_edges": 0,
          "new_base_edges": 0,
          "cumulative_vrp_edges": 0,
          "cumulative_base_edges": 0,
          "classifications": {
            "vrp_only": 0,
            "both": 0,
            "base_only": 0,
            "neither": 283
          }
        },
        {
          "archive": 11,
          "new_inputs": 206,
          "cumulative_inputs": 13768,
          "new_vrp_edges": 0,
          "new_base_edges": 0,
          "cumulative_vrp_edges": 0,
          "cumulative_base_edges": 0,
          "classifications": {
            "vrp_only": 0,
            "both": 0,
            "base_only": 0,
            "neither": 206
          }
        },
        {
          "archive": 12,
          "new_inputs": 172,
          "cumulative_inputs": 13940,
          "new_vrp_edges": 0,
          "new_base_edges": 0,
          "cumulative_vrp_edges": 0,
          "cumulative_base_edges": 0,
          "classifications": {
            "vrp_only": 0,
            "both": 0,
            "base_only": 0,
            "neither": 172
          }
        },
        {
          "archive": 13,
          "new_inputs": 192,
          "cumulative_inputs": 14132,
          "new_vrp_edges": 0,
          "new_base_edges": 0,
          "cumulative_vrp_edges": 0,
          "cumulative_base_edges": 0,
          "classifications": {
            "vrp_only": 0,
            "both": 0,
            "base_only": 0,
            "neither": 192
          }
        },
        {
          "archive": 14,
          "new_inputs": 194,
          "cumulative_inputs": 14326,
          "new_vrp_edges": 0,
          "new_base_edges": 0,
          "cumulative_vrp_edges": 0,
          "cumulative_base_edges": 0,
          "classifications": {
            "vrp_only": 0,
            "both": 0,
            "base_only": 0,
            "neither": 194
          }
        },
        {
          "archive": 15,
          "new_inputs": 222,
          "cumulative_inputs": 14548,
          "new_vrp_edges": 0,
          "new_base_edges": 0,
          "cumulative_vrp_edges": 0,
          "cumulative_base_edges": 0,
          "classifications": {
            "vrp_only": 0,
            "both": 0,
            "base_only": 0,
            "neither": 222
          }
        },
        {
          "archive": 16,
          "new_inputs": 130,
          "cumulative_inputs": 14678,
          "new_vrp_edges": 0,
          "new_base_edges": 0,
          "cumulative_vrp_edges": 0,
          "cumulative_base_edges": 0,
          "classifications": {
            "vrp_only": 0,
            "both": 0,
            "base_only": 0,
            "neither": 130
          }
        },
        {
          "archive": 17,
          "new_inputs": 66,
          "cumulative_inputs": 14744,
          "new_vrp_edges": 0,
          "new_base_edges": 0,
          "cumulative_vrp_edges": 0,
          "cumulative_base_edges": 0,
          "classifications": {
            "vrp_only": 0,
            "both": 0,
            "base_only": 0,
            "neither": 66
          }
        },
        {
          "archive": 18,
          "new_inputs": 67,
          "cumulative_inputs": 14811,
          "new_vrp_edges": 0,
          "new_base_edges": 0,
          "cumulative_vrp_edges": 0,
          "cumulative_base_edges": 0,
          "classifications": {
            "vrp_only": 0,
            "both": 0,
            "base_only": 0,
            "neither": 67
          }
        },
        {
          "archive": 19,
          "new_inputs": 39,
          "cumulative_inputs": 14850,
          "new_vrp_edges": 0,
          "new_base_edges": 0,
          "cumulative_vrp_edges": 0,
          "cumulative_base_edges": 0,
          "classifications": {
            "vrp_only": 0,
            "both": 0,
            "base_only": 0,
            "neither": 39
          }
        },
        {
          "archive": 20,
          "new_inputs": 57,
          "cumulative_inputs": 14907,
          "new_vrp_edges": 0,
          "new_base_edges": 0,
          "cumulative_vrp_edges": 0,
          "cumulative_base_edges": 0,
          "classifications": {
            "vrp_only": 0,
            "both": 0,
            "base_only": 0,
            "neither": 57
          }
        },
        {
          "archive": 21,
          "new_inputs": 45,
          "cumulative_inputs": 14952,
          "new_vrp_edges": 0,
          "new_base_edges": 0,
          "cumulative_vrp_edges": 0,
          "cumulative_base_edges": 0,
          "classifications": {
            "vrp_only": 0,
            "both": 0,
            "base_only": 0,
            "neither": 45
          }
        },
        {
          "archive": 22,
          "new_inputs": 76,
          "cumulative_inputs": 15028,
          "new_vrp_edges": 0,
          "new_base_edges": 0,
          "cumulative_vrp_edges": 0,
          "cumulative_base_edges": 0,
          "classifications": {
            "vrp_only": 0,
            "both": 0,
            "base_only": 0,
            "neither": 76
          }
        },
        {
          "archive": 23,
          "new_inputs": 105,
          "cumulative_inputs": 15133,
          "new_vrp_edges": 0,
          "new_base_edges": 0,
          "cumulative_vrp_edges": 0,
          "cumulative_base_edges": 0,
          "classifications": {
            "vrp_only": 0,
            "both": 0,
            "base_only": 0,
            "neither": 105
          }
        },
        {
          "archive": 24,
          "new_inputs": 42,
          "cumulative_inputs": 15175,
          "new_vrp_edges": 0,
          "new_base_edges": 0,
          "cumulative_vrp_edges": 0,
          "cumulative_base_edges": 0,
          "classifications": {
            "vrp_only": 0,
            "both": 0,
            "base_only": 0,
            "neither": 42
          }
        },
        {
          "archive": 25,
          "new_inputs": 37,
          "cumulative_inputs": 15212,
          "new_vrp_edges": 0,
          "new_base_edges": 0,
          "cumulative_vrp_edges": 0,
          "cumulative_base_edges": 0,
          "classifications": {
            "vrp_only": 0,
            "both": 0,
            "base_only": 0,
            "neither": 37
          }
        },
        {
          "archive": 26,
          "new_inputs": 43,
          "cumulative_inputs": 15255,
          "new_vrp_edges": 0,
          "new_base_edges": 0,
          "cumulative_vrp_edges": 0,
          "cumulative_base_edges": 0,
          "classifications": {
            "vrp_only": 0,
            "both": 0,
            "base_only": 0,
            "neither": 43
          }
        },
        {
          "archive": 27,
          "new_inputs": 34,
          "cumulative_inputs": 15289,
          "new_vrp_edges": 0,
          "new_base_edges": 0,
          "cumulative_vrp_edges": 0,
          "cumulative_base_edges": 0,
          "classifications": {
            "vrp_only": 0,
            "both": 0,
            "base_only": 0,
            "neither": 34
          }
        },
        {
          "archive": 28,
          "new_inputs": 89,
          "cumulative_inputs": 15378,
          "new_vrp_edges": 0,
          "new_base_edges": 0,
          "cumulative_vrp_edges": 0,
          "cumulative_base_edges": 0,
          "classifications": {
            "vrp_only": 0,
            "both": 0,
            "base_only": 0,
            "neither": 89
          }
        },
        {
          "archive": 29,
          "new_inputs": 73,
          "cumulative_inputs": 15451,
          "new_vrp_edges": 0,
          "new_base_edges": 0,
          "cumulative_vrp_edges": 0,
          "cumulative_base_edges": 0,
          "classifications": {
            "vrp_only": 0,
            "both": 0,
            "base_only": 0,
            "neither": 73
          }
        },
        {
          "archive": 30,
          "new_inputs": 64,
          "cumulative_inputs": 15515,
          "new_vrp_edges": 0,
          "new_base_edges": 0,
          "cumulative_vrp_edges": 0,
          "cumulative_base_edges": 0,
          "classifications": {
            "vrp_only": 0,
            "both": 0,
            "base_only": 0,
            "neither": 64
          }
        },
        {
          "archive": 31,
          "new_inputs": 123,
          "cumulative_inputs": 15638,
          "new_vrp_edges": 0,
          "new_base_edges": 0,
          "cumulative_vrp_edges": 0,
          "cumulative_base_edges": 0,
          "classifications": {
            "vrp_only": 0,
            "both": 0,
            "base_only": 0,
            "neither": 123
          }
        },
        {
          "archive": 32,
          "new_inputs": 198,
          "cumulative_inputs": 15836,
          "new_vrp_edges": 0,
          "new_base_edges": 0,
          "cumulative_vrp_edges": 0,
          "cumulative_base_edges": 0,
          "classifications": {
            "vrp_only": 0,
            "both": 0,
            "base_only": 0,
            "neither": 198
          }
        },
        {
          "archive": 33,
          "new_inputs": 65,
          "cumulative_inputs": 15901,
          "new_vrp_edges": 0,
          "new_base_edges": 0,
          "cumulative_vrp_edges": 0,
          "cumulative_base_edges": 0,
          "classifications": {
            "vrp_only": 0,
            "both": 0,
            "base_only": 0,
            "neither": 65
          }
        },
        {
          "archive": 34,
          "new_inputs": 43,
          "cumulative_inputs": 15944,
          "new_vrp_edges": 0,
          "new_base_edges": 0,
          "cumulative_vrp_edges": 0,
          "cumulative_base_edges": 0,
          "classifications": {
            "vrp_only": 0,
            "both": 0,
            "base_only": 0,
            "neither": 43
          }
        },
        {
          "archive": 35,
          "new_inputs": 32,
          "cumulative_inputs": 15976,
          "new_vrp_edges": 0,
          "new_base_edges": 0,
          "cumulative_vrp_edges": 0,
          "cumulative_base_edges": 0,
          "classifications": {
            "vrp_only": 0,
            "both": 0,
            "base_only": 0,
            "neither": 32
          }
        },
        {
          "archive": 36,
          "new_inputs": 83,
          "cumulative_inputs": 16059,
          "new_vrp_edges": 0,
          "new_base_edges": 0,
          "cumulative_vrp_edges": 0,
          "cumulative_base_edges": 0,
          "classifications": {
            "vrp_only": 0,
            "both": 0,
            "base_only": 0,
            "neither": 83
          }
        },
        {
          "archive": 37,
          "new_inputs": 91,
          "cumulative_inputs": 16150,
          "new_vrp_edges": 0,
          "new_base_edges": 0,
          "cumulative_vrp_edges": 0,
          "cumulative_base_edges": 0,
          "classifications": {
            "vrp_only": 0,
            "both": 0,
            "base_only": 0,
            "neither": 91
          }
        },
        {
          "archive": 38,
          "new_inputs": 104,
          "cumulative_inputs": 16254,
          "new_vrp_edges": 0,
          "new_base_edges": 0,
          "cumulative_vrp_edges": 0,
          "cumulative_base_edges": 0,
          "classifications": {
            "vrp_only": 0,
            "both": 0,
            "base_only": 0,
            "neither": 104
          }
        },
        {
          "archive": 39,
          "new_inputs": 52,
          "cumulative_inputs": 16306,
          "new_vrp_edges": 0,
          "new_base_edges": 0,
          "cumulative_vrp_edges": 0,
          "cumulative_base_edges": 0,
          "classifications": {
            "vrp_only": 0,
            "both": 0,
            "base_only": 0,
            "neither": 52
          }
        },
        {
          "archive": 40,
          "new_inputs": 34,
          "cumulative_inputs": 16340,
          "new_vrp_edges": 0,
          "new_base_edges": 0,
          "cumulative_vrp_edges": 0,
          "cumulative_base_edges": 0,
          "classifications": {
            "vrp_only": 0,
            "both": 0,
            "base_only": 0,
            "neither": 34
          }
        },
        {
          "archive": 41,
          "new_inputs": 48,
          "cumulative_inputs": 16388,
          "new_vrp_edges": 0,
          "new_base_edges": 0,
          "cumulative_vrp_edges": 0,
          "cumulative_base_edges": 0,
          "classifications": {
            "vrp_only": 0,
            "both": 0,
            "base_only": 0,
            "neither": 48
          }
        },
        {
          "archive": 42,
          "new_inputs": 21,
          "cumulative_inputs": 16409,
          "new_vrp_edges": 0,
          "new_base_edges": 0,
          "cumulative_vrp_edges": 0,
          "cumulative_base_edges": 0,
          "classifications": {
            "vrp_only": 0,
            "both": 0,
            "base_only": 0,
            "neither": 21
          }
        },
        {
          "archive": 43,
          "new_inputs": 24,
          "cumulative_inputs": 16433,
          "new_vrp_edges": 0,
          "new_base_edges": 0,
          "cumulative_vrp_edges": 0,
          "cumulative_base_edges": 0,
          "classifications": {
            "vrp_only": 0,
            "both": 0,
            "base_only": 0,
            "neither": 24
          }
        },
        {
          "archive": 44,
          "new_inputs": 32,
          "cumulative_inputs": 16465,
          "new_vrp_edges": 0,
          "new_base_edges": 0,
          "cumulative_vrp_edges": 0,
          "cumulative_base_edges": 0,
          "classifications": {
            "vrp_only": 0,
            "both": 0,
            "base_only": 0,
            "neither": 32
          }
        },
        {
          "archive": 45,
          "new_inputs": 24,
          "cumulative_inputs": 16489,
          "new_vrp_edges": 0,
          "new_base_edges": 0,
          "cumulative_vrp_edges": 0,
          "cumulative_base_edges": 0,
          "classifications": {
            "vrp_only": 0,
            "both": 0,
            "base_only": 0,
            "neither": 24
          }
        },
        {
          "archive": 46,
          "new_inputs": 26,
          "cumulative_inputs": 16515,
          "new_vrp_edges": 0,
          "new_base_edges": 0,
          "cumulative_vrp_edges": 0,
          "cumulative_base_edges": 0,
          "classifications": {
            "vrp_only": 0,
            "both": 0,
            "base_only": 0,
            "neither": 26
          }
        },
        {
          "archive": 47,
          "new_inputs": 12,
          "cumulative_inputs": 16527,
          "new_vrp_edges": 0,
          "new_base_edges": 0,
          "cumulative_vrp_edges": 0,
          "cumulative_base_edges": 0,
          "classifications": {
            "vrp_only": 0,
            "both": 0,
            "base_only": 0,
            "neither": 12
          }
        },
        {
          "archive": 48,
          "new_inputs": 31,
          "cumulative_inputs": 16558,
          "new_vrp_edges": 0,
          "new_base_edges": 0,
          "cumulative_vrp_edges": 0,
          "cumulative_base_edges": 0,
          "classifications": {
            "vrp_only": 0,
            "both": 0,
            "base_only": 0,
            "neither": 31
          }
        },
        {
          "archive": 49,
          "new_inputs": 45,
          "cumulative_inputs": 16603,
          "new_vrp_edges": 0,
          "new_base_edges": 0,
          "cumulative_vrp_edges": 0,
          "cumulative_base_edges": 0,
          "classifications": {
            "vrp_only": 0,
            "both": 0,
            "base_only": 0,
            "neither": 45
          }
        },
        {
          "archive": 50,
          "new_inputs": 25,
          "cumulative_inputs": 16628,
          "new_vrp_edges": 0,
          "new_base_edges": 0,
          "cumulative_vrp_edges": 0,
          "cumulative_base_edges": 0,
          "classifications": {
            "vrp_only": 0,
            "both": 0,
            "base_only": 0,
            "neither": 25
          }
        },
        {
          "archive": 51,
          "new_inputs": 30,
          "cumulative_inputs": 16658,
          "new_vrp_edges": 0,
          "new_base_edges": 0,
          "cumulative_vrp_edges": 0,
          "cumulative_base_edges": 0,
          "classifications": {
            "vrp_only": 0,
            "both": 0,
            "base_only": 0,
            "neither": 30
          }
        },
        {
          "archive": 52,
          "new_inputs": 16,
          "cumulative_inputs": 16674,
          "new_vrp_edges": 0,
          "new_base_edges": 0,
          "cumulative_vrp_edges": 0,
          "cumulative_base_edges": 0,
          "classifications": {
            "vrp_only": 0,
            "both": 0,
            "base_only": 0,
            "neither": 16
          }
        },
        {
          "archive": 53,
          "new_inputs": 21,
          "cumulative_inputs": 16695,
          "new_vrp_edges": 0,
          "new_base_edges": 0,
          "cumulative_vrp_edges": 0,
          "cumulative_base_edges": 0,
          "classifications": {
            "vrp_only": 0,
            "both": 0,
            "base_only": 0,
            "neither": 21
          }
        },
        {
          "archive": 54,
          "new_inputs": 16,
          "cumulative_inputs": 16711,
          "new_vrp_edges": 0,
          "new_base_edges": 0,
          "cumulative_vrp_edges": 0,
          "cumulative_base_edges": 0,
          "classifications": {
            "vrp_only": 0,
            "both": 0,
            "base_only": 0,
            "neither": 16
          }
        },
        {
          "archive": 55,
          "new_inputs": 32,
          "cumulative_inputs": 16743,
          "new_vrp_edges": 0,
          "new_base_edges": 0,
          "cumulative_vrp_edges": 0,
          "cumulative_base_edges": 0,
          "classifications": {
            "vrp_only": 0,
            "both": 0,
            "base_only": 0,
            "neither": 32
          }
        },
        {
          "archive": 56,
          "new_inputs": 22,
          "cumulative_inputs": 16765,
          "new_vrp_edges": 0,
          "new_base_edges": 0,
          "cumulative_vrp_edges": 0,
          "cumulative_base_edges": 0,
          "classifications": {
            "vrp_only": 0,
            "both": 0,
            "base_only": 0,
            "neither": 22
          }
        },
        {
          "archive": 57,
          "new_inputs": 38,
          "cumulative_inputs": 16803,
          "new_vrp_edges": 0,
          "new_base_edges": 0,
          "cumulative_vrp_edges": 0,
          "cumulative_base_edges": 0,
          "classifications": {
            "vrp_only": 0,
            "both": 0,
            "base_only": 0,
            "neither": 38
          }
        },
        {
          "archive": 58,
          "new_inputs": 16,
          "cumulative_inputs": 16819,
          "new_vrp_edges": 0,
          "new_base_edges": 0,
          "cumulative_vrp_edges": 0,
          "cumulative_base_edges": 0,
          "classifications": {
            "vrp_only": 0,
            "both": 0,
            "base_only": 0,
            "neither": 16
          }
        },
        {
          "archive": 59,
          "new_inputs": 13,
          "cumulative_inputs": 16832,
          "new_vrp_edges": 0,
          "new_base_edges": 0,
          "cumulative_vrp_edges": 0,
          "cumulative_base_edges": 0,
          "classifications": {
            "vrp_only": 0,
            "both": 0,
            "base_only": 0,
            "neither": 13
          }
        },
        {
          "archive": 60,
          "new_inputs": 16,
          "cumulative_inputs": 16848,
          "new_vrp_edges": 0,
          "new_base_edges": 0,
          "cumulative_vrp_edges": 0,
          "cumulative_base_edges": 0,
          "classifications": {
            "vrp_only": 0,
            "both": 0,
            "base_only": 0,
            "neither": 16
          }
        },
        {
          "archive": 61,
          "new_inputs": 51,
          "cumulative_inputs": 16899,
          "new_vrp_edges": 0,
          "new_base_edges": 0,
          "cumulative_vrp_edges": 0,
          "cumulative_base_edges": 0,
          "classifications": {
            "vrp_only": 0,
            "both": 0,
            "base_only": 0,
            "neither": 51
          }
        },
        {
          "archive": 62,
          "new_inputs": 17,
          "cumulative_inputs": 16916,
          "new_vrp_edges": 0,
          "new_base_edges": 0,
          "cumulative_vrp_edges": 0,
          "cumulative_base_edges": 0,
          "classifications": {
            "vrp_only": 0,
            "both": 0,
            "base_only": 0,
            "neither": 17
          }
        },
        {
          "archive": 63,
          "new_inputs": 16,
          "cumulative_inputs": 16932,
          "new_vrp_edges": 0,
          "new_base_edges": 0,
          "cumulative_vrp_edges": 0,
          "cumulative_base_edges": 0,
          "classifications": {
            "vrp_only": 0,
            "both": 0,
            "base_only": 0,
            "neither": 16
          }
        },
        {
          "archive": 64,
          "new_inputs": 12,
          "cumulative_inputs": 16944,
          "new_vrp_edges": 0,
          "new_base_edges": 0,
          "cumulative_vrp_edges": 0,
          "cumulative_base_edges": 0,
          "classifications": {
            "vrp_only": 0,
            "both": 0,
            "base_only": 0,
            "neither": 12
          }
        },
        {
          "archive": 65,
          "new_inputs": 10,
          "cumulative_inputs": 16954,
          "new_vrp_edges": 0,
          "new_base_edges": 0,
          "cumulative_vrp_edges": 0,
          "cumulative_base_edges": 0,
          "classifications": {
            "vrp_only": 0,
            "both": 0,
            "base_only": 0,
            "neither": 10
          }
        },
        {
          "archive": 66,
          "new_inputs": 29,
          "cumulative_inputs": 16983,
          "new_vrp_edges": 0,
          "new_base_edges": 0,
          "cumulative_vrp_edges": 0,
          "cumulative_base_edges": 0,
          "classifications": {
            "vrp_only": 0,
            "both": 0,
            "base_only": 0,
            "neither": 29
          }
        },
        {
          "archive": 67,
          "new_inputs": 9,
          "cumulative_inputs": 16992,
          "new_vrp_edges": 0,
          "new_base_edges": 0,
          "cumulative_vrp_edges": 0,
          "cumulative_base_edges": 0,
          "classifications": {
            "vrp_only": 0,
            "both": 0,
            "base_only": 0,
            "neither": 9
          }
        },
        {
          "archive": 68,
          "new_inputs": 21,
          "cumulative_inputs": 17013,
          "new_vrp_edges": 0,
          "new_base_edges": 0,
          "cumulative_vrp_edges": 0,
          "cumulative_base_edges": 0,
          "classifications": {
            "vrp_only": 0,
            "both": 0,
            "base_only": 0,
            "neither": 21
          }
        },
        {
          "archive": 69,
          "new_inputs": 8,
          "cumulative_inputs": 17021,
          "new_vrp_edges": 0,
          "new_base_edges": 0,
          "cumulative_vrp_edges": 0,
          "cumulative_base_edges": 0,
          "classifications": {
            "vrp_only": 0,
            "both": 0,
            "base_only": 0,
            "neither": 8
          }
        },
        {
          "archive": 70,
          "new_inputs": 10,
          "cumulative_inputs": 17031,
          "new_vrp_edges": 0,
          "new_base_edges": 0,
          "cumulative_vrp_edges": 0,
          "cumulative_base_edges": 0,
          "classifications": {
            "vrp_only": 0,
            "both": 0,
            "base_only": 0,
            "neither": 10
          }
        },
        {
          "archive": 71,
          "new_inputs": 13,
          "cumulative_inputs": 17044,
          "new_vrp_edges": 0,
          "new_base_edges": 0,
          "cumulative_vrp_edges": 0,
          "cumulative_base_edges": 0,
          "classifications": {
            "vrp_only": 0,
            "both": 0,
            "base_only": 0,
            "neither": 13
          }
        },
        {
          "archive": 72,
          "new_inputs": 10,
          "cumulative_inputs": 17054,
          "new_vrp_edges": 0,
          "new_base_edges": 0,
          "cumulative_vrp_edges": 0,
          "cumulative_base_edges": 0,
          "classifications": {
            "vrp_only": 0,
            "both": 0,
            "base_only": 0,
            "neither": 10
          }
        },
        {
          "archive": 73,
          "new_inputs": 14,
          "cumulative_inputs": 17068,
          "new_vrp_edges": 0,
          "new_base_edges": 0,
          "cumulative_vrp_edges": 0,
          "cumulative_base_edges": 0,
          "classifications": {
            "vrp_only": 0,
            "both": 0,
            "base_only": 0,
            "neither": 14
          }
        },
        {
          "archive": 74,
          "new_inputs": 15,
          "cumulative_inputs": 17083,
          "new_vrp_edges": 0,
          "new_base_edges": 0,
          "cumulative_vrp_edges": 0,
          "cumulative_base_edges": 0,
          "classifications": {
            "vrp_only": 0,
            "both": 0,
            "base_only": 0,
            "neither": 15
          }
        },
        {
          "archive": 75,
          "new_inputs": 9,
          "cumulative_inputs": 17092,
          "new_vrp_edges": 0,
          "new_base_edges": 0,
          "cumulative_vrp_edges": 0,
          "cumulative_base_edges": 0,
          "classifications": {
            "vrp_only": 0,
            "both": 0,
            "base_only": 0,
            "neither": 9
          }
        },
        {
          "archive": 76,
          "new_inputs": 104,
          "cumulative_inputs": 17196,
          "new_vrp_edges": 0,
          "new_base_edges": 0,
          "cumulative_vrp_edges": 0,
          "cumulative_base_edges": 0,
          "classifications": {
            "vrp_only": 0,
            "both": 0,
            "base_only": 0,
            "neither": 104
          }
        },
        {
          "archive": 77,
          "new_inputs": 130,
          "cumulative_inputs": 17326,
          "new_vrp_edges": 0,
          "new_base_edges": 0,
          "cumulative_vrp_edges": 0,
          "cumulative_base_edges": 0,
          "classifications": {
            "vrp_only": 0,
            "both": 0,
            "base_only": 0,
            "neither": 130
          }
        },
        {
          "archive": 78,
          "new_inputs": 48,
          "cumulative_inputs": 17374,
          "new_vrp_edges": 0,
          "new_base_edges": 0,
          "cumulative_vrp_edges": 0,
          "cumulative_base_edges": 0,
          "classifications": {
            "vrp_only": 0,
            "both": 0,
            "base_only": 0,
            "neither": 48
          }
        },
        {
          "archive": 79,
          "new_inputs": 170,
          "cumulative_inputs": 17544,
          "new_vrp_edges": 0,
          "new_base_edges": 0,
          "cumulative_vrp_edges": 0,
          "cumulative_base_edges": 0,
          "classifications": {
            "vrp_only": 0,
            "both": 0,
            "base_only": 0,
            "neither": 170
          }
        },
        {
          "archive": 80,
          "new_inputs": 89,
          "cumulative_inputs": 17633,
          "new_vrp_edges": 0,
          "new_base_edges": 0,
          "cumulative_vrp_edges": 0,
          "cumulative_base_edges": 0,
          "classifications": {
            "vrp_only": 0,
            "both": 0,
            "base_only": 0,
            "neither": 89
          }
        },
        {
          "archive": 81,
          "new_inputs": 56,
          "cumulative_inputs": 17689,
          "new_vrp_edges": 0,
          "new_base_edges": 0,
          "cumulative_vrp_edges": 0,
          "cumulative_base_edges": 0,
          "classifications": {
            "vrp_only": 0,
            "both": 0,
            "base_only": 0,
            "neither": 56
          }
        },
        {
          "archive": 82,
          "new_inputs": 24,
          "cumulative_inputs": 17713,
          "new_vrp_edges": 0,
          "new_base_edges": 0,
          "cumulative_vrp_edges": 0,
          "cumulative_base_edges": 0,
          "classifications": {
            "vrp_only": 0,
            "both": 0,
            "base_only": 0,
            "neither": 24
          }
        },
        {
          "archive": 83,
          "new_inputs": 16,
          "cumulative_inputs": 17729,
          "new_vrp_edges": 0,
          "new_base_edges": 0,
          "cumulative_vrp_edges": 0,
          "cumulative_base_edges": 0,
          "classifications": {
            "vrp_only": 0,
            "both": 0,
            "base_only": 0,
            "neither": 16
          }
        },
        {
          "archive": 84,
          "new_inputs": 19,
          "cumulative_inputs": 17748,
          "new_vrp_edges": 0,
          "new_base_edges": 0,
          "cumulative_vrp_edges": 0,
          "cumulative_base_edges": 0,
          "classifications": {
            "vrp_only": 0,
            "both": 0,
            "base_only": 0,
            "neither": 19
          }
        },
        {
          "archive": 85,
          "new_inputs": 21,
          "cumulative_inputs": 17769,
          "new_vrp_edges": 0,
          "new_base_edges": 0,
          "cumulative_vrp_edges": 0,
          "cumulative_base_edges": 0,
          "classifications": {
            "vrp_only": 0,
            "both": 0,
            "base_only": 0,
            "neither": 21
          }
        },
        {
          "archive": 86,
          "new_inputs": 12,
          "cumulative_inputs": 17781,
          "new_vrp_edges": 0,
          "new_base_edges": 0,
          "cumulative_vrp_edges": 0,
          "cumulative_base_edges": 0,
          "classifications": {
            "vrp_only": 0,
            "both": 0,
            "base_only": 0,
            "neither": 12
          }
        },
        {
          "archive": 87,
          "new_inputs": 16,
          "cumulative_inputs": 17797,
          "new_vrp_edges": 0,
          "new_base_edges": 0,
          "cumulative_vrp_edges": 0,
          "cumulative_base_edges": 0,
          "classifications": {
            "vrp_only": 0,
            "both": 0,
            "base_only": 0,
            "neither": 16
          }
        },
        {
          "archive": 88,
          "new_inputs": 17,
          "cumulative_inputs": 17814,
          "new_vrp_edges": 0,
          "new_base_edges": 0,
          "cumulative_vrp_edges": 0,
          "cumulative_base_edges": 0,
          "classifications": {
            "vrp_only": 0,
            "both": 0,
            "base_only": 0,
            "neither": 17
          }
        },
        {
          "archive": 89,
          "new_inputs": 13,
          "cumulative_inputs": 17827,
          "new_vrp_edges": 0,
          "new_base_edges": 0,
          "cumulative_vrp_edges": 0,
          "cumulative_base_edges": 0,
          "classifications": {
            "vrp_only": 0,
            "both": 0,
            "base_only": 0,
            "neither": 13
          }
        },
        {
          "archive": 90,
          "new_inputs": 19,
          "cumulative_inputs": 17846,
          "new_vrp_edges": 0,
          "new_base_edges": 0,
          "cumulative_vrp_edges": 0,
          "cumulative_base_edges": 0,
          "classifications": {
            "vrp_only": 0,
            "both": 0,
            "base_only": 0,
            "neither": 19
          }
        },
        {
          "archive": 91,
          "new_inputs": 22,
          "cumulative_inputs": 17868,
          "new_vrp_edges": 0,
          "new_base_edges": 0,
          "cumulative_vrp_edges": 0,
          "cumulative_base_edges": 0,
          "classifications": {
            "vrp_only": 0,
            "both": 0,
            "base_only": 0,
            "neither": 22
          }
        },
        {
          "archive": 92,
          "new_inputs": 13,
          "cumulative_inputs": 17881,
          "new_vrp_edges": 0,
          "new_base_edges": 0,
          "cumulative_vrp_edges": 0,
          "cumulative_base_edges": 0,
          "classifications": {
            "vrp_only": 0,
            "both": 0,
            "base_only": 0,
            "neither": 13
          }
        },
        {
          "archive": 93,
          "new_inputs": 34,
          "cumulative_inputs": 17915,
          "new_vrp_edges": 0,
          "new_base_edges": 0,
          "cumulative_vrp_edges": 0,
          "cumulative_base_edges": 0,
          "classifications": {
            "vrp_only": 0,
            "both": 0,
            "base_only": 0,
            "neither": 34
          }
        },
        {
          "archive": 94,
          "new_inputs": 10,
          "cumulative_inputs": 17925,
          "new_vrp_edges": 0,
          "new_base_edges": 0,
          "cumulative_vrp_edges": 0,
          "cumulative_base_edges": 0,
          "classifications": {
            "vrp_only": 0,
            "both": 0,
            "base_only": 0,
            "neither": 10
          }
        },
        {
          "archive": 95,
          "new_inputs": 15,
          "cumulative_inputs": 17940,
          "new_vrp_edges": 0,
          "new_base_edges": 0,
          "cumulative_vrp_edges": 0,
          "cumulative_base_edges": 0,
          "classifications": {
            "vrp_only": 0,
            "both": 0,
            "base_only": 0,
            "neither": 15
          }
        },
        {
          "archive": 96,
          "new_inputs": 0,
          "cumulative_inputs": 17940,
          "new_vrp_edges": 0,
          "new_base_edges": 0,
          "cumulative_vrp_edges": 0,
          "cumulative_base_edges": 0,
          "classifications": {
            "vrp_only": 0,
            "both": 0,
            "base_only": 0,
            "neither": 0
          }
        }
      ],
      "summary": {
        "total_inputs": 17940,
        "total_vrp_edges": 0,
        "total_base_edges": 0,
        "entanglement_rate": 0.0,
        "vrp_only_count": 0,
        "both_count": 0,
        "base_only_count": 0,
        "neither_count": 17940
      }
    },
    "vrp_bucket_entanglement": {
      "summary": {
        "total_inputs": 17940,
        "bucket_entanglement_rate": 0.0,
        "vrp_only": 0,
        "both": 0,
        "base_only": 0,
        "neither": 17940,
        "edge_neither_but_bucket_interesting": 0
      }
    },
    "vrp_gradient": {
      "summary": {
        "total_vrp_edges_seen": 0,
        "singleton_edges": 0,
        "low_freq_edges": 0,
        "high_freq_edges": 0,
        "vrp_exclusive_singletons": 0,
        "hit_count_distribution": {
          "1": 0,
          "2-3": 0,
          "4-10": 0,
          "11-50": 0,
          "51-200": 0,
          "200+": 0
        }
      }
    },
    "edge_growth": {
      "growth_curve": [
        {
          "archive": 0,
          "total_inputs": 2,
          "vrp_edges": 0,
          "base_edges": 0
        },
        {
          "archive": 1,
          "total_inputs": 5466,
          "vrp_edges": 0,
          "base_edges": 0
        },
        {
          "archive": 2,
          "total_inputs": 8252,
          "vrp_edges": 0,
          "base_edges": 0
        },
        {
          "archive": 3,
          "total_inputs": 9534,
          "vrp_edges": 0,
          "base_edges": 0
        },
        {
          "archive": 4,
          "total_inputs": 10660,
          "vrp_edges": 0,
          "base_edges": 0
        },
        {
          "archive": 5,
          "total_inputs": 11502,
          "vrp_edges": 0,
          "base_edges": 0
        },
        {
          "archive": 6,
          "total_inputs": 12243,
          "vrp_edges": 0,
          "base_edges": 0
        },
        {
          "archive": 7,
          "total_inputs": 12665,
          "vrp_edges": 0,
          "base_edges": 0
        },
        {
          "archive": 8,
          "total_inputs": 13016,
          "vrp_edges": 0,
          "base_edges": 0
        },
        {
          "archive": 9,
          "total_inputs": 13279,
          "vrp_edges": 0,
          "base_edges": 0
        },
        {
          "archive": 10,
          "total_inputs": 13562,
          "vrp_edges": 0,
          "base_edges": 0
        },
        {
          "archive": 11,
          "total_inputs": 13768,
          "vrp_edges": 0,
          "base_edges": 0
        },
        {
          "archive": 12,
          "total_inputs": 13940,
          "vrp_edges": 0,
          "base_edges": 0
        },
        {
          "archive": 13,
          "total_inputs": 14132,
          "vrp_edges": 0,
          "base_edges": 0
        },
        {
          "archive": 14,
          "total_inputs": 14326,
          "vrp_edges": 0,
          "base_edges": 0
        },
        {
          "archive": 15,
          "total_inputs": 14548,
          "vrp_edges": 0,
          "base_edges": 0
        },
        {
          "archive": 16,
          "total_inputs": 14678,
          "vrp_edges": 0,
          "base_edges": 0
        },
        {
          "archive": 17,
          "total_inputs": 14744,
          "vrp_edges": 0,
          "base_edges": 0
        },
        {
          "archive": 18,
          "total_inputs": 14811,
          "vrp_edges": 0,
          "base_edges": 0
        },
        {
          "archive": 19,
          "total_inputs": 14850,
          "vrp_edges": 0,
          "base_edges": 0
        },
        {
          "archive": 20,
          "total_inputs": 14907,
          "vrp_edges": 0,
          "base_edges": 0
        },
        {
          "archive": 21,
          "total_inputs": 14952,
          "vrp_edges": 0,
          "base_edges": 0
        },
        {
          "archive": 22,
          "total_inputs": 15028,
          "vrp_edges": 0,
          "base_edges": 0
        },
        {
          "archive": 23,
          "total_inputs": 15133,
          "vrp_edges": 0,
          "base_edges": 0
        },
        {
          "archive": 24,
          "total_inputs": 15175,
          "vrp_edges": 0,
          "base_edges": 0
        },
        {
          "archive": 25,
          "total_inputs": 15212,
          "vrp_edges": 0,
          "base_edges": 0
        },
        {
          "archive": 26,
          "total_inputs": 15255,
          "vrp_edges": 0,
          "base_edges": 0
        },
        {
          "archive": 27,
          "total_inputs": 15289,
          "vrp_edges": 0,
          "base_edges": 0
        },
        {
          "archive": 28,
          "total_inputs": 15378,
          "vrp_edges": 0,
          "base_edges": 0
        },
        {
          "archive": 29,
          "total_inputs": 15451,
          "vrp_edges": 0,
          "base_edges": 0
        },
        {
          "archive": 30,
          "total_inputs": 15515,
          "vrp_edges": 0,
          "base_edges": 0
        },
        {
          "archive": 31,
          "total_inputs": 15638,
          "vrp_edges": 0,
          "base_edges": 0
        },
        {
          "archive": 32,
          "total_inputs": 15836,
          "vrp_edges": 0,
          "base_edges": 0
        },
        {
          "archive": 33,
          "total_inputs": 15901,
          "vrp_edges": 0,
          "base_edges": 0
        },
        {
          "archive": 34,
          "total_inputs": 15944,
          "vrp_edges": 0,
          "base_edges": 0
        },
        {
          "archive": 35,
          "total_inputs": 15976,
          "vrp_edges": 0,
          "base_edges": 0
        },
        {
          "archive": 36,
          "total_inputs": 16059,
          "vrp_edges": 0,
          "base_edges": 0
        },
        {
          "archive": 37,
          "total_inputs": 16150,
          "vrp_edges": 0,
          "base_edges": 0
        },
        {
          "archive": 38,
          "total_inputs": 16254,
          "vrp_edges": 0,
          "base_edges": 0
        },
        {
          "archive": 39,
          "total_inputs": 16306,
          "vrp_edges": 0,
          "base_edges": 0
        },
        {
          "archive": 40,
          "total_inputs": 16340,
          "vrp_edges": 0,
          "base_edges": 0
        },
        {
          "archive": 41,
          "total_inputs": 16388,
          "vrp_edges": 0,
          "base_edges": 0
        },
        {
          "archive": 42,
          "total_inputs": 16409,
          "vrp_edges": 0,
          "base_edges": 0
        },
        {
          "archive": 43,
          "total_inputs": 16433,
          "vrp_edges": 0,
          "base_edges": 0
        },
        {
          "archive": 44,
          "total_inputs": 16465,
          "vrp_edges": 0,
          "base_edges": 0
        },
        {
          "archive": 45,
          "total_inputs": 16489,
          "vrp_edges": 0,
          "base_edges": 0
        },
        {
          "archive": 46,
          "total_inputs": 16515,
          "vrp_edges": 0,
          "base_edges": 0
        },
        {
          "archive": 47,
          "total_inputs": 16527,
          "vrp_edges": 0,
          "base_edges": 0
        },
        {
          "archive": 48,
          "total_inputs": 16558,
          "vrp_edges": 0,
          "base_edges": 0
        },
        {
          "archive": 49,
          "total_inputs": 16603,
          "vrp_edges": 0,
          "base_edges": 0
        },
        {
          "archive": 50,
          "total_inputs": 16628,
          "vrp_edges": 0,
          "base_edges": 0
        },
        {
          "archive": 51,
          "total_inputs": 16658,
          "vrp_edges": 0,
          "base_edges": 0
        },
        {
          "archive": 52,
          "total_inputs": 16674,
          "vrp_edges": 0,
          "base_edges": 0
        },
        {
          "archive": 53,
          "total_inputs": 16695,
          "vrp_edges": 0,
          "base_edges": 0
        },
        {
          "archive": 54,
          "total_inputs": 16711,
          "vrp_edges": 0,
          "base_edges": 0
        },
        {
          "archive": 55,
          "total_inputs": 16743,
          "vrp_edges": 0,
          "base_edges": 0
        },
        {
          "archive": 56,
          "total_inputs": 16765,
          "vrp_edges": 0,
          "base_edges": 0
        },
        {
          "archive": 57,
          "total_inputs": 16803,
          "vrp_edges": 0,
          "base_edges": 0
        },
        {
          "archive": 58,
          "total_inputs": 16819,
          "vrp_edges": 0,
          "base_edges": 0
        },
        {
          "archive": 59,
          "total_inputs": 16832,
          "vrp_edges": 0,
          "base_edges": 0
        },
        {
          "archive": 60,
          "total_inputs": 16848,
          "vrp_edges": 0,
          "base_edges": 0
        },
        {
          "archive": 61,
          "total_inputs": 16899,
          "vrp_edges": 0,
          "base_edges": 0
        },
        {
          "archive": 62,
          "total_inputs": 16916,
          "vrp_edges": 0,
          "base_edges": 0
        },
        {
          "archive": 63,
          "total_inputs": 16932,
          "vrp_edges": 0,
          "base_edges": 0
        },
        {
          "archive": 64,
          "total_inputs": 16944,
          "vrp_edges": 0,
          "base_edges": 0
        },
        {
          "archive": 65,
          "total_inputs": 16954,
          "vrp_edges": 0,
          "base_edges": 0
        },
        {
          "archive": 66,
          "total_inputs": 16983,
          "vrp_edges": 0,
          "base_edges": 0
        },
        {
          "archive": 67,
          "total_inputs": 16992,
          "vrp_edges": 0,
          "base_edges": 0
        },
        {
          "archive": 68,
          "total_inputs": 17013,
          "vrp_edges": 0,
          "base_edges": 0
        },
        {
          "archive": 69,
          "total_inputs": 17021,
          "vrp_edges": 0,
          "base_edges": 0
        },
        {
          "archive": 70,
          "total_inputs": 17031,
          "vrp_edges": 0,
          "base_edges": 0
        },
        {
          "archive": 71,
          "total_inputs": 17044,
          "vrp_edges": 0,
          "base_edges": 0
        },
        {
          "archive": 72,
          "total_inputs": 17054,
          "vrp_edges": 0,
          "base_edges": 0
        },
        {
          "archive": 73,
          "total_inputs": 17068,
          "vrp_edges": 0,
          "base_edges": 0
        },
        {
          "archive": 74,
          "total_inputs": 17083,
          "vrp_edges": 0,
          "base_edges": 0
        },
        {
          "archive": 75,
          "total_inputs": 17092,
          "vrp_edges": 0,
          "base_edges": 0
        },
        {
          "archive": 76,
          "total_inputs": 17196,
          "vrp_edges": 0,
          "base_edges": 0
        },
        {
          "archive": 77,
          "total_inputs": 17326,
          "vrp_edges": 0,
          "base_edges": 0
        },
        {
          "archive": 78,
          "total_inputs": 17374,
          "vrp_edges": 0,
          "base_edges": 0
        },
        {
          "archive": 79,
          "total_inputs": 17544,
          "vrp_edges": 0,
          "base_edges": 0
        },
        {
          "archive": 80,
          "total_inputs": 17633,
          "vrp_edges": 0,
          "base_edges": 0
        },
        {
          "archive": 81,
          "total_inputs": 17689,
          "vrp_edges": 0,
          "base_edges": 0
        },
        {
          "archive": 82,
          "total_inputs": 17713,
          "vrp_edges": 0,
          "base_edges": 0
        },
        {
          "archive": 83,
          "total_inputs": 17729,
          "vrp_edges": 0,
          "base_edges": 0
        },
        {
          "archive": 84,
          "total_inputs": 17748,
          "vrp_edges": 0,
          "base_edges": 0
        },
        {
          "archive": 85,
          "total_inputs": 17769,
          "vrp_edges": 0,
          "base_edges": 0
        },
        {
          "archive": 86,
          "total_inputs": 17781,
          "vrp_edges": 0,
          "base_edges": 0
        },
        {
          "archive": 87,
          "total_inputs": 17797,
          "vrp_edges": 0,
          "base_edges": 0
        },
        {
          "archive": 88,
          "total_inputs": 17814,
          "vrp_edges": 0,
          "base_edges": 0
        },
        {
          "archive": 89,
          "total_inputs": 17827,
          "vrp_edges": 0,
          "base_edges": 0
        },
        {
          "archive": 90,
          "total_inputs": 17846,
          "vrp_edges": 0,
          "base_edges": 0
        },
        {
          "archive": 91,
          "total_inputs": 17868,
          "vrp_edges": 0,
          "base_edges": 0
        },
        {
          "archive": 92,
          "total_inputs": 17881,
          "vrp_edges": 0,
          "base_edges": 0
        },
        {
          "archive": 93,
          "total_inputs": 17915,
          "vrp_edges": 0,
          "base_edges": 0
        },
        {
          "archive": 94,
          "total_inputs": 17925,
          "vrp_edges": 0,
          "base_edges": 0
        },
        {
          "archive": 95,
          "total_inputs": 17940,
          "vrp_edges": 0,
          "base_edges": 0
        },
        {
          "archive": 96,
          "total_inputs": 17940,
          "vrp_edges": 0,
          "base_edges": 0
        }
      ],
      "final_vrp_edges": 0,
      "final_base_edges": 0,
      "total_inputs": 17940
    },
    "speed": {
      "per_archive": [
        {
          "archive": 0,
          "inputs": 2,
          "mean_vrp_ms": 6.003,
          "mean_base_ms": 6.412,
          "overhead": 0.9362
        },
        {
          "archive": 1,
          "inputs": 5464,
          "mean_vrp_ms": 0.019,
          "mean_base_ms": 0.019,
          "overhead": 0.9992
        },
        {
          "archive": 2,
          "inputs": 2786,
          "mean_vrp_ms": 0.021,
          "mean_base_ms": 0.021,
          "overhead": 1.0074
        },
        {
          "archive": 3,
          "inputs": 1282,
          "mean_vrp_ms": 0.023,
          "mean_base_ms": 0.025,
          "overhead": 0.8969
        },
        {
          "archive": 4,
          "inputs": 1126,
          "mean_vrp_ms": 0.022,
          "mean_base_ms": 0.025,
          "overhead": 0.8809
        },
        {
          "archive": 5,
          "inputs": 842,
          "mean_vrp_ms": 0.033,
          "mean_base_ms": 0.029,
          "overhead": 1.1429
        },
        {
          "archive": 6,
          "inputs": 741,
          "mean_vrp_ms": 0.034,
          "mean_base_ms": 0.034,
          "overhead": 1.001
        },
        {
          "archive": 7,
          "inputs": 422,
          "mean_vrp_ms": 0.045,
          "mean_base_ms": 0.047,
          "overhead": 0.9614
        },
        {
          "archive": 8,
          "inputs": 351,
          "mean_vrp_ms": 0.058,
          "mean_base_ms": 0.048,
          "overhead": 1.2034
        },
        {
          "archive": 9,
          "inputs": 263,
          "mean_vrp_ms": 0.056,
          "mean_base_ms": 0.059,
          "overhead": 0.9569
        },
        {
          "archive": 10,
          "inputs": 283,
          "mean_vrp_ms": 0.062,
          "mean_base_ms": 0.053,
          "overhead": 1.1631
        },
        {
          "archive": 11,
          "inputs": 206,
          "mean_vrp_ms": 0.067,
          "mean_base_ms": 0.068,
          "overhead": 0.9946
        },
        {
          "archive": 12,
          "inputs": 172,
          "mean_vrp_ms": 0.088,
          "mean_base_ms": 0.081,
          "overhead": 1.0767
        },
        {
          "archive": 13,
          "inputs": 192,
          "mean_vrp_ms": 0.087,
          "mean_base_ms": 0.081,
          "overhead": 1.073
        },
        {
          "archive": 14,
          "inputs": 194,
          "mean_vrp_ms": 0.074,
          "mean_base_ms": 0.067,
          "overhead": 1.0989
        },
        {
          "archive": 15,
          "inputs": 222,
          "mean_vrp_ms": 217.984,
          "mean_base_ms": 0.068,
          "overhead": 3209.6673
        },
        {
          "archive": 16,
          "inputs": 130,
          "mean_vrp_ms": 0.128,
          "mean_base_ms": 0.126,
          "overhead": 1.0152
        },
        {
          "archive": 17,
          "inputs": 66,
          "mean_vrp_ms": 0.206,
          "mean_base_ms": 0.22,
          "overhead": 0.9342
        },
        {
          "archive": 18,
          "inputs": 67,
          "mean_vrp_ms": 0.197,
          "mean_base_ms": 0.212,
          "overhead": 0.9289
        },
        {
          "archive": 19,
          "inputs": 39,
          "mean_vrp_ms": 0.384,
          "mean_base_ms": 0.364,
          "overhead": 1.0545
        },
        {
          "archive": 20,
          "inputs": 57,
          "mean_vrp_ms": 0.274,
          "mean_base_ms": 0.258,
          "overhead": 1.0585
        },
        {
          "archive": 21,
          "inputs": 45,
          "mean_vrp_ms": 0.354,
          "mean_base_ms": 0.25,
          "overhead": 1.4189
        },
        {
          "archive": 22,
          "inputs": 76,
          "mean_vrp_ms": 0.161,
          "mean_base_ms": 0.158,
          "overhead": 1.017
        },
        {
          "archive": 23,
          "inputs": 105,
          "mean_vrp_ms": 0.112,
          "mean_base_ms": 0.124,
          "overhead": 0.9075
        },
        {
          "archive": 24,
          "inputs": 42,
          "mean_vrp_ms": 0.264,
          "mean_base_ms": 0.298,
          "overhead": 0.8852
        },
        {
          "archive": 25,
          "inputs": 37,
          "mean_vrp_ms": 0.336,
          "mean_base_ms": 0.334,
          "overhead": 1.0047
        },
        {
          "archive": 26,
          "inputs": 43,
          "mean_vrp_ms": 0.314,
          "mean_base_ms": 0.284,
          "overhead": 1.1032
        },
        {
          "archive": 27,
          "inputs": 34,
          "mean_vrp_ms": 0.338,
          "mean_base_ms": 0.355,
          "overhead": 0.953
        },
        {
          "archive": 28,
          "inputs": 89,
          "mean_vrp_ms": 0.143,
          "mean_base_ms": 0.153,
          "overhead": 0.931
        },
        {
          "archive": 29,
          "inputs": 73,
          "mean_vrp_ms": 0.166,
          "mean_base_ms": 0.164,
          "overhead": 1.0129
        },
        {
          "archive": 30,
          "inputs": 64,
          "mean_vrp_ms": 0.179,
          "mean_base_ms": 0.191,
          "overhead": 0.9342
        },
        {
          "archive": 31,
          "inputs": 123,
          "mean_vrp_ms": 0.093,
          "mean_base_ms": 0.113,
          "overhead": 0.8247
        },
        {
          "archive": 32,
          "inputs": 198,
          "mean_vrp_ms": 0.087,
          "mean_base_ms": 0.084,
          "overhead": 1.029
        },
        {
          "archive": 33,
          "inputs": 65,
          "mean_vrp_ms": 0.19,
          "mean_base_ms": 0.203,
          "overhead": 0.9376
        },
        {
          "archive": 34,
          "inputs": 43,
          "mean_vrp_ms": 0.328,
          "mean_base_ms": 0.278,
          "overhead": 1.181
        },
        {
          "archive": 35,
          "inputs": 32,
          "mean_vrp_ms": 0.465,
          "mean_base_ms": 0.415,
          "overhead": 1.1218
        },
        {
          "archive": 36,
          "inputs": 83,
          "mean_vrp_ms": 0.149,
          "mean_base_ms": 0.159,
          "overhead": 0.9358
        },
        {
          "archive": 37,
          "inputs": 91,
          "mean_vrp_ms": 0.164,
          "mean_base_ms": 0.144,
          "overhead": 1.1368
        },
        {
          "archive": 38,
          "inputs": 104,
          "mean_vrp_ms": 0.149,
          "mean_base_ms": 0.125,
          "overhead": 1.1908
        },
        {
          "archive": 39,
          "inputs": 52,
          "mean_vrp_ms": 0.23,
          "mean_base_ms": 0.256,
          "overhead": 0.8969
        },
        {
          "archive": 40,
          "inputs": 34,
          "mean_vrp_ms": 0.344,
          "mean_base_ms": 0.382,
          "overhead": 0.9013
        },
        {
          "archive": 41,
          "inputs": 48,
          "mean_vrp_ms": 0.251,
          "mean_base_ms": 0.252,
          "overhead": 0.9948
        },
        {
          "archive": 42,
          "inputs": 21,
          "mean_vrp_ms": 0.57,
          "mean_base_ms": 0.586,
          "overhead": 0.9732
        },
        {
          "archive": 43,
          "inputs": 24,
          "mean_vrp_ms": 0.465,
          "mean_base_ms": 0.484,
          "overhead": 0.9612
        },
        {
          "archive": 44,
          "inputs": 32,
          "mean_vrp_ms": 0.383,
          "mean_base_ms": 0.383,
          "overhead": 1.0009
        },
        {
          "archive": 45,
          "inputs": 24,
          "mean_vrp_ms": 0.518,
          "mean_base_ms": 0.535,
          "overhead": 0.9672
        },
        {
          "archive": 46,
          "inputs": 26,
          "mean_vrp_ms": 0.621,
          "mean_base_ms": 0.456,
          "overhead": 1.3628
        },
        {
          "archive": 47,
          "inputs": 12,
          "mean_vrp_ms": 1.054,
          "mean_base_ms": 1.009,
          "overhead": 1.0442
        },
        {
          "archive": 48,
          "inputs": 31,
          "mean_vrp_ms": 0.416,
          "mean_base_ms": 0.489,
          "overhead": 0.8504
        },
        {
          "archive": 49,
          "inputs": 45,
          "mean_vrp_ms": 0.33,
          "mean_base_ms": 0.274,
          "overhead": 1.2041
        },
        {
          "archive": 50,
          "inputs": 25,
          "mean_vrp_ms": 0.434,
          "mean_base_ms": 0.478,
          "overhead": 0.9092
        },
        {
          "archive": 51,
          "inputs": 30,
          "mean_vrp_ms": 0.449,
          "mean_base_ms": 0.374,
          "overhead": 1.2004
        },
        {
          "archive": 52,
          "inputs": 16,
          "mean_vrp_ms": 0.737,
          "mean_base_ms": 0.701,
          "overhead": 1.051
        },
        {
          "archive": 53,
          "inputs": 21,
          "mean_vrp_ms": 0.494,
          "mean_base_ms": 0.565,
          "overhead": 0.873
        },
        {
          "archive": 54,
          "inputs": 16,
          "mean_vrp_ms": 0.761,
          "mean_base_ms": 0.836,
          "overhead": 0.9108
        },
        {
          "archive": 55,
          "inputs": 32,
          "mean_vrp_ms": 0.386,
          "mean_base_ms": 0.416,
          "overhead": 0.9288
        },
        {
          "archive": 56,
          "inputs": 22,
          "mean_vrp_ms": 0.56,
          "mean_base_ms": 0.543,
          "overhead": 1.0311
        },
        {
          "archive": 57,
          "inputs": 38,
          "mean_vrp_ms": 0.332,
          "mean_base_ms": 0.302,
          "overhead": 1.1011
        },
        {
          "archive": 58,
          "inputs": 16,
          "mean_vrp_ms": 0.751,
          "mean_base_ms": 0.751,
          "overhead": 0.9999
        },
        {
          "archive": 59,
          "inputs": 13,
          "mean_vrp_ms": 1.071,
          "mean_base_ms": 0.985,
          "overhead": 1.0878
        },
        {
          "archive": 60,
          "inputs": 16,
          "mean_vrp_ms": 0.84,
          "mean_base_ms": 0.866,
          "overhead": 0.9695
        },
        {
          "archive": 61,
          "inputs": 51,
          "mean_vrp_ms": 0.288,
          "mean_base_ms": 0.256,
          "overhead": 1.1234
        },
        {
          "archive": 62,
          "inputs": 17,
          "mean_vrp_ms": 0.713,
          "mean_base_ms": 0.68,
          "overhead": 1.0482
        },
        {
          "archive": 63,
          "inputs": 16,
          "mean_vrp_ms": 0.961,
          "mean_base_ms": 0.746,
          "overhead": 1.2888
        },
        {
          "archive": 64,
          "inputs": 12,
          "mean_vrp_ms": 1.09,
          "mean_base_ms": 1.16,
          "overhead": 0.9395
        },
        {
          "archive": 65,
          "inputs": 10,
          "mean_vrp_ms": 1.402,
          "mean_base_ms": 1.254,
          "overhead": 1.1181
        },
        {
          "archive": 66,
          "inputs": 29,
          "mean_vrp_ms": 0.538,
          "mean_base_ms": 0.408,
          "overhead": 1.3179
        },
        {
          "archive": 67,
          "inputs": 9,
          "mean_vrp_ms": 1.479,
          "mean_base_ms": 1.321,
          "overhead": 1.1197
        },
        {
          "archive": 68,
          "inputs": 21,
          "mean_vrp_ms": 0.586,
          "mean_base_ms": 0.578,
          "overhead": 1.0137
        },
        {
          "archive": 69,
          "inputs": 8,
          "mean_vrp_ms": 1.857,
          "mean_base_ms": 1.516,
          "overhead": 1.2244
        },
        {
          "archive": 70,
          "inputs": 10,
          "mean_vrp_ms": 1.733,
          "mean_base_ms": 1.269,
          "overhead": 1.3654
        },
        {
          "archive": 71,
          "inputs": 13,
          "mean_vrp_ms": 1.199,
          "mean_base_ms": 0.991,
          "overhead": 1.21
        },
        {
          "archive": 72,
          "inputs": 10,
          "mean_vrp_ms": 1.26,
          "mean_base_ms": 1.134,
          "overhead": 1.1115
        },
        {
          "archive": 73,
          "inputs": 14,
          "mean_vrp_ms": 1.111,
          "mean_base_ms": 0.832,
          "overhead": 1.3352
        },
        {
          "archive": 74,
          "inputs": 15,
          "mean_vrp_ms": 0.752,
          "mean_base_ms": 0.816,
          "overhead": 0.9215
        },
        {
          "archive": 75,
          "inputs": 9,
          "mean_vrp_ms": 1.245,
          "mean_base_ms": 1.342,
          "overhead": 0.9271
        },
        {
          "archive": 76,
          "inputs": 104,
          "mean_vrp_ms": 0.132,
          "mean_base_ms": 0.149,
          "overhead": 0.8855
        },
        {
          "archive": 77,
          "inputs": 130,
          "mean_vrp_ms": 0.108,
          "mean_base_ms": 0.102,
          "overhead": 1.0608
        },
        {
          "archive": 78,
          "inputs": 48,
          "mean_vrp_ms": 0.307,
          "mean_base_ms": 0.244,
          "overhead": 1.256
        },
        {
          "archive": 79,
          "inputs": 170,
          "mean_vrp_ms": 0.084,
          "mean_base_ms": 0.088,
          "overhead": 0.957
        },
        {
          "archive": 80,
          "inputs": 89,
          "mean_vrp_ms": 0.169,
          "mean_base_ms": 0.156,
          "overhead": 1.0812
        },
        {
          "archive": 81,
          "inputs": 56,
          "mean_vrp_ms": 0.306,
          "mean_base_ms": 0.241,
          "overhead": 1.2725
        },
        {
          "archive": 82,
          "inputs": 24,
          "mean_vrp_ms": 0.501,
          "mean_base_ms": 0.52,
          "overhead": 0.9632
        },
        {
          "archive": 83,
          "inputs": 16,
          "mean_vrp_ms": 0.785,
          "mean_base_ms": 0.827,
          "overhead": 0.9497
        },
        {
          "archive": 84,
          "inputs": 19,
          "mean_vrp_ms": 0.74,
          "mean_base_ms": 0.579,
          "overhead": 1.2773
        },
        {
          "archive": 85,
          "inputs": 21,
          "mean_vrp_ms": 0.581,
          "mean_base_ms": 0.653,
          "overhead": 0.8897
        },
        {
          "archive": 86,
          "inputs": 12,
          "mean_vrp_ms": 0.936,
          "mean_base_ms": 0.954,
          "overhead": 0.9806
        },
        {
          "archive": 87,
          "inputs": 16,
          "mean_vrp_ms": 0.739,
          "mean_base_ms": 0.726,
          "overhead": 1.0187
        },
        {
          "archive": 88,
          "inputs": 17,
          "mean_vrp_ms": 0.977,
          "mean_base_ms": 0.681,
          "overhead": 1.4355
        },
        {
          "archive": 89,
          "inputs": 13,
          "mean_vrp_ms": 0.849,
          "mean_base_ms": 0.927,
          "overhead": 0.9158
        },
        {
          "archive": 90,
          "inputs": 19,
          "mean_vrp_ms": 0.638,
          "mean_base_ms": 0.618,
          "overhead": 1.0323
        },
        {
          "archive": 91,
          "inputs": 22,
          "mean_vrp_ms": 0.607,
          "mean_base_ms": 0.622,
          "overhead": 0.9757
        },
        {
          "archive": 92,
          "inputs": 13,
          "mean_vrp_ms": 0.93,
          "mean_base_ms": 1.061,
          "overhead": 0.8767
        },
        {
          "archive": 93,
          "inputs": 34,
          "mean_vrp_ms": 0.358,
          "mean_base_ms": 0.354,
          "overhead": 1.0119
        },
        {
          "archive": 94,
          "inputs": 10,
          "mean_vrp_ms": 1.205,
          "mean_base_ms": 1.149,
          "overhead": 1.0485
        },
        {
          "archive": 95,
          "inputs": 15,
          "mean_vrp_ms": 0.737,
          "mean_base_ms": 0.75,
          "overhead": 0.9822
        },
        {
          "archive": 96,
          "inputs": 0,
          "mean_vrp_ms": 0.0,
          "mean_base_ms": 0.0,
          "overhead": 0.0
        }
      ],
      "summary": {
        "total_inputs": 17940,
        "vrp_mean_ms": 2.78,
        "vrp_median_ms": 0.022,
        "vrp_p95_ms": 0.449,
        "vrp_p99_ms": 217.984,
        "base_mean_ms": 0.08,
        "base_median_ms": 0.025,
        "base_p95_ms": 0.355,
        "base_p99_ms": 0.836,
        "mean_overhead": 34.5798
      }
    }
  }
}