{
  "experiment": "vrp-unfold-eval-big04",
  "benchmark": "freetype2_ftfuzzer",
  "fuzzer": "aflplusplus_lto",
  "instance": "46064",
  "archives_processed": 97,
  "total_inputs": 18312,
  "elapsed_seconds": 17.2,
  "analyzer_results": {
    "vrp_hit_entanglement": {
      "per_archive": [
        {
          "archive": 0,
          "new_inputs": 2,
          "cumulative_inputs": 2,
          "new_vrp_edges": 0,
          "new_base_edges": 0,
          "cumulative_vrp_edges": 0,
          "cumulative_base_edges": 0,
          "classifications": {
            "vrp_only": 0,
            "both": 0,
            "base_only": 0,
            "neither": 2
          }
        },
        {
          "archive": 1,
          "new_inputs": 6427,
          "cumulative_inputs": 6429,
          "new_vrp_edges": 0,
          "new_base_edges": 0,
          "cumulative_vrp_edges": 0,
          "cumulative_base_edges": 0,
          "classifications": {
            "vrp_only": 0,
            "both": 0,
            "base_only": 0,
            "neither": 6427
          }
        },
        {
          "archive": 2,
          "new_inputs": 2048,
          "cumulative_inputs": 8477,
          "new_vrp_edges": 0,
          "new_base_edges": 0,
          "cumulative_vrp_edges": 0,
          "cumulative_base_edges": 0,
          "classifications": {
            "vrp_only": 0,
            "both": 0,
            "base_only": 0,
            "neither": 2048
          }
        },
        {
          "archive": 3,
          "new_inputs": 1742,
          "cumulative_inputs": 10219,
          "new_vrp_edges": 0,
          "new_base_edges": 0,
          "cumulative_vrp_edges": 0,
          "cumulative_base_edges": 0,
          "classifications": {
            "vrp_only": 0,
            "both": 0,
            "base_only": 0,
            "neither": 1742
          }
        },
        {
          "archive": 4,
          "new_inputs": 1172,
          "cumulative_inputs": 11391,
          "new_vrp_edges": 0,
          "new_base_edges": 0,
          "cumulative_vrp_edges": 0,
          "cumulative_base_edges": 0,
          "classifications": {
            "vrp_only": 0,
            "both": 0,
            "base_only": 0,
            "neither": 1172
          }
        },
        {
          "archive": 5,
          "new_inputs": 641,
          "cumulative_inputs": 12032,
          "new_vrp_edges": 0,
          "new_base_edges": 0,
          "cumulative_vrp_edges": 0,
          "cumulative_base_edges": 0,
          "classifications": {
            "vrp_only": 0,
            "both": 0,
            "base_only": 0,
            "neither": 641
          }
        },
        {
          "archive": 6,
          "new_inputs": 448,
          "cumulative_inputs": 12480,
          "new_vrp_edges": 0,
          "new_base_edges": 0,
          "cumulative_vrp_edges": 0,
          "cumulative_base_edges": 0,
          "classifications": {
            "vrp_only": 0,
            "both": 0,
            "base_only": 0,
            "neither": 448
          }
        },
        {
          "archive": 7,
          "new_inputs": 268,
          "cumulative_inputs": 12748,
          "new_vrp_edges": 0,
          "new_base_edges": 0,
          "cumulative_vrp_edges": 0,
          "cumulative_base_edges": 0,
          "classifications": {
            "vrp_only": 0,
            "both": 0,
            "base_only": 0,
            "neither": 268
          }
        },
        {
          "archive": 8,
          "new_inputs": 175,
          "cumulative_inputs": 12923,
          "new_vrp_edges": 0,
          "new_base_edges": 0,
          "cumulative_vrp_edges": 0,
          "cumulative_base_edges": 0,
          "classifications": {
            "vrp_only": 0,
            "both": 0,
            "base_only": 0,
            "neither": 175
          }
        },
        {
          "archive": 9,
          "new_inputs": 104,
          "cumulative_inputs": 13027,
          "new_vrp_edges": 0,
          "new_base_edges": 0,
          "cumulative_vrp_edges": 0,
          "cumulative_base_edges": 0,
          "classifications": {
            "vrp_only": 0,
            "both": 0,
            "base_only": 0,
            "neither": 104
          }
        },
        {
          "archive": 10,
          "new_inputs": 231,
          "cumulative_inputs": 13258,
          "new_vrp_edges": 0,
          "new_base_edges": 0,
          "cumulative_vrp_edges": 0,
          "cumulative_base_edges": 0,
          "classifications": {
            "vrp_only": 0,
            "both": 0,
            "base_only": 0,
            "neither": 231
          }
        },
        {
          "archive": 11,
          "new_inputs": 164,
          "cumulative_inputs": 13422,
          "new_vrp_edges": 0,
          "new_base_edges": 0,
          "cumulative_vrp_edges": 0,
          "cumulative_base_edges": 0,
          "classifications": {
            "vrp_only": 0,
            "both": 0,
            "base_only": 0,
            "neither": 164
          }
        },
        {
          "archive": 12,
          "new_inputs": 233,
          "cumulative_inputs": 13655,
          "new_vrp_edges": 0,
          "new_base_edges": 0,
          "cumulative_vrp_edges": 0,
          "cumulative_base_edges": 0,
          "classifications": {
            "vrp_only": 0,
            "both": 0,
            "base_only": 0,
            "neither": 233
          }
        },
        {
          "archive": 13,
          "new_inputs": 183,
          "cumulative_inputs": 13838,
          "new_vrp_edges": 0,
          "new_base_edges": 0,
          "cumulative_vrp_edges": 0,
          "cumulative_base_edges": 0,
          "classifications": {
            "vrp_only": 0,
            "both": 0,
            "base_only": 0,
            "neither": 183
          }
        },
        {
          "archive": 14,
          "new_inputs": 105,
          "cumulative_inputs": 13943,
          "new_vrp_edges": 0,
          "new_base_edges": 0,
          "cumulative_vrp_edges": 0,
          "cumulative_base_edges": 0,
          "classifications": {
            "vrp_only": 0,
            "both": 0,
            "base_only": 0,
            "neither": 105
          }
        },
        {
          "archive": 15,
          "new_inputs": 118,
          "cumulative_inputs": 14061,
          "new_vrp_edges": 0,
          "new_base_edges": 0,
          "cumulative_vrp_edges": 0,
          "cumulative_base_edges": 0,
          "classifications": {
            "vrp_only": 0,
            "both": 0,
            "base_only": 0,
            "neither": 118
          }
        },
        {
          "archive": 16,
          "new_inputs": 86,
          "cumulative_inputs": 14147,
          "new_vrp_edges": 0,
          "new_base_edges": 0,
          "cumulative_vrp_edges": 0,
          "cumulative_base_edges": 0,
          "classifications": {
            "vrp_only": 0,
            "both": 0,
            "base_only": 0,
            "neither": 86
          }
        },
        {
          "archive": 17,
          "new_inputs": 82,
          "cumulative_inputs": 14229,
          "new_vrp_edges": 0,
          "new_base_edges": 0,
          "cumulative_vrp_edges": 0,
          "cumulative_base_edges": 0,
          "classifications": {
            "vrp_only": 0,
            "both": 0,
            "base_only": 0,
            "neither": 82
          }
        },
        {
          "archive": 18,
          "new_inputs": 44,
          "cumulative_inputs": 14273,
          "new_vrp_edges": 0,
          "new_base_edges": 0,
          "cumulative_vrp_edges": 0,
          "cumulative_base_edges": 0,
          "classifications": {
            "vrp_only": 0,
            "both": 0,
            "base_only": 0,
            "neither": 44
          }
        },
        {
          "archive": 19,
          "new_inputs": 42,
          "cumulative_inputs": 14315,
          "new_vrp_edges": 0,
          "new_base_edges": 0,
          "cumulative_vrp_edges": 0,
          "cumulative_base_edges": 0,
          "classifications": {
            "vrp_only": 0,
            "both": 0,
            "base_only": 0,
            "neither": 42
          }
        },
        {
          "archive": 20,
          "new_inputs": 31,
          "cumulative_inputs": 14346,
          "new_vrp_edges": 0,
          "new_base_edges": 0,
          "cumulative_vrp_edges": 0,
          "cumulative_base_edges": 0,
          "classifications": {
            "vrp_only": 0,
            "both": 0,
            "base_only": 0,
            "neither": 31
          }
        },
        {
          "archive": 21,
          "new_inputs": 115,
          "cumulative_inputs": 14461,
          "new_vrp_edges": 0,
          "new_base_edges": 0,
          "cumulative_vrp_edges": 0,
          "cumulative_base_edges": 0,
          "classifications": {
            "vrp_only": 0,
            "both": 0,
            "base_only": 0,
            "neither": 115
          }
        },
        {
          "archive": 22,
          "new_inputs": 35,
          "cumulative_inputs": 14496,
          "new_vrp_edges": 0,
          "new_base_edges": 0,
          "cumulative_vrp_edges": 0,
          "cumulative_base_edges": 0,
          "classifications": {
            "vrp_only": 0,
            "both": 0,
            "base_only": 0,
            "neither": 35
          }
        },
        {
          "archive": 23,
          "new_inputs": 62,
          "cumulative_inputs": 14558,
          "new_vrp_edges": 0,
          "new_base_edges": 0,
          "cumulative_vrp_edges": 0,
          "cumulative_base_edges": 0,
          "classifications": {
            "vrp_only": 0,
            "both": 0,
            "base_only": 0,
            "neither": 62
          }
        },
        {
          "archive": 24,
          "new_inputs": 101,
          "cumulative_inputs": 14659,
          "new_vrp_edges": 0,
          "new_base_edges": 0,
          "cumulative_vrp_edges": 0,
          "cumulative_base_edges": 0,
          "classifications": {
            "vrp_only": 0,
            "both": 0,
            "base_only": 0,
            "neither": 101
          }
        },
        {
          "archive": 25,
          "new_inputs": 55,
          "cumulative_inputs": 14714,
          "new_vrp_edges": 0,
          "new_base_edges": 0,
          "cumulative_vrp_edges": 0,
          "cumulative_base_edges": 0,
          "classifications": {
            "vrp_only": 0,
            "both": 0,
            "base_only": 0,
            "neither": 55
          }
        },
        {
          "archive": 26,
          "new_inputs": 33,
          "cumulative_inputs": 14747,
          "new_vrp_edges": 0,
          "new_base_edges": 0,
          "cumulative_vrp_edges": 0,
          "cumulative_base_edges": 0,
          "classifications": {
            "vrp_only": 0,
            "both": 0,
            "base_only": 0,
            "neither": 33
          }
        },
        {
          "archive": 27,
          "new_inputs": 83,
          "cumulative_inputs": 14830,
          "new_vrp_edges": 0,
          "new_base_edges": 0,
          "cumulative_vrp_edges": 0,
          "cumulative_base_edges": 0,
          "classifications": {
            "vrp_only": 0,
            "both": 0,
            "base_only": 0,
            "neither": 83
          }
        },
        {
          "archive": 28,
          "new_inputs": 26,
          "cumulative_inputs": 14856,
          "new_vrp_edges": 0,
          "new_base_edges": 0,
          "cumulative_vrp_edges": 0,
          "cumulative_base_edges": 0,
          "classifications": {
            "vrp_only": 0,
            "both": 0,
            "base_only": 0,
            "neither": 26
          }
        },
        {
          "archive": 29,
          "new_inputs": 54,
          "cumulative_inputs": 14910,
          "new_vrp_edges": 0,
          "new_base_edges": 0,
          "cumulative_vrp_edges": 0,
          "cumulative_base_edges": 0,
          "classifications": {
            "vrp_only": 0,
            "both": 0,
            "base_only": 0,
            "neither": 54
          }
        },
        {
          "archive": 30,
          "new_inputs": 125,
          "cumulative_inputs": 15035,
          "new_vrp_edges": 0,
          "new_base_edges": 0,
          "cumulative_vrp_edges": 0,
          "cumulative_base_edges": 0,
          "classifications": {
            "vrp_only": 0,
            "both": 0,
            "base_only": 0,
            "neither": 125
          }
        },
        {
          "archive": 31,
          "new_inputs": 26,
          "cumulative_inputs": 15061,
          "new_vrp_edges": 0,
          "new_base_edges": 0,
          "cumulative_vrp_edges": 0,
          "cumulative_base_edges": 0,
          "classifications": {
            "vrp_only": 0,
            "both": 0,
            "base_only": 0,
            "neither": 26
          }
        },
        {
          "archive": 32,
          "new_inputs": 190,
          "cumulative_inputs": 15251,
          "new_vrp_edges": 0,
          "new_base_edges": 0,
          "cumulative_vrp_edges": 0,
          "cumulative_base_edges": 0,
          "classifications": {
            "vrp_only": 0,
            "both": 0,
            "base_only": 0,
            "neither": 190
          }
        },
        {
          "archive": 33,
          "new_inputs": 199,
          "cumulative_inputs": 15450,
          "new_vrp_edges": 0,
          "new_base_edges": 0,
          "cumulative_vrp_edges": 0,
          "cumulative_base_edges": 0,
          "classifications": {
            "vrp_only": 0,
            "both": 0,
            "base_only": 0,
            "neither": 199
          }
        },
        {
          "archive": 34,
          "new_inputs": 191,
          "cumulative_inputs": 15641,
          "new_vrp_edges": 0,
          "new_base_edges": 0,
          "cumulative_vrp_edges": 0,
          "cumulative_base_edges": 0,
          "classifications": {
            "vrp_only": 0,
            "both": 0,
            "base_only": 0,
            "neither": 191
          }
        },
        {
          "archive": 35,
          "new_inputs": 197,
          "cumulative_inputs": 15838,
          "new_vrp_edges": 0,
          "new_base_edges": 0,
          "cumulative_vrp_edges": 0,
          "cumulative_base_edges": 0,
          "classifications": {
            "vrp_only": 0,
            "both": 0,
            "base_only": 0,
            "neither": 197
          }
        },
        {
          "archive": 36,
          "new_inputs": 326,
          "cumulative_inputs": 16164,
          "new_vrp_edges": 0,
          "new_base_edges": 0,
          "cumulative_vrp_edges": 0,
          "cumulative_base_edges": 0,
          "classifications": {
            "vrp_only": 0,
            "both": 0,
            "base_only": 0,
            "neither": 326
          }
        },
        {
          "archive": 37,
          "new_inputs": 232,
          "cumulative_inputs": 16396,
          "new_vrp_edges": 0,
          "new_base_edges": 0,
          "cumulative_vrp_edges": 0,
          "cumulative_base_edges": 0,
          "classifications": {
            "vrp_only": 0,
            "both": 0,
            "base_only": 0,
            "neither": 232
          }
        },
        {
          "archive": 38,
          "new_inputs": 100,
          "cumulative_inputs": 16496,
          "new_vrp_edges": 0,
          "new_base_edges": 0,
          "cumulative_vrp_edges": 0,
          "cumulative_base_edges": 0,
          "classifications": {
            "vrp_only": 0,
            "both": 0,
            "base_only": 0,
            "neither": 100
          }
        },
        {
          "archive": 39,
          "new_inputs": 72,
          "cumulative_inputs": 16568,
          "new_vrp_edges": 0,
          "new_base_edges": 0,
          "cumulative_vrp_edges": 0,
          "cumulative_base_edges": 0,
          "classifications": {
            "vrp_only": 0,
            "both": 0,
            "base_only": 0,
            "neither": 72
          }
        },
        {
          "archive": 40,
          "new_inputs": 76,
          "cumulative_inputs": 16644,
          "new_vrp_edges": 0,
          "new_base_edges": 0,
          "cumulative_vrp_edges": 0,
          "cumulative_base_edges": 0,
          "classifications": {
            "vrp_only": 0,
            "both": 0,
            "base_only": 0,
            "neither": 76
          }
        },
        {
          "archive": 41,
          "new_inputs": 51,
          "cumulative_inputs": 16695,
          "new_vrp_edges": 0,
          "new_base_edges": 0,
          "cumulative_vrp_edges": 0,
          "cumulative_base_edges": 0,
          "classifications": {
            "vrp_only": 0,
            "both": 0,
            "base_only": 0,
            "neither": 51
          }
        },
        {
          "archive": 42,
          "new_inputs": 24,
          "cumulative_inputs": 16719,
          "new_vrp_edges": 0,
          "new_base_edges": 0,
          "cumulative_vrp_edges": 0,
          "cumulative_base_edges": 0,
          "classifications": {
            "vrp_only": 0,
            "both": 0,
            "base_only": 0,
            "neither": 24
          }
        },
        {
          "archive": 43,
          "new_inputs": 96,
          "cumulative_inputs": 16815,
          "new_vrp_edges": 0,
          "new_base_edges": 0,
          "cumulative_vrp_edges": 0,
          "cumulative_base_edges": 0,
          "classifications": {
            "vrp_only": 0,
            "both": 0,
            "base_only": 0,
            "neither": 96
          }
        },
        {
          "archive": 44,
          "new_inputs": 95,
          "cumulative_inputs": 16910,
          "new_vrp_edges": 0,
          "new_base_edges": 0,
          "cumulative_vrp_edges": 0,
          "cumulative_base_edges": 0,
          "classifications": {
            "vrp_only": 0,
            "both": 0,
            "base_only": 0,
            "neither": 95
          }
        },
        {
          "archive": 45,
          "new_inputs": 49,
          "cumulative_inputs": 16959,
          "new_vrp_edges": 0,
          "new_base_edges": 0,
          "cumulative_vrp_edges": 0,
          "cumulative_base_edges": 0,
          "classifications": {
            "vrp_only": 0,
            "both": 0,
            "base_only": 0,
            "neither": 49
          }
        },
        {
          "archive": 46,
          "new_inputs": 49,
          "cumulative_inputs": 17008,
          "new_vrp_edges": 0,
          "new_base_edges": 0,
          "cumulative_vrp_edges": 0,
          "cumulative_base_edges": 0,
          "classifications": {
            "vrp_only": 0,
            "both": 0,
            "base_only": 0,
            "neither": 49
          }
        },
        {
          "archive": 47,
          "new_inputs": 57,
          "cumulative_inputs": 17065,
          "new_vrp_edges": 0,
          "new_base_edges": 0,
          "cumulative_vrp_edges": 0,
          "cumulative_base_edges": 0,
          "classifications": {
            "vrp_only": 0,
            "both": 0,
            "base_only": 0,
            "neither": 57
          }
        },
        {
          "archive": 48,
          "new_inputs": 21,
          "cumulative_inputs": 17086,
          "new_vrp_edges": 0,
          "new_base_edges": 0,
          "cumulative_vrp_edges": 0,
          "cumulative_base_edges": 0,
          "classifications": {
            "vrp_only": 0,
            "both": 0,
            "base_only": 0,
            "neither": 21
          }
        },
        {
          "archive": 49,
          "new_inputs": 36,
          "cumulative_inputs": 17122,
          "new_vrp_edges": 0,
          "new_base_edges": 0,
          "cumulative_vrp_edges": 0,
          "cumulative_base_edges": 0,
          "classifications": {
            "vrp_only": 0,
            "both": 0,
            "base_only": 0,
            "neither": 36
          }
        },
        {
          "archive": 50,
          "new_inputs": 29,
          "cumulative_inputs": 17151,
          "new_vrp_edges": 0,
          "new_base_edges": 0,
          "cumulative_vrp_edges": 0,
          "cumulative_base_edges": 0,
          "classifications": {
            "vrp_only": 0,
            "both": 0,
            "base_only": 0,
            "neither": 29
          }
        },
        {
          "archive": 51,
          "new_inputs": 25,
          "cumulative_inputs": 17176,
          "new_vrp_edges": 0,
          "new_base_edges": 0,
          "cumulative_vrp_edges": 0,
          "cumulative_base_edges": 0,
          "classifications": {
            "vrp_only": 0,
            "both": 0,
            "base_only": 0,
            "neither": 25
          }
        },
        {
          "archive": 52,
          "new_inputs": 28,
          "cumulative_inputs": 17204,
          "new_vrp_edges": 0,
          "new_base_edges": 0,
          "cumulative_vrp_edges": 0,
          "cumulative_base_edges": 0,
          "classifications": {
            "vrp_only": 0,
            "both": 0,
            "base_only": 0,
            "neither": 28
          }
        },
        {
          "archive": 53,
          "new_inputs": 40,
          "cumulative_inputs": 17244,
          "new_vrp_edges": 0,
          "new_base_edges": 0,
          "cumulative_vrp_edges": 0,
          "cumulative_base_edges": 0,
          "classifications": {
            "vrp_only": 0,
            "both": 0,
            "base_only": 0,
            "neither": 40
          }
        },
        {
          "archive": 54,
          "new_inputs": 75,
          "cumulative_inputs": 17319,
          "new_vrp_edges": 0,
          "new_base_edges": 0,
          "cumulative_vrp_edges": 0,
          "cumulative_base_edges": 0,
          "classifications": {
            "vrp_only": 0,
            "both": 0,
            "base_only": 0,
            "neither": 75
          }
        },
        {
          "archive": 55,
          "new_inputs": 30,
          "cumulative_inputs": 17349,
          "new_vrp_edges": 0,
          "new_base_edges": 0,
          "cumulative_vrp_edges": 0,
          "cumulative_base_edges": 0,
          "classifications": {
            "vrp_only": 0,
            "both": 0,
            "base_only": 0,
            "neither": 30
          }
        },
        {
          "archive": 56,
          "new_inputs": 21,
          "cumulative_inputs": 17370,
          "new_vrp_edges": 0,
          "new_base_edges": 0,
          "cumulative_vrp_edges": 0,
          "cumulative_base_edges": 0,
          "classifications": {
            "vrp_only": 0,
            "both": 0,
            "base_only": 0,
            "neither": 21
          }
        },
        {
          "archive": 57,
          "new_inputs": 25,
          "cumulative_inputs": 17395,
          "new_vrp_edges": 0,
          "new_base_edges": 0,
          "cumulative_vrp_edges": 0,
          "cumulative_base_edges": 0,
          "classifications": {
            "vrp_only": 0,
            "both": 0,
            "base_only": 0,
            "neither": 25
          }
        },
        {
          "archive": 58,
          "new_inputs": 25,
          "cumulative_inputs": 17420,
          "new_vrp_edges": 0,
          "new_base_edges": 0,
          "cumulative_vrp_edges": 0,
          "cumulative_base_edges": 0,
          "classifications": {
            "vrp_only": 0,
            "both": 0,
            "base_only": 0,
            "neither": 25
          }
        },
        {
          "archive": 59,
          "new_inputs": 9,
          "cumulative_inputs": 17429,
          "new_vrp_edges": 0,
          "new_base_edges": 0,
          "cumulative_vrp_edges": 0,
          "cumulative_base_edges": 0,
          "classifications": {
            "vrp_only": 0,
            "both": 0,
            "base_only": 0,
            "neither": 9
          }
        },
        {
          "archive": 60,
          "new_inputs": 18,
          "cumulative_inputs": 17447,
          "new_vrp_edges": 0,
          "new_base_edges": 0,
          "cumulative_vrp_edges": 0,
          "cumulative_base_edges": 0,
          "classifications": {
            "vrp_only": 0,
            "both": 0,
            "base_only": 0,
            "neither": 18
          }
        },
        {
          "archive": 61,
          "new_inputs": 18,
          "cumulative_inputs": 17465,
          "new_vrp_edges": 0,
          "new_base_edges": 0,
          "cumulative_vrp_edges": 0,
          "cumulative_base_edges": 0,
          "classifications": {
            "vrp_only": 0,
            "both": 0,
            "base_only": 0,
            "neither": 18
          }
        },
        {
          "archive": 62,
          "new_inputs": 19,
          "cumulative_inputs": 17484,
          "new_vrp_edges": 0,
          "new_base_edges": 0,
          "cumulative_vrp_edges": 0,
          "cumulative_base_edges": 0,
          "classifications": {
            "vrp_only": 0,
            "both": 0,
            "base_only": 0,
            "neither": 19
          }
        },
        {
          "archive": 63,
          "new_inputs": 49,
          "cumulative_inputs": 17533,
          "new_vrp_edges": 0,
          "new_base_edges": 0,
          "cumulative_vrp_edges": 0,
          "cumulative_base_edges": 0,
          "classifications": {
            "vrp_only": 0,
            "both": 0,
            "base_only": 0,
            "neither": 49
          }
        },
        {
          "archive": 64,
          "new_inputs": 16,
          "cumulative_inputs": 17549,
          "new_vrp_edges": 0,
          "new_base_edges": 0,
          "cumulative_vrp_edges": 0,
          "cumulative_base_edges": 0,
          "classifications": {
            "vrp_only": 0,
            "both": 0,
            "base_only": 0,
            "neither": 16
          }
        },
        {
          "archive": 65,
          "new_inputs": 34,
          "cumulative_inputs": 17583,
          "new_vrp_edges": 0,
          "new_base_edges": 0,
          "cumulative_vrp_edges": 0,
          "cumulative_base_edges": 0,
          "classifications": {
            "vrp_only": 0,
            "both": 0,
            "base_only": 0,
            "neither": 34
          }
        },
        {
          "archive": 66,
          "new_inputs": 145,
          "cumulative_inputs": 17728,
          "new_vrp_edges": 0,
          "new_base_edges": 0,
          "cumulative_vrp_edges": 0,
          "cumulative_base_edges": 0,
          "classifications": {
            "vrp_only": 0,
            "both": 0,
            "base_only": 0,
            "neither": 145
          }
        },
        {
          "archive": 67,
          "new_inputs": 68,
          "cumulative_inputs": 17796,
          "new_vrp_edges": 0,
          "new_base_edges": 0,
          "cumulative_vrp_edges": 0,
          "cumulative_base_edges": 0,
          "classifications": {
            "vrp_only": 0,
            "both": 0,
            "base_only": 0,
            "neither": 68
          }
        },
        {
          "archive": 68,
          "new_inputs": 20,
          "cumulative_inputs": 17816,
          "new_vrp_edges": 0,
          "new_base_edges": 0,
          "cumulative_vrp_edges": 0,
          "cumulative_base_edges": 0,
          "classifications": {
            "vrp_only": 0,
            "both": 0,
            "base_only": 0,
            "neither": 20
          }
        },
        {
          "archive": 69,
          "new_inputs": 25,
          "cumulative_inputs": 17841,
          "new_vrp_edges": 0,
          "new_base_edges": 0,
          "cumulative_vrp_edges": 0,
          "cumulative_base_edges": 0,
          "classifications": {
            "vrp_only": 0,
            "both": 0,
            "base_only": 0,
            "neither": 25
          }
        },
        {
          "archive": 70,
          "new_inputs": 18,
          "cumulative_inputs": 17859,
          "new_vrp_edges": 0,
          "new_base_edges": 0,
          "cumulative_vrp_edges": 0,
          "cumulative_base_edges": 0,
          "classifications": {
            "vrp_only": 0,
            "both": 0,
            "base_only": 0,
            "neither": 18
          }
        },
        {
          "archive": 71,
          "new_inputs": 15,
          "cumulative_inputs": 17874,
          "new_vrp_edges": 0,
          "new_base_edges": 0,
          "cumulative_vrp_edges": 0,
          "cumulative_base_edges": 0,
          "classifications": {
            "vrp_only": 0,
            "both": 0,
            "base_only": 0,
            "neither": 15
          }
        },
        {
          "archive": 72,
          "new_inputs": 16,
          "cumulative_inputs": 17890,
          "new_vrp_edges": 0,
          "new_base_edges": 0,
          "cumulative_vrp_edges": 0,
          "cumulative_base_edges": 0,
          "classifications": {
            "vrp_only": 0,
            "both": 0,
            "base_only": 0,
            "neither": 16
          }
        },
        {
          "archive": 73,
          "new_inputs": 15,
          "cumulative_inputs": 17905,
          "new_vrp_edges": 0,
          "new_base_edges": 0,
          "cumulative_vrp_edges": 0,
          "cumulative_base_edges": 0,
          "classifications": {
            "vrp_only": 0,
            "both": 0,
            "base_only": 0,
            "neither": 15
          }
        },
        {
          "archive": 74,
          "new_inputs": 16,
          "cumulative_inputs": 17921,
          "new_vrp_edges": 0,
          "new_base_edges": 0,
          "cumulative_vrp_edges": 0,
          "cumulative_base_edges": 0,
          "classifications": {
            "vrp_only": 0,
            "both": 0,
            "base_only": 0,
            "neither": 16
          }
        },
        {
          "archive": 75,
          "new_inputs": 21,
          "cumulative_inputs": 17942,
          "new_vrp_edges": 0,
          "new_base_edges": 0,
          "cumulative_vrp_edges": 0,
          "cumulative_base_edges": 0,
          "classifications": {
            "vrp_only": 0,
            "both": 0,
            "base_only": 0,
            "neither": 21
          }
        },
        {
          "archive": 76,
          "new_inputs": 23,
          "cumulative_inputs": 17965,
          "new_vrp_edges": 0,
          "new_base_edges": 0,
          "cumulative_vrp_edges": 0,
          "cumulative_base_edges": 0,
          "classifications": {
            "vrp_only": 0,
            "both": 0,
            "base_only": 0,
            "neither": 23
          }
        },
        {
          "archive": 77,
          "new_inputs": 14,
          "cumulative_inputs": 17979,
          "new_vrp_edges": 0,
          "new_base_edges": 0,
          "cumulative_vrp_edges": 0,
          "cumulative_base_edges": 0,
          "classifications": {
            "vrp_only": 0,
            "both": 0,
            "base_only": 0,
            "neither": 14
          }
        },
        {
          "archive": 78,
          "new_inputs": 8,
          "cumulative_inputs": 17987,
          "new_vrp_edges": 0,
          "new_base_edges": 0,
          "cumulative_vrp_edges": 0,
          "cumulative_base_edges": 0,
          "classifications": {
            "vrp_only": 0,
            "both": 0,
            "base_only": 0,
            "neither": 8
          }
        },
        {
          "archive": 79,
          "new_inputs": 15,
          "cumulative_inputs": 18002,
          "new_vrp_edges": 0,
          "new_base_edges": 0,
          "cumulative_vrp_edges": 0,
          "cumulative_base_edges": 0,
          "classifications": {
            "vrp_only": 0,
            "both": 0,
            "base_only": 0,
            "neither": 15
          }
        },
        {
          "archive": 80,
          "new_inputs": 23,
          "cumulative_inputs": 18025,
          "new_vrp_edges": 0,
          "new_base_edges": 0,
          "cumulative_vrp_edges": 0,
          "cumulative_base_edges": 0,
          "classifications": {
            "vrp_only": 0,
            "both": 0,
            "base_only": 0,
            "neither": 23
          }
        },
        {
          "archive": 81,
          "new_inputs": 15,
          "cumulative_inputs": 18040,
          "new_vrp_edges": 0,
          "new_base_edges": 0,
          "cumulative_vrp_edges": 0,
          "cumulative_base_edges": 0,
          "classifications": {
            "vrp_only": 0,
            "both": 0,
            "base_only": 0,
            "neither": 15
          }
        },
        {
          "archive": 82,
          "new_inputs": 11,
          "cumulative_inputs": 18051,
          "new_vrp_edges": 0,
          "new_base_edges": 0,
          "cumulative_vrp_edges": 0,
          "cumulative_base_edges": 0,
          "classifications": {
            "vrp_only": 0,
            "both": 0,
            "base_only": 0,
            "neither": 11
          }
        },
        {
          "archive": 83,
          "new_inputs": 8,
          "cumulative_inputs": 18059,
          "new_vrp_edges": 0,
          "new_base_edges": 0,
          "cumulative_vrp_edges": 0,
          "cumulative_base_edges": 0,
          "classifications": {
            "vrp_only": 0,
            "both": 0,
            "base_only": 0,
            "neither": 8
          }
        },
        {
          "archive": 84,
          "new_inputs": 14,
          "cumulative_inputs": 18073,
          "new_vrp_edges": 0,
          "new_base_edges": 0,
          "cumulative_vrp_edges": 0,
          "cumulative_base_edges": 0,
          "classifications": {
            "vrp_only": 0,
            "both": 0,
            "base_only": 0,
            "neither": 14
          }
        },
        {
          "archive": 85,
          "new_inputs": 30,
          "cumulative_inputs": 18103,
          "new_vrp_edges": 0,
          "new_base_edges": 0,
          "cumulative_vrp_edges": 0,
          "cumulative_base_edges": 0,
          "classifications": {
            "vrp_only": 0,
            "both": 0,
            "base_only": 0,
            "neither": 30
          }
        },
        {
          "archive": 86,
          "new_inputs": 12,
          "cumulative_inputs": 18115,
          "new_vrp_edges": 0,
          "new_base_edges": 0,
          "cumulative_vrp_edges": 0,
          "cumulative_base_edges": 0,
          "classifications": {
            "vrp_only": 0,
            "both": 0,
            "base_only": 0,
            "neither": 12
          }
        },
        {
          "archive": 87,
          "new_inputs": 28,
          "cumulative_inputs": 18143,
          "new_vrp_edges": 0,
          "new_base_edges": 0,
          "cumulative_vrp_edges": 0,
          "cumulative_base_edges": 0,
          "classifications": {
            "vrp_only": 0,
            "both": 0,
            "base_only": 0,
            "neither": 28
          }
        },
        {
          "archive": 88,
          "new_inputs": 17,
          "cumulative_inputs": 18160,
          "new_vrp_edges": 0,
          "new_base_edges": 0,
          "cumulative_vrp_edges": 0,
          "cumulative_base_edges": 0,
          "classifications": {
            "vrp_only": 0,
            "both": 0,
            "base_only": 0,
            "neither": 17
          }
        },
        {
          "archive": 89,
          "new_inputs": 8,
          "cumulative_inputs": 18168,
          "new_vrp_edges": 0,
          "new_base_edges": 0,
          "cumulative_vrp_edges": 0,
          "cumulative_base_edges": 0,
          "classifications": {
            "vrp_only": 0,
            "both": 0,
            "base_only": 0,
            "neither": 8
          }
        },
        {
          "archive": 90,
          "new_inputs": 23,
          "cumulative_inputs": 18191,
          "new_vrp_edges": 0,
          "new_base_edges": 0,
          "cumulative_vrp_edges": 0,
          "cumulative_base_edges": 0,
          "classifications": {
            "vrp_only": 0,
            "both": 0,
            "base_only": 0,
            "neither": 23
          }
        },
        {
          "archive": 91,
          "new_inputs": 30,
          "cumulative_inputs": 18221,
          "new_vrp_edges": 0,
          "new_base_edges": 0,
          "cumulative_vrp_edges": 0,
          "cumulative_base_edges": 0,
          "classifications": {
            "vrp_only": 0,
            "both": 0,
            "base_only": 0,
            "neither": 30
          }
        },
        {
          "archive": 92,
          "new_inputs": 14,
          "cumulative_inputs": 18235,
          "new_vrp_edges": 0,
          "new_base_edges": 0,
          "cumulative_vrp_edges": 0,
          "cumulative_base_edges": 0,
          "classifications": {
            "vrp_only": 0,
            "both": 0,
            "base_only": 0,
            "neither": 14
          }
        },
        {
          "archive": 93,
          "new_inputs": 22,
          "cumulative_inputs": 18257,
          "new_vrp_edges": 0,
          "new_base_edges": 0,
          "cumulative_vrp_edges": 0,
          "cumulative_base_edges": 0,
          "classifications": {
            "vrp_only": 0,
            "both": 0,
            "base_only": 0,
            "neither": 22
          }
        },
        {
          "archive": 94,
          "new_inputs": 2,
          "cumulative_inputs": 18259,
          "new_vrp_edges": 0,
          "new_base_edges": 0,
          "cumulative_vrp_edges": 0,
          "cumulative_base_edges": 0,
          "classifications": {
            "vrp_only": 0,
            "both": 0,
            "base_only": 0,
            "neither": 2
          }
        },
        {
          "archive": 95,
          "new_inputs": 53,
          "cumulative_inputs": 18312,
          "new_vrp_edges": 0,
          "new_base_edges": 0,
          "cumulative_vrp_edges": 0,
          "cumulative_base_edges": 0,
          "classifications": {
            "vrp_only": 0,
            "both": 0,
            "base_only": 0,
            "neither": 53
          }
        },
        {
          "archive": 96,
          "new_inputs": 0,
          "cumulative_inputs": 18312,
          "new_vrp_edges": 0,
          "new_base_edges": 0,
          "cumulative_vrp_edges": 0,
          "cumulative_base_edges": 0,
          "classifications": {
            "vrp_only": 0,
            "both": 0,
            "base_only": 0,
            "neither": 0
          }
        }
      ],
      "summary": {
        "total_inputs": 18312,
        "total_vrp_edges": 0,
        "total_base_edges": 0,
        "entanglement_rate": 0.0,
        "vrp_only_count": 0,
        "both_count": 0,
        "base_only_count": 0,
        "neither_count": 18312
      }
    },
    "vrp_bucket_entanglement": {
      "summary": {
        "total_inputs": 18312,
        "bucket_entanglement_rate": 0.0,
        "vrp_only": 0,
        "both": 0,
        "base_only": 0,
        "neither": 18312,
        "edge_neither_but_bucket_interesting": 0
      }
    },
    "vrp_gradient": {
      "summary": {
        "total_vrp_edges_seen": 0,
        "singleton_edges": 0,
        "low_freq_edges": 0,
        "high_freq_edges": 0,
        "vrp_exclusive_singletons": 0,
        "hit_count_distribution": {
          "1": 0,
          "2-3": 0,
          "4-10": 0,
          "11-50": 0,
          "51-200": 0,
          "200+": 0
        }
      }
    },
    "edge_growth": {
      "growth_curve": [
        {
          "archive": 0,
          "total_inputs": 2,
          "vrp_edges": 0,
          "base_edges": 0
        },
        {
          "archive": 1,
          "total_inputs": 6429,
          "vrp_edges": 0,
          "base_edges": 0
        },
        {
          "archive": 2,
          "total_inputs": 8477,
          "vrp_edges": 0,
          "base_edges": 0
        },
        {
          "archive": 3,
          "total_inputs": 10219,
          "vrp_edges": 0,
          "base_edges": 0
        },
        {
          "archive": 4,
          "total_inputs": 11391,
          "vrp_edges": 0,
          "base_edges": 0
        },
        {
          "archive": 5,
          "total_inputs": 12032,
          "vrp_edges": 0,
          "base_edges": 0
        },
        {
          "archive": 6,
          "total_inputs": 12480,
          "vrp_edges": 0,
          "base_edges": 0
        },
        {
          "archive": 7,
          "total_inputs": 12748,
          "vrp_edges": 0,
          "base_edges": 0
        },
        {
          "archive": 8,
          "total_inputs": 12923,
          "vrp_edges": 0,
          "base_edges": 0
        },
        {
          "archive": 9,
          "total_inputs": 13027,
          "vrp_edges": 0,
          "base_edges": 0
        },
        {
          "archive": 10,
          "total_inputs": 13258,
          "vrp_edges": 0,
          "base_edges": 0
        },
        {
          "archive": 11,
          "total_inputs": 13422,
          "vrp_edges": 0,
          "base_edges": 0
        },
        {
          "archive": 12,
          "total_inputs": 13655,
          "vrp_edges": 0,
          "base_edges": 0
        },
        {
          "archive": 13,
          "total_inputs": 13838,
          "vrp_edges": 0,
          "base_edges": 0
        },
        {
          "archive": 14,
          "total_inputs": 13943,
          "vrp_edges": 0,
          "base_edges": 0
        },
        {
          "archive": 15,
          "total_inputs": 14061,
          "vrp_edges": 0,
          "base_edges": 0
        },
        {
          "archive": 16,
          "total_inputs": 14147,
          "vrp_edges": 0,
          "base_edges": 0
        },
        {
          "archive": 17,
          "total_inputs": 14229,
          "vrp_edges": 0,
          "base_edges": 0
        },
        {
          "archive": 18,
          "total_inputs": 14273,
          "vrp_edges": 0,
          "base_edges": 0
        },
        {
          "archive": 19,
          "total_inputs": 14315,
          "vrp_edges": 0,
          "base_edges": 0
        },
        {
          "archive": 20,
          "total_inputs": 14346,
          "vrp_edges": 0,
          "base_edges": 0
        },
        {
          "archive": 21,
          "total_inputs": 14461,
          "vrp_edges": 0,
          "base_edges": 0
        },
        {
          "archive": 22,
          "total_inputs": 14496,
          "vrp_edges": 0,
          "base_edges": 0
        },
        {
          "archive": 23,
          "total_inputs": 14558,
          "vrp_edges": 0,
          "base_edges": 0
        },
        {
          "archive": 24,
          "total_inputs": 14659,
          "vrp_edges": 0,
          "base_edges": 0
        },
        {
          "archive": 25,
          "total_inputs": 14714,
          "vrp_edges": 0,
          "base_edges": 0
        },
        {
          "archive": 26,
          "total_inputs": 14747,
          "vrp_edges": 0,
          "base_edges": 0
        },
        {
          "archive": 27,
          "total_inputs": 14830,
          "vrp_edges": 0,
          "base_edges": 0
        },
        {
          "archive": 28,
          "total_inputs": 14856,
          "vrp_edges": 0,
          "base_edges": 0
        },
        {
          "archive": 29,
          "total_inputs": 14910,
          "vrp_edges": 0,
          "base_edges": 0
        },
        {
          "archive": 30,
          "total_inputs": 15035,
          "vrp_edges": 0,
          "base_edges": 0
        },
        {
          "archive": 31,
          "total_inputs": 15061,
          "vrp_edges": 0,
          "base_edges": 0
        },
        {
          "archive": 32,
          "total_inputs": 15251,
          "vrp_edges": 0,
          "base_edges": 0
        },
        {
          "archive": 33,
          "total_inputs": 15450,
          "vrp_edges": 0,
          "base_edges": 0
        },
        {
          "archive": 34,
          "total_inputs": 15641,
          "vrp_edges": 0,
          "base_edges": 0
        },
        {
          "archive": 35,
          "total_inputs": 15838,
          "vrp_edges": 0,
          "base_edges": 0
        },
        {
          "archive": 36,
          "total_inputs": 16164,
          "vrp_edges": 0,
          "base_edges": 0
        },
        {
          "archive": 37,
          "total_inputs": 16396,
          "vrp_edges": 0,
          "base_edges": 0
        },
        {
          "archive": 38,
          "total_inputs": 16496,
          "vrp_edges": 0,
          "base_edges": 0
        },
        {
          "archive": 39,
          "total_inputs": 16568,
          "vrp_edges": 0,
          "base_edges": 0
        },
        {
          "archive": 40,
          "total_inputs": 16644,
          "vrp_edges": 0,
          "base_edges": 0
        },
        {
          "archive": 41,
          "total_inputs": 16695,
          "vrp_edges": 0,
          "base_edges": 0
        },
        {
          "archive": 42,
          "total_inputs": 16719,
          "vrp_edges": 0,
          "base_edges": 0
        },
        {
          "archive": 43,
          "total_inputs": 16815,
          "vrp_edges": 0,
          "base_edges": 0
        },
        {
          "archive": 44,
          "total_inputs": 16910,
          "vrp_edges": 0,
          "base_edges": 0
        },
        {
          "archive": 45,
          "total_inputs": 16959,
          "vrp_edges": 0,
          "base_edges": 0
        },
        {
          "archive": 46,
          "total_inputs": 17008,
          "vrp_edges": 0,
          "base_edges": 0
        },
        {
          "archive": 47,
          "total_inputs": 17065,
          "vrp_edges": 0,
          "base_edges": 0
        },
        {
          "archive": 48,
          "total_inputs": 17086,
          "vrp_edges": 0,
          "base_edges": 0
        },
        {
          "archive": 49,
          "total_inputs": 17122,
          "vrp_edges": 0,
          "base_edges": 0
        },
        {
          "archive": 50,
          "total_inputs": 17151,
          "vrp_edges": 0,
          "base_edges": 0
        },
        {
          "archive": 51,
          "total_inputs": 17176,
          "vrp_edges": 0,
          "base_edges": 0
        },
        {
          "archive": 52,
          "total_inputs": 17204,
          "vrp_edges": 0,
          "base_edges": 0
        },
        {
          "archive": 53,
          "total_inputs": 17244,
          "vrp_edges": 0,
          "base_edges": 0
        },
        {
          "archive": 54,
          "total_inputs": 17319,
          "vrp_edges": 0,
          "base_edges": 0
        },
        {
          "archive": 55,
          "total_inputs": 17349,
          "vrp_edges": 0,
          "base_edges": 0
        },
        {
          "archive": 56,
          "total_inputs": 17370,
          "vrp_edges": 0,
          "base_edges": 0
        },
        {
          "archive": 57,
          "total_inputs": 17395,
          "vrp_edges": 0,
          "base_edges": 0
        },
        {
          "archive": 58,
          "total_inputs": 17420,
          "vrp_edges": 0,
          "base_edges": 0
        },
        {
          "archive": 59,
          "total_inputs": 17429,
          "vrp_edges": 0,
          "base_edges": 0
        },
        {
          "archive": 60,
          "total_inputs": 17447,
          "vrp_edges": 0,
          "base_edges": 0
        },
        {
          "archive": 61,
          "total_inputs": 17465,
          "vrp_edges": 0,
          "base_edges": 0
        },
        {
          "archive": 62,
          "total_inputs": 17484,
          "vrp_edges": 0,
          "base_edges": 0
        },
        {
          "archive": 63,
          "total_inputs": 17533,
          "vrp_edges": 0,
          "base_edges": 0
        },
        {
          "archive": 64,
          "total_inputs": 17549,
          "vrp_edges": 0,
          "base_edges": 0
        },
        {
          "archive": 65,
          "total_inputs": 17583,
          "vrp_edges": 0,
          "base_edges": 0
        },
        {
          "archive": 66,
          "total_inputs": 17728,
          "vrp_edges": 0,
          "base_edges": 0
        },
        {
          "archive": 67,
          "total_inputs": 17796,
          "vrp_edges": 0,
          "base_edges": 0
        },
        {
          "archive": 68,
          "total_inputs": 17816,
          "vrp_edges": 0,
          "base_edges": 0
        },
        {
          "archive": 69,
          "total_inputs": 17841,
          "vrp_edges": 0,
          "base_edges": 0
        },
        {
          "archive": 70,
          "total_inputs": 17859,
          "vrp_edges": 0,
          "base_edges": 0
        },
        {
          "archive": 71,
          "total_inputs": 17874,
          "vrp_edges": 0,
          "base_edges": 0
        },
        {
          "archive": 72,
          "total_inputs": 17890,
          "vrp_edges": 0,
          "base_edges": 0
        },
        {
          "archive": 73,
          "total_inputs": 17905,
          "vrp_edges": 0,
          "base_edges": 0
        },
        {
          "archive": 74,
          "total_inputs": 17921,
          "vrp_edges": 0,
          "base_edges": 0
        },
        {
          "archive": 75,
          "total_inputs": 17942,
          "vrp_edges": 0,
          "base_edges": 0
        },
        {
          "archive": 76,
          "total_inputs": 17965,
          "vrp_edges": 0,
          "base_edges": 0
        },
        {
          "archive": 77,
          "total_inputs": 17979,
          "vrp_edges": 0,
          "base_edges": 0
        },
        {
          "archive": 78,
          "total_inputs": 17987,
          "vrp_edges": 0,
          "base_edges": 0
        },
        {
          "archive": 79,
          "total_inputs": 18002,
          "vrp_edges": 0,
          "base_edges": 0
        },
        {
          "archive": 80,
          "total_inputs": 18025,
          "vrp_edges": 0,
          "base_edges": 0
        },
        {
          "archive": 81,
          "total_inputs": 18040,
          "vrp_edges": 0,
          "base_edges": 0
        },
        {
          "archive": 82,
          "total_inputs": 18051,
          "vrp_edges": 0,
          "base_edges": 0
        },
        {
          "archive": 83,
          "total_inputs": 18059,
          "vrp_edges": 0,
          "base_edges": 0
        },
        {
          "archive": 84,
          "total_inputs": 18073,
          "vrp_edges": 0,
          "base_edges": 0
        },
        {
          "archive": 85,
          "total_inputs": 18103,
          "vrp_edges": 0,
          "base_edges": 0
        },
        {
          "archive": 86,
          "total_inputs": 18115,
          "vrp_edges": 0,
          "base_edges": 0
        },
        {
          "archive": 87,
          "total_inputs": 18143,
          "vrp_edges": 0,
          "base_edges": 0
        },
        {
          "archive": 88,
          "total_inputs": 18160,
          "vrp_edges": 0,
          "base_edges": 0
        },
        {
          "archive": 89,
          "total_inputs": 18168,
          "vrp_edges": 0,
          "base_edges": 0
        },
        {
          "archive": 90,
          "total_inputs": 18191,
          "vrp_edges": 0,
          "base_edges": 0
        },
        {
          "archive": 91,
          "total_inputs": 18221,
          "vrp_edges": 0,
          "base_edges": 0
        },
        {
          "archive": 92,
          "total_inputs": 18235,
          "vrp_edges": 0,
          "base_edges": 0
        },
        {
          "archive": 93,
          "total_inputs": 18257,
          "vrp_edges": 0,
          "base_edges": 0
        },
        {
          "archive": 94,
          "total_inputs": 18259,
          "vrp_edges": 0,
          "base_edges": 0
        },
        {
          "archive": 95,
          "total_inputs": 18312,
          "vrp_edges": 0,
          "base_edges": 0
        },
        {
          "archive": 96,
          "total_inputs": 18312,
          "vrp_edges": 0,
          "base_edges": 0
        }
      ],
      "final_vrp_edges": 0,
      "final_base_edges": 0,
      "total_inputs": 18312
    },
    "speed": {
      "per_archive": [
        {
          "archive": 0,
          "inputs": 2,
          "mean_vrp_ms": 11.191,
          "mean_base_ms": 10.758,
          "overhead": 1.0402
        },
        {
          "archive": 1,
          "inputs": 6427,
          "mean_vrp_ms": 0.018,
          "mean_base_ms": 0.018,
          "overhead": 0.9776
        },
        {
          "archive": 2,
          "inputs": 2048,
          "mean_vrp_ms": 0.021,
          "mean_base_ms": 0.021,
          "overhead": 1.0079
        },
        {
          "archive": 3,
          "inputs": 1742,
          "mean_vrp_ms": 0.03,
          "mean_base_ms": 0.027,
          "overhead": 1.102
        },
        {
          "archive": 4,
          "inputs": 1172,
          "mean_vrp_ms": 0.026,
          "mean_base_ms": 0.028,
          "overhead": 0.942
        },
        {
          "archive": 5,
          "inputs": 641,
          "mean_vrp_ms": 0.039,
          "mean_base_ms": 0.036,
          "overhead": 1.0789
        },
        {
          "archive": 6,
          "inputs": 448,
          "mean_vrp_ms": 0.038,
          "mean_base_ms": 0.038,
          "overhead": 1.0089
        },
        {
          "archive": 7,
          "inputs": 268,
          "mean_vrp_ms": 0.063,
          "mean_base_ms": 0.058,
          "overhead": 1.0842
        },
        {
          "archive": 8,
          "inputs": 175,
          "mean_vrp_ms": 0.082,
          "mean_base_ms": 0.09,
          "overhead": 0.9014
        },
        {
          "archive": 9,
          "inputs": 104,
          "mean_vrp_ms": 0.129,
          "mean_base_ms": 0.144,
          "overhead": 0.8975
        },
        {
          "archive": 10,
          "inputs": 231,
          "mean_vrp_ms": 0.065,
          "mean_base_ms": 0.066,
          "overhead": 0.9805
        },
        {
          "archive": 11,
          "inputs": 164,
          "mean_vrp_ms": 0.098,
          "mean_base_ms": 0.082,
          "overhead": 1.198
        },
        {
          "archive": 12,
          "inputs": 233,
          "mean_vrp_ms": 0.07,
          "mean_base_ms": 0.06,
          "overhead": 1.18
        },
        {
          "archive": 13,
          "inputs": 183,
          "mean_vrp_ms": 0.073,
          "mean_base_ms": 0.071,
          "overhead": 1.0264
        },
        {
          "archive": 14,
          "inputs": 105,
          "mean_vrp_ms": 0.119,
          "mean_base_ms": 0.12,
          "overhead": 0.9897
        },
        {
          "archive": 15,
          "inputs": 118,
          "mean_vrp_ms": 0.116,
          "mean_base_ms": 0.111,
          "overhead": 1.0429
        },
        {
          "archive": 16,
          "inputs": 86,
          "mean_vrp_ms": 0.182,
          "mean_base_ms": 0.17,
          "overhead": 1.0727
        },
        {
          "archive": 17,
          "inputs": 82,
          "mean_vrp_ms": 0.156,
          "mean_base_ms": 0.159,
          "overhead": 0.9846
        },
        {
          "archive": 18,
          "inputs": 44,
          "mean_vrp_ms": 0.372,
          "mean_base_ms": 0.294,
          "overhead": 1.2631
        },
        {
          "archive": 19,
          "inputs": 42,
          "mean_vrp_ms": 0.332,
          "mean_base_ms": 0.247,
          "overhead": 1.3412
        },
        {
          "archive": 20,
          "inputs": 31,
          "mean_vrp_ms": 0.525,
          "mean_base_ms": 0.575,
          "overhead": 0.912
        },
        {
          "archive": 21,
          "inputs": 115,
          "mean_vrp_ms": 0.107,
          "mean_base_ms": 0.109,
          "overhead": 0.9843
        },
        {
          "archive": 22,
          "inputs": 35,
          "mean_vrp_ms": 0.435,
          "mean_base_ms": 0.341,
          "overhead": 1.2747
        },
        {
          "archive": 23,
          "inputs": 62,
          "mean_vrp_ms": 0.198,
          "mean_base_ms": 0.22,
          "overhead": 0.9024
        },
        {
          "archive": 24,
          "inputs": 101,
          "mean_vrp_ms": 0.118,
          "mean_base_ms": 0.121,
          "overhead": 0.9813
        },
        {
          "archive": 25,
          "inputs": 55,
          "mean_vrp_ms": 0.213,
          "mean_base_ms": 0.201,
          "overhead": 1.0624
        },
        {
          "archive": 26,
          "inputs": 33,
          "mean_vrp_ms": 0.374,
          "mean_base_ms": 0.414,
          "overhead": 0.9041
        },
        {
          "archive": 27,
          "inputs": 83,
          "mean_vrp_ms": 0.149,
          "mean_base_ms": 0.143,
          "overhead": 1.042
        },
        {
          "archive": 28,
          "inputs": 26,
          "mean_vrp_ms": 0.57,
          "mean_base_ms": 0.441,
          "overhead": 1.294
        },
        {
          "archive": 29,
          "inputs": 54,
          "mean_vrp_ms": 0.223,
          "mean_base_ms": 0.245,
          "overhead": 0.9105
        },
        {
          "archive": 30,
          "inputs": 125,
          "mean_vrp_ms": 0.127,
          "mean_base_ms": 0.118,
          "overhead": 1.0741
        },
        {
          "archive": 31,
          "inputs": 26,
          "mean_vrp_ms": 0.467,
          "mean_base_ms": 0.472,
          "overhead": 0.9899
        },
        {
          "archive": 32,
          "inputs": 190,
          "mean_vrp_ms": 0.08,
          "mean_base_ms": 0.072,
          "overhead": 1.1099
        },
        {
          "archive": 33,
          "inputs": 199,
          "mean_vrp_ms": 0.071,
          "mean_base_ms": 0.074,
          "overhead": 0.9655
        },
        {
          "archive": 34,
          "inputs": 191,
          "mean_vrp_ms": 0.072,
          "mean_base_ms": 0.072,
          "overhead": 1.0057
        },
        {
          "archive": 35,
          "inputs": 197,
          "mean_vrp_ms": 0.071,
          "mean_base_ms": 0.079,
          "overhead": 0.898
        },
        {
          "archive": 36,
          "inputs": 326,
          "mean_vrp_ms": 0.054,
          "mean_base_ms": 0.062,
          "overhead": 0.8756
        },
        {
          "archive": 37,
          "inputs": 232,
          "mean_vrp_ms": 0.061,
          "mean_base_ms": 0.062,
          "overhead": 0.9792
        },
        {
          "archive": 38,
          "inputs": 100,
          "mean_vrp_ms": 0.118,
          "mean_base_ms": 0.156,
          "overhead": 0.7545
        },
        {
          "archive": 39,
          "inputs": 72,
          "mean_vrp_ms": 0.186,
          "mean_base_ms": 0.174,
          "overhead": 1.0704
        },
        {
          "archive": 40,
          "inputs": 76,
          "mean_vrp_ms": 0.166,
          "mean_base_ms": 0.155,
          "overhead": 1.0696
        },
        {
          "archive": 41,
          "inputs": 51,
          "mean_vrp_ms": 0.21,
          "mean_base_ms": 0.214,
          "overhead": 0.9799
        },
        {
          "archive": 42,
          "inputs": 24,
          "mean_vrp_ms": 0.508,
          "mean_base_ms": 0.57,
          "overhead": 0.8901
        },
        {
          "archive": 43,
          "inputs": 96,
          "mean_vrp_ms": 0.146,
          "mean_base_ms": 0.13,
          "overhead": 1.1254
        },
        {
          "archive": 44,
          "inputs": 95,
          "mean_vrp_ms": 0.133,
          "mean_base_ms": 0.135,
          "overhead": 0.9863
        },
        {
          "archive": 45,
          "inputs": 49,
          "mean_vrp_ms": 0.379,
          "mean_base_ms": 0.365,
          "overhead": 1.0385
        },
        {
          "archive": 46,
          "inputs": 49,
          "mean_vrp_ms": 0.206,
          "mean_base_ms": 0.225,
          "overhead": 0.9133
        },
        {
          "archive": 47,
          "inputs": 57,
          "mean_vrp_ms": 0.271,
          "mean_base_ms": 0.21,
          "overhead": 1.2911
        },
        {
          "archive": 48,
          "inputs": 21,
          "mean_vrp_ms": 0.54,
          "mean_base_ms": 0.545,
          "overhead": 0.9905
        },
        {
          "archive": 49,
          "inputs": 36,
          "mean_vrp_ms": 0.407,
          "mean_base_ms": 0.326,
          "overhead": 1.2492
        },
        {
          "archive": 50,
          "inputs": 29,
          "mean_vrp_ms": 0.389,
          "mean_base_ms": 0.364,
          "overhead": 1.0694
        },
        {
          "archive": 51,
          "inputs": 25,
          "mean_vrp_ms": 0.504,
          "mean_base_ms": 0.537,
          "overhead": 0.9398
        },
        {
          "archive": 52,
          "inputs": 28,
          "mean_vrp_ms": 0.522,
          "mean_base_ms": 0.418,
          "overhead": 1.2501
        },
        {
          "archive": 53,
          "inputs": 40,
          "mean_vrp_ms": 0.285,
          "mean_base_ms": 0.322,
          "overhead": 0.8868
        },
        {
          "archive": 54,
          "inputs": 75,
          "mean_vrp_ms": 0.391,
          "mean_base_ms": 0.148,
          "overhead": 2.6375
        },
        {
          "archive": 55,
          "inputs": 30,
          "mean_vrp_ms": 0.462,
          "mean_base_ms": 0.348,
          "overhead": 1.328
        },
        {
          "archive": 56,
          "inputs": 21,
          "mean_vrp_ms": 1.019,
          "mean_base_ms": 1.097,
          "overhead": 0.9281
        },
        {
          "archive": 57,
          "inputs": 25,
          "mean_vrp_ms": 0.538,
          "mean_base_ms": 0.492,
          "overhead": 1.0933
        },
        {
          "archive": 58,
          "inputs": 25,
          "mean_vrp_ms": 0.451,
          "mean_base_ms": 0.444,
          "overhead": 1.0164
        },
        {
          "archive": 59,
          "inputs": 9,
          "mean_vrp_ms": 1.093,
          "mean_base_ms": 2.014,
          "overhead": 0.5428
        },
        {
          "archive": 60,
          "inputs": 18,
          "mean_vrp_ms": 0.653,
          "mean_base_ms": 0.636,
          "overhead": 1.0258
        },
        {
          "archive": 61,
          "inputs": 18,
          "mean_vrp_ms": 0.727,
          "mean_base_ms": 0.672,
          "overhead": 1.0832
        },
        {
          "archive": 62,
          "inputs": 19,
          "mean_vrp_ms": 0.707,
          "mean_base_ms": 0.611,
          "overhead": 1.1575
        },
        {
          "archive": 63,
          "inputs": 49,
          "mean_vrp_ms": 0.283,
          "mean_base_ms": 0.252,
          "overhead": 1.1217
        },
        {
          "archive": 64,
          "inputs": 16,
          "mean_vrp_ms": 0.665,
          "mean_base_ms": 0.641,
          "overhead": 1.0378
        },
        {
          "archive": 65,
          "inputs": 34,
          "mean_vrp_ms": 0.332,
          "mean_base_ms": 0.332,
          "overhead": 0.9992
        },
        {
          "archive": 66,
          "inputs": 145,
          "mean_vrp_ms": 0.088,
          "mean_base_ms": 0.086,
          "overhead": 1.0231
        },
        {
          "archive": 67,
          "inputs": 68,
          "mean_vrp_ms": 0.214,
          "mean_base_ms": 0.186,
          "overhead": 1.151
        },
        {
          "archive": 68,
          "inputs": 20,
          "mean_vrp_ms": 0.731,
          "mean_base_ms": 0.591,
          "overhead": 1.2366
        },
        {
          "archive": 69,
          "inputs": 25,
          "mean_vrp_ms": 0.519,
          "mean_base_ms": 0.467,
          "overhead": 1.1118
        },
        {
          "archive": 70,
          "inputs": 18,
          "mean_vrp_ms": 0.842,
          "mean_base_ms": 0.589,
          "overhead": 1.4302
        },
        {
          "archive": 71,
          "inputs": 15,
          "mean_vrp_ms": 0.784,
          "mean_base_ms": 0.713,
          "overhead": 1.1002
        },
        {
          "archive": 72,
          "inputs": 16,
          "mean_vrp_ms": 0.664,
          "mean_base_ms": 0.65,
          "overhead": 1.021
        },
        {
          "archive": 73,
          "inputs": 15,
          "mean_vrp_ms": 0.893,
          "mean_base_ms": 0.714,
          "overhead": 1.2495
        },
        {
          "archive": 74,
          "inputs": 16,
          "mean_vrp_ms": 0.778,
          "mean_base_ms": 0.624,
          "overhead": 1.2467
        },
        {
          "archive": 75,
          "inputs": 21,
          "mean_vrp_ms": 0.54,
          "mean_base_ms": 0.498,
          "overhead": 1.0859
        },
        {
          "archive": 76,
          "inputs": 23,
          "mean_vrp_ms": 0.52,
          "mean_base_ms": 0.527,
          "overhead": 0.9872
        },
        {
          "archive": 77,
          "inputs": 14,
          "mean_vrp_ms": 0.788,
          "mean_base_ms": 0.793,
          "overhead": 0.9928
        },
        {
          "archive": 78,
          "inputs": 8,
          "mean_vrp_ms": 1.519,
          "mean_base_ms": 2.025,
          "overhead": 0.7503
        },
        {
          "archive": 79,
          "inputs": 15,
          "mean_vrp_ms": 0.931,
          "mean_base_ms": 0.793,
          "overhead": 1.1732
        },
        {
          "archive": 80,
          "inputs": 23,
          "mean_vrp_ms": 0.592,
          "mean_base_ms": 0.471,
          "overhead": 1.2563
        },
        {
          "archive": 81,
          "inputs": 15,
          "mean_vrp_ms": 0.834,
          "mean_base_ms": 0.739,
          "overhead": 1.1288
        },
        {
          "archive": 82,
          "inputs": 11,
          "mean_vrp_ms": 1.264,
          "mean_base_ms": 1.081,
          "overhead": 1.1697
        },
        {
          "archive": 83,
          "inputs": 8,
          "mean_vrp_ms": 1.668,
          "mean_base_ms": 1.237,
          "overhead": 1.3485
        },
        {
          "archive": 84,
          "inputs": 14,
          "mean_vrp_ms": 0.869,
          "mean_base_ms": 0.803,
          "overhead": 1.0823
        },
        {
          "archive": 85,
          "inputs": 30,
          "mean_vrp_ms": 0.442,
          "mean_base_ms": 0.372,
          "overhead": 1.1886
        },
        {
          "archive": 86,
          "inputs": 12,
          "mean_vrp_ms": 1.154,
          "mean_base_ms": 0.865,
          "overhead": 1.3331
        },
        {
          "archive": 87,
          "inputs": 28,
          "mean_vrp_ms": 0.401,
          "mean_base_ms": 0.438,
          "overhead": 0.9152
        },
        {
          "archive": 88,
          "inputs": 17,
          "mean_vrp_ms": 0.651,
          "mean_base_ms": 0.634,
          "overhead": 1.0262
        },
        {
          "archive": 89,
          "inputs": 8,
          "mean_vrp_ms": 1.431,
          "mean_base_ms": 1.289,
          "overhead": 1.1101
        },
        {
          "archive": 90,
          "inputs": 23,
          "mean_vrp_ms": 0.65,
          "mean_base_ms": 0.59,
          "overhead": 1.1017
        },
        {
          "archive": 91,
          "inputs": 30,
          "mean_vrp_ms": 0.546,
          "mean_base_ms": 0.397,
          "overhead": 1.3757
        },
        {
          "archive": 92,
          "inputs": 14,
          "mean_vrp_ms": 1.11,
          "mean_base_ms": 0.805,
          "overhead": 1.378
        },
        {
          "archive": 93,
          "inputs": 22,
          "mean_vrp_ms": 0.512,
          "mean_base_ms": 0.532,
          "overhead": 0.963
        },
        {
          "archive": 94,
          "inputs": 2,
          "mean_vrp_ms": 6.246,
          "mean_base_ms": 5.474,
          "overhead": 1.141
        },
        {
          "archive": 95,
          "inputs": 53,
          "mean_vrp_ms": 0.24,
          "mean_base_ms": 0.266,
          "overhead": 0.9027
        },
        {
          "archive": 96,
          "inputs": 0,
          "mean_vrp_ms": 0.0,
          "mean_base_ms": 0.0,
          "overhead": 0.0
        }
      ],
      "summary": {
        "total_inputs": 18312,
        "vrp_mean_ms": 0.083,
        "vrp_median_ms": 0.026,
        "vrp_p95_ms": 0.391,
        "vrp_p99_ms": 0.788,
        "base_mean_ms": 0.078,
        "base_median_ms": 0.027,
        "base_p95_ms": 0.348,
        "base_p99_ms": 0.672,
        "mean_overhead": 1.0559
      }
    }
  }
}