{
  "experiment": "vrp-unfold-eval-big04",
  "benchmark": "freetype2_ftfuzzer",
  "fuzzer": "aflplusplus_vrp",
  "instance": "48834",
  "archives_processed": 97,
  "total_inputs": 20451,
  "elapsed_seconds": 21.6,
  "analyzer_results": {
    "vrp_hit_entanglement": {
      "per_archive": [
        {
          "archive": 0,
          "new_inputs": 2,
          "cumulative_inputs": 2,
          "new_vrp_edges": 0,
          "new_base_edges": 0,
          "cumulative_vrp_edges": 0,
          "cumulative_base_edges": 0,
          "classifications": {
            "vrp_only": 0,
            "both": 0,
            "base_only": 0,
            "neither": 2
          }
        },
        {
          "archive": 1,
          "new_inputs": 6619,
          "cumulative_inputs": 6621,
          "new_vrp_edges": 0,
          "new_base_edges": 0,
          "cumulative_vrp_edges": 0,
          "cumulative_base_edges": 0,
          "classifications": {
            "vrp_only": 0,
            "both": 0,
            "base_only": 0,
            "neither": 6619
          }
        },
        {
          "archive": 2,
          "new_inputs": 2439,
          "cumulative_inputs": 9060,
          "new_vrp_edges": 0,
          "new_base_edges": 0,
          "cumulative_vrp_edges": 0,
          "cumulative_base_edges": 0,
          "classifications": {
            "vrp_only": 0,
            "both": 0,
            "base_only": 0,
            "neither": 2439
          }
        },
        {
          "archive": 3,
          "new_inputs": 1488,
          "cumulative_inputs": 10548,
          "new_vrp_edges": 0,
          "new_base_edges": 0,
          "cumulative_vrp_edges": 0,
          "cumulative_base_edges": 0,
          "classifications": {
            "vrp_only": 0,
            "both": 0,
            "base_only": 0,
            "neither": 1488
          }
        },
        {
          "archive": 4,
          "new_inputs": 904,
          "cumulative_inputs": 11452,
          "new_vrp_edges": 0,
          "new_base_edges": 0,
          "cumulative_vrp_edges": 0,
          "cumulative_base_edges": 0,
          "classifications": {
            "vrp_only": 0,
            "both": 0,
            "base_only": 0,
            "neither": 904
          }
        },
        {
          "archive": 5,
          "new_inputs": 739,
          "cumulative_inputs": 12191,
          "new_vrp_edges": 0,
          "new_base_edges": 0,
          "cumulative_vrp_edges": 0,
          "cumulative_base_edges": 0,
          "classifications": {
            "vrp_only": 0,
            "both": 0,
            "base_only": 0,
            "neither": 739
          }
        },
        {
          "archive": 6,
          "new_inputs": 678,
          "cumulative_inputs": 12869,
          "new_vrp_edges": 0,
          "new_base_edges": 0,
          "cumulative_vrp_edges": 0,
          "cumulative_base_edges": 0,
          "classifications": {
            "vrp_only": 0,
            "both": 0,
            "base_only": 0,
            "neither": 678
          }
        },
        {
          "archive": 7,
          "new_inputs": 196,
          "cumulative_inputs": 13065,
          "new_vrp_edges": 0,
          "new_base_edges": 0,
          "cumulative_vrp_edges": 0,
          "cumulative_base_edges": 0,
          "classifications": {
            "vrp_only": 0,
            "both": 0,
            "base_only": 0,
            "neither": 196
          }
        },
        {
          "archive": 8,
          "new_inputs": 184,
          "cumulative_inputs": 13249,
          "new_vrp_edges": 0,
          "new_base_edges": 0,
          "cumulative_vrp_edges": 0,
          "cumulative_base_edges": 0,
          "classifications": {
            "vrp_only": 0,
            "both": 0,
            "base_only": 0,
            "neither": 184
          }
        },
        {
          "archive": 9,
          "new_inputs": 456,
          "cumulative_inputs": 13705,
          "new_vrp_edges": 0,
          "new_base_edges": 0,
          "cumulative_vrp_edges": 0,
          "cumulative_base_edges": 0,
          "classifications": {
            "vrp_only": 0,
            "both": 0,
            "base_only": 0,
            "neither": 456
          }
        },
        {
          "archive": 10,
          "new_inputs": 171,
          "cumulative_inputs": 13876,
          "new_vrp_edges": 0,
          "new_base_edges": 0,
          "cumulative_vrp_edges": 0,
          "cumulative_base_edges": 0,
          "classifications": {
            "vrp_only": 0,
            "both": 0,
            "base_only": 0,
            "neither": 171
          }
        },
        {
          "archive": 11,
          "new_inputs": 311,
          "cumulative_inputs": 14187,
          "new_vrp_edges": 0,
          "new_base_edges": 0,
          "cumulative_vrp_edges": 0,
          "cumulative_base_edges": 0,
          "classifications": {
            "vrp_only": 0,
            "both": 0,
            "base_only": 0,
            "neither": 311
          }
        },
        {
          "archive": 12,
          "new_inputs": 1106,
          "cumulative_inputs": 15293,
          "new_vrp_edges": 0,
          "new_base_edges": 0,
          "cumulative_vrp_edges": 0,
          "cumulative_base_edges": 0,
          "classifications": {
            "vrp_only": 0,
            "both": 0,
            "base_only": 0,
            "neither": 1106
          }
        },
        {
          "archive": 13,
          "new_inputs": 500,
          "cumulative_inputs": 15793,
          "new_vrp_edges": 0,
          "new_base_edges": 0,
          "cumulative_vrp_edges": 0,
          "cumulative_base_edges": 0,
          "classifications": {
            "vrp_only": 0,
            "both": 0,
            "base_only": 0,
            "neither": 500
          }
        },
        {
          "archive": 14,
          "new_inputs": 373,
          "cumulative_inputs": 16166,
          "new_vrp_edges": 0,
          "new_base_edges": 0,
          "cumulative_vrp_edges": 0,
          "cumulative_base_edges": 0,
          "classifications": {
            "vrp_only": 0,
            "both": 0,
            "base_only": 0,
            "neither": 373
          }
        },
        {
          "archive": 15,
          "new_inputs": 235,
          "cumulative_inputs": 16401,
          "new_vrp_edges": 0,
          "new_base_edges": 0,
          "cumulative_vrp_edges": 0,
          "cumulative_base_edges": 0,
          "classifications": {
            "vrp_only": 0,
            "both": 0,
            "base_only": 0,
            "neither": 235
          }
        },
        {
          "archive": 16,
          "new_inputs": 98,
          "cumulative_inputs": 16499,
          "new_vrp_edges": 0,
          "new_base_edges": 0,
          "cumulative_vrp_edges": 0,
          "cumulative_base_edges": 0,
          "classifications": {
            "vrp_only": 0,
            "both": 0,
            "base_only": 0,
            "neither": 98
          }
        },
        {
          "archive": 17,
          "new_inputs": 89,
          "cumulative_inputs": 16588,
          "new_vrp_edges": 0,
          "new_base_edges": 0,
          "cumulative_vrp_edges": 0,
          "cumulative_base_edges": 0,
          "classifications": {
            "vrp_only": 0,
            "both": 0,
            "base_only": 0,
            "neither": 89
          }
        },
        {
          "archive": 18,
          "new_inputs": 118,
          "cumulative_inputs": 16706,
          "new_vrp_edges": 0,
          "new_base_edges": 0,
          "cumulative_vrp_edges": 0,
          "cumulative_base_edges": 0,
          "classifications": {
            "vrp_only": 0,
            "both": 0,
            "base_only": 0,
            "neither": 118
          }
        },
        {
          "archive": 19,
          "new_inputs": 100,
          "cumulative_inputs": 16806,
          "new_vrp_edges": 0,
          "new_base_edges": 0,
          "cumulative_vrp_edges": 0,
          "cumulative_base_edges": 0,
          "classifications": {
            "vrp_only": 0,
            "both": 0,
            "base_only": 0,
            "neither": 100
          }
        },
        {
          "archive": 20,
          "new_inputs": 161,
          "cumulative_inputs": 16967,
          "new_vrp_edges": 0,
          "new_base_edges": 0,
          "cumulative_vrp_edges": 0,
          "cumulative_base_edges": 0,
          "classifications": {
            "vrp_only": 0,
            "both": 0,
            "base_only": 0,
            "neither": 161
          }
        },
        {
          "archive": 21,
          "new_inputs": 50,
          "cumulative_inputs": 17017,
          "new_vrp_edges": 0,
          "new_base_edges": 0,
          "cumulative_vrp_edges": 0,
          "cumulative_base_edges": 0,
          "classifications": {
            "vrp_only": 0,
            "both": 0,
            "base_only": 0,
            "neither": 50
          }
        },
        {
          "archive": 22,
          "new_inputs": 39,
          "cumulative_inputs": 17056,
          "new_vrp_edges": 0,
          "new_base_edges": 0,
          "cumulative_vrp_edges": 0,
          "cumulative_base_edges": 0,
          "classifications": {
            "vrp_only": 0,
            "both": 0,
            "base_only": 0,
            "neither": 39
          }
        },
        {
          "archive": 23,
          "new_inputs": 243,
          "cumulative_inputs": 17299,
          "new_vrp_edges": 0,
          "new_base_edges": 0,
          "cumulative_vrp_edges": 0,
          "cumulative_base_edges": 0,
          "classifications": {
            "vrp_only": 0,
            "both": 0,
            "base_only": 0,
            "neither": 243
          }
        },
        {
          "archive": 24,
          "new_inputs": 540,
          "cumulative_inputs": 17839,
          "new_vrp_edges": 0,
          "new_base_edges": 0,
          "cumulative_vrp_edges": 0,
          "cumulative_base_edges": 0,
          "classifications": {
            "vrp_only": 0,
            "both": 0,
            "base_only": 0,
            "neither": 540
          }
        },
        {
          "archive": 25,
          "new_inputs": 109,
          "cumulative_inputs": 17948,
          "new_vrp_edges": 0,
          "new_base_edges": 0,
          "cumulative_vrp_edges": 0,
          "cumulative_base_edges": 0,
          "classifications": {
            "vrp_only": 0,
            "both": 0,
            "base_only": 0,
            "neither": 109
          }
        },
        {
          "archive": 26,
          "new_inputs": 65,
          "cumulative_inputs": 18013,
          "new_vrp_edges": 0,
          "new_base_edges": 0,
          "cumulative_vrp_edges": 0,
          "cumulative_base_edges": 0,
          "classifications": {
            "vrp_only": 0,
            "both": 0,
            "base_only": 0,
            "neither": 65
          }
        },
        {
          "archive": 27,
          "new_inputs": 64,
          "cumulative_inputs": 18077,
          "new_vrp_edges": 0,
          "new_base_edges": 0,
          "cumulative_vrp_edges": 0,
          "cumulative_base_edges": 0,
          "classifications": {
            "vrp_only": 0,
            "both": 0,
            "base_only": 0,
            "neither": 64
          }
        },
        {
          "archive": 28,
          "new_inputs": 81,
          "cumulative_inputs": 18158,
          "new_vrp_edges": 0,
          "new_base_edges": 0,
          "cumulative_vrp_edges": 0,
          "cumulative_base_edges": 0,
          "classifications": {
            "vrp_only": 0,
            "both": 0,
            "base_only": 0,
            "neither": 81
          }
        },
        {
          "archive": 29,
          "new_inputs": 50,
          "cumulative_inputs": 18208,
          "new_vrp_edges": 0,
          "new_base_edges": 0,
          "cumulative_vrp_edges": 0,
          "cumulative_base_edges": 0,
          "classifications": {
            "vrp_only": 0,
            "both": 0,
            "base_only": 0,
            "neither": 50
          }
        },
        {
          "archive": 30,
          "new_inputs": 95,
          "cumulative_inputs": 18303,
          "new_vrp_edges": 0,
          "new_base_edges": 0,
          "cumulative_vrp_edges": 0,
          "cumulative_base_edges": 0,
          "classifications": {
            "vrp_only": 0,
            "both": 0,
            "base_only": 0,
            "neither": 95
          }
        },
        {
          "archive": 31,
          "new_inputs": 73,
          "cumulative_inputs": 18376,
          "new_vrp_edges": 0,
          "new_base_edges": 0,
          "cumulative_vrp_edges": 0,
          "cumulative_base_edges": 0,
          "classifications": {
            "vrp_only": 0,
            "both": 0,
            "base_only": 0,
            "neither": 73
          }
        },
        {
          "archive": 32,
          "new_inputs": 37,
          "cumulative_inputs": 18413,
          "new_vrp_edges": 0,
          "new_base_edges": 0,
          "cumulative_vrp_edges": 0,
          "cumulative_base_edges": 0,
          "classifications": {
            "vrp_only": 0,
            "both": 0,
            "base_only": 0,
            "neither": 37
          }
        },
        {
          "archive": 33,
          "new_inputs": 61,
          "cumulative_inputs": 18474,
          "new_vrp_edges": 0,
          "new_base_edges": 0,
          "cumulative_vrp_edges": 0,
          "cumulative_base_edges": 0,
          "classifications": {
            "vrp_only": 0,
            "both": 0,
            "base_only": 0,
            "neither": 61
          }
        },
        {
          "archive": 34,
          "new_inputs": 45,
          "cumulative_inputs": 18519,
          "new_vrp_edges": 0,
          "new_base_edges": 0,
          "cumulative_vrp_edges": 0,
          "cumulative_base_edges": 0,
          "classifications": {
            "vrp_only": 0,
            "both": 0,
            "base_only": 0,
            "neither": 45
          }
        },
        {
          "archive": 35,
          "new_inputs": 49,
          "cumulative_inputs": 18568,
          "new_vrp_edges": 0,
          "new_base_edges": 0,
          "cumulative_vrp_edges": 0,
          "cumulative_base_edges": 0,
          "classifications": {
            "vrp_only": 0,
            "both": 0,
            "base_only": 0,
            "neither": 49
          }
        },
        {
          "archive": 36,
          "new_inputs": 28,
          "cumulative_inputs": 18596,
          "new_vrp_edges": 0,
          "new_base_edges": 0,
          "cumulative_vrp_edges": 0,
          "cumulative_base_edges": 0,
          "classifications": {
            "vrp_only": 0,
            "both": 0,
            "base_only": 0,
            "neither": 28
          }
        },
        {
          "archive": 37,
          "new_inputs": 28,
          "cumulative_inputs": 18624,
          "new_vrp_edges": 0,
          "new_base_edges": 0,
          "cumulative_vrp_edges": 0,
          "cumulative_base_edges": 0,
          "classifications": {
            "vrp_only": 0,
            "both": 0,
            "base_only": 0,
            "neither": 28
          }
        },
        {
          "archive": 38,
          "new_inputs": 14,
          "cumulative_inputs": 18638,
          "new_vrp_edges": 0,
          "new_base_edges": 0,
          "cumulative_vrp_edges": 0,
          "cumulative_base_edges": 0,
          "classifications": {
            "vrp_only": 0,
            "both": 0,
            "base_only": 0,
            "neither": 14
          }
        },
        {
          "archive": 39,
          "new_inputs": 35,
          "cumulative_inputs": 18673,
          "new_vrp_edges": 0,
          "new_base_edges": 0,
          "cumulative_vrp_edges": 0,
          "cumulative_base_edges": 0,
          "classifications": {
            "vrp_only": 0,
            "both": 0,
            "base_only": 0,
            "neither": 35
          }
        },
        {
          "archive": 40,
          "new_inputs": 92,
          "cumulative_inputs": 18765,
          "new_vrp_edges": 0,
          "new_base_edges": 0,
          "cumulative_vrp_edges": 0,
          "cumulative_base_edges": 0,
          "classifications": {
            "vrp_only": 0,
            "both": 0,
            "base_only": 0,
            "neither": 92
          }
        },
        {
          "archive": 41,
          "new_inputs": 40,
          "cumulative_inputs": 18805,
          "new_vrp_edges": 0,
          "new_base_edges": 0,
          "cumulative_vrp_edges": 0,
          "cumulative_base_edges": 0,
          "classifications": {
            "vrp_only": 0,
            "both": 0,
            "base_only": 0,
            "neither": 40
          }
        },
        {
          "archive": 42,
          "new_inputs": 36,
          "cumulative_inputs": 18841,
          "new_vrp_edges": 0,
          "new_base_edges": 0,
          "cumulative_vrp_edges": 0,
          "cumulative_base_edges": 0,
          "classifications": {
            "vrp_only": 0,
            "both": 0,
            "base_only": 0,
            "neither": 36
          }
        },
        {
          "archive": 43,
          "new_inputs": 36,
          "cumulative_inputs": 18877,
          "new_vrp_edges": 0,
          "new_base_edges": 0,
          "cumulative_vrp_edges": 0,
          "cumulative_base_edges": 0,
          "classifications": {
            "vrp_only": 0,
            "both": 0,
            "base_only": 0,
            "neither": 36
          }
        },
        {
          "archive": 44,
          "new_inputs": 91,
          "cumulative_inputs": 18968,
          "new_vrp_edges": 0,
          "new_base_edges": 0,
          "cumulative_vrp_edges": 0,
          "cumulative_base_edges": 0,
          "classifications": {
            "vrp_only": 0,
            "both": 0,
            "base_only": 0,
            "neither": 91
          }
        },
        {
          "archive": 45,
          "new_inputs": 28,
          "cumulative_inputs": 18996,
          "new_vrp_edges": 0,
          "new_base_edges": 0,
          "cumulative_vrp_edges": 0,
          "cumulative_base_edges": 0,
          "classifications": {
            "vrp_only": 0,
            "both": 0,
            "base_only": 0,
            "neither": 28
          }
        },
        {
          "archive": 46,
          "new_inputs": 30,
          "cumulative_inputs": 19026,
          "new_vrp_edges": 0,
          "new_base_edges": 0,
          "cumulative_vrp_edges": 0,
          "cumulative_base_edges": 0,
          "classifications": {
            "vrp_only": 0,
            "both": 0,
            "base_only": 0,
            "neither": 30
          }
        },
        {
          "archive": 47,
          "new_inputs": 42,
          "cumulative_inputs": 19068,
          "new_vrp_edges": 0,
          "new_base_edges": 0,
          "cumulative_vrp_edges": 0,
          "cumulative_base_edges": 0,
          "classifications": {
            "vrp_only": 0,
            "both": 0,
            "base_only": 0,
            "neither": 42
          }
        },
        {
          "archive": 48,
          "new_inputs": 28,
          "cumulative_inputs": 19096,
          "new_vrp_edges": 0,
          "new_base_edges": 0,
          "cumulative_vrp_edges": 0,
          "cumulative_base_edges": 0,
          "classifications": {
            "vrp_only": 0,
            "both": 0,
            "base_only": 0,
            "neither": 28
          }
        },
        {
          "archive": 49,
          "new_inputs": 17,
          "cumulative_inputs": 19113,
          "new_vrp_edges": 0,
          "new_base_edges": 0,
          "cumulative_vrp_edges": 0,
          "cumulative_base_edges": 0,
          "classifications": {
            "vrp_only": 0,
            "both": 0,
            "base_only": 0,
            "neither": 17
          }
        },
        {
          "archive": 50,
          "new_inputs": 50,
          "cumulative_inputs": 19163,
          "new_vrp_edges": 0,
          "new_base_edges": 0,
          "cumulative_vrp_edges": 0,
          "cumulative_base_edges": 0,
          "classifications": {
            "vrp_only": 0,
            "both": 0,
            "base_only": 0,
            "neither": 50
          }
        },
        {
          "archive": 51,
          "new_inputs": 82,
          "cumulative_inputs": 19245,
          "new_vrp_edges": 0,
          "new_base_edges": 0,
          "cumulative_vrp_edges": 0,
          "cumulative_base_edges": 0,
          "classifications": {
            "vrp_only": 0,
            "both": 0,
            "base_only": 0,
            "neither": 82
          }
        },
        {
          "archive": 52,
          "new_inputs": 110,
          "cumulative_inputs": 19355,
          "new_vrp_edges": 0,
          "new_base_edges": 0,
          "cumulative_vrp_edges": 0,
          "cumulative_base_edges": 0,
          "classifications": {
            "vrp_only": 0,
            "both": 0,
            "base_only": 0,
            "neither": 110
          }
        },
        {
          "archive": 53,
          "new_inputs": 178,
          "cumulative_inputs": 19533,
          "new_vrp_edges": 0,
          "new_base_edges": 0,
          "cumulative_vrp_edges": 0,
          "cumulative_base_edges": 0,
          "classifications": {
            "vrp_only": 0,
            "both": 0,
            "base_only": 0,
            "neither": 178
          }
        },
        {
          "archive": 54,
          "new_inputs": 75,
          "cumulative_inputs": 19608,
          "new_vrp_edges": 0,
          "new_base_edges": 0,
          "cumulative_vrp_edges": 0,
          "cumulative_base_edges": 0,
          "classifications": {
            "vrp_only": 0,
            "both": 0,
            "base_only": 0,
            "neither": 75
          }
        },
        {
          "archive": 55,
          "new_inputs": 27,
          "cumulative_inputs": 19635,
          "new_vrp_edges": 0,
          "new_base_edges": 0,
          "cumulative_vrp_edges": 0,
          "cumulative_base_edges": 0,
          "classifications": {
            "vrp_only": 0,
            "both": 0,
            "base_only": 0,
            "neither": 27
          }
        },
        {
          "archive": 56,
          "new_inputs": 45,
          "cumulative_inputs": 19680,
          "new_vrp_edges": 0,
          "new_base_edges": 0,
          "cumulative_vrp_edges": 0,
          "cumulative_base_edges": 0,
          "classifications": {
            "vrp_only": 0,
            "both": 0,
            "base_only": 0,
            "neither": 45
          }
        },
        {
          "archive": 57,
          "new_inputs": 64,
          "cumulative_inputs": 19744,
          "new_vrp_edges": 0,
          "new_base_edges": 0,
          "cumulative_vrp_edges": 0,
          "cumulative_base_edges": 0,
          "classifications": {
            "vrp_only": 0,
            "both": 0,
            "base_only": 0,
            "neither": 64
          }
        },
        {
          "archive": 58,
          "new_inputs": 50,
          "cumulative_inputs": 19794,
          "new_vrp_edges": 0,
          "new_base_edges": 0,
          "cumulative_vrp_edges": 0,
          "cumulative_base_edges": 0,
          "classifications": {
            "vrp_only": 0,
            "both": 0,
            "base_only": 0,
            "neither": 50
          }
        },
        {
          "archive": 59,
          "new_inputs": 14,
          "cumulative_inputs": 19808,
          "new_vrp_edges": 0,
          "new_base_edges": 0,
          "cumulative_vrp_edges": 0,
          "cumulative_base_edges": 0,
          "classifications": {
            "vrp_only": 0,
            "both": 0,
            "base_only": 0,
            "neither": 14
          }
        },
        {
          "archive": 60,
          "new_inputs": 36,
          "cumulative_inputs": 19844,
          "new_vrp_edges": 0,
          "new_base_edges": 0,
          "cumulative_vrp_edges": 0,
          "cumulative_base_edges": 0,
          "classifications": {
            "vrp_only": 0,
            "both": 0,
            "base_only": 0,
            "neither": 36
          }
        },
        {
          "archive": 61,
          "new_inputs": 19,
          "cumulative_inputs": 19863,
          "new_vrp_edges": 0,
          "new_base_edges": 0,
          "cumulative_vrp_edges": 0,
          "cumulative_base_edges": 0,
          "classifications": {
            "vrp_only": 0,
            "both": 0,
            "base_only": 0,
            "neither": 19
          }
        },
        {
          "archive": 62,
          "new_inputs": 13,
          "cumulative_inputs": 19876,
          "new_vrp_edges": 0,
          "new_base_edges": 0,
          "cumulative_vrp_edges": 0,
          "cumulative_base_edges": 0,
          "classifications": {
            "vrp_only": 0,
            "both": 0,
            "base_only": 0,
            "neither": 13
          }
        },
        {
          "archive": 63,
          "new_inputs": 52,
          "cumulative_inputs": 19928,
          "new_vrp_edges": 0,
          "new_base_edges": 0,
          "cumulative_vrp_edges": 0,
          "cumulative_base_edges": 0,
          "classifications": {
            "vrp_only": 0,
            "both": 0,
            "base_only": 0,
            "neither": 52
          }
        },
        {
          "archive": 64,
          "new_inputs": 42,
          "cumulative_inputs": 19970,
          "new_vrp_edges": 0,
          "new_base_edges": 0,
          "cumulative_vrp_edges": 0,
          "cumulative_base_edges": 0,
          "classifications": {
            "vrp_only": 0,
            "both": 0,
            "base_only": 0,
            "neither": 42
          }
        },
        {
          "archive": 65,
          "new_inputs": 13,
          "cumulative_inputs": 19983,
          "new_vrp_edges": 0,
          "new_base_edges": 0,
          "cumulative_vrp_edges": 0,
          "cumulative_base_edges": 0,
          "classifications": {
            "vrp_only": 0,
            "both": 0,
            "base_only": 0,
            "neither": 13
          }
        },
        {
          "archive": 66,
          "new_inputs": 36,
          "cumulative_inputs": 20019,
          "new_vrp_edges": 0,
          "new_base_edges": 0,
          "cumulative_vrp_edges": 0,
          "cumulative_base_edges": 0,
          "classifications": {
            "vrp_only": 0,
            "both": 0,
            "base_only": 0,
            "neither": 36
          }
        },
        {
          "archive": 67,
          "new_inputs": 18,
          "cumulative_inputs": 20037,
          "new_vrp_edges": 0,
          "new_base_edges": 0,
          "cumulative_vrp_edges": 0,
          "cumulative_base_edges": 0,
          "classifications": {
            "vrp_only": 0,
            "both": 0,
            "base_only": 0,
            "neither": 18
          }
        },
        {
          "archive": 68,
          "new_inputs": 17,
          "cumulative_inputs": 20054,
          "new_vrp_edges": 0,
          "new_base_edges": 0,
          "cumulative_vrp_edges": 0,
          "cumulative_base_edges": 0,
          "classifications": {
            "vrp_only": 0,
            "both": 0,
            "base_only": 0,
            "neither": 17
          }
        },
        {
          "archive": 69,
          "new_inputs": 18,
          "cumulative_inputs": 20072,
          "new_vrp_edges": 0,
          "new_base_edges": 0,
          "cumulative_vrp_edges": 0,
          "cumulative_base_edges": 0,
          "classifications": {
            "vrp_only": 0,
            "both": 0,
            "base_only": 0,
            "neither": 18
          }
        },
        {
          "archive": 70,
          "new_inputs": 6,
          "cumulative_inputs": 20078,
          "new_vrp_edges": 0,
          "new_base_edges": 0,
          "cumulative_vrp_edges": 0,
          "cumulative_base_edges": 0,
          "classifications": {
            "vrp_only": 0,
            "both": 0,
            "base_only": 0,
            "neither": 6
          }
        },
        {
          "archive": 71,
          "new_inputs": 8,
          "cumulative_inputs": 20086,
          "new_vrp_edges": 0,
          "new_base_edges": 0,
          "cumulative_vrp_edges": 0,
          "cumulative_base_edges": 0,
          "classifications": {
            "vrp_only": 0,
            "both": 0,
            "base_only": 0,
            "neither": 8
          }
        },
        {
          "archive": 72,
          "new_inputs": 16,
          "cumulative_inputs": 20102,
          "new_vrp_edges": 0,
          "new_base_edges": 0,
          "cumulative_vrp_edges": 0,
          "cumulative_base_edges": 0,
          "classifications": {
            "vrp_only": 0,
            "both": 0,
            "base_only": 0,
            "neither": 16
          }
        },
        {
          "archive": 73,
          "new_inputs": 55,
          "cumulative_inputs": 20157,
          "new_vrp_edges": 0,
          "new_base_edges": 0,
          "cumulative_vrp_edges": 0,
          "cumulative_base_edges": 0,
          "classifications": {
            "vrp_only": 0,
            "both": 0,
            "base_only": 0,
            "neither": 55
          }
        },
        {
          "archive": 74,
          "new_inputs": 25,
          "cumulative_inputs": 20182,
          "new_vrp_edges": 0,
          "new_base_edges": 0,
          "cumulative_vrp_edges": 0,
          "cumulative_base_edges": 0,
          "classifications": {
            "vrp_only": 0,
            "both": 0,
            "base_only": 0,
            "neither": 25
          }
        },
        {
          "archive": 75,
          "new_inputs": 26,
          "cumulative_inputs": 20208,
          "new_vrp_edges": 0,
          "new_base_edges": 0,
          "cumulative_vrp_edges": 0,
          "cumulative_base_edges": 0,
          "classifications": {
            "vrp_only": 0,
            "both": 0,
            "base_only": 0,
            "neither": 26
          }
        },
        {
          "archive": 76,
          "new_inputs": 17,
          "cumulative_inputs": 20225,
          "new_vrp_edges": 0,
          "new_base_edges": 0,
          "cumulative_vrp_edges": 0,
          "cumulative_base_edges": 0,
          "classifications": {
            "vrp_only": 0,
            "both": 0,
            "base_only": 0,
            "neither": 17
          }
        },
        {
          "archive": 77,
          "new_inputs": 13,
          "cumulative_inputs": 20238,
          "new_vrp_edges": 0,
          "new_base_edges": 0,
          "cumulative_vrp_edges": 0,
          "cumulative_base_edges": 0,
          "classifications": {
            "vrp_only": 0,
            "both": 0,
            "base_only": 0,
            "neither": 13
          }
        },
        {
          "archive": 78,
          "new_inputs": 24,
          "cumulative_inputs": 20262,
          "new_vrp_edges": 0,
          "new_base_edges": 0,
          "cumulative_vrp_edges": 0,
          "cumulative_base_edges": 0,
          "classifications": {
            "vrp_only": 0,
            "both": 0,
            "base_only": 0,
            "neither": 24
          }
        },
        {
          "archive": 79,
          "new_inputs": 6,
          "cumulative_inputs": 20268,
          "new_vrp_edges": 0,
          "new_base_edges": 0,
          "cumulative_vrp_edges": 0,
          "cumulative_base_edges": 0,
          "classifications": {
            "vrp_only": 0,
            "both": 0,
            "base_only": 0,
            "neither": 6
          }
        },
        {
          "archive": 80,
          "new_inputs": 8,
          "cumulative_inputs": 20276,
          "new_vrp_edges": 0,
          "new_base_edges": 0,
          "cumulative_vrp_edges": 0,
          "cumulative_base_edges": 0,
          "classifications": {
            "vrp_only": 0,
            "both": 0,
            "base_only": 0,
            "neither": 8
          }
        },
        {
          "archive": 81,
          "new_inputs": 17,
          "cumulative_inputs": 20293,
          "new_vrp_edges": 0,
          "new_base_edges": 0,
          "cumulative_vrp_edges": 0,
          "cumulative_base_edges": 0,
          "classifications": {
            "vrp_only": 0,
            "both": 0,
            "base_only": 0,
            "neither": 17
          }
        },
        {
          "archive": 82,
          "new_inputs": 8,
          "cumulative_inputs": 20301,
          "new_vrp_edges": 0,
          "new_base_edges": 0,
          "cumulative_vrp_edges": 0,
          "cumulative_base_edges": 0,
          "classifications": {
            "vrp_only": 0,
            "both": 0,
            "base_only": 0,
            "neither": 8
          }
        },
        {
          "archive": 83,
          "new_inputs": 14,
          "cumulative_inputs": 20315,
          "new_vrp_edges": 0,
          "new_base_edges": 0,
          "cumulative_vrp_edges": 0,
          "cumulative_base_edges": 0,
          "classifications": {
            "vrp_only": 0,
            "both": 0,
            "base_only": 0,
            "neither": 14
          }
        },
        {
          "archive": 84,
          "new_inputs": 4,
          "cumulative_inputs": 20319,
          "new_vrp_edges": 0,
          "new_base_edges": 0,
          "cumulative_vrp_edges": 0,
          "cumulative_base_edges": 0,
          "classifications": {
            "vrp_only": 0,
            "both": 0,
            "base_only": 0,
            "neither": 4
          }
        },
        {
          "archive": 85,
          "new_inputs": 14,
          "cumulative_inputs": 20333,
          "new_vrp_edges": 0,
          "new_base_edges": 0,
          "cumulative_vrp_edges": 0,
          "cumulative_base_edges": 0,
          "classifications": {
            "vrp_only": 0,
            "both": 0,
            "base_only": 0,
            "neither": 14
          }
        },
        {
          "archive": 86,
          "new_inputs": 30,
          "cumulative_inputs": 20363,
          "new_vrp_edges": 0,
          "new_base_edges": 0,
          "cumulative_vrp_edges": 0,
          "cumulative_base_edges": 0,
          "classifications": {
            "vrp_only": 0,
            "both": 0,
            "base_only": 0,
            "neither": 30
          }
        },
        {
          "archive": 87,
          "new_inputs": 15,
          "cumulative_inputs": 20378,
          "new_vrp_edges": 0,
          "new_base_edges": 0,
          "cumulative_vrp_edges": 0,
          "cumulative_base_edges": 0,
          "classifications": {
            "vrp_only": 0,
            "both": 0,
            "base_only": 0,
            "neither": 15
          }
        },
        {
          "archive": 88,
          "new_inputs": 14,
          "cumulative_inputs": 20392,
          "new_vrp_edges": 0,
          "new_base_edges": 0,
          "cumulative_vrp_edges": 0,
          "cumulative_base_edges": 0,
          "classifications": {
            "vrp_only": 0,
            "both": 0,
            "base_only": 0,
            "neither": 14
          }
        },
        {
          "archive": 89,
          "new_inputs": 9,
          "cumulative_inputs": 20401,
          "new_vrp_edges": 0,
          "new_base_edges": 0,
          "cumulative_vrp_edges": 0,
          "cumulative_base_edges": 0,
          "classifications": {
            "vrp_only": 0,
            "both": 0,
            "base_only": 0,
            "neither": 9
          }
        },
        {
          "archive": 90,
          "new_inputs": 4,
          "cumulative_inputs": 20405,
          "new_vrp_edges": 0,
          "new_base_edges": 0,
          "cumulative_vrp_edges": 0,
          "cumulative_base_edges": 0,
          "classifications": {
            "vrp_only": 0,
            "both": 0,
            "base_only": 0,
            "neither": 4
          }
        },
        {
          "archive": 91,
          "new_inputs": 5,
          "cumulative_inputs": 20410,
          "new_vrp_edges": 0,
          "new_base_edges": 0,
          "cumulative_vrp_edges": 0,
          "cumulative_base_edges": 0,
          "classifications": {
            "vrp_only": 0,
            "both": 0,
            "base_only": 0,
            "neither": 5
          }
        },
        {
          "archive": 92,
          "new_inputs": 4,
          "cumulative_inputs": 20414,
          "new_vrp_edges": 0,
          "new_base_edges": 0,
          "cumulative_vrp_edges": 0,
          "cumulative_base_edges": 0,
          "classifications": {
            "vrp_only": 0,
            "both": 0,
            "base_only": 0,
            "neither": 4
          }
        },
        {
          "archive": 93,
          "new_inputs": 10,
          "cumulative_inputs": 20424,
          "new_vrp_edges": 0,
          "new_base_edges": 0,
          "cumulative_vrp_edges": 0,
          "cumulative_base_edges": 0,
          "classifications": {
            "vrp_only": 0,
            "both": 0,
            "base_only": 0,
            "neither": 10
          }
        },
        {
          "archive": 94,
          "new_inputs": 11,
          "cumulative_inputs": 20435,
          "new_vrp_edges": 0,
          "new_base_edges": 0,
          "cumulative_vrp_edges": 0,
          "cumulative_base_edges": 0,
          "classifications": {
            "vrp_only": 0,
            "both": 0,
            "base_only": 0,
            "neither": 11
          }
        },
        {
          "archive": 95,
          "new_inputs": 16,
          "cumulative_inputs": 20451,
          "new_vrp_edges": 0,
          "new_base_edges": 0,
          "cumulative_vrp_edges": 0,
          "cumulative_base_edges": 0,
          "classifications": {
            "vrp_only": 0,
            "both": 0,
            "base_only": 0,
            "neither": 16
          }
        },
        {
          "archive": 96,
          "new_inputs": 0,
          "cumulative_inputs": 20451,
          "new_vrp_edges": 0,
          "new_base_edges": 0,
          "cumulative_vrp_edges": 0,
          "cumulative_base_edges": 0,
          "classifications": {
            "vrp_only": 0,
            "both": 0,
            "base_only": 0,
            "neither": 0
          }
        }
      ],
      "summary": {
        "total_inputs": 20451,
        "total_vrp_edges": 0,
        "total_base_edges": 0,
        "entanglement_rate": 0.0,
        "vrp_only_count": 0,
        "both_count": 0,
        "base_only_count": 0,
        "neither_count": 20451
      }
    },
    "vrp_bucket_entanglement": {
      "summary": {
        "total_inputs": 20451,
        "bucket_entanglement_rate": 0.0,
        "vrp_only": 0,
        "both": 0,
        "base_only": 0,
        "neither": 20451,
        "edge_neither_but_bucket_interesting": 0
      }
    },
    "vrp_gradient": {
      "summary": {
        "total_vrp_edges_seen": 0,
        "singleton_edges": 0,
        "low_freq_edges": 0,
        "high_freq_edges": 0,
        "vrp_exclusive_singletons": 0,
        "hit_count_distribution": {
          "1": 0,
          "2-3": 0,
          "4-10": 0,
          "11-50": 0,
          "51-200": 0,
          "200+": 0
        }
      }
    },
    "edge_growth": {
      "growth_curve": [
        {
          "archive": 0,
          "total_inputs": 2,
          "vrp_edges": 0,
          "base_edges": 0
        },
        {
          "archive": 1,
          "total_inputs": 6621,
          "vrp_edges": 0,
          "base_edges": 0
        },
        {
          "archive": 2,
          "total_inputs": 9060,
          "vrp_edges": 0,
          "base_edges": 0
        },
        {
          "archive": 3,
          "total_inputs": 10548,
          "vrp_edges": 0,
          "base_edges": 0
        },
        {
          "archive": 4,
          "total_inputs": 11452,
          "vrp_edges": 0,
          "base_edges": 0
        },
        {
          "archive": 5,
          "total_inputs": 12191,
          "vrp_edges": 0,
          "base_edges": 0
        },
        {
          "archive": 6,
          "total_inputs": 12869,
          "vrp_edges": 0,
          "base_edges": 0
        },
        {
          "archive": 7,
          "total_inputs": 13065,
          "vrp_edges": 0,
          "base_edges": 0
        },
        {
          "archive": 8,
          "total_inputs": 13249,
          "vrp_edges": 0,
          "base_edges": 0
        },
        {
          "archive": 9,
          "total_inputs": 13705,
          "vrp_edges": 0,
          "base_edges": 0
        },
        {
          "archive": 10,
          "total_inputs": 13876,
          "vrp_edges": 0,
          "base_edges": 0
        },
        {
          "archive": 11,
          "total_inputs": 14187,
          "vrp_edges": 0,
          "base_edges": 0
        },
        {
          "archive": 12,
          "total_inputs": 15293,
          "vrp_edges": 0,
          "base_edges": 0
        },
        {
          "archive": 13,
          "total_inputs": 15793,
          "vrp_edges": 0,
          "base_edges": 0
        },
        {
          "archive": 14,
          "total_inputs": 16166,
          "vrp_edges": 0,
          "base_edges": 0
        },
        {
          "archive": 15,
          "total_inputs": 16401,
          "vrp_edges": 0,
          "base_edges": 0
        },
        {
          "archive": 16,
          "total_inputs": 16499,
          "vrp_edges": 0,
          "base_edges": 0
        },
        {
          "archive": 17,
          "total_inputs": 16588,
          "vrp_edges": 0,
          "base_edges": 0
        },
        {
          "archive": 18,
          "total_inputs": 16706,
          "vrp_edges": 0,
          "base_edges": 0
        },
        {
          "archive": 19,
          "total_inputs": 16806,
          "vrp_edges": 0,
          "base_edges": 0
        },
        {
          "archive": 20,
          "total_inputs": 16967,
          "vrp_edges": 0,
          "base_edges": 0
        },
        {
          "archive": 21,
          "total_inputs": 17017,
          "vrp_edges": 0,
          "base_edges": 0
        },
        {
          "archive": 22,
          "total_inputs": 17056,
          "vrp_edges": 0,
          "base_edges": 0
        },
        {
          "archive": 23,
          "total_inputs": 17299,
          "vrp_edges": 0,
          "base_edges": 0
        },
        {
          "archive": 24,
          "total_inputs": 17839,
          "vrp_edges": 0,
          "base_edges": 0
        },
        {
          "archive": 25,
          "total_inputs": 17948,
          "vrp_edges": 0,
          "base_edges": 0
        },
        {
          "archive": 26,
          "total_inputs": 18013,
          "vrp_edges": 0,
          "base_edges": 0
        },
        {
          "archive": 27,
          "total_inputs": 18077,
          "vrp_edges": 0,
          "base_edges": 0
        },
        {
          "archive": 28,
          "total_inputs": 18158,
          "vrp_edges": 0,
          "base_edges": 0
        },
        {
          "archive": 29,
          "total_inputs": 18208,
          "vrp_edges": 0,
          "base_edges": 0
        },
        {
          "archive": 30,
          "total_inputs": 18303,
          "vrp_edges": 0,
          "base_edges": 0
        },
        {
          "archive": 31,
          "total_inputs": 18376,
          "vrp_edges": 0,
          "base_edges": 0
        },
        {
          "archive": 32,
          "total_inputs": 18413,
          "vrp_edges": 0,
          "base_edges": 0
        },
        {
          "archive": 33,
          "total_inputs": 18474,
          "vrp_edges": 0,
          "base_edges": 0
        },
        {
          "archive": 34,
          "total_inputs": 18519,
          "vrp_edges": 0,
          "base_edges": 0
        },
        {
          "archive": 35,
          "total_inputs": 18568,
          "vrp_edges": 0,
          "base_edges": 0
        },
        {
          "archive": 36,
          "total_inputs": 18596,
          "vrp_edges": 0,
          "base_edges": 0
        },
        {
          "archive": 37,
          "total_inputs": 18624,
          "vrp_edges": 0,
          "base_edges": 0
        },
        {
          "archive": 38,
          "total_inputs": 18638,
          "vrp_edges": 0,
          "base_edges": 0
        },
        {
          "archive": 39,
          "total_inputs": 18673,
          "vrp_edges": 0,
          "base_edges": 0
        },
        {
          "archive": 40,
          "total_inputs": 18765,
          "vrp_edges": 0,
          "base_edges": 0
        },
        {
          "archive": 41,
          "total_inputs": 18805,
          "vrp_edges": 0,
          "base_edges": 0
        },
        {
          "archive": 42,
          "total_inputs": 18841,
          "vrp_edges": 0,
          "base_edges": 0
        },
        {
          "archive": 43,
          "total_inputs": 18877,
          "vrp_edges": 0,
          "base_edges": 0
        },
        {
          "archive": 44,
          "total_inputs": 18968,
          "vrp_edges": 0,
          "base_edges": 0
        },
        {
          "archive": 45,
          "total_inputs": 18996,
          "vrp_edges": 0,
          "base_edges": 0
        },
        {
          "archive": 46,
          "total_inputs": 19026,
          "vrp_edges": 0,
          "base_edges": 0
        },
        {
          "archive": 47,
          "total_inputs": 19068,
          "vrp_edges": 0,
          "base_edges": 0
        },
        {
          "archive": 48,
          "total_inputs": 19096,
          "vrp_edges": 0,
          "base_edges": 0
        },
        {
          "archive": 49,
          "total_inputs": 19113,
          "vrp_edges": 0,
          "base_edges": 0
        },
        {
          "archive": 50,
          "total_inputs": 19163,
          "vrp_edges": 0,
          "base_edges": 0
        },
        {
          "archive": 51,
          "total_inputs": 19245,
          "vrp_edges": 0,
          "base_edges": 0
        },
        {
          "archive": 52,
          "total_inputs": 19355,
          "vrp_edges": 0,
          "base_edges": 0
        },
        {
          "archive": 53,
          "total_inputs": 19533,
          "vrp_edges": 0,
          "base_edges": 0
        },
        {
          "archive": 54,
          "total_inputs": 19608,
          "vrp_edges": 0,
          "base_edges": 0
        },
        {
          "archive": 55,
          "total_inputs": 19635,
          "vrp_edges": 0,
          "base_edges": 0
        },
        {
          "archive": 56,
          "total_inputs": 19680,
          "vrp_edges": 0,
          "base_edges": 0
        },
        {
          "archive": 57,
          "total_inputs": 19744,
          "vrp_edges": 0,
          "base_edges": 0
        },
        {
          "archive": 58,
          "total_inputs": 19794,
          "vrp_edges": 0,
          "base_edges": 0
        },
        {
          "archive": 59,
          "total_inputs": 19808,
          "vrp_edges": 0,
          "base_edges": 0
        },
        {
          "archive": 60,
          "total_inputs": 19844,
          "vrp_edges": 0,
          "base_edges": 0
        },
        {
          "archive": 61,
          "total_inputs": 19863,
          "vrp_edges": 0,
          "base_edges": 0
        },
        {
          "archive": 62,
          "total_inputs": 19876,
          "vrp_edges": 0,
          "base_edges": 0
        },
        {
          "archive": 63,
          "total_inputs": 19928,
          "vrp_edges": 0,
          "base_edges": 0
        },
        {
          "archive": 64,
          "total_inputs": 19970,
          "vrp_edges": 0,
          "base_edges": 0
        },
        {
          "archive": 65,
          "total_inputs": 19983,
          "vrp_edges": 0,
          "base_edges": 0
        },
        {
          "archive": 66,
          "total_inputs": 20019,
          "vrp_edges": 0,
          "base_edges": 0
        },
        {
          "archive": 67,
          "total_inputs": 20037,
          "vrp_edges": 0,
          "base_edges": 0
        },
        {
          "archive": 68,
          "total_inputs": 20054,
          "vrp_edges": 0,
          "base_edges": 0
        },
        {
          "archive": 69,
          "total_inputs": 20072,
          "vrp_edges": 0,
          "base_edges": 0
        },
        {
          "archive": 70,
          "total_inputs": 20078,
          "vrp_edges": 0,
          "base_edges": 0
        },
        {
          "archive": 71,
          "total_inputs": 20086,
          "vrp_edges": 0,
          "base_edges": 0
        },
        {
          "archive": 72,
          "total_inputs": 20102,
          "vrp_edges": 0,
          "base_edges": 0
        },
        {
          "archive": 73,
          "total_inputs": 20157,
          "vrp_edges": 0,
          "base_edges": 0
        },
        {
          "archive": 74,
          "total_inputs": 20182,
          "vrp_edges": 0,
          "base_edges": 0
        },
        {
          "archive": 75,
          "total_inputs": 20208,
          "vrp_edges": 0,
          "base_edges": 0
        },
        {
          "archive": 76,
          "total_inputs": 20225,
          "vrp_edges": 0,
          "base_edges": 0
        },
        {
          "archive": 77,
          "total_inputs": 20238,
          "vrp_edges": 0,
          "base_edges": 0
        },
        {
          "archive": 78,
          "total_inputs": 20262,
          "vrp_edges": 0,
          "base_edges": 0
        },
        {
          "archive": 79,
          "total_inputs": 20268,
          "vrp_edges": 0,
          "base_edges": 0
        },
        {
          "archive": 80,
          "total_inputs": 20276,
          "vrp_edges": 0,
          "base_edges": 0
        },
        {
          "archive": 81,
          "total_inputs": 20293,
          "vrp_edges": 0,
          "base_edges": 0
        },
        {
          "archive": 82,
          "total_inputs": 20301,
          "vrp_edges": 0,
          "base_edges": 0
        },
        {
          "archive": 83,
          "total_inputs": 20315,
          "vrp_edges": 0,
          "base_edges": 0
        },
        {
          "archive": 84,
          "total_inputs": 20319,
          "vrp_edges": 0,
          "base_edges": 0
        },
        {
          "archive": 85,
          "total_inputs": 20333,
          "vrp_edges": 0,
          "base_edges": 0
        },
        {
          "archive": 86,
          "total_inputs": 20363,
          "vrp_edges": 0,
          "base_edges": 0
        },
        {
          "archive": 87,
          "total_inputs": 20378,
          "vrp_edges": 0,
          "base_edges": 0
        },
        {
          "archive": 88,
          "total_inputs": 20392,
          "vrp_edges": 0,
          "base_edges": 0
        },
        {
          "archive": 89,
          "total_inputs": 20401,
          "vrp_edges": 0,
          "base_edges": 0
        },
        {
          "archive": 90,
          "total_inputs": 20405,
          "vrp_edges": 0,
          "base_edges": 0
        },
        {
          "archive": 91,
          "total_inputs": 20410,
          "vrp_edges": 0,
          "base_edges": 0
        },
        {
          "archive": 92,
          "total_inputs": 20414,
          "vrp_edges": 0,
          "base_edges": 0
        },
        {
          "archive": 93,
          "total_inputs": 20424,
          "vrp_edges": 0,
          "base_edges": 0
        },
        {
          "archive": 94,
          "total_inputs": 20435,
          "vrp_edges": 0,
          "base_edges": 0
        },
        {
          "archive": 95,
          "total_inputs": 20451,
          "vrp_edges": 0,
          "base_edges": 0
        },
        {
          "archive": 96,
          "total_inputs": 20451,
          "vrp_edges": 0,
          "base_edges": 0
        }
      ],
      "final_vrp_edges": 0,
      "final_base_edges": 0,
      "total_inputs": 20451
    },
    "speed": {
      "per_archive": [
        {
          "archive": 0,
          "inputs": 2,
          "mean_vrp_ms": 6.547,
          "mean_base_ms": 6.177,
          "overhead": 1.0598
        },
        {
          "archive": 1,
          "inputs": 6619,
          "mean_vrp_ms": 0.018,
          "mean_base_ms": 0.018,
          "overhead": 0.9775
        },
        {
          "archive": 2,
          "inputs": 2439,
          "mean_vrp_ms": 0.017,
          "mean_base_ms": 0.019,
          "overhead": 0.921
        },
        {
          "archive": 3,
          "inputs": 1488,
          "mean_vrp_ms": 0.025,
          "mean_base_ms": 0.023,
          "overhead": 1.0764
        },
        {
          "archive": 4,
          "inputs": 904,
          "mean_vrp_ms": 0.023,
          "mean_base_ms": 0.027,
          "overhead": 0.8557
        },
        {
          "archive": 5,
          "inputs": 739,
          "mean_vrp_ms": 0.03,
          "mean_base_ms": 0.033,
          "overhead": 0.8868
        },
        {
          "archive": 6,
          "inputs": 678,
          "mean_vrp_ms": 0.037,
          "mean_base_ms": 0.037,
          "overhead": 1.0044
        },
        {
          "archive": 7,
          "inputs": 196,
          "mean_vrp_ms": 0.082,
          "mean_base_ms": 0.077,
          "overhead": 1.0676
        },
        {
          "archive": 8,
          "inputs": 184,
          "mean_vrp_ms": 0.078,
          "mean_base_ms": 0.075,
          "overhead": 1.0382
        },
        {
          "archive": 9,
          "inputs": 456,
          "mean_vrp_ms": 0.046,
          "mean_base_ms": 0.045,
          "overhead": 1.025
        },
        {
          "archive": 10,
          "inputs": 171,
          "mean_vrp_ms": 0.097,
          "mean_base_ms": 0.094,
          "overhead": 1.0329
        },
        {
          "archive": 11,
          "inputs": 311,
          "mean_vrp_ms": 0.06,
          "mean_base_ms": 0.061,
          "overhead": 0.99
        },
        {
          "archive": 12,
          "inputs": 1106,
          "mean_vrp_ms": 0.027,
          "mean_base_ms": 0.028,
          "overhead": 0.9515
        },
        {
          "archive": 13,
          "inputs": 500,
          "mean_vrp_ms": 0.034,
          "mean_base_ms": 0.041,
          "overhead": 0.8455
        },
        {
          "archive": 14,
          "inputs": 373,
          "mean_vrp_ms": 0.042,
          "mean_base_ms": 0.042,
          "overhead": 1.0115
        },
        {
          "archive": 15,
          "inputs": 235,
          "mean_vrp_ms": 0.061,
          "mean_base_ms": 0.062,
          "overhead": 0.9859
        },
        {
          "archive": 16,
          "inputs": 98,
          "mean_vrp_ms": 0.154,
          "mean_base_ms": 0.148,
          "overhead": 1.0424
        },
        {
          "archive": 17,
          "inputs": 89,
          "mean_vrp_ms": 0.153,
          "mean_base_ms": 0.152,
          "overhead": 1.0087
        },
        {
          "archive": 18,
          "inputs": 118,
          "mean_vrp_ms": 0.101,
          "mean_base_ms": 0.112,
          "overhead": 0.898
        },
        {
          "archive": 19,
          "inputs": 100,
          "mean_vrp_ms": 0.133,
          "mean_base_ms": 0.13,
          "overhead": 1.0207
        },
        {
          "archive": 20,
          "inputs": 161,
          "mean_vrp_ms": 0.101,
          "mean_base_ms": 0.093,
          "overhead": 1.0802
        },
        {
          "archive": 21,
          "inputs": 50,
          "mean_vrp_ms": 0.312,
          "mean_base_ms": 0.253,
          "overhead": 1.2334
        },
        {
          "archive": 22,
          "inputs": 39,
          "mean_vrp_ms": 0.304,
          "mean_base_ms": 0.314,
          "overhead": 0.9684
        },
        {
          "archive": 23,
          "inputs": 243,
          "mean_vrp_ms": 0.072,
          "mean_base_ms": 0.08,
          "overhead": 0.9091
        },
        {
          "archive": 24,
          "inputs": 540,
          "mean_vrp_ms": 0.049,
          "mean_base_ms": 0.049,
          "overhead": 1.002
        },
        {
          "archive": 25,
          "inputs": 109,
          "mean_vrp_ms": 0.131,
          "mean_base_ms": 0.122,
          "overhead": 1.0755
        },
        {
          "archive": 26,
          "inputs": 65,
          "mean_vrp_ms": 0.231,
          "mean_base_ms": 0.268,
          "overhead": 0.8629
        },
        {
          "archive": 27,
          "inputs": 64,
          "mean_vrp_ms": 0.241,
          "mean_base_ms": 0.196,
          "overhead": 1.2281
        },
        {
          "archive": 28,
          "inputs": 81,
          "mean_vrp_ms": 0.243,
          "mean_base_ms": 0.199,
          "overhead": 1.2208
        },
        {
          "archive": 29,
          "inputs": 50,
          "mean_vrp_ms": 0.27,
          "mean_base_ms": 0.24,
          "overhead": 1.1268
        },
        {
          "archive": 30,
          "inputs": 95,
          "mean_vrp_ms": 0.131,
          "mean_base_ms": 0.134,
          "overhead": 0.9777
        },
        {
          "archive": 31,
          "inputs": 73,
          "mean_vrp_ms": 0.194,
          "mean_base_ms": 0.181,
          "overhead": 1.0706
        },
        {
          "archive": 32,
          "inputs": 37,
          "mean_vrp_ms": 0.376,
          "mean_base_ms": 0.337,
          "overhead": 1.1163
        },
        {
          "archive": 33,
          "inputs": 61,
          "mean_vrp_ms": 0.226,
          "mean_base_ms": 0.252,
          "overhead": 0.8964
        },
        {
          "archive": 34,
          "inputs": 45,
          "mean_vrp_ms": 0.244,
          "mean_base_ms": 0.288,
          "overhead": 0.8482
        },
        {
          "archive": 35,
          "inputs": 49,
          "mean_vrp_ms": 0.287,
          "mean_base_ms": 0.321,
          "overhead": 0.8935
        },
        {
          "archive": 36,
          "inputs": 28,
          "mean_vrp_ms": 0.546,
          "mean_base_ms": 0.431,
          "overhead": 1.2679
        },
        {
          "archive": 37,
          "inputs": 28,
          "mean_vrp_ms": 0.45,
          "mean_base_ms": 0.461,
          "overhead": 0.9751
        },
        {
          "archive": 38,
          "inputs": 14,
          "mean_vrp_ms": 0.851,
          "mean_base_ms": 0.802,
          "overhead": 1.0614
        },
        {
          "archive": 39,
          "inputs": 35,
          "mean_vrp_ms": 0.352,
          "mean_base_ms": 0.35,
          "overhead": 1.0062
        },
        {
          "archive": 40,
          "inputs": 92,
          "mean_vrp_ms": 0.144,
          "mean_base_ms": 0.153,
          "overhead": 0.9373
        },
        {
          "archive": 41,
          "inputs": 40,
          "mean_vrp_ms": 0.322,
          "mean_base_ms": 0.291,
          "overhead": 1.1045
        },
        {
          "archive": 42,
          "inputs": 36,
          "mean_vrp_ms": 0.378,
          "mean_base_ms": 0.471,
          "overhead": 0.8012
        },
        {
          "archive": 43,
          "inputs": 36,
          "mean_vrp_ms": 0.304,
          "mean_base_ms": 0.343,
          "overhead": 0.8858
        },
        {
          "archive": 44,
          "inputs": 91,
          "mean_vrp_ms": 0.13,
          "mean_base_ms": 0.14,
          "overhead": 0.9249
        },
        {
          "archive": 45,
          "inputs": 28,
          "mean_vrp_ms": 0.452,
          "mean_base_ms": 0.384,
          "overhead": 1.1767
        },
        {
          "archive": 46,
          "inputs": 30,
          "mean_vrp_ms": 0.359,
          "mean_base_ms": 0.396,
          "overhead": 0.9059
        },
        {
          "archive": 47,
          "inputs": 42,
          "mean_vrp_ms": 0.285,
          "mean_base_ms": 0.308,
          "overhead": 0.9263
        },
        {
          "archive": 48,
          "inputs": 28,
          "mean_vrp_ms": 0.398,
          "mean_base_ms": 0.44,
          "overhead": 0.9038
        },
        {
          "archive": 49,
          "inputs": 17,
          "mean_vrp_ms": 0.92,
          "mean_base_ms": 0.738,
          "overhead": 1.2463
        },
        {
          "archive": 50,
          "inputs": 50,
          "mean_vrp_ms": 0.257,
          "mean_base_ms": 0.261,
          "overhead": 0.9851
        },
        {
          "archive": 51,
          "inputs": 82,
          "mean_vrp_ms": 0.187,
          "mean_base_ms": 0.214,
          "overhead": 0.8749
        },
        {
          "archive": 52,
          "inputs": 110,
          "mean_vrp_ms": 0.117,
          "mean_base_ms": 0.118,
          "overhead": 0.9993
        },
        {
          "archive": 53,
          "inputs": 178,
          "mean_vrp_ms": 0.08,
          "mean_base_ms": 0.087,
          "overhead": 0.9172
        },
        {
          "archive": 54,
          "inputs": 75,
          "mean_vrp_ms": 0.189,
          "mean_base_ms": 0.211,
          "overhead": 0.8964
        },
        {
          "archive": 55,
          "inputs": 27,
          "mean_vrp_ms": 0.466,
          "mean_base_ms": 0.435,
          "overhead": 1.0715
        },
        {
          "archive": 56,
          "inputs": 45,
          "mean_vrp_ms": 0.29,
          "mean_base_ms": 0.307,
          "overhead": 0.9454
        },
        {
          "archive": 57,
          "inputs": 64,
          "mean_vrp_ms": 0.219,
          "mean_base_ms": 0.217,
          "overhead": 1.0121
        },
        {
          "archive": 58,
          "inputs": 50,
          "mean_vrp_ms": 0.239,
          "mean_base_ms": 0.251,
          "overhead": 0.9527
        },
        {
          "archive": 59,
          "inputs": 14,
          "mean_vrp_ms": 0.906,
          "mean_base_ms": 0.969,
          "overhead": 0.9354
        },
        {
          "archive": 60,
          "inputs": 36,
          "mean_vrp_ms": 0.334,
          "mean_base_ms": 0.308,
          "overhead": 1.0845
        },
        {
          "archive": 61,
          "inputs": 19,
          "mean_vrp_ms": 0.785,
          "mean_base_ms": 0.587,
          "overhead": 1.3382
        },
        {
          "archive": 62,
          "inputs": 13,
          "mean_vrp_ms": 1.032,
          "mean_base_ms": 0.923,
          "overhead": 1.1183
        },
        {
          "archive": 63,
          "inputs": 52,
          "mean_vrp_ms": 0.29,
          "mean_base_ms": 0.26,
          "overhead": 1.114
        },
        {
          "archive": 64,
          "inputs": 42,
          "mean_vrp_ms": 0.345,
          "mean_base_ms": 0.283,
          "overhead": 1.2172
        },
        {
          "archive": 65,
          "inputs": 13,
          "mean_vrp_ms": 0.859,
          "mean_base_ms": 0.814,
          "overhead": 1.0549
        },
        {
          "archive": 66,
          "inputs": 36,
          "mean_vrp_ms": 0.356,
          "mean_base_ms": 0.345,
          "overhead": 1.0313
        },
        {
          "archive": 67,
          "inputs": 18,
          "mean_vrp_ms": 0.727,
          "mean_base_ms": 0.781,
          "overhead": 0.9305
        },
        {
          "archive": 68,
          "inputs": 17,
          "mean_vrp_ms": 0.61,
          "mean_base_ms": 0.763,
          "overhead": 0.799
        },
        {
          "archive": 69,
          "inputs": 18,
          "mean_vrp_ms": 0.715,
          "mean_base_ms": 0.658,
          "overhead": 1.0872
        },
        {
          "archive": 70,
          "inputs": 6,
          "mean_vrp_ms": 1.995,
          "mean_base_ms": 1.99,
          "overhead": 1.0022
        },
        {
          "archive": 71,
          "inputs": 8,
          "mean_vrp_ms": 1.756,
          "mean_base_ms": 1.587,
          "overhead": 1.1064
        },
        {
          "archive": 72,
          "inputs": 16,
          "mean_vrp_ms": 0.702,
          "mean_base_ms": 0.704,
          "overhead": 0.9974
        },
        {
          "archive": 73,
          "inputs": 55,
          "mean_vrp_ms": 0.21,
          "mean_base_ms": 0.239,
          "overhead": 0.8808
        },
        {
          "archive": 74,
          "inputs": 25,
          "mean_vrp_ms": 0.531,
          "mean_base_ms": 0.529,
          "overhead": 1.0036
        },
        {
          "archive": 75,
          "inputs": 26,
          "mean_vrp_ms": 0.608,
          "mean_base_ms": 0.545,
          "overhead": 1.1155
        },
        {
          "archive": 76,
          "inputs": 17,
          "mean_vrp_ms": 0.907,
          "mean_base_ms": 0.654,
          "overhead": 1.3867
        },
        {
          "archive": 77,
          "inputs": 13,
          "mean_vrp_ms": 0.773,
          "mean_base_ms": 0.905,
          "overhead": 0.8541
        },
        {
          "archive": 78,
          "inputs": 24,
          "mean_vrp_ms": 0.524,
          "mean_base_ms": 0.536,
          "overhead": 0.9781
        },
        {
          "archive": 79,
          "inputs": 6,
          "mean_vrp_ms": 2.163,
          "mean_base_ms": 2.099,
          "overhead": 1.0303
        },
        {
          "archive": 80,
          "inputs": 8,
          "mean_vrp_ms": 1.663,
          "mean_base_ms": 1.518,
          "overhead": 1.0959
        },
        {
          "archive": 81,
          "inputs": 17,
          "mean_vrp_ms": 0.639,
          "mean_base_ms": 0.698,
          "overhead": 0.9147
        },
        {
          "archive": 82,
          "inputs": 8,
          "mean_vrp_ms": 1.927,
          "mean_base_ms": 1.541,
          "overhead": 1.2505
        },
        {
          "archive": 83,
          "inputs": 14,
          "mean_vrp_ms": 0.801,
          "mean_base_ms": 0.833,
          "overhead": 0.9623
        },
        {
          "archive": 84,
          "inputs": 4,
          "mean_vrp_ms": 2.638,
          "mean_base_ms": 2.914,
          "overhead": 0.9053
        },
        {
          "archive": 85,
          "inputs": 14,
          "mean_vrp_ms": 0.733,
          "mean_base_ms": 0.879,
          "overhead": 0.8348
        },
        {
          "archive": 86,
          "inputs": 30,
          "mean_vrp_ms": 0.377,
          "mean_base_ms": 0.391,
          "overhead": 0.9646
        },
        {
          "archive": 87,
          "inputs": 15,
          "mean_vrp_ms": 0.734,
          "mean_base_ms": 0.764,
          "overhead": 0.961
        },
        {
          "archive": 88,
          "inputs": 14,
          "mean_vrp_ms": 0.974,
          "mean_base_ms": 0.843,
          "overhead": 1.1559
        },
        {
          "archive": 89,
          "inputs": 9,
          "mean_vrp_ms": 1.471,
          "mean_base_ms": 1.47,
          "overhead": 1.0003
        },
        {
          "archive": 90,
          "inputs": 4,
          "mean_vrp_ms": 3.019,
          "mean_base_ms": 2.85,
          "overhead": 1.0595
        },
        {
          "archive": 91,
          "inputs": 5,
          "mean_vrp_ms": 2.546,
          "mean_base_ms": 2.667,
          "overhead": 0.9549
        },
        {
          "archive": 92,
          "inputs": 4,
          "mean_vrp_ms": 3.72,
          "mean_base_ms": 3.343,
          "overhead": 1.1128
        },
        {
          "archive": 93,
          "inputs": 10,
          "mean_vrp_ms": 1.085,
          "mean_base_ms": 1.213,
          "overhead": 0.8941
        },
        {
          "archive": 94,
          "inputs": 11,
          "mean_vrp_ms": 1.039,
          "mean_base_ms": 1.148,
          "overhead": 0.9057
        },
        {
          "archive": 95,
          "inputs": 16,
          "mean_vrp_ms": 0.724,
          "mean_base_ms": 0.775,
          "overhead": 0.9338
        },
        {
          "archive": 96,
          "inputs": 0,
          "mean_vrp_ms": 0.0,
          "mean_base_ms": 0.0,
          "overhead": 0.0
        }
      ],
      "summary": {
        "total_inputs": 20451,
        "vrp_mean_ms": 0.073,
        "vrp_median_ms": 0.025,
        "vrp_p95_ms": 0.304,
        "vrp_p99_ms": 0.785,
        "base_mean_ms": 0.074,
        "base_median_ms": 0.023,
        "base_p95_ms": 0.307,
        "base_p99_ms": 0.781,
        "mean_overhead": 0.9993
      }
    }
  }
}