{
  "experiment": "vrp-unfold-eval-big04 + vrp-unfold-magmarerun02",
  "source_experiments": [
    "vrp-unfold-eval-big04",
    "vrp-unfold-magmarerun02"
  ],
  "fuzzers": [
    "aflplusplus",
    "aflplusplus_lto",
    "aflplusplus_unfold_all",
    "aflplusplus_vrp",
    "aflplusplus_vrp_lto"
  ],
  "benchmarks": [
    "bloaty_fuzz_target",
    "curl_curl_fuzzer_http",
    "freetype2_ftfuzzer",
    "harfbuzz_hb-shape-fuzzer",
    "jsoncpp_jsoncpp_fuzzer",
    "lcms_cms_transform_fuzzer",
    "libjpeg-turbo_libjpeg_turbo_fuzzer",
    "libpcap_fuzz_both",
    "libpng_libpng_read_fuzzer",
    "libpng_magma",
    "libsndfile_magma",
    "libtiff_magma",
    "libtiff_tiff_read_rgba_magma",
    "libtiff_tiffcp_magma",
    "libxml2_xml",
    "libxml2_xml_read_memory_magma",
    "libxml2_xmllint_magma",
    "libxslt_xpath",
    "mbedtls_fuzz_dtlsclient",
    "openh264_decoder_fuzzer",
    "openssl_asn1_magma",
    "openssl_asn1parse_magma",
    "openssl_bignum_magma",
    "openssl_client_magma",
    "openssl_server_magma",
    "openssl_x509",
    "openssl_x509_magma",
    "openthread_ot-ip6-send-fuzzer",
    "php_exif_magma",
    "php_json_magma",
    "php_parser_magma",
    "php_unserialize_magma",
    "poppler_pdf_fuzzer_magma",
    "poppler_pdfimages_magma",
    "poppler_pdftoppm_magma",
    "proj4_proj_crs_to_crs_fuzzer",
    "re2_fuzzer",
    "sqlite3_magma",
    "sqlite3_ossfuzz",
    "stb_stbi_read_fuzzer",
    "systemd_fuzz-link-parser",
    "vorbis_decode_fuzzer",
    "woff2_convert_woff2ttf_fuzzer",
    "zlib_zlib_uncompress_fuzzer"
  ],
  "coverage_records": 602370,
  "fuzzer_stats_records": 591143,
  "magma_bug_records": 610492,
  "plot_data_records": 0,
  "max_cycle": 96
}